tree
version=v4
num_class=1
num_tree_per_iteration=1
label_index=0
max_feature_idx=57
objective=binary sigmoid:1
feature_names=Column_0 Column_1 Column_2 Column_3 Column_4 Column_5 Column_6 Column_7 Column_8 Column_9 Column_10 Column_11 Column_12 Column_13 Column_14 Column_15 Column_16 Column_17 Column_18 Column_19 Column_20 Column_21 Column_22 Column_23 Column_24 Column_25 Column_26 Column_27 Column_28 Column_29 Column_30 Column_31 Column_32 Column_33 Column_34 Column_35 Column_36 Column_37 Column_38 Column_39 Column_40 Column_41 Column_42 Column_43 Column_44 Column_45 Column_46 Column_47 Column_48 Column_49 Column_50 Column_51 Column_52 Column_53 Column_54 Column_55 Column_56 Column_57
feature_infos=[-0.19374614953994751:0.282542884349823] [-0.29400041699409485:0.33450198173522949] [-0.40095844864845276:0.25911208987236023] [-22.712373733520508:25.101030349731445] [0:3.6177206039428711] [0.001558018964715302:3.2377588748931885] [-5.125460147857666:14.020120620727539] [-1:0.42635166645050049] [-5.159003734588623:5.1247463226318359] [-7.1289567947387695:6.7692742347717285] [-9.4412126541137695:8.2026042938232422] [0:1] [0:1] [0:1] [-33.060676574707031:0] [0:51.511634826660156] [-23.873275756835938:0] [0:38.073528289794922] [-6.9495143890380859:6.8796381950378418] [5.2182908059743294e-14:89.336418151855469] [0.17447106540203094:6.1531176567077637] [0.15930452942848206:6.0159320831298828] [-1.140625:3082275328] [-0.69679427146911621:0.5953330397605896] [-3481006:5805044] [-1:1] [-1:1] [-0.97492790222167969:0.97492790222167969] [-0.90096884965896606:1] [-39.599620819091797:28.297351837158203] [0:0.25999999046325684] [0.059999998658895493:1] [0:0.40095844864845276] [-0.64601039886474609:0.3158409595489502] [0:0.24166665971279144] [0:0.80000001192092896] [0:1] [0:3] [-1.4325398206710815:1.7394483089447021] [0:0.99791663885116577] [-0.49999997019767761:0.49999997019767761] [-0.10414504259824753:0.15677657723426819] [-0.14309899508953094:0.24761116504669189] [-0.16591696441173553:0.21733208000659943] [-0.21761663258075714:0.18271015584468842] [-0.24205157160758972:0.2817361056804657] [-0.36994609236717224:0.26506882905960083] [-0.43431919813156128:0.34538364410400391] [-0.5812494158744812:0.28811576962471008] [-4.9958949089050293:5.1311192512512207] [-7.0024409294128418:6.9308300018310547] [-8.9111461639404297:8.0179891586303711] [-10.612165451049805:10.349811553955078] [-10.063045501708984:12.726380348205566] [0.001566694350913167:3.2657818794250488] [0.0038562514819204807:1.8863430023193359] [-0.73507034778594971:0.68113481998443604] [-0.70194381475448608:0.59106630086898804]
tree_sizes=14041 14337 14351 14395 14328 14390 14409 14312 14408 14317 14390 14399 14377 14351 14398 14361 14361 14332 14354 14333 14391 14385 14403 14349 14392 14360 14388 14396 14356 14393 14362 14405 14341 14384 14388 14386 14409 14334 14418 14342 14374 14388 14374 14341 14394 14330 14328 14382 14423 14410 14353 14377 14314 14406 14330 14330 14358 14337 14433 14377 14362 14409

Tree=0
num_leaves=127
num_cat=0
split_feature=10 10 53 16 10 53 27 27 8 40 32 34 5 15 26 29 16 29 33 39 24 26 2 25 21 29 38 39 39 29 19 39 39 29 32 17 39 28 10 52 26 16 29 40 47 48 19 19 24 33 37 29 38 9 47 21 29 39 40 53 5 38 39 38 45 15 54 23 46 5 15 5 45 46 32 48 54 47 34 54 21 50 46 32 54 39 29 48 38 16 27 47 5 44 10 16 28 47 19 39 34 33 32 54 39 33 49 5 15 15 19 27 33 48 54 38 39 39 48 21 25 15 20 6 5 14
split_gain=3305.76 909.241 626.249 349.56 209.839 207.313 191.98 161.041 147.278 143.436 137.107 174.9 102.814 89.5566 89.1277 85.2607 92.8421 84.8265 84.1929 81.0173 74.4382 71.8551 83.5959 85.7591 70.7064 66.9587 66.0298 65.5612 84.1233 66.3558 65.0797 63.5647 62.8551 62.5304 91.3953 63.3783 73.1225 70.4614 60.1368 59.8472 59.1206 58.0503 56.7091 55.886 55.6869 64.1294 53.0094 52.9862 69.6145 52.4353 52.0425 52.0087 52.643 51.8255 51.7635 62.8681 51.4733 51.2119 68.5308 50.5797 60.6975 49.8151 49.3216 49.1383 49.082 50.6556 48.6214 47.5771 47.5225 47.3378 47.1436 46.2388 46.1339 45.79 45.4519 45.2692 43.7964 42.815 42.7711 42.4881 51.7607 47.3661 42.3925 49.0404 45.4683 44.1275 47.3637 42.1339 41.3864 100.293 41.1862 41.0066 40.9509 40.8922 40.7995 47.0271 40.7393 40.6994 47.3403 40.4123 40.1812 39.6012 62.9592 39.5997 39.4774 39.5764 39.2968 39.2468 39.1908 39.0334 39.0074 38.9321 38.9209 38.6037 42.2297 38.4067 49.0515 57.0502 51.113 38.2351 37.9555 37.893 37.814 56.6488 45.3983 37.6984
threshold=0.065579991787672057 -1.3393839001655576 0.55617234110832225 -0.3420948982238769 1.3144826889038088 -0.034129980951547616 -0.60785761475563038 -0.87837970256805409 0.84333458542823803 -1.0000000180025095e-35 0.081870529800653472 0.029166667722165588 0.081334412097930922 0.336676836013794 0.78656607866287243 5.5065631866455087 -3.9388328790664668 6.3523948192596444 -0.00829543638974428 0.063541665673255934 60.696172714233406 1.0000000180025095e-35 0.0040331112686544665 -0.6035533845424651 1.151724696159363 1.0274529457092287 0.062950223684310927 0.48437500000000006 0.059374999254941947 -2.1796166896820064 6.113988161087037 0.18854166567325595 0.68854168057441723 -4.0514318943023673 0.081870529800653472 2.457821369171143 0.24270833283662799 1.0000000180025095e-35 0.93281427025794994 -2.4636052846908565 0.12940952181816107 -2.1207273006439205 1.7490267753601076 1.2246467864107191e-16 0.0031621928792446856 -0.051891120150685303 3.0678310394287114 8.7590279579162615 136951.38281250003 -0.0013187481090426443 1.3650484681129458 1.9987583160400393 0.1087079979479313 0.13627547025680545 0.059817936271429069 0.66697406768798839 -0.30725002288818354 0.35937500000000006 0.46650633215904241 -0.69644060730934132 0.23321673274040225 -0.23981512337923047 0.43020834028720861 0.082765307277441039 0.044641470536589629 8.7330217361450213 0.079809013754129424 -0.030011932365596291 -0.013879489619284867 0.020118338987231258 6.9606721401214608 0.47547437250614172 0.044641470536589629 0.033654347062110908 0.01950944866985083 -0.067276004701852785 0.082339696586132063 0.010521336458623411 1.0000000180025095e-35 0.10814816132187845 0.49293254315853124 -0.20759814232587812 -0.033857321366667741 0.0027050572680309419 0.048600643873214729 0.38020832836627966 6.3523948192596444 -0.010482157580554484 -0.073285628110170351 -2.7364373207092281 -0.60785761475563038 -0.0084454179741442186 0.14643169939517978 -0.026372435502707955 0.79992723464965831 -1.18793249130249 1.0000000180025095e-35 -0.091461442410945878 2.9032374620437627 0.28437499701976782 0.037500001490116126 -0.039226543158292763 0.081870529800653472 0.46424406766891485 0.56354168057441723 -0.016640556044876572 -0.90302670001983631 0.24386817961931231 0.31138062477111822 5.4615795612335214 2.3187325000762944 -0.60785761475563038 -0.050719259306788438 -0.10024167969822882 0.46424406766891485 -0.021434193477034565 0.36770834028720861 0.55104166269302379 -0.014927556272596119 0.40625245869159704 0.98296290636062633 0.18340945243835452 0.76022070646286022 1.255273759365082 0.15526869148015979 -1.9861698150634763
decision_type=2 2 2 2 2 2 2 2 2 2 2 2 2 2 2 2 2 2 2 2 2 2 2 2 2 2 2 2 2 2 2 2 2 2 2 2 2 2 2 2 2 2 2 2 2 2 2 2 2 2 2 2 2 2 2 2 2 2 2 2 2 2 2 2 2 2 2 2 2 2 2 2 2 2 2 2 2 2 2 2 2 2 2 2 2 2 2 2 2 2 2 2 2 2 2 2 2 2 2 2 2 2 2 2 2 2 2 2 2 2 2 2 2 2 2 2 2 2 2 2 2 2 2 2 2 2
left_child=1 6 4 18 15 8 13 38 33 42 12 40 43 46 69 16 -2 66 47 78 -21 94 23 109 39 27 49 28 63 108 32 125 57 35 50 67 -37 -38 -5 -13 -12 -17 75 -8 45 59 -1 48 51 -10 73 52 -4 -53 55 -27 -34 58 -22 -25 -61 -30 91 68 112 -66 87 -3 -14 111 -64 -57 93 82 77 -7 -31 100 -9 -44 -81 -82 119 85 -85 86 -84 -6 103 -90 -60 -24 -49 -71 -18 -96 -54 -41 110 -19 -16 -15 -103 -69 -59 -106 -95 -28 -29 -23 -99 -11 -50 -55 122 116 -33 118 -118 -35 -40 -87 -115 124 -124 -20
right_child=2 5 3 7 17 9 10 19 26 14 11 24 25 101 74 41 21 99 31 20 30 22 62 44 -26 54 107 29 61 76 -32 115 56 34 -36 36 37 -39 120 97 -42 -43 79 -45 -46 -47 -48 92 64 -51 -52 53 96 113 -56 71 -58 104 90 60 -62 -63 70 -65 65 -67 -68 88 -70 72 -72 -73 -74 -75 -76 -77 -78 -79 -80 80 81 -83 83 84 -86 121 -88 -89 89 -91 -92 -93 -94 106 95 -97 -98 98 -100 -101 -102 102 -104 -105 105 -107 -108 -109 -110 -111 -112 -113 -114 114 -116 -117 117 -119 -120 -121 -122 -123 123 -125 -126 -127
leaf_value=0.027330047713435418 0.047678329179903188 0.022549326638019705 0.019102562280213214 0.016764388717675778 0.019716942036677849 0.0077438950405131178 0.026811080609751733 0.013228709838798362 0.024534355319888367 0.019555580234599444 0.02436595764899982 0.052667868040618571 0.033805508308471739 0.0031218910552875886 0.018219388988127815 0.0067146004645655157 0.02089933319007797 0.036733074265066515 0.030245194436479883 0.019004557338162614 0.016611710230911538 0.02471680468735141 0.020715134483527683 0.013715537695716658 0.017912044402730705 0.019567217245557815 0.018815735430121477 0.030786891895422316 0.035265734960663431 0.027337790411550544 0.020538092160041349 0.023611601825708602 0.022897911498220111 0.043262366084988818 -0.0020752288326909528 0.043802306609665886 0.014221907328566988 0.03428518386036198 0.013282496441607547 0.04689351737520097 -0.010123928620854015 0.028863605745400301 0.025538484412733743 0.024497661343653929 0.018737142023607097 0.022725674049220046 0.030593995059254628 0.019316747839015415 0.037340304275144343 0.020853456101575872 0.026284703684209758 0.025799311438099159 0.020749171602691959 0.049588235054454158 0.041544372679452671 0.027875779327538805 0.017783182605790614 0.0141991187603379 0.013001096456226938 0.019400450158004821 0.042609878088239003 0.021184228837581618 0.02134543435060722 0.018219361980983954 0.025879990426990126 -0.0093397866867361741 0.019885879896498867 0.022400209537333501 0.025034224429612128 -0.00089900261565767706 0.04886478376040599 0.0045235824927921248 -0.0016768127717297736 0.048443275249984305 0.043728844962591974 0.021815467382945 0.021060881047639667 0.015173085383850083 0.017894317218082056 0.0073856367955185652 0.026367240294838779 0.017838569454685531 0.021559332404024713 0.026146373705006359 0.023831287172940724 0.02055335288045922 0.035920112835577292 0.01682549024839855 0.044493317958993847 0.013520990961158363 0.023395100066515798 0.015201851551907095 0.031201532800718038 0.022607924759042958 0.031196720757592847 0.018809830004731565 0.033074082660296433 0.032478672567065901 0.044222435279748416 0.022985963709478117 0.026341089535566655 0.025474868055708564 0.046037996582999258 0.0038969484883758197 0.024532689605223333 0.016318166238282722 0.020321677227168159 0.011018411840377914 0.025449205652593863 0.042403702539825623 0.0031090077860299152 0.0096988405518381223 0.010198410916761467 0.025187426693880452 0.0034716795626911802 0.018265250733260963 0.0013770328840870504 0.021320222652161668 0.016926375339833707 0.019113771244969657 0.0043152761386833147 0.024587560271005681 0.019284554510598382 0.022769928292812096 0.010286481945555346 0.016053177162149587
leaf_weight=3904.1588678658009 51.575600989162922 1793.0032882615924 5290.7163370326161 2407.918976791203 2718.8784562274814 91.143268316984177 9451.1621738448739 2809.3890732526779 1969.9314435049891 382.3320839330554 41.959319233894348 162.62658002227545 433.84120816737413 30.218534804880619 2588.2973287925124 49.401735804975033 12943.192038305104 135.143490485847 75.589123941957951 10446.033240377903 10777.550021462142 4329.9452778100967 886.81654531508684 586.05789121985435 47.934821516275406 494.23558432608843 1589.2731691077352 823.37228497117758 100.73758947104216 584.48448552936316 1976.0108400285244 1616.8559864088893 925.49604415893555 25.88364427536726 53.601453818380833 96.70420303195715 147.59543538838625 131.4187151491642 5079.6741643771529 81.176596529781818 36.419383816421032 791.6645970121026 3227.6608928591013 7501.3550126850605 2139.7091551795602 9902.3242960497737 4088.1972502395511 173.41554586589336 30.042400509119034 7212.1954568624496 3141.8019883409142 1349.0848631411791 235.17528104037046 17.978767946362495 87.544874094426632 2059.1378446519375 5230.6088442727923 6097.1834662035108 180.04060783982277 225.45585931837559 55.27795123308897 8183.7464448139071 1908.4829794541001 211.21718661487103 20.631358668208122 72.471362121403217 5538.7600275948644 740.03515233844519 576.3395000398159 33.186593048274517 24.231166400015354 33.535611189901829 35.138607367873192 28.65931411832571 25.392190963029861 12061.401150457561 1846.9381443187594 2012.5932542085648 1095.1801788806915 100.0586903244257 555.40542447566986 488.69220257550478 7297.873518012464 4409.6210249215364 14770.247828483582 1104.1077428236604 92.042859457433224 7823.3354059383273 42.949353635311127 873.71529350429773 965.71193050593138 1379.7323514297605 346.61930900067091 4277.3808536827564 123.75320098549128 7103.8382783904672 195.92163227498531 36.093334868550301 44.67343682050705 231.46740061044693 267.98239405453205 4908.6963340193033 59.361273072659969 48.345828637480736 258.31240106374025 2474.9839342907071 10120.213829375803 307.74394167214632 1668.9640381038189 49.562475457787514 34.320037610828876 275.84403701871634 65.212574943900108 755.70376616716385 53.183002948760986 4926.3868697062135 91.861369743943214 1955.4490796849132 967.65678573399782 1069.5743390843272 196.22736326605082 5926.752848342061 773.35398838669062 1378.1410206481814 315.45665321499109 3469.8067538961768
leaf_count=30186 121 12256 39978 19143 21455 639 74608 21735 15106 3059 159 400 2695 147 20371 191 100053 908 471 82449 83624 33885 6777 4086 154 3436 12276 5828 564 4543 15091 12024 7187 194 174 433 655 658 39898 241 59 5504 25368 59213 16824 77915 31956 1337 141 55483 24533 10035 1734 54 629 15324 40800 47266 1427 1759 289 58893 14878 1380 138 315 41149 4896 4239 155 116 95 213 94 152 94765 13681 15681 8528 640 4025 3591 57138 35003 113310 8796 622 61823 193 5881 7386 10727 2283 33224 683 55202 1333 127 184 1467 2090 36880 197 170 1917 19386 79056 1776 11369 295 100 2207 354 5256 277 37914 599 14959 7410 7360 1555 46437 5956 10202 2263 26487
internal_value=0.0211936 0.0233792 0.0189615 0.01775 0.0205035 0.022191 0.0256143 0.0168098 0.0229916 0.0210326 0.0248345 0.035382 0.0246838 0.0276871 0.0198942 0.0212451 0.0211179 0.0185851 0.0197304 0.0172842 0.0175572 0.0210843 0.0218891 0.0225039 0.0406482 0.0235895 0.0209415 0.0230504 0.0220798 0.0249234 0.0170339 0.0186455 0.0167766 0.023535 0.0237823 0.0211149 0.0289091 0.0236814 0.0141415 0.0436884 0.00815994 0.0275458 0.0224117 0.0257877 0.0216832 0.0222689 0.0290007 0.0210145 0.020707 0.0216433 0.0238195 0.0209267 0.0196505 0.0224992 0.0264959 0.0259786 0.0185524 0.0162501 0.0171061 0.0170557 0.0240268 0.021357 0.0193583 0.0269776 0.0086896 -0.00155762 0.0183681 0.0202755 0.028811 0.0206535 0.0217051 0.0274933 0.0208925 0.0235963 0.0175485 0.0217088 0.0225713 0.0174072 0.0145359 0.0243649 0.0210541 0.022375 0.023575 0.0237012 0.0243638 0.0228197 0.0217403 0.0175709 0.0178844 0.0149971 0.0217552 0.0173574 0.0272404 0.0209491 0.020227 0.0190234 0.0263627 0.0361209 0.0283578 0.0280848 0.0189833 0.0255853 0.0257257 0.0212438 0.015095 0.0170958 0.021001 0.0175456 0.0272161 0.024922 0.018125 0.0154119 0.0188479 0.0211468 0.0209818 0.0194944 0.0208023 0.0192951 0.0155599 0.0197049 0.0129457 0.0239539 0.0212759 0.0200769 0.0166691 0.0163585
internal_weight=271044 136948 134096 75097 58998.6 89415.8 47532.4 50920.3 52873.1 36542.7 34541.8 485.204 34056.6 12990.6 20018.4 42551 41710 16447.6 24176.7 43236.5 39331.9 41658.4 21487.6 17288.3 406.825 17104.1 11079.1 14429.6 9505.88 4923.76 28885.9 13103.6 26909.9 41793.9 37920.2 3873.77 375.718 279.014 7683.82 358.89 78.3787 841.066 16524.4 16952.5 12908.8 10769.1 7992.36 11073.1 10553.1 9182.13 37866.6 10364.7 5721.81 4642.9 2674.45 2586.91 6156.1 20753.8 11923.3 866.792 280.734 8284.48 4199.26 1221.4 188.358 93.1027 16081 3498.05 1010.18 15124.1 1932.71 2092.67 14465.9 34724.8 4894.27 12152.5 2431.42 4868.87 3904.57 4371.82 1144.16 1044.1 34696.1 33600.6 19179.9 14420.8 7389.92 10542.2 1705.05 916.665 1145.75 2266.55 520.035 14430.8 20170.8 7227.59 431.097 196.263 115.087 366.611 2856.28 4998.28 4968.06 788.381 8830.48 2733.3 14397.6 1897.02 2492.34 4379.51 70.4134 658.176 95.255 3293.82 3275.84 9558.21 4631.82 3014.97 1059.52 1095.46 5275.9 7030.86 3222.66 2466.95 1088.81 3545.4
internal_count=2080986 1045967 1035019 578912 456107 688680 357287 397392 403444 285236 257921 1424 256497 99366 156208 329305 323610 126802 181520 336796 306533 323489 167551 135053 1206 122676 84641 103192 67771 35421 224084 99864 208993 318803 293661 25142 1746 1313 60596 1052 218 5695 129028 133821 100873 84049 62142 81656 78036 70589 293487 77088 43045 34043 19484 18855 47987 161006 92437 6134 2048 59457 32498 8314 948 453 124427 23396 6934 117914 14994 15419 112648 268954 38294 95404 18224 38142 30263 33624 8256 7616 268860 261306 148313 112993 57760 83278 11140 6074 8813 17504 3620 112435 155938 55885 3067 652 411 2375 22461 37224 37077 5066 68569 21303 112280 14052 17197 34180 227 5266 495 24008 23954 72906 34992 22968 8009 7554 41453 55233 23677 18421 8219 26958
is_linear=0
shrinkage=1


Tree=1
num_leaves=127
num_cat=0
split_feature=10 10 53 16 53 27 10 27 8 40 32 34 17 39 39 2 26 13 40 10 26 26 29 21 40 10 55 55 40 28 2 6 55 19 52 29 29 52 25 29 32 1 55 46 2 54 26 34 4 29 39 18 25 2 25 43 55 21 29 1 48 48 26 19 8 39 6 14 2 25 16 29 27 40 27 46 21 27 32 48 45 39 48 55 2 53 29 34 34 13 19 20 16 46 1 27 18 18 48 16 29 34 29 17 45 48 39 27 55 54 29 29 55 39 21 55 34 40 54 3 13 18 29 27 39 39
split_gain=3174.9 873.349 603.816 366.293 199.123 184.408 180.562 146.901 141.46 137.758 131.785 168.148 99.9512 99.3219 88.5922 85.8531 85.5848 76.449 73.9073 72.5009 69.8696 68.6865 74.6069 67.9856 67.727 67.2036 66.864 64.0451 64.1823 69.8809 68.1714 63.6369 61.1164 59.6231 61.1439 59.4706 59.1734 57.5448 57.467 58.6183 92.0797 57.6852 57.2445 68.839 56.9999 62.4766 56.8349 55.9373 55.1791 54.466 54.3914 53.352 55.6135 52.5836 51.8821 51.4535 49.8964 58.6147 51.8656 51.5073 49.2924 49.0196 47.0266 56.1484 46.2071 49.4645 46.8915 45.7799 45.6305 45.613 45.5864 45.0278 47.4298 50.5288 44.6438 44.3764 45.3055 43.7619 43.7211 43.491 43.4122 43.1801 70.1808 52.3509 42.7649 43.9126 42.4163 42.2318 62.7595 55.1736 44.6429 42.1809 41.6892 41.4174 53.4598 41.1951 40.9964 40.9497 44.3133 40.7987 40.7288 39.6491 47.0547 39.5938 39.5667 39.4109 39.1402 38.9656 58.8693 42.9338 38.6345 38.4475 56.8348 65.8726 61.6821 37.9501 52.5357 42.0722 44.0634 37.8109 37.7387 37.6048 36.8613 36.7887 36.7837 43.9964
threshold=0.065579991787672057 -1.3393839001655576 0.19856426119804385 -0.3420948982238769 -0.034129980951547616 -0.60785761475563038 1.3319191932678225 -0.87837970256805409 0.84333458542823803 -1.0000000180025095e-35 0.081870529800653472 0.029166667722165588 0.22990107536315921 0.68854168057441723 0.655208319425583 0.0018625785596668722 0.78656607866287243 0.12756556272506717 0.46650633215904241 0.87398198246955883 1.0000000180025095e-35 -0.6035533845424651 1.9435107707977297 1.151724696159363 1.2246467864107191e-16 1.8555480837821963 0.19532658904790881 0.26933655142784124 -0.4665063321590423 0.81174489855766307 0.019659140147268776 1.6684356331825259 0.1401498764753342 1.2424235343933108 -0.87095031142234791 4.0003597736358651 -0.84560215473175038 -2.4636052846908565 -0.6035533845424651 -4.507643222808837 0.081870529800653472 -0.012050888966768978 0.090205762535333647 0.0052666435949504384 -0.0025808711070567365 0.048600643873214729 0.12940952181816107 0.12083333358168603 0.058699861168861396 1.7490267753601076 0.38020832836627966 0.9004761576652528 0.12940952181816109 0.0017145471647381785 0.78656607866287243 0.023398014716804031 0.16313930600881579 0.49293254315853124 8.4523501396179217 -0.015280319843441246 -0.03445691987872123 0.014616917818784715 0.60355338454246532 3.0678310394287114 -0.69794556498527516 0.56354168057441723 2.571573138237 -0.24994313716888425 0.0019453308777883651 -0.37940952181816096 -2.4680107831954952 -3.8459211587905879 -0.87837970256805409 0.46650633215904241 -1.0000000180025095e-35 -0.021130072884261605 0.67338648438453685 1.0000000180025095e-35 0.01950944866985083 -0.067276004701852785 0.044641470536589629 0.4760416597127915 0.0079278666526079195 0.44935074448585516 0.018417421728372577 0.68898880481719982 10.240769386291506 0.095833335071802153 0.062500001862645163 0.29673644900321966 4.5856482982635507 0.78410342335701 -0.11394917964935301 0.061052018776535995 0.025613219477236274 0.87837970256805431 0.815861076116562 -0.57449766993522633 -0.028224710375070568 -1.2800127267837522 3.7036716938018803 0.020833333954215053 -5.3529233932495108 2.457821369171143 -0.003669135738164186 -0.031581556424498551 0.055208332836627967 -1.0000000180025095e-35 0.36077880859375006 0.46424406766891485 3.7036716938018803 -6.1939508914947501 0.21547056734561923 0.56354168057441723 0.87561661005020153 0.31536227464675909 1.0000000180025095e-35 -1.0000000180025095e-35 0.29625809192657476 -3.3042609691619869 0.70030379295349132 -1.0826300382614134 -8.7872056961059553 1.0000000180025095e-35 0.34270833432674414 0.067708335816860213
decision_type=2 2 2 2 2 2 2 2 2 2 2 2 2 2 2 2 2 2 2 2 2 2 2 2 2 2 2 2 2 2 2 2 2 2 2 2 2 2 2 2 2 2 2 2 2 2 2 2 2 2 2 2 2 2 2 2 2 2 2 2 2 2 2 2 2 2 2 2 2 2 2 2 2 2 2 2 2 2 2 2 2 2 2 2 2 2 2 2 2 2 2 2 2 2 2 2 2 2 2 2 2 2 2 2 2 2 2 2 2 2 2 2 2 2 2 2 2 2 2 2 2 2 2 2 2 2
left_child=1 5 6 14 8 17 20 19 26 49 12 46 24 15 21 25 80 -1 74 -5 70 64 53 37 100 110 44 51 29 -29 33 69 -19 34 -30 62 -15 -13 68 41 96 -40 -16 -44 45 -3 -12 61 -20 79 -46 52 -28 -23 -26 115 84 -58 59 -59 -24 -34 -8 -64 65 -4 -66 -56 -22 -10 95 -47 -73 77 124 76 -33 -74 -18 -6 92 82 106 -84 85 -51 -86 88 -35 -89 97 -54 119 94 -45 -2 -41 -90 -99 -65 101 102 -7 -68 -37 -95 122 108 -43 -109 -9 112 -83 -114 -115 -55 117 -117 -119 -11 -21 -108 -14 -91 125 -17
right_child=2 4 3 7 9 10 35 13 31 16 11 23 81 36 42 18 78 32 48 120 38 22 60 -25 54 -27 27 28 30 -31 -32 75 47 87 -36 104 -38 -39 39 40 -42 107 43 93 50 71 -48 -49 -50 56 -52 -53 91 55 67 -57 57 58 -60 -61 -62 -63 63 99 66 -67 103 -69 -70 -71 -72 72 73 -75 -76 -77 -78 -79 -80 -81 -82 111 83 -85 86 -87 -88 89 90 123 -92 -93 -94 105 -96 -97 -98 98 -100 -101 -102 -103 -104 -105 -106 -107 121 109 -110 -111 -112 -113 113 114 -116 116 -118 118 -120 -121 -122 -123 -124 -125 -126 -127
leaf_value=0.008516305323886553 0.0026109751049992473 0.0051131328832060476 0.0026413428019022838 -0.0036883890634627067 -0.013177563577575411 -0.0060958946000032564 -0.0035661614891421235 -0.0020709441023415297 0.0025022117906808574 -0.02664709603133928 0.0031152838161359691 0.030871395069606528 -0.016000940310554372 0.0023657442734171838 -0.0013927973577136624 -0.0086570884182262994 -0.0037057949930514658 0.0058347988656588723 -0.0048416522776047735 -0.0045006804435735476 0.0043797869044484164 -0.00031947138173148886 -0.015982682920530164 -0.0032123798494583661 0.0022690750076945075 -0.0060146100583933762 0.0009590140602204713 0.024212901923194568 -0.025150463495521653 -0.015547497690601063 0.023356707944504538 -0.01829359899096876 -0.0031059154797795367 0.0036048825544770587 -0.00086422177230915931 0.013724077446908019 -0.0024257467528275992 0.014641940418344043 -0.022553264092592507 0.0011361255581752766 0.035443304606531119 -0.0014620195067686875 0.009070613850436034 0.00062979956421421366 0.0003837068544125657 -0.00019696671759526264 -0.030700492406015637 0.031696543093193509 0.00065450293299679381 0.0055787925906719748 0.0028061511251756587 -0.015405105716253623 -0.0095873920390584649 -0.0050298406500601592 0.0062692693982229113 0.012633543287349698 -0.019212651189830104 -0.02215649200951832 0.014168954396996579 -0.00028805631063846522 -0.00050510374907194739 0.0086177623607848891 0.00069874441744588098 0.026039386609235826 -0.0020510914312587116 -0.0081996475237628309 0.0005037379560132321 -0.014480790112649333 -4.3929290313203028e-06 -0.00053406884247771363 -0.00061122585800592137 0.0060136179021658374 0.0018017296951377865 -0.00080287067611354277 -0.0044003065748245748 -0.0015810742922468645 -0.0048266267647188903 0.0041099498802560034 0.022114254036836607 0.00061421839389674284 -0.022418410552661729 0.016897157959366249 0.0050176660624324278 -0.028780694252055494 0.010054440683091805 0.00092298753994611235 -0.020566555648811994 0.024120250777980093 0.014431136617300977 0.015622503634805747 0.014374432060027654 0.0015637718361203765 -0.0042993915385692123 0.015653189439215308 0.0083781361419174027 0.029016366388591463 -0.0026232257870278785 -0.017162017804877083 0.014508101066503933 -0.0064735256125433164 0.011559023327639138 0.0063641131866919278 0.0042810612482377273 0.010212589404442068 0.00094662311611554562 -0.013937811530702893 0.0028208246084771189 -0.0053072474396794753 0.03190854599376982 -0.035784267788746917 0.005187689225148351 0.003005139390607996 0.02475903410396994 0.0057481044519848267 -0.019573904098647146 0.021109237709408354 -0.0281050472952965 0.013801956729786808 -0.015364787216933308 -0.00014240252497303138 -0.0082955063296896621 -0.0012326315056722216 0.0053726764635073608 -0.018884191013818767 -0.0078449415998304156 -0.0041939926122305047
leaf_weight=4393.0992886945605 60.945032030344009 5064.7701563313603 2312.5647471770644 2857.3847966194153 91.152130350470543 179.21500531584024 8207.1237040162086 8600.97187705338 3167.3261845856905 20.563077695667744 41.957801386713982 162.53209633380175 32.79823699593544 1151.4987911507487 2247.2175586670637 1121.0331697240472 4869.0423453599215 7731.011359654367 1260.5522281229496 1324.2411661371589 3402.0522161349654 1365.2915177941322 82.758656330406666 47.936357006430626 7648.2968587428331 1847.9536955952644 1006.153168104589 94.241192407906055 67.232271030545235 20.950937174260616 53.455973438918591 128.34960541129112 663.81604255735874 790.58473262190819 106.12372252345085 129.30105582624674 9775.2264716476202 196.20938361436129 73.971278458833694 11241.297700591385 29.674318335950375 93.698898360133171 569.60308212786913 2031.259917460382 7622.9908203855157 2039.091672167182 36.422538131475449 21.023395918309689 1735.1631419584155 1488.5554657056928 7219.791189648211 127.21386554092169 483.65270090103149 6575.0771616399288 2030.6480333656073 67.475507736206055 72.049491494894028 48.313268661499023 84.240163400769234 341.94721867144108 4776.0066878348589 180.62687982618809 2490.5318873077631 14.819198191165922 5529.9520091190934 180.56017535924911 711.65121494978666 42.493623942136765 1316.495989382267 5270.9619296938181 16801.813264638186 1803.7253883108497 6426.732178889215 1578.6606742218137 17638.60200072825 2065.9013945236802 446.61789963394403 6731.4758195877075 25.382904693484306 12061.319903239608 35.142526671290398 203.18984081596136 1757.4623121321201 17.535502642393112 539.28363480418921 1779.4612954258919 17.794371083378792 73.06786585599184 21.695592500269413 21.548665441572666 30.526705533266068 187.89164023846388 1057.5461291968822 20.444734819233418 431.0664244517684 37.934167675673962 1292.7854810208082 175.95837082713842 18.840109691023827 676.74686822295189 400.65781467407942 5132.7197180688381 5889.948251336813 219.09161911159754 380.07233466207981 114.29336103796959 1149.8092823848128 231.68668019026518 26.260798394680023 19.181169234216213 302.65658793598413 4166.300910025835 39.446632280945778 101.78995246440172 60.527852341532707 61.545443966984749 16.311412766575813 40.615471422672272 40.25656808167696 14010.907285071909 5129.9751968681812 4475.1058092564344 727.21917704492807 26.365093663334846 3237.6770660951734 4195.8348225206137
leaf_count=32796 309 40203 17593 22732 639 1174 63421 67951 24256 64 159 400 150 8946 17555 8699 38142 60811 10024 10544 26387 10406 476 154 58709 14443 6513 494 273 92 226 620 4363 4292 683 815 76729 652 428 87714 55 679 4170 15194 59704 14734 59 83 13201 11683 56897 785 3082 50518 15947 379 423 286 514 2465 35618 1313 19420 62 40665 1382 5331 340 10212 40675 129703 14002 49384 12343 136291 16013 3077 52001 152 94765 213 1336 13194 55 4161 13971 121 314 135 125 157 1351 8445 103 2939 93 10164 792 111 5209 3005 39100 46078 1381 2679 811 8628 1662 144 48 2332 30999 197 497 267 358 90 284 255 109192 40265 31784 5037 110 25485 32665
internal_value=4.76187e-06 0.00214674 -0.00218267 -0.00316089 0.000982228 0.00433737 -0.000341425 -0.00403358 0.00176687 -0.000153017 0.00357315 0.0139155 0.0034254 -0.00361062 -0.00124359 -0.00407289 -0.00126867 0.00636897 -0.00463574 -0.00634338 0.000388909 -0.00180808 -0.00273503 0.0190807 0.00426266 -0.00254447 0.0022995 -0.000429825 0.00262204 0.0169012 0.00142271 -0.000242275 0.00527063 0.000524804 -0.0103791 -0.00246681 -0.00192054 0.022063 0.00126608 0.000580068 0.000832962 -0.00654677 0.00104785 0.00278005 0.00253394 0.00314382 -0.0127748 0.000229 -0.00165871 0.0011985 0.0015622 -0.00296772 -0.00201543 -0.00390248 0.00303051 -0.00462144 0.00311273 -0.00253512 3.02141e-05 -0.00304758 -0.000772171 -0.000589803 -0.00276597 -0.000701375 -0.000459373 0.00185283 -0.00135194 0.00583669 0.00315663 0.000605647 -0.000531121 0.00260669 0.00295237 0.00257723 -0.00497611 -0.0029512 -0.00786113 0.00298287 -0.0035672 0.000509612 -0.000524575 0.00202274 0.00115054 0.00466719 0.00392044 0.00304503 0.00903944 0.00216472 0.000854175 0.0132974 -0.00792441 -0.00646823 -0.000472036 0.00139703 0.00198952 0.0129403 0.000748122 -0.0111249 -0.0140355 -0.00573879 0.00529462 0.00506946 0.00397352 0.00279873 0.00421259 -0.00935816 0.000172179 -0.00329909 0.00603838 -0.00777429 -0.00182354 0.00357886 0.00945711 0.00191319 -0.00375031 -0.00479634 0.00484086 0.00879086 -0.000714816 -0.000183213 -0.00751788 -0.000403518 0.00442918 -0.00334264 -0.00616258 -0.00513665
internal_weight=271043 136944 134098 87571.8 89414.6 47529.8 46526.4 60178.8 52871.9 36542.7 34540.2 485.058 34055.2 50867.2 27393 39940.4 20018.6 12989.6 29188.9 9311.6 34627.8 21979.2 13025.3 406.678 21324 10751.6 41792.7 3305.5 1500.59 115.192 1385.4 11079.2 8596.48 1331.94 173.356 11898.6 10926.7 358.741 17727.1 13008.6 12563.8 444.799 5413.89 3166.67 38487.2 23644.5 78.3803 865.466 2995.72 16524.1 14842.8 1804.91 1677.7 8166.57 9721.44 6801.28 4371.64 546.55 474.501 390.26 4858.77 844.443 11389.2 3182.1 8953.82 2493.12 6460.69 2073.14 4718.55 8438.29 16900.7 18579.7 16540.6 14736.9 26193.1 2640.87 574.968 13158.2 4894.43 12152.5 15124.2 12731.2 8159.93 1775 3825.09 3268.02 557.078 1158.59 1037.61 120.982 247.021 671.544 15089 2597.06 2462.33 98.8792 12534.1 216.494 194.798 691.566 11602.5 11201.9 6069.16 930.743 509.373 134.738 6384.93 370.828 119.96 250.868 8903.63 4571.26 404.954 201.764 162.318 6733.81 158.729 142.417 80.872 14031.5 6454.22 5624.92 760.017 47.9138 8554.55 5316.87
internal_count=2080986 1045967 1035019 675815 688680 357287 359204 470307 403444 285236 257921 1424 256497 396766 205508 311091 156208 99366 226365 73541 267598 164736 98384 1206 164353 84726 318803 19535 7804 586 7218 84641 66570 6992 956 91606 85675 1052 137493 100894 97933 2961 40772 23217 299268 182667 218 5759 23225 129028 116601 11731 10946 62290 74996 51884 33624 3688 3265 2751 36094 5676 88112 24691 66352 18975 47377 16287 36599 64931 130105 142464 127730 113728 203140 19710 3697 101385 38294 95404 117914 92144 58848 13249 29936 25654 4282 6036 5487 549 1195 4433 117701 19047 18133 402 97878 1038 903 5271 89357 86352 47252 6712 3494 914 45599 2533 823 1710 70283 33296 2297 961 764 51505 987 897 539 109256 50809 40412 5187 235 66849 41364
is_linear=0
shrinkage=0.02


Tree=2
num_leaves=127
num_cat=0
split_feature=10 53 10 14 10 15 2 40 55 40 26 17 54 39 29 39 19 26 28 28 39 46 26 25 39 4 33 5 40 50 10 4 2 45 29 4 38 39 55 39 38 4 49 12 29 14 47 38 46 29 47 34 53 10 26 55 55 45 26 55 28 20 55 55 25 4 15 37 47 21 29 39 54 35 2 40 38 5 55 39 31 47 15 29 55 38 46 29 15 47 39 6 20 19 47 38 2 54 0 4 19 14 55 1 33 20 47 38 55 22 6 33 14 53 29 23 20 19 46 23 55 5 34 46 6 39
split_gain=3052.2 744.382 682.421 361.671 195.557 134.798 132.491 119.841 132.867 116.391 131.646 112.971 111.807 91.2057 84.6706 96.1996 83.617 82.4769 76.5173 75.9157 82.6409 75.8829 73.188 87.7015 72.7479 77.6132 119.313 78.7688 71.2632 66.8483 66.5771 65.4297 62.2505 69.2255 59.9286 64.9473 59.1598 58.6497 57.4073 56.6151 56.5593 68.0046 54.5637 53.0684 53.0016 52.5723 53.546 52.2539 51.2039 50.4505 49.6895 49.2242 49.0645 48.3461 48.1795 49.9008 47.9234 58.9567 47.3368 48.724 53.2753 60.7505 46.9957 46.7695 46.6784 46.0376 48.1046 53.4103 48.4062 45.7145 54.4544 55.7981 55.7678 50.0604 45.4709 45.2649 59.1375 77.166 65.862 63.0012 57.3275 53.3701 49.4734 46.8906 46.3954 45.2124 49.3354 44.4486 56.5201 46.7446 43.579 48.4592 43.6822 43.0457 42.5777 45.0708 42.2092 87.4497 41.9523 41.7277 41.3917 44.1269 40.9018 40.7368 40.2289 42.3841 39.8947 39.8425 61.5368 50.2166 39.8205 39.6505 39.3947 40.1067 49.9868 39.2529 39.2282 38.3111 38.096 37.9485 37.8034 37.7996 37.712 37.5308 41.3901 42.8265
threshold=-0.13399311155080793 0.19856426119804385 -1.3599657416343687 -0.34213960170745844 1.3643335700035097 0.21172165870666507 -0.0025808711070567365 -0.12500000000000003 0.077455598860979094 -1.0000000180025095e-35 0.78656607866287243 3.420794010162354 0.084924805909395232 0.15520833432674411 0.89029669761657726 0.48437500000000006 3.0100259780883794 0.37940952181816107 0.81174489855766307 0.81174489855766307 0.34687499701976782 -0.013486363459378479 1.0000000180025095e-35 -0.6035533845424651 0.059374999254941947 0.47378799319267279 0.031100876629352573 0.032913766801357276 0.46650633215904241 1.2941095232963564 1.055092513561249 0.22476208209991458 0.06114312261343003 0.031268632039427764 -5.3529233932495108 0.29894319176673895 0.14000282436609271 0.080208331346511855 0.10179797187447549 0.57187500596046459 -0.20755711197853086 0.47378799319267279 0.017155786976218227 0.90979701280593883 1.2071132659912112 -7.3473365306854239 -0.052480589598417275 -0.11438549309968947 0.061052018776535995 3.572928905487061 -0.091461442410945878 0.13750000298023227 -1.9775459766387937 0.81440916657447826 0.60355338454246532 0.022299668751657013 0.14914490282535556 -0.0053947151172906152 -0.37940952181816096 0.13434259593486789 1.0000000180025095e-35 0.36924536526203161 0.076162591576576247 0.31536227464675909 0.12940952181816109 0.47378799319267279 2.9195129871368413 0.85191330313682567 0.0040491188410669574 1.5255388617515566 -2.7262270450592037 0.56354168057441723 0.2577687948942185 0.22500000149011615 0.0014044313575141134 0.46650633215904241 -0.30078926682472223 0.47547437250614172 0.19532658904790881 0.72604167461395275 0.14999999850988391 -0.063357133418321596 3.8721382617950444 -11.102008819580076 0.36077880859375006 0.055645825341343887 -0.016876875422894951 3.4564971923828129 4.2332231998443612 -0.0039328082930296651 0.63854166865348827 1.7009716629981997 0.5611223876476289 3.7251551151275639 -0.02806801255792379 0.1087079979479313 0.015831494703888897 0.1345753222703934 0.0067398012615740308 0.064680565148592009 7.7228174209594735 -2.9782801866531368 0.045481167733669288 0.011007716413587334 -0.043641407042741769 1.9826523065567019 -0.040148062631487839 -0.23981512337923047 0.31536227464675909 0.014551080763339998 2.0040780305862431 -0.012362798675894736 -3.1904429197311397 1.9581884741783144 -0.33213794231414789 -0.023550847545266148 0.46863988041877752 1.2914184927940371 0.061052018776535995 -0.015418901108205317 0.20117400586605075 0.3716790527105332 0.045833334326744087 0.0041131034959107646 0.61623847484588634 0.24687500298023227
decision_type=2 2 2 2 2 2 2 2 2 2 2 2 2 2 2 2 2 2 2 2 2 2 2 2 2 2 2 2 2 2 2 2 2 2 2 2 2 2 2 2 2 2 2 2 2 2 2 2 2 2 2 2 2 2 2 2 2 2 2 2 2 2 2 2 2 2 2 2 2 2 2 2 2 2 2 2 2 2 2 2 2 2 2 2 2 2 2 2 2 2 2 2 2 2 2 2 2 2 2 2 2 2 2 2 2 2 2 2 2 2 2 2 2 2 2 2 2 2 2 2 2 2 2 2 2 2
left_child=2 4 5 7 22 16 12 8 119 49 50 14 42 48 15 24 -1 28 65 30 102 -10 53 31 -7 27 -27 -26 43 104 -15 -24 33 34 35 -25 74 40 -17 -22 -14 47 -4 58 54 -36 -47 -42 64 -8 -11 75 -49 -2 -6 -56 57 -52 59 103 61 -61 -54 -13 -5 66 68 112 -19 70 71 -40 -73 90 -29 76 77 115 -78 -79 -80 -82 -81 -83 -77 106 -87 88 89 -48 91 -74 -92 107 95 -71 -30 -98 -32 -66 101 -62 -21 -9 118 123 -51 -63 -109 -110 -38 -20 -68 -114 -115 -39 -99 -69 -23 -3 -72 -122 -35 -106 125 -125
right_child=1 3 6 13 44 11 9 17 21 10 -12 63 37 19 -16 38 -18 18 111 20 39 29 23 32 25 26 -28 36 96 -31 98 -33 -34 122 45 -37 110 51 69 -41 41 -43 -44 -45 -46 46 87 52 -50 85 56 -53 62 -55 55 -57 -58 -59 -60 60 100 93 -64 -65 99 -67 67 117 -70 94 120 72 73 -75 -76 84 78 79 80 82 81 83 -84 -85 -86 86 -88 -89 -90 -91 92 -93 -94 -95 -96 -97 97 116 -100 -101 -102 -103 -104 -105 105 -107 -108 108 109 -111 -112 -113 113 114 -116 -117 -118 -119 -120 -121 121 -123 -124 124 -126 -127
leaf_value=0.0042836017085158828 0.00036193156531637635 -0.00051526218481758815 0.0041475068799282158 -0.0049831992380431796 -0.003872667025264071 0.0054247791601460104 0.0012506496564874342 -0.0031692606399906678 0.020242195875630555 0.025241604795264778 -0.0032861533019613162 0.00025818904722701768 0.020631636290532173 -0.0027275027029703197 0.0056283733301621319 0.0058625612495728577 0.0070594549388691705 -0.0028156731019910344 0.0060016667915358457 0.0077578013980270826 -0.0063703513718623905 0.010695970025027519 0.0031001373164600545 -0.0028730486720891287 0.0083691315881217199 -0.0076140350663956372 0.02135426828977308 0.00041338479729083479 -0.00050566962797091153 -0.0019663620952845642 -0.0051115670512849633 0.014050732592742176 -0.031511565173536926 0.0096001018722471718 0.027173619675566252 -0.02286413400759868 -0.013341164318661983 0.0064957944771282276 0.013710890074700461 -0.00097567992899159537 -0.007187899561207101 -0.019093004452468258 0.001932822194767171 -0.0080191108924252876 0.00069940825831674505 -0.006694353092373013 0.0018686002178254068 0.011746811902605434 -0.026377728740513823 0.035557114119501992 0.0037153656231293519 -0.0099463149160552849 -0.0100567529117949 -0.0017621050916955113 -0.016571454775153253 -0.00017188205914575941 -0.0031680764886907872 9.3477818578024889e-05 -0.00095618453228654059 0.024076855706505865 0.010229527995215764 -0.023455292707916763 0.0044113584470118804 0.025440419281056052 -0.0096979779111412891 -0.028009294619590706 0.022469651301124913 -0.012392023326784098 -0.0066086045835552698 -0.0034429991362776788 0.0019345823873162336 0.006931711463902689 -0.029465833028671579 0.017981736434711619 0.0035439863703107585 -0.0016808186315906207 0.0014836481599953147 0.027674453045661573 -0.0039032945503713252 -0.019725999487133689 0.0099476923165671208 -0.025234537921460333 0.016047290115709423 0.00033947693560890975 -0.019444367879707356 -0.035153547095305167 -0.00048058639620667069 0.0081096780242375949 -0.011599829060782243 -0.00043674757387880773 0.014054138389718356 0.0021391747979501914 -0.0063751587523363587 0.0044782190041350442 0.0036486948899144733 -0.022274542804896151 0.010577126131714285 -0.024440567538857809 -0.002154848807422052 -0.0047765774208125642 0.0083192369009522354 -0.01253188897698943 0.00037159169470785521 0.00051809827069500877 0.0035754394511623138 0.011838609702501264 0.0059681428126475604 -0.0061581584038259045 0.026821382354472321 -0.0059851581203019958 -2.8533709717151008e-05 -0.0017473785745468126 -0.0049713008134308814 0.032642561853471481 0.00067031033994120498 -0.011975110084344084 -0.00068217878583082389 0.019448979541346251 -0.01133981769696866 -0.0035529655943981791 -0.010429304356264409 0.019014728510451967 0.037254865193153089 -0.0031710140717616515 0.0027146521815889207 0.00077686960145184549
leaf_weight=8884.5527909398079 14503.7327799052 2342.3069449439645 10173.101964369416 6714.447527423501 6825.620613373816 1989.4133946746588 17091.769117407501 5034.6376073360443 77.873705878853798 30.885289788246155 5410.0748499408364 38.253463424742222 79.517139963805676 8644.229696623981 5209.3968077674508 5087.2640311717987 8506.9010925292969 1879.3735091537237 346.59759776294231 401.58028050512075 1388.102087892592 290.64535915851593 5424.6047473102808 297.83516466617584 569.8965230807662 82.869311429560184 177.09653514623642 9737.3625560030341 1657.9203783124685 3104.1697670817375 18975.417454570532 226.57789778709412 23.054856397211552 76.013797916471958 29.1166907325387 82.350629091262817 193.79530340433121 143.40700998157263 306.88621544092894 1771.4249673560262 149.18710796535015 50.815373212099075 7918.4426078498363 633.87596806138754 1861.5242093577981 378.68864622712135 8132.2645966932178 353.97371092438698 48.281202882528305 17.540764808654785 2077.5106682404876 174.47611320763826 95.561519369482994 6083.3459582999349 75.496918976306915 2496.313962444663 1493.9310308098793 13312.849044464529 7473.8493056893349 30.401781126856804 35.168922036886215 47.084620609879494 1286.8826619833708 129.44087687134743 1972.5250191763043 33.311755135655403 23.677036069333553 18.201652929186821 4770.1369036734104 169.64071357250214 1321.5660722106695 809.96306318789721 51.975541740655899 39.724572531878948 2292.2314432635903 1756.2965315952897 11917.317754365504 110.43408646434546 1846.8884721621871 23.668808996677399 261.61206859350204 29.875098794698715 40.452348962426186 401.7593090608716 59.882778942584991 16.739514239132404 221.14402256160975 334.4390951693058 145.84259324520826 6198.5975289791822 56.549963481724262 30.331848755478859 152.58527526259422 198.04902143776417 182.22594639658928 71.989770323038101 470.85603546351194 29.780914925038815 2139.1950254365802 1065.6683806627989 44.847687527537346 653.25679732114077 1177.338918954134 1571.8208066746593 1776.1282669752836 145.68667305260897 1340.4786996021867 970.2725587785244 41.912812657654285 32.413231320679188 167.15010044723749 1098.8375056684017 1133.1441968604922 19.54824935644865 409.63517148792744 66.542231902480125 288.73491886258125 73.230744011700153 34.302407883107662 5534.1040400266647 174.2868430763483 18.426061019301414 26.276999942958355 1775.7926562801003 1992.8050583824515 2880.3642896711826
leaf_count=68002 111518 18530 79972 52055 52887 14351 134207 38955 428 92 42337 192 317 68763 39466 39901 65744 14835 2603 3194 10835 1844 42463 2126 4556 284 638 72549 12785 23125 149023 1302 54 451 123 371 911 847 1975 13821 944 139 62589 4722 13737 2695 63654 2640 284 62 16162 1044 693 46878 604 19427 10533 105319 57776 166 231 183 9449 359 15665 139 153 134 37304 1182 10000 5543 160 209 17682 13073 90287 456 11529 96 1460 114 180 2666 289 51 1562 2450 971 48946 301 140 791 1428 1332 412 3481 159 15633 8165 260 4562 9046 11698 13644 1123 10283 6873 207 194 1061 8622 8212 88 3011 331 1999 500 220 43674 1123 76 45 13428 14934 21694
internal_value=2.63278e-05 -0.00192998 0.00233002 -0.0030069 -4.26191e-05 0.0042489 0.00118651 -0.00182235 -0.000629129 0.000403942 -0.000570802 0.00341513 0.0020553 -0.00431639 0.00331968 0.00281159 0.00564178 -0.00264272 -0.00413531 -0.00383237 -0.00148042 0.000688735 0.000585343 0.00140502 0.00185988 0.00132299 0.0121224 0.00110537 -0.00188079 0.000560083 -0.00420677 0.00354177 0.000636861 0.000686133 0.00057797 -0.00725449 0.000770548 0.000977154 0.00451938 -0.00334735 0.00420012 0.00351456 0.00317838 -0.00234612 -0.002383 0.000774163 0.000721708 0.00413414 -0.00601939 0.00156844 0.000297748 0.000590874 0.00511105 -0.000265714 -0.00299371 -0.000659943 0.000250568 0.000582663 -0.00212269 -0.0031291 -0.00581984 -0.00341347 0.00340398 0.0197375 -0.00591581 -0.00486985 -0.0047738 -0.00174503 -0.00553733 0.0025 0.00337923 0.00615093 0.00410671 -0.00279968 0.00101025 0.00070189 0.00106666 0.00879801 0.000860378 0.0185837 -0.0020628 0.0028376 0.00272693 -0.00148253 -0.00227744 0.00496838 -0.0030616 0.000911827 0.000744926 0.000871426 -0.00568747 -0.0179209 -0.000805745 -0.0040804 -0.00363604 -0.00912635 0.00130665 0.00511016 -0.00481218 -0.00797423 -0.0101402 -0.0113545 0.00225454 -0.00229186 0.00144192 0.00117937 0.00637695 -0.00563667 -0.00481088 0.0126118 -0.0071961 0.000112921 -0.00260534 -0.00300012 0.00220139 0.000607789 -0.00297623 0.013034 0.00833909 -0.00264991 0.000725856 -0.00752525 0.0170058 0.000993546 0.000303264 -0.00072894
internal_weight=270899 146495 124405 93273 53221.7 46451.8 77953 48974.8 19954.2 41012.9 22325.3 29060.3 36940.1 44298.2 28892.6 23683.2 17391.5 29020.6 9805.69 34497.3 4738.45 12077.8 41962.7 21375.7 15209.8 13220.4 259.966 12960.4 19214.9 11999.9 29758.8 5651.18 15724.5 15701.4 15599.1 380.186 12390.5 18848.6 8473.42 3159.53 2015.94 1936.42 18091.5 16767.6 11259 15218.9 15189.8 1885.61 9800.92 18687.7 16915.2 16832.6 1736.42 20587.1 9397.43 2571.81 16884.3 15390.4 16133.7 8659.87 2053.41 1320.13 1382.44 167.694 9752.64 8360.26 8326.95 1677.44 6649.51 3386.15 2962.3 1448.02 1141.13 331.167 12029.6 16658.1 14842 384.504 14457.5 174.555 2540.13 693.246 64.1212 431.634 1816.18 1595.9 237.884 14811.1 14476.7 14330.9 291.443 82.3074 209.135 1289.73 423.856 241.63 2447.29 789.372 21114.6 3038.19 733.273 688.426 1578.92 6606.46 8895.72 8570.78 1358.02 1091.68 1044.6 74.326 360.945 1445.44 1586 1562.33 429.183 209.949 318.516 91.4324 324.948 7876.41 1514.28 192.713 102.291 8425.09 6648.96 4656.16
internal_count=2079773 1131110 948663 720408 410702 348940 599723 373924 152644 320608 174443 215194 279115 346484 214643 175177 133746 221280 75601 270315 36896 90440 324047 165651 112032 97681 922 96759 145679 90012 233419 43765 121886 121832 121336 2497 92203 136554 63145 24656 14182 13865 142561 127255 86655 118839 118716 13726 76169 146165 132106 122372 12782 158396 72918 20031 132014 121481 122533 64757 14104 9051 10142 551 75885 64376 64237 12098 52139 23244 20318 9119 7144 1601 90231 121328 107966 1910 106056 732 15769 4240 276 2780 13362 11958 1613 116021 113571 112600 1392 300 1092 8885 2926 1594 18424 5639 164656 23830 5053 4793 12240 50653 66887 64823 10345 7457 7274 401 1972 11225 11464 11311 3099 1178 2158 634 2064 62204 11199 1199 496 63700 50056 35122
is_linear=0
shrinkage=0.02


Tree=3
num_leaves=127
num_cat=0
split_feature=10 53 10 14 10 27 27 2 16 54 39 26 25 32 34 17 39 26 25 11 44 29 49 11 5 2 16 48 26 33 26 26 46 39 45 55 55 1 38 12 34 2 55 10 29 49 54 21 39 39 29 18 29 34 31 33 38 2 55 34 27 54 32 21 38 32 17 39 16 26 55 55 29 21 28 10 55 33 47 48 48 39 39 38 6 53 34 55 27 53 39 39 45 55 47 2 38 14 25 48 26 16 26 29 51 9 21 53 46 1 34 12 57 29 29 27 28 48 38 55 47 31 29 38 21 27
split_gain=2931.42 714.887 655.506 347.346 187.818 161.435 152.056 127.248 121.154 107.392 96.2336 94.512 110.686 85.1818 147.051 81.1657 76.6391 70.2941 84.2384 68.4256 65.5177 65.3947 98.8012 65.2961 62.0084 59.8879 75.32 65.1287 59.1842 65.3063 58.5893 57.9213 57.0393 56.334 55.9506 55.515 73.2325 55.1855 54.3883 54.3203 54.9429 54.0907 53.6953 53.0857 52.5106 52.4104 52.0811 78.7227 51.8462 52.6404 50.9029 50.6934 50.2581 55.3852 50.2022 49.3565 48.7942 48.3631 48.2915 48.088 52.2821 102.429 53.0834 50.6109 47.5612 47.481 55.2297 71.6924 46.6477 46.2652 47.9487 45.5 45.1126 51.9198 44.9064 44.8543 44.6697 44.474 43.8682 54.4097 43.6629 49.9671 61.6086 60.9653 45.7217 43.449 42.9438 42.9296 42.9176 42.3401 42.2949 69.53 53.8141 48.2577 42.0778 41.6072 41.5689 53.062 40.5585 50.6152 48.6226 40.5469 40.2055 39.7052 38.544 38.286 38.6172 38.4293 38.0227 41.002 37.538 49.2374 39.9522 37.0521 37.0471 36.9215 36.6065 47.2486 43.0611 36.6745 36.6018 36.5978 36.5761 36.3238 36.4692 36.2652
threshold=-0.13399311155080793 0.19856426119804385 -1.3599657416343687 -0.34213960170745844 1.3643335700035097 -0.60785761475563038 -0.87837970256805409 -0.0025808711070567365 -0.10726749897003172 0.084924805909395232 0.15520833432674411 0.78656607866287243 -1.0000000180025095e-35 0.081870529800653472 0.029166667722165588 0.25529265403747564 0.68020832538604747 1.0000000180025095e-35 -0.6035533845424651 0.76058813929557811 -0.026372435502707955 2.622836828231812 1.0000000180025095e-35 0.53204351663589489 0.23321673274040225 0.06114312261343003 -3.9388328790664668 -0.051891120150685303 0.37940952181816107 -0.050719259306788438 0.37940952181816107 -0.98296290636062611 -0.022954845800995823 0.080208331346511855 -0.0050232107751071444 0.44935074448585516 0.15346919000148776 0.031275076791644103 -0.20755711197853086 0.13881880789995196 0.012500000651925804 0.0017145471647381785 0.25390139222145086 2.8752673864364628 0.042015314102172859 0.017155786976218227 0.46424406766891485 0.64418229460716259 0.81354168057441723 0.23437500000000003 1.2071132659912112 0.63478934764862072 2.0530283451080327 1.0000000180025095e-35 0.22999999672174457 -0.016163468360900875 -0.11438549309968947 0.049493947997689254 0.17831543087959292 0.17083333432674411 1.0000000180025095e-35 0.17954456806182864 0.034623483195900924 0.38953554630279547 -0.043302260339260094 0.053323874250054366 1.2950837612152102 0.25520832836627966 -3.1497329473495479 0.60355338454246532 0.022299668751657013 0.36077880859375006 -0.96222460269927967 0.59727999567985546 -0.56174489110708226 0.81440916657447826 0.056541945785284049 -0.065504912286996828 -0.091461442410945878 -0.078094564378261552 -0.012858688831329344 0.45520834624767309 0.13437500596046451 0.0848820134997368 0.75335732102394115 -1.3401486873626707 0.037500001490116126 0.36077880859375006 0.87837970256805431 -0.58189460635185231 0.75520834326744091 0.48437500000000006 -0.047965487465262406 0.44935074448585516 -0.012021211441606281 0.00178636412601918 0.24217850714921954 -4.4924082756042472 0.78656607866287243 -0.029816022142767903 0.12940952181816107 -0.60895979404449452 -0.12940952181816107 3.8446962833404545 1.7984397411346438 -1.7342585325241087 0.90407490730285656 -0.27061322331428522 -0.021130072884261605 -0.036988509818911545 0.079166669398546233 0.35452984273433691 -0.086580444127321229 -0.86687505245208729 1.9435107707977297 -1.0000000180025095e-35 0.81174489855766307 0.013039196841418745 0.035087537020444877 0.18187887966632846 -0.048719732090830796 0.18999999016523364 0.64428448677062999 -0.038731988519430154 0.53462162613868724 -1.0000000180025095e-35
decision_type=2 2 2 2 2 2 2 2 2 2 2 2 2 2 2 2 2 2 2 2 2 2 2 2 2 2 2 2 2 2 2 2 2 2 2 2 2 2 2 2 2 2 2 2 2 2 2 2 2 2 2 2 2 2 2 2 2 2 2 2 2 2 2 2 2 2 2 2 2 2 2 2 2 2 2 2 2 2 2 2 2 2 2 2 2 2 2 2 2 2 2 2 2 2 2 2 2 2 2 2 2 2 2 2 2 2 2 2 2 2 2 2 2 2 2 2 2 2 2 2 2 2 2 2 2 2
left_child=2 4 5 8 17 39 98 9 16 45 57 19 103 15 30 31 21 68 24 34 -16 28 -23 -12 -19 26 -20 37 58 -30 -15 -7 -18 38 35 36 -9 54 -11 40 71 64 -22 48 -34 -4 56 -48 49 -25 69 -29 53 -33 -28 -46 -40 -8 -3 60 61 62 -35 -63 -31 90 -67 -68 88 104 -71 -1 -50 -74 -51 -70 85 -65 -42 -80 81 82 83 -17 -85 -41 87 116 -2 108 91 -62 -93 -92 115 -24 97 -36 -5 122 -101 -52 -64 -13 -6 -99 -107 125 -84 -110 -69 -112 -113 -47 -53 -58 -43 118 -118 -119 -97 -121 -100 124 -54 -108
right_child=1 3 7 6 50 13 10 11 -10 33 23 12 -14 14 20 80 32 18 25 -21 42 22 95 43 -26 -27 27 51 29 41 -32 52 44 59 96 -37 -38 -39 46 76 78 86 -44 -45 55 113 47 -49 72 74 101 114 123 -55 -56 -57 94 -59 -60 -61 65 63 102 77 -66 66 67 110 75 70 -72 -73 73 -75 -76 -77 -78 -79 79 -81 -82 -83 89 84 -86 -87 -88 -89 -90 -91 93 92 -94 -95 -96 120 -98 105 99 100 -102 -103 -104 -105 -106 106 107 -109 109 -111 111 112 -114 -115 -116 -117 117 119 -120 121 -122 -123 -124 -125 -126 -127
leaf_value=0.0050079234973528638 0.00072290340557463963 -0.0011457832954714659 0.0040648133986225122 -0.0060996070609629959 -0.0029285249349664693 0.0088832307552986264 -0.0054479231112720388 0.0043591000728090915 -0.0044112773647560187 0.020233280630157707 -0.0012495373538242477 0.00055619902449625795 -0.003220361173809287 0.0033712225780506738 0.021292057188938309 0.005583395860763664 0.033176606379965487 0.0030230913848007931 0.029279966075101336 -0.0015230495957410171 0.018943825775616371 0.0021276171062524687 0.0026133151976793631 -0.0019383636024851345 0.013287136337636934 -0.030909102452355435 -0.0049968650181175999 0.0014892603455849923 0.0096234138170196507 0.006118544204978496 -0.030956597375545156 0.0014545317587336285 0.0029905710232048183 0.0014377354666603467 -0.019317238508806778 0.025310771447237902 -0.0024733736423881163 0.017136969989795553 -0.0072346706164591428 0.0096151491495913809 0.025965387062076541 -0.0054074679443674965 -0.011020399862118047 -0.00064258300526948934 0.0033370362049926529 0.003828884056284329 -0.036079351204446268 0.0076819910709165721 0.0051258199683574569 -0.0065657553571255899 0.011715975274691386 -0.002315528627650585 -0.0084195658111413628 0.0040742318361698584 0.030841515326539379 -0.0014764307589021323 0.013070575019012836 -0.019670134969899587 -0.0052306399189367449 -0.019727297712364252 0.00070741019508289244 0.019815282994190438 -0.012207385079215389 -0.019278634104443831 -0.0021788898348806432 -0.00087052900694195915 0.029051214886225397 0.015958545929119574 0.00029212047916554068 -0.016243807235852333 -0.00016844552524124419 -0.03001363515504115 -0.0084586334240572946 -0.0014293161747074277 -0.0041466502810095333 -0.0017563467978266084 0.0034491213239674248 -0.0037376660361408054 -0.0048240818367546344 0.0089753926135432392 0.0032025974397718801 0.0030902638742189509 -0.0004967054843110051 -0.023729267655316688 -0.0009819916105612129 0.0046070037354997238 0.0056806344569436942 0.012849217982980304 0.033421493943912556 0.0062326123053078244 -0.0013939682275632722 -0.018441755354147538 0.0058143911154938709 -0.031530269160619601 0.0016114956085614249 -0.034926832760369557 0.02469217352861568 0.0032119866170341794 0.01197931244804335 -0.013679276707623518 -0.0060733963601424055 -0.00010338857163535664 -0.00045021496835708305 0.007156827089023046 -0.0064059081739215457 -0.00020551406627382167 0.0052273281632449035 0.00064493857211469293 -0.022334072056520823 -0.0048518431042918536 0.011697835819365929 -0.033715174753300117 -0.00030617656561308807 0.0009263281766802437 0.012368255886834875 0.0048029392853648784 -0.0086116054186288205 0.0042862884609633344 0.0037317046288553512 -0.02155881836354907 -0.002676491303192436 0.014682151034166991 -0.014961154546050091 0.010681849575552583 0.0058181867317197867 0.001016965909446129
leaf_weight=1967.5362228602171 32.972934819757938 13222.896729692817 10172.485824085772 5803.4349554628134 5126.6082995980978 938.56807290017605 8127.8270393386483 3467.0952413678169 6147.7068023383617 79.481058068573475 5720.9835752546787 3141.0927017331123 5410.2101780250669 41.086921565234661 302.902078948915 845.90218336135149 20.076557457447052 5405.5322445780039 35.729607485234737 4058.1221420019865 41.845608964562416 3737.5375431403518 652.4285389482975 2891.6038813889027 245.3524558916688 23.053628839552402 1217.4155848249793 12224.991626873612 149.749950543046 308.28488763421774 37.145224414765835 4076.8665586188436 2070.0773676484823 5880.67592754215 51.088510535657406 44.631103962659836 765.21659453958273 47.854111023247242 140.67273487150669 1215.7790612056851 58.138357363641262 6545.4799936413765 53.16341869533062 2147.9727209806442 1018.2661444619298 2639.0984420478344 31.678188405930996 32.455686405301094 342.60370695590973 4457.0761879906058 123.3968882933259 2090.2966029942036 78.149832099676132 15556.384642355144 14.846991047263144 5192.9064544513822 343.47561731189489 95.995203115046024 1268.0959985405207 45.517059959471226 4339.3707235977054 34.551601111888885 203.41794242709875 75.144539520144463 2591.0452879294753 183.4177792519331 80.783830724656582 104.17434389144182 14453.103833168745 75.499467447400093 2496.3177147731185 13.962334446609018 494.25366672873497 2786.340916633606 9912.8395113348961 6070.5414845645428 3866.1671172305942 2359.6889945864677 117.12279284745455 3825.9693312644958 5474.5335113108158 2161.32644495368 1069.3960528820753 48.191593110561371 126.25351299345493 1621.2621080949903 161.82644490897655 54.396902747452259 30.498274095356464 204.25451648980379 1251.0840364769101 36.366157069802284 1822.7826273664832 20.629803374409676 801.19638509303331 13.131916366517542 28.281768426299095 2536.0172078609467 68.763711392879486 868.69219803065062 553.36737236380577 1738.1147708967328 270.64196810126305 411.50381131470203 1699.1832932084799 11037.458556443453 1768.4806014969945 6768.7178462743759 55.415547743439674 1161.5898242220283 64.750581622123718 22.474900387227535 36.908924594521523 5279.1465526223183 70.062666662037373 586.82690646499395 444.60619474947453 509.77270763367414 150.71060539036989 42.973566956818104 4659.0599412992597 14.106622934341429 27.374772191047668 690.95062509179115 798.365572437644 1524.6562046483159
leaf_count=15357 161 102202 79972 45799 39782 7204 63222 27028 48296 317 45398 24637 42337 170 838 5710 55 42335 58 31817 197 27685 4932 22501 1430 54 8774 95717 955 2376 51 31783 15733 44862 216 153 5294 289 897 9684 216 50501 152 16228 7535 20795 82 145 2665 34991 721 16415 576 119431 64 40199 2471 535 8528 209 32424 182 1367 248 20271 1125 355 559 111345 604 19427 37 3878 21772 77438 46834 28958 15125 654 29146 41203 15037 7047 258 835 12868 1211 332 56 1438 9263 209 13717 111 6076 28 95 19843 549 6892 4397 13016 1967 3110 13105 86326 14045 53637 263 8456 340 108 201 41794 515 4194 3456 3994 1169 322 34044 100 219 5390 5981 12070
internal_value=2.58101e-05 -0.00189137 0.00228353 -0.00294672 -4.17638e-05 0.00416429 -0.00423001 0.00116281 -0.00178587 0.00201425 -0.00370836 0.000395882 -0.00141951 0.00344128 0.011834 0.00332084 -0.00140889 0.000573656 0.00137698 0.00090362 0.0167593 -0.00182373 -0.000364487 -0.00316242 0.00347119 0.000624143 0.000672472 0.000605296 -0.00234298 -0.00345108 -0.0131003 0.00402167 0.000316398 0.0009576 0.00125551 0.00336087 0.00312324 -0.00371574 0.00411643 0.006088 0.00747418 -0.00363294 0.00222643 -0.00363744 0.000232617 0.00311496 0.00344425 -0.0141401 -0.00394536 -0.00440195 -0.00233534 0.000990115 0.00380599 0.0035304 -0.0045396 -0.000686735 0.00405439 -0.00561643 -0.00150365 0.000579028 0.000635319 -0.000424853 0.000918318 -0.00388076 -0.00129448 0.00181021 0.00781925 0.0129652 -0.000260398 -0.00293382 -0.00064688 0.00474563 -0.00176919 -0.00249091 -0.00489745 -0.000313788 0.00484973 -0.00422542 0.00882365 0.00856413 0.00192856 0.000698428 -0.000774129 0.00336257 -0.00737121 0.00675617 -0.00448818 -0.00470102 0.016725 -0.00246988 0.00141291 0.0020946 0.00532973 -0.00190802 0.00497578 -0.00211404 0.000875638 0.000846118 -0.00686355 -0.00977717 -0.0107266 0.000685433 -0.00551237 0.00132284 -0.00379513 0.000890559 0.000611351 0.00150745 -0.00325014 -0.00566639 0.0071672 -0.00027113 -0.0133159 0.00189422 -0.00183335 0.00786725 -0.00482666 -0.00155278 -0.00548407 0.00257655 -0.0027748 -0.0124865 0.00422286 0.0072528 0.00453947 0.00327922
internal_weight=270895 146496 124400 93274.3 53221.4 46448.2 44299.1 77951.5 48975.1 36938.9 36977.5 41012.6 8962.81 33762.3 476.143 33286.1 42827.4 41962.3 21375.1 32049.8 397.911 34526.1 9062.16 28753.7 5650.88 15724.3 15701.2 15665.5 25463.9 10973 78.2321 22139.3 8301.33 18848.2 27991.6 4276.94 4232.31 1280.12 2015.79 12685.9 5982.73 10823.2 95.009 23032.7 8281.25 18090.7 1936.31 64.1339 20884.7 17261.5 11259.1 14385.4 21200.7 19633.3 1232.26 6211.17 1872.17 8223.82 14491 16832.4 16786.9 8824.12 6354.74 2469.39 2899.33 7962.74 492.51 309.093 20587.1 9397.61 2571.82 1981.5 3623.2 3280.59 14369.9 20523.6 6703.21 2434.83 4001.23 3943.09 11146.9 5672.33 3511 1020.35 174.445 2837.04 7923.87 7762.05 63.4712 2490.66 7470.23 6198.52 1859.15 1271.71 1731.5 5324.62 23714.7 23686.4 7321.63 1518.2 1422.06 1861.51 474.06 3552.6 6825.79 23635.3 21099.3 10061.9 2286.4 1217.01 228.309 124.134 59.3838 7918.24 2160.36 930.303 7707.65 1162.17 595.317 566.853 4672.19 57.0802 96.1385 1567.47 876.515 3293.14
internal_count=2079773 1131110 948663 720408 410702 348940 346484 599723 373924 279115 288628 320608 70084 252020 1408 250612 325628 324047 165651 250524 1187 262106 66689 224871 43765 121886 121832 121774 195417 84687 221 170365 63522 136554 218707 32475 32322 9127 14182 96920 45410 83732 349 179473 63467 142561 13865 227 163245 134930 86655 112647 163161 151214 8838 47734 13638 63757 110730 122372 122163 63751 48196 15555 22647 58412 2688 1563 158396 72918 20031 15394 28315 25650 112429 158179 51510 15373 30016 29800 80247 39044 24007 6803 1093 22552 61085 59874 217 17204 55724 46350 13926 9374 12741 39004 186232 186137 57856 12057 11289 13737 3334 27747 52887 185921 166078 79752 15766 8719 1208 649 309 62589 16930 6665 59542 9041 4625 4416 34072 422 768 11947 6557 26115
is_linear=0
shrinkage=0.02


Tree=4
num_leaves=127
num_cat=0
split_feature=9 53 34 9 16 12 14 40 27 26 29 32 27 21 14 9 15 38 17 27 38 29 27 38 53 8 32 45 40 14 12 29 6 53 6 17 44 14 24 24 54 8 2 27 55 21 40 25 19 19 33 45 45 38 16 28 27 29 12 2 14 28 17 38 29 29 17 27 29 11 38 26 28 38 29 45 23 20 23 2 38 29 55 40 47 17 53 46 38 55 20 47 34 26 21 21 53 32 11 25 40 25 21 20 55 26 45 20 0 55 56 25 14 38 31 47 55 6 25 38 17 29 21 19 31 38
split_gain=2419.34 1027.74 431.142 331.592 271.562 215.166 175.865 131.699 130.055 121.056 119.4 107.52 104.625 104.236 96.2943 92.0072 89.5445 89.388 75.2858 73.9076 68.0051 66.0732 75.2089 65.499 74.3649 62.3922 61.1204 77.9791 59.9527 58.6469 53.1418 53.0804 53.0666 52.5773 52.1105 52.0737 51.8189 51.5803 51.3512 51.2726 48.5392 48.3478 46.1673 44.8255 44.6669 44.3767 43.9153 48.7207 43.1599 42.2266 42.8825 41.5053 40.5805 47.7058 44.0093 52.6518 40.5642 40.4314 41.9016 40.2887 45.4052 39.6372 41.9456 39.4938 48.9409 39.4279 43.2578 46.0308 39.2267 38.509 38.3952 37.9344 37.8467 37.3084 36.4406 36.2844 36.2141 49.3506 35.9248 35.5696 35.4837 35.4478 35.4098 35.4036 80.0135 73.9788 43.2928 37.8407 35.3181 35.2856 34.9122 34.7275 40.5672 34.6274 51.4991 34.3999 34.3678 47.338 33.6857 33.5524 33.3612 33.3221 33.2405 33.1556 33.1082 32.9846 32.9546 32.9194 32.5166 32.4923 38.7006 32.3729 32.3003 39.1454 41.0383 32.2073 34.1346 32.0275 32.0102 63.685 51.9914 58.448 49.0385 39.4532 37.2666 36.2822
threshold=-0.48450373113155359 0.67389261722564708 1.0000000180025095e-35 1.374651372432709 -0.18172264099121091 0.13881880789995196 -0.38282275199890131 -0.3415063470602035 -0.60785761475563038 0.78656607866287243 3.2381713390350346 0.081870529800653472 -0.87837970256805409 1.151724696159363 -0.37383139133453364 -1.5081782341003416 0.33194422721862799 0.027092213742434982 0.16962885856628421 -0.60785761475563038 -0.30078926682472223 -7.5872063636779776 -0.87837970256805409 0.015073836781084539 -0.9204449951648711 -0.90575629472732533 0.081870529800653472 -0.037379544228315346 1.2246467864107191e-16 -3.4385651350021358 0.8937092423439027 6.3523948192596444 2.5151095390319829 0.083393760025501265 0.59476447105407726 1.8583714962005617 0.00035811995621770626 -0.30223727226257319 60.696172714233406 86220.742187500015 0.37009254097938543 -0.7144760489463805 0.0028671015752479438 -1.0000000180025095e-35 0.15129722654819491 0.50582295656204235 -0.12500000000000003 -0.6035533845424651 2.176346063613892 2.8711236715316777 0.049849597737193115 -0.0028205750277265902 -0.017662859521806237 0.15202475339174273 -3.9388328790664668 -0.56174489110708226 -1.0000000180025095e-35 -3.52599024772644 0.46723072230815893 0.014946323353797199 -5.3177566528320304 0.81174489855766307 0.56594014167785656 -0.13031536340713498 10.240769386291506 10.240769386291506 2.6714563369750981 1.0000000180025095e-35 -8.7872056961059553 0.53631916642189037 0.24217850714921954 0.37940952181816107 0.81174489855766307 -0.019357022829353806 5.1798641681671151 0.044641470536589629 -0.097980752587318407 1.4093320369720461 0.0029860018985345964 0.024575759656727317 4.6410453056487158e-18 -0.30725002288818354 0.25390139222145086 0.34150634706020361 -0.057246809825301163 4.3563842773437509 -1.3831096887588499 -0.045773355290293687 0.10492047667503358 0.17831543087959292 0.66063505411148082 -0.0047580187674611798 0.095833335071802153 0.37940952181816107 0.98046413064003002 0.42034383118152624 -0.2193002179265022 0.058384967967867858 0.37951605021953588 0.98296290636062633 -0.12500000000000003 0.78656607866287243 0.57649564743042003 1.7693318724632265 0.17146713286638263 -0.37940952181816096 0.0056062678340822467 1.3444999456405642 0.016721861436963085 0.36077880859375006 -0.02499896194785833 -0.98296290636062611 -0.68824589252471913 -0.10823992267251013 0.18999999016523364 0.003652962041087449 0.088620968163013472 1.0088843703269961 0.91597560048103344 1.5140788378425751e-17 2.6714563369750981 3.3474624156951909 0.81149742007255565 3.1905772686004643 0.12999999895691874 -0.079579647630453096
decision_type=2 2 2 2 2 2 2 2 2 2 2 2 2 2 2 2 2 2 2 2 2 2 2 2 2 2 2 2 2 2 2 2 2 2 2 2 2 2 2 2 2 2 2 2 2 2 2 2 2 2 2 2 2 2 2 2 2 2 2 2 2 2 2 2 2 2 2 2 2 2 2 2 2 2 2 2 2 2 2 2 2 2 2 2 2 2 2 2 2 2 2 2 2 2 2 2 2 2 2 2 2 2 2 2 2 2 2 2 2 2 2 2 2 2 2 2 2 2 2 2 2 2 2 2 2 2
left_child=2 3 9 6 14 8 7 17 49 15 23 18 81 34 25 59 19 20 28 51 109 22 -22 24 68 79 44 35 -10 72 48 42 39 -8 -13 -28 -32 -21 -14 46 -29 -9 91 115 57 -24 -27 -48 -5 88 -51 -7 53 54 55 -43 63 -18 74 60 90 -40 73 -49 -65 66 -34 93 -11 -37 -61 78 89 -63 107 105 77 -46 -45 -3 -38 -6 -70 84 111 -85 -86 -87 -4 -19 -1 92 106 -68 -95 -58 97 -17 -20 -83 -53 -30 -91 -64 -25 -41 -23 -59 -55 110 -2 -54 113 114 -98 -16 -117 -60 119 122 121 -121 123 -78 125 -125
right_child=1 4 5 30 12 16 33 41 11 10 -12 13 38 -15 43 96 26 29 98 37 21 31 45 104 -26 32 27 40 101 -31 36 -33 65 -35 -36 69 80 -39 61 75 -42 52 -44 71 76 -47 47 56 -50 50 -52 100 83 108 -56 -57 95 58 117 70 -62 62 103 64 -66 -67 67 -69 82 -71 -72 -73 -74 -75 -76 -77 118 -79 -80 -81 -82 99 -84 85 86 87 -88 -89 -90 102 -92 -93 -94 94 -96 -97 112 -99 -100 -101 -102 -103 -104 -105 -106 -107 -108 -109 -110 -111 -112 -113 -114 -115 -116 116 -118 -119 -120 120 -122 -123 -124 124 -126 -127
leaf_value=-0.0024772521639314492 -0.0088999718542380323 8.066216468086116e-05 0.0065983385051273944 -0.00042966150656262005 -0.0029208686650114414 0.0076344972998377003 -0.00034631248202779511 0.0022975958954378102 0.0062693778087138255 -0.02627705342933695 0.0076748361856688986 0.0069410874645501521 -0.0025613841864230401 -0.010978550294169182 -0.0024044232365728257 0.0019326297077876318 -0.00051780553451230788 -0.012080730017229842 0.0022494509042263375 0.0031208055617211899 0.025396177890600172 0.007231498379427651 0.011943931094462599 -0.0037164045166473737 -0.0016544493376199983 -0.00089897390964010062 -0.0044072042507747287 0.0056937551261110513 0.0024390785703943775 0.0013833227952612184 7.2803869559978453e-05 0.012479089380935143 7.0311451522067915e-05 -0.0025832367207864393 0.02777968920299078 0.02487418888301729 -0.0029506547429088148 -0.0038198146131194527 -0.0049945658379494315 -0.013067527637359062 -0.022097453065965104 -0.0088601654079030843 0.00042870337394251118 0.0010029062694106019 0.0045360426467137387 -0.013651365681583016 -0.0010752168607595337 -0.029603519676087191 -0.0027340612390591803 0.0092082990962023617 0.024912582819531678 0.0018469910959259103 -0.022900785115221964 -0.011043299862745597 -0.0016536289486225259 0.022678497411518759 0.0070658541540441714 0.0024265583812014165 0.0014147793933819129 0.0061575019104455524 0.0027009429674344837 0 -0.0013052881696656088 -0.0054465065601671213 0.02824485474767352 -0.015609545591981491 0.019236426172663561 0.00040671807359432115 0.0044522068096616869 0.0021533531916737964 0.03018720268843009 -0.0044260205146730257 -0.018469975766632125 -0.0069277406513111959 0.010503338597467793 -0.018921006960965703 -0.00050759233017988535 -0.012862995731846577 -0.0026073018118455298 0.0053752845935486687 -0.0060314580463606202 -0.0074662815537651032 0.026884603434439065 -0.00056812398188820325 0.0030451511777893443 0.033108200742529043 0.00069588497482816938 0.0070556079978682249 -0.0039529216716164229 0.016960589989895327 -0.030297793060609722 0.0030172955621202975 -0.0061398326526308266 -0.013809749597949098 0.01588191236534453 -0.0028531345750995784 -0.0037378770637726943 -0.015283342820155798 -0.0045267972389034603 -0.016430481405298701 0.0060359553915174573 0.0065157032163789055 -0.0029307936164206013 0.0099984355441027593 -0.010863804810092876 0.00070064246669084332 0.0010340944687671056 0.0049853431088266479 0.0068362201681938005 0.026354053075232732 0.023024545967445742 -0.0053246356782160973 -0.00073939660568974718 0.0017503050958503825 0.013505485293627356 -0.0070635585126539177 -0.0032719476716644275 -0.0036556749268208911 0.0053247178145261606 -0.0050688222314834597 -0.026032874596366048 0.016180572952958314 0.004023906372503507 0.0087512030387316905 -0.019148223371954928 -0.019162082549441271
leaf_weight=50.305057071149349 30.52416917681694 2925.3206414729357 2642.1346903368831 6421.6669364348054 684.23599044233561 2461.1134537011385 11055.148226253688 5417.6089196875691 5727.9150761961937 15.132442034780977 560.50993604958057 68.522348403930664 6531.5210677459836 45.796516887843609 1561.6051304116845 7419.3692679107189 1954.444298543036 109.70792624354362 4064.8809222728014 9193.4720332697034 25.840933926403522 2720.7005929872394 30.719918131828308 2200.3424525260925 4845.6542368605733 8567.0377202481031 38.989195547997952 74.275178015232086 3964.0502514913678 5192.2428029701114 1188.9045452550054 298.33675260096788 1621.8242707625031 6781.5740576758981 167.17768369615078 163.20283889770508 2985.9068418443203 448.27579095214605 17085.975263141096 124.32979986071587 36.75960773229599 30.94787210971117 1280.7351711466908 1537.4219078123569 986.14311608672142 190.79993110150099 4516.8087855949998 25.955558598041534 6587.0070674195886 2531.9506096169353 70.996358349919319 1388.6366558745503 45.365633733570576 323.55229075998068 2033.028616733849 62.898254156112671 142.82559888809919 12151.558858759701 3115.5129357948899 953.12786426395178 9013.2170322239399 425.5392703935504 1795.0859331488609 3051.1161464974284 16.359507545828819 53.614418588578701 143.95895570516586 219.54547993093729 843.51115827262402 36.829703785479069 26.470786951482296 2876.5255404934287 85.531438276171684 1153.0517598986626 252.4910374879837 111.32307579368353 1156.0450468063354 68.838113017380238 3889.6006841212511 613.19360046088696 3006.1300483942032 4454.5299082994461 28.197236321866512 11863.442669153214 3789.112493775785 35.552338950335979 18247.921254374087 59.422584258019924 132.54294150322676 44.992390282452106 27.388942323625088 2904.3142160996795 105.03277461975813 38.90793864428997 55.41083499789238 5086.8951676785946 877.44133023917675 63.439631149172783 315.26039750128984 173.54968094080687 1685.797828912735 1006.024674475193 123.79997511208057 109.1528697013855 293.59571435302496 156.02561658620834 393.58936719596386 2412.0134398043156 45.763508461415768 78.828834347426891 28.421582892537117 458.780124604702 7997.5989190340042 5813.9574322327971 57.917551226913929 2785.2822679802775 1447.0814544335008 592.08705188333988 314.26647891104221 1175.8711702823639 44.035778298974037 53.181170955300331 988.40931581705809 54.065810479223728 94.264352321624756 27.145061507821083
leaf_count=246 137 22666 20189 49713 5430 19474 87936 41476 43722 57 4253 237 51743 131 12290 57311 14023 767 28192 72378 94 21137 195 17250 37921 65070 160 346 30264 40310 9132 2136 12289 53905 501 458 22758 3585 133081 717 94 115 9958 11961 6569 1136 34351 77 50814 19410 321 11045 268 1958 14119 199 956 93768 24466 7094 70179 3366 13685 23450 73 320 899 1475 6614 145 77 22372 438 9159 1917 583 7471 412 29844 4495 23445 35192 198 91553 29249 61 140984 264 800 273 106 22956 719 196 339 38620 6119 293 2337 1380 13449 7881 825 765 2140 961 3050 18850 173 336 157 2831 63475 44643 394 21950 10998 4621 2001 7536 140 336 6663 333 507 146
internal_value=3.43017e-06 -0.00147482 0.00242036 -8.79364e-05 -0.00323854 0.00347731 0.000532689 0.00108307 0.00513734 0.000832974 -0.00124825 0.00419953 -0.0046108 0.0164276 -0.00216841 0.0013992 0.00263689 0.00279217 0.0039701 0.00385584 0.00413384 0.00389084 -0.00626433 -0.00185721 -0.000679614 -0.00147867 0.00191939 0.0102087 0.00487441 0.000838641 -0.0023594 0.00421785 -0.00184519 -0.00119695 0.0217807 0.016622 -0.0037405 0.00279765 -0.00410733 -0.00213982 -0.0036131 0.00053318 0.00388322 -0.00351217 0.0018049 -0.0100596 -0.00200828 -0.00274823 -0.0015967 0.00781449 0.00964643 0.00569797 0.00027472 -0.00218723 -0.00103271 0.0122836 -0.00365578 0.00221741 0.00250607 0.00298505 0.00256906 -0.00459804 -0.00265162 -0.00547145 -0.00525735 0.00116461 0.00160483 0.00702664 0.00464158 0.0207274 0.00683798 -0.00256932 -0.00691 -0.00506128 0.00298191 -0.00930277 0.000102238 0.00338869 -0.00158438 0.000999716 -0.00449717 -0.00717775 0.00520895 0.000452939 0.000919594 -0.000426607 0.00109999 0.0170618 0.00609271 -0.00330281 -0.0125577 0.00460536 0.00603635 0.0130948 0.00360677 -0.00258075 0.000680634 0.00178452 0.00176058 -0.00780613 0.00414546 0.0032656 0.00243412 -0.000651915 -0.00456224 -0.00542635 0.00644916 0.00285073 -0.00881259 0.0180196 0.00660354 -0.00695041 0.000120357 0.00113923 -0.00265581 -0.00486254 -0.00576849 0.000604014 -0.000785501 -0.00132155 -0.00491416 -0.00413614 0.00065078 -0.00185354 -0.0106619 -0.000686356
internal_weight=270857 168064 102792 94083.9 73980.6 61705 73894.2 56057.5 20737.3 41087.2 8786.94 15359.6 32412.6 281.497 41568 32300.2 40967.7 13644.1 15078.1 15177.3 8087.84 7950.07 247.361 8226.43 5732.5 27470.5 25790.4 350.057 10698 5556.27 20189.6 7702.71 23931.9 17836.7 235.7 239.022 7180.94 9641.75 27100.3 21798.7 111.035 42413.4 7404.37 14097.5 25440.4 221.52 21407 12840 13008.7 5377.62 2602.95 5535.55 36995.8 2496.19 2126.87 93.8461 8323.15 20478.1 18523.7 10070.5 9090.91 20568.8 3482.83 3093.43 3067.48 2133.26 2079.65 457.823 886.841 200.033 979.599 8303.55 364.032 1578.59 14816.1 391.678 4962.27 1054.98 5427.02 3538.51 5992.04 5312.32 871.708 34499.6 22541.2 11958.4 22037 94.9749 2774.68 278.5 77.694 6123.64 3219.32 238.278 94.3188 5229.72 22229.7 7482.81 4380.14 4628.08 3074.43 4970.07 168.792 1904.24 2493.94 280.355 3114.29 14563.6 369.316 137.775 58.9458 504.146 14746.9 6749.32 935.359 5793.97 4232.36 3707.6 3907.28 3593.02 1273.09 1229.05 2319.93 1331.52 175.475 81.2109
internal_count=2079578 1296330 783248 725577 570753 464878 569715 427874 153985 318370 68433 113265 253801 869 316952 249937 310893 104624 112396 119931 62011 61381 1425 64180 44790 207537 190962 1203 81867 42613 155862 59956 180376 141841 738 763 55335 75963 211799 164858 440 323250 57820 109415 189759 1331 162597 97527 100527 40720 19731 43968 281774 16564 14433 314 63176 157645 143622 77702 70531 160056 26975 23600 23523 15518 15198 2909 6869 603 7171 64177 2303 12525 114535 2261 32114 6981 41805 27161 46203 42002 6812 265210 173332 91878 170233 325 20989 1865 352 47862 24906 1434 535 39576 172235 57604 30529 36572 24494 38145 1098 14450 19390 1678 24187 112618 2131 630 294 3099 114631 51156 6513 45238 32948 29087 25133 23132 8012 7872 15120 8457 986 479
is_linear=0
shrinkage=0.02


Tree=5
num_leaves=127
num_cat=0
split_feature=10 10 53 16 53 10 27 27 40 32 34 11 24 26 48 33 15 54 20 10 10 26 13 46 15 21 6 47 34 9 33 21 25 25 26 6 26 6 14 40 21 4 38 13 46 51 54 38 31 47 14 23 57 2 40 16 47 51 48 10 6 18 26 28 19 49 2 12 32 45 27 16 14 54 34 20 0 38 16 18 2 25 33 54 4 54 50 38 43 45 16 24 14 40 26 19 14 18 40 33 32 38 48 40 25 47 23 32 45 38 57 16 0 40 25 47 1 19 48 48 19 48 14 19 27 54
split_gain=2732.15 738.255 559.394 323.379 180.639 157.887 155.712 134.151 121.233 112.083 139.806 101.469 97.3509 86.7307 85.6926 81.6978 78.2481 67.9242 64.2811 64.2451 63.8046 62.0768 62.0647 60.8789 62.2677 58.0079 54.7653 57.4098 53.8543 53.2801 52.3274 51.6231 50.8909 50.0649 63.6697 49.2585 48.8335 47.802 47.1698 58.0734 46.7105 51.785 50.9341 46.3551 46.0465 45.932 45.652 68.8787 60.0558 68.4983 62.1227 55.5432 49.764 45.2194 52.3234 50.5817 54.0426 51.2116 44.8613 44.2282 44.0453 43.9497 43.5956 62.7534 49.4523 48.1088 45.432 43.0161 42.8281 42.3609 41.8954 41.8357 41.5077 41.4642 40.933 47.7449 40.0775 39.9154 39.7888 39.7747 39.6512 39.3315 43.8736 39.3296 39.0254 38.154 38.0704 45.4469 58.7635 42.6062 37.9945 37.8313 37.0646 36.5489 36.5184 39.3433 35.8903 35.8565 37.9675 35.646 49.0587 35.32 36.3917 35.131 35.8163 35.0973 34.8976 49.4821 49.3014 41.2784 37.8226 41.3842 34.854 34.8408 34.6975 34.6475 37.1521 34.3391 34.3147 34.1132 33.9955 33.91 33.8259 33.6971 38.7997 33.2911
threshold=0.065579991787672057 -1.3599657416343687 0.19856426119804385 -0.37850439548492426 -0.05158820562064647 1.3319191932678225 -0.60785761475563038 -0.87837970256805409 -1.0000000180025095e-35 0.081870529800653472 0.029166667722165588 0.69961920380592357 60.696172714233406 0.78656607866287243 0.0083938608877360838 -0.0099633852951228601 0.336676836013794 0.057321364060044296 0.88069540262222301 0.97899749875068676 2.8752673864364628 1.0000000180025095e-35 0.94102641940116893 0.061052018776535995 8.7330217361450213 1.151724696159363 1.7009716629981997 -0.0050466093234717837 0.17916666716337207 1.9176932573318484 0.014447318390011789 0.62347984313964855 0.78656607866287243 -0.6035533845424651 -0.12940952181816107 -1.3446138501167295 1.0000000180025095e-35 2.279007196426392 -1.9861698150634763 0.12500000000000011 0.67641806602478038 0.15991057455539706 -0.23981512337923047 0.76342561841011058 0.033654347062110908 -1.3775745034217832 0.19244474172592166 -0.30078926682472223 0.14999999850988391 -0.0455582458525896 -4.4924082756042472 0.00072184385498985659 -0.085237443447113023 0.0061072995886206636 -0.3415063470602035 -1.7228513956069944 -0.042546240612864487 0.11682210862636568 0.08287480473518373 -0.58524423837661732 1.2848777770996096 0.73003199696540844 0.78656607866287243 0.81174489855766307 10.624869823455812 0.20859195291996005 0.015831494703888897 0.10981193184852601 0.0027050572680309419 -0.0080584692768752558 -0.60785761475563038 -2.2758096456527706 -2.7187198400497432 0.061584781855344779 0.054166667163372047 0.49152974784374243 -0.0012442757724784312 -0.022150675766170021 -3.9388328790664668 1.0073682069778445 -0.019443322904407975 -0.7865660786628722 -0.0090973558835685236 0.05618721246719361 0.37818126380443579 0.29625809192657476 0.15275733172893527 -0.20755711197853086 -0.012793108355253933 0.044641470536589629 -1.7228513956069944 -48123.724609374993 -5.3177566528320304 0.46650633215904241 0.12940952181816107 1.4076930880546572 -0.67498683929443348 -0.084228426218032823 0.46650633215904241 -0.039226543158292763 0.081870529800653472 0.16890875250101092 -0.026701495982706543 0.46650633215904241 0.91597560048103344 -0.091461442410945878 -0.099587641656398759 0.049569150432944305 -0.026048795320093628 0.033338179811835296 -0.10484824702143668 -3.9388328790664668 0.0067398012615740308 1.2246467864107191e-16 0.60355338454246532 0.0098019014112651365 1.0000000180025095e-35 2.9730238914489751 -0.037958402186632149 -0.078094564378261552 3.8681635856628422 -0.00071587483398616303 -5.3177566528320304 5.161879539489747 0.6078576147556306 0.081830564886331572
decision_type=2 2 2 2 2 2 2 2 2 2 2 2 2 2 2 2 2 2 2 2 2 2 2 2 2 2 2 2 2 2 2 2 2 2 2 2 2 2 2 2 2 2 2 2 2 2 2 2 2 2 2 2 2 2 2 2 2 2 2 2 2 2 2 2 2 2 2 2 2 2 2 2 2 2 2 2 2 2 2 2 2 2 2 2 2 2 2 2 2 2 2 2 2 2 2 2 2 2 2 2 2 2 2 2 2 2 2 2 2 2 2 2 2 2 2 2 2 2 2 2 2 2 2 2 2 2
left_child=1 6 5 15 11 29 16 19 43 14 21 18 35 86 17 23 60 121 44 73 22 -11 83 38 -25 31 27 30 79 36 -13 67 37 34 -20 -9 78 61 39 -4 41 -28 -42 59 46 113 -3 51 50 -50 70 90 -52 54 -38 57 74 -56 -41 -6 -1 -7 64 -64 65 66 -40 -12 -35 -39 105 -55 94 -5 75 -57 -74 -78 -2 81 -15 82 92 -14 -51 -73 87 88 -10 -88 93 -83 -19 -48 -17 -96 -89 -70 -99 -18 101 -101 120 104 -85 -49 107 -93 110 -109 111 -108 -22 -16 -33 116 -82 -84 -119 -21 -103 -8 -30 -112 -125 -80
right_child=2 4 3 7 8 32 9 12 13 10 25 26 20 80 45 72 99 28 33 119 112 -23 -24 24 -26 -27 40 -29 122 -31 -32 114 -34 68 -36 -37 53 69 62 58 42 -43 -44 -45 -46 -47 47 48 49 84 52 -53 -54 71 55 56 -58 -59 -60 -61 -62 -63 63 -65 -66 -67 -68 -69 97 -71 -72 85 76 -75 -76 -77 77 -79 125 -81 115 91 117 103 -86 -87 89 96 -90 -91 -92 106 -94 -95 95 -97 -98 98 -100 100 -102 102 -104 -105 -106 -107 108 109 -110 -111 123 -113 -114 -115 -116 -117 -118 118 -120 -121 -122 -123 -124 124 -126 -127
leaf_value=0.0062632191798608098 0.023752116132470719 0.0017895086729009179 0.01267632101750819 -0.0052470181002279639 0.0019861547486551578 -0.0011402821779745785 0.0051011876974653911 0.00037159468876375723 -0.028720970779421963 0.0077454490454011097 0.020475946161637528 0.0030683435121726015 -0.0046333813190909331 0.020567036367572178 0.0078107706379384771 0.01552487358647563 -0.018014845178670622 -0.018526820329625909 0.0021611960684078248 0.020363460132750782 -0.0032246564868313944 -0.027412249931579803 -0.0059066288948692626 -0.0014164643401441978 -0.019440068910019585 -0.0028022318251176999 -7.247625304395973e-05 -0.00078955479197901344 -0.00034633341422614594 -0.0031060736544800504 -0.0016731189692771576 0.028610967006650057 -0.004586185228795372 0.0011399349311877571 0.0068008837998826789 -0.0025356199420013986 0.0037678705467501096 0.028142212865081676 0.00046530636396298455 -0.0034849829503328846 0.011010243421012636 -0.016465920245204709 -0.0017976021184384523 0.0058793321946342333 0.024926363298213971 0.0031789810393393768 0.018474393865273303 0.026474038165623701 0.0082507291048427647 -0.0018447119244793708 0.0094728918961030917 -0.0093461219954011684 -0.0029823504040307216 -0.026519522902910448 -0.0074420706817459473 0.0094204852592694802 0.0012570153824818244 0.02668623844670312 0.028299915067573518 -0.00011364595288146972 0.0096671782899075097 -0.0048367083513518681 -0.0038332158354282011 0.0057349649802520908 0.011579856912449454 -0.00096783190611097818 0.0049026707233870712 -0.0093051258949415818 0.0050156944487072634 0.0035282319730474284 -0.010684033983625831 -0.0015818981507374342 -0.00075629870748792152 -0.00064822615731920758 -0.019346940026599712 -0.0059717255634887867 -0.0015598765964239395 -0.0043221556131612824 -0.00093894121357121138 -0.0048422263291875572 -0.00020522913951446153 0.022464832521745089 0.002755263638688255 -0.0037208564505940294 -0.025028505645275503 0.01830476974609134 -0.0016812620495650283 0.0014769916477701953 -0.0012222149429337453 -0.030020151016919697 -0.0066560500140003618 0.0024775636122166904 -0.00015667065943508271 -0.007241986444578569 0.020665090053951677 -0.013859121947389792 -0.00095776401369459315 0.0026870978767534167 -0.0053418400625742882 0.0041483019652326274 0.021880929847751276 -0.0030775906919063428 0.011246409793023998 -0.00016754681561578826 -0.00057512276551357794 -0.0028937403885124268 0.018107212732702164 0.019715665399966293 0.0013539876871744305 0.0033137933999212096 -0.0039308142829925083 -0.00099550339237552358 0.001157434501875368 0.0044180518405872709 0.011528978812007739 -0.0055233893540586358 -0.0048600037608038885 0.012016795133827951 0.0050698719843951783 -0.0071946193523016377 -0.025743490891351976 0.0021809533696335475 -0.033165660369317854 -0.0024355347984357338 -0.026433795138302046 0.00093446279490860199
leaf_weight=5759.6488842219114 26.736921235918999 19274.91875667125 280.13911856710911 2387.109148144722 7701.3392972201109 7174.5685870721936 5175.2365664839745 2821.7096929699183 47.979165777564049 36.670656189322472 38.488713592290878 4986.652730345726 11334.407834127545 26.323799103498459 2558.8064885288477 99.419839918613434 28.445399112999439 52.573456265032291 2050.360006056726 17.068246476352215 1451.5540410205722 42.420983664691448 6371.4932276234031 208.09015306830406 120.69096540659666 47.792990051209927 136.31964556872845 4507.2133610472083 22.717946819961071 1621.3868249431252 1143.7393489778042 209.08369424194098 2817.6606942042708 5560.1900061294436 2802.7163554280996 13388.543892607093 3774.3864089697599 29.647154770791531 2190.728375159204 212.95654419064522 128.75144436955452 176.75136521458626 2897.9347483441234 780.97488410770893 32.485070936381817 3434.002617277205 183.49680409580469 20.148564606904984 392.03875104337931 294.06572774797678 153.21375900506973 59.024250216782093 762.75812171399593 25.41321924328804 24.492688588798046 98.726629577577114 10444.079154923558 57.898049220442772 18.368815660476685 8373.4299357309937 2075.2524912059307 1567.4732205197215 1679.9509026780725 326.6299047768116 173.36147502064705 3298.3843224421144 1594.8254650980234 37.234987676143646 3275.4300422668457 328.46746554970741 609.42808698117733 1866.8517196998 5377.780672237277 1168.9434396550059 68.891093656420708 419.85812736302614 4106.059993095696 4272.9941743761301 9920.6962740644813 333.78146512806416 1649.4863184466958 33.696789607405663 1951.963849902153 13866.171527072787 31.27161993086338 38.401658661663532 5298.4126512929797 5755.4995796903968 85.561645805835724 20.314932584762573 36.007726863026619 4234.5629642158747 244.88309687376022 24.518162474036217 17.590864911675453 44.634319797158241 4179.0574827194214 3357.470298692584 252.36692659556866 4600.3431099355221 60.098929733037949 75.044776447117329 37.716117054224014 1481.3514071106911 1617.8347255811095 69.83357098698616 55.975472323596478 124.86018518358469 7786.4008873552084 121.07086372375488 613.22813858836889 221.74779419600964 1450.3280746415257 2312.3115132823586 64.286841884255409 2127.4913364201784 1173.7603244930506 374.01016236841679 1197.4668758586049 6144.409287430346 40.270831368863583 2301.5071231275797 27.33170760422945 48.24659176915884 60.975669741630554 6142.4324752315879
leaf_count=44961 73 148403 1622 19053 60139 55093 40783 22196 203 135 121 38503 89791 160 19669 513 139 272 16012 130 11273 83 48595 1464 600 161 1069 35422 152 12505 8219 565 21986 43913 21749 105660 29343 169 16649 1280 789 879 22282 5969 112 26631 744 92 2000 1951 1078 261 5068 77 105 723 82027 220 111 65426 16020 12063 12661 2393 1237 24145 11727 87 25569 2455 2846 14291 41277 9235 397 3112 30921 32659 78578 2348 12963 152 14390 107362 116 197 41460 44404 581 133 203 31525 1805 119 104 267 33304 26133 1975 34812 198 447 258 11371 12574 431 286 714 57797 710 3585 1488 10404 17630 259 16579 9226 2576 8956 48301 177 18282 158 309 301 45162
internal_value=3.36895e-06 0.00199063 -0.00202701 -0.00296846 0.000938064 -0.000252944 0.00404033 -0.00371619 -0.000130736 0.00333046 0.0129586 0.00168555 -0.00332528 -0.00116921 0.00319237 -0.000991824 0.0059305 0.00260701 0.00220674 -0.00587906 -0.00388423 -0.0112058 -0.00412267 0.000376979 -0.0080746 0.0177926 0.000222182 0.000923717 0.00192517 0.000432084 0.00218344 0.020615 -0.00223767 0.00311848 0.00484173 -0.00202951 0.000606524 -0.00150997 0.000662136 0.00656887 -0.00201162 -0.00935391 -0.00124899 0.00112381 0.00148784 0.00495252 0.0014519 -0.00101626 -0.00218276 0.00262931 -0.00432068 0.00793741 -0.000889825 0.00136004 0.00173352 0.00104227 0.000924779 0.0165612 -0.000845793 0.000892357 0.00716608 -0.00180365 0.00033524 -0.00227313 0.00105679 0.00079752 0.0023358 0.0058885 0.00244608 0.00564142 -0.00880473 -0.00151888 -0.00198553 -0.00373619 -0.00497209 -0.00302699 -0.00210421 -0.002969 -0.000181113 0.00198511 -0.00346392 0.00211854 0.00390705 -0.0037208 -0.00414608 -0.00117115 -0.000426721 0.000296279 -0.0112496 -0.00179531 0.0121431 0.00160442 -0.00345802 0.0154183 0.00805887 -0.00391094 0.000452697 0.0035004 0.00212419 0.00392989 0.00406349 0.00383346 -0.00559023 -0.00311081 -0.0033923 0.00388993 0.00154967 0.00298602 0.000816876 0.0116913 -0.00336075 0.00290224 -0.00103455 0.0062017 0.0246542 -0.00359602 -0.00214183 0.00452992 0.00673046 -0.00711482 -0.0111549 0.00420282 -0.0185869 -0.00577042 -0.0159604 -0.000222488
internal_weight=270850 136879 133972 87523.5 90438.7 46448.1 46440.2 63500.9 37219.6 33763.3 475.979 53219.1 53783.4 20363.9 33287.4 24022.6 12676.8 24982.2 39241.7 9717.53 37573.1 79.0916 34671.3 10104.1 328.781 396.887 13977.4 10637.6 17505.5 34530.3 6130.39 349.094 11917.8 17298.5 4853.08 16210.3 32908.9 9100.16 9775.34 511.464 3339.76 313.071 3026.69 16855.7 21943.2 8305.12 21910.7 2635.81 2332.76 717.376 1615.38 303.047 915.972 16819 14888.3 11113.9 11031.6 82.3907 231.325 16074.8 7834.9 8742.04 9263.88 2006.58 7257.3 7083.94 3785.55 75.7237 12445.5 358.115 699.41 1930.67 13918.5 3556.05 587.476 518.585 13756.8 8379.05 16089.9 17455.4 4977.06 17121.7 3820.9 28299.8 325.337 1905.25 15386.8 10068.1 133.541 5318.73 244.023 13300.8 297.457 208.015 161.645 62.2252 9934.56 6885.27 3609.84 4841.92 4813.47 4753.37 153.032 16965.4 15484 89.9821 13267.1 4480.49 8786.57 245.931 1000.17 277.723 2901.88 4871.12 273.371 4950.74 2823.25 3523.44 1571.48 6161.48 115.316 7476.74 50.0497 722.45 109.222 16063.1
internal_count=2079578 1045427 1034151 675575 696485 358576 348942 495945 290547 251930 1411 405938 419226 159013 250519 179630 97012 186589 298775 76719 291370 218 269693 73889 2064 1193 107163 82144 127524 266810 46722 1032 91766 135351 37761 127856 254305 69780 71825 3013 25019 1948 23071 131534 163424 63930 163312 14909 13582 4067 9515 1327 6146 130492 115927 86584 86259 325 1391 125565 60981 67156 68812 15054 53758 52521 28376 208 97590 2624 3369 14565 105741 28288 4232 3835 104857 63580 123813 127214 38928 124866 27999 221098 2067 14488 120085 78492 784 41593 1066 96867 2077 863 884 371 77708 53677 28108 36031 35892 35694 882 131307 119936 523 96715 32949 63766 1424 5969 1774 21677 37299 824 38768 22189 25922 11532 48431 624 59065 310 4195 610 123740
is_linear=0
shrinkage=0.02


Tree=6
num_leaves=127
num_cat=0
split_feature=10 10 10 2 14 29 27 39 8 29 27 50 32 34 48 47 38 9 40 14 25 5 6 32 4 39 27 10 10 29 25 40 5 29 39 55 52 38 39 20 28 21 27 20 55 34 33 39 39 52 34 6 19 34 34 46 32 48 29 38 29 27 39 48 29 40 18 38 47 55 25 46 27 40 16 55 55 19 18 37 24 33 29 2 27 5 40 47 32 27 35 14 38 40 33 46 19 55 13 47 29 38 32 37 38 19 17 7 35 33 29 5 55 29 16 48 40 47 52 22 5 55 48 31 33 34
split_gain=2691.71 722.025 416.94 312.862 211.007 137.445 134.129 130.915 112.786 111.672 106.238 95.6193 83.6797 153.003 82.7367 81.0186 100.051 80.8781 81.8105 77.6353 76.1739 72.5562 72.0625 69.1746 92.0466 71.1267 85.2609 65.79 65.3606 65.2029 63.9619 63.3229 63.9397 63.3092 62.1885 62.1347 59.9217 59.8318 62.6732 56.7647 55.4235 54.3479 54.2487 54.0386 53.0713 52.8946 52.7431 52.0849 72.2701 55.6498 52.0304 53.4516 51.129 50.8844 50.7452 49.9925 49.472 48.8461 48.7282 48.5729 48.042 72.5574 47.7489 47.5661 47.6565 46.818 45.8175 45.8098 45.1124 71.0844 70.3812 45.7703 45.5004 55.6045 47.2744 44.6587 44.4521 44.0376 43.6867 43.1219 42.7414 42.6571 47.7049 42.4042 53.0757 42.1694 41.9366 50.297 41.1719 40.3897 40.0492 40.0198 39.7339 39.4573 39.3447 51.4256 39.2567 51.0162 39.237 39.0128 38.7466 38.5407 38.4803 38.4519 38.4009 47.1595 45.2302 38.0407 38.0056 37.8722 37.838 64.1254 55.6647 37.8308 47.4742 42.0105 37.829 41.6362 37.7832 45.015 37.752 37.5616 37.4268 41.8957 50.3205 47.0795
threshold=-0.5220796763896941 1.0707598924636843 -1.5038450360298155 0.00055411012726835917 -0.34213960170745844 5.5065631866455087 -0.60785761475563038 0.655208319425583 0.82876634597778331 3.0410528182983403 -0.87837970256805409 0.88414040207862865 0.081870529800653472 0.029166667722165588 0.0083938608877360838 0.0014817233895882966 -0.023520691320300099 1.5260043144226076 -0.3415063470602035 -7.3473365306854239 0.60355338454246532 0.046667847782373435 2.4612660408020024 0.0014734091819263997 0.11549814417958261 0.080208331346511855 1.0000000180025095e-35 1.74299693107605 2.8752673864364628 0.51651000976562511 -0.7865660786628722 -0.12500000000000003 0.090234559029340758 -5.3529233932495108 0.4760416597127915 0.44935074448585516 1.0299372076988222 0.087113134562969222 0.071874998509883894 0.64319524168968212 0.81174489855766307 1.151724696159363 -0.60785761475563038 0.45140618085861212 0.15811096876859668 0.16250000149011615 0.019056569784879688 0.56354168057441723 0.50104168057441723 0.95451006293296825 0.17083333432674411 -0.8813641071319579 2.7926961183547978 0.095833335071802153 1.0000000180025095e-35 -0.065853759646415697 0.0053698397241532811 -0.0016416698927059767 -0.33213794231414789 0.087113134562969222 -5.3529233932495108 -0.87837970256805409 0.042708333581686027 0.016014019027352337 -0.33213794231414789 0.46650633215904241 0.92592501640319835 -0.13031536340713498 -0.00058016058756038536 0.36077880859375006 -0.91597560048103321 -0.021130072884261605 0.6078576147556306 -0.12500000000000003 -0.77965557575225819 0.26933655142784124 0.081908397376537337 2.3289359807968144 1.0073682069778445 0.87370628118515026 -48123.724609374993 0.0018074109684675934 1.0846376419067385 0.031579067930579192 -0.87837970256805409 0.3716790527105332 -0.12500000000000003 -0.052480589598417275 0.081870529800653472 1.0000000180025095e-35 0.42500001192092901 -1.3386249542236326 0.11327730864286424 0.46650633215904241 0.0092637380585074442 -0.065853759646415697 3.2609076499938969 0.44935074448585516 0.9462115764617921 -0.0098091317340731603 5.5065631866455087 3.2965574151360234e-18 0.03012016694992781 1.1569257378578188 -0.30078926682472223 2.3482053279876713 0.55435895919799816 -0.12451019510626792 0.12500000372529033 -0.03588504530489444 -2.3906737565994258 0.14643169939517978 0.36077880859375006 10.240769386291506 -1.0440200567245481 -0.0054874999914318314 0.12500000000000011 0.059817936271429069 -0.48099674284458155 0.019782326184213165 0.050504626706242568 0.11418223381042482 -0.051891120150685303 0.14999999850988391 0.049849597737193115 0.045833334326744087
decision_type=2 2 2 2 2 2 2 2 2 2 2 2 2 2 2 2 2 2 2 2 2 2 2 2 2 2 2 2 2 2 2 2 2 2 2 2 2 2 2 2 2 2 2 2 2 2 2 2 2 2 2 2 2 2 2 2 2 2 2 2 2 2 2 2 2 2 2 2 2 2 2 2 2 2 2 2 2 2 2 2 2 2 2 2 2 2 2 2 2 2 2 2 2 2 2 2 2 2 2 2 2 2 2 2 2 2 2 2 2 2 2 2 2 2 2 2 2 2 2 2 2 2 2 2 2 2
left_child=2 3 6 5 22 17 52 9 23 15 36 19 14 -14 21 54 -17 18 20 -11 60 58 27 35 33 -26 96 39 47 120 -21 32 -18 121 37 44 -6 38 76 55 -33 43 57 -15 46 94 -4 48 49 -12 51 108 -1 68 66 -3 -44 -35 -8 -10 61 -2 -51 -49 -65 89 83 -7 71 70 -70 72 74 -74 79 -62 -23 -39 110 109 -32 82 -42 107 91 -29 100 -88 -81 90 -58 -85 -72 -56 95 -40 -27 -98 -64 -31 103 -84 -76 -41 -63 106 -106 -5 -28 -20 -36 -112 -113 114 115 -24 117 -117 -101 -120 -9 -25 123 124 -53 -125
right_child=1 4 8 7 10 67 12 29 59 11 28 -13 13 41 -16 16 31 -19 53 30 -22 34 113 24 25 26 50 85 -30 99 80 40 -34 42 78 -37 -38 77 45 86 81 -43 56 -45 -46 -47 -48 63 -50 62 -52 122 -54 -55 93 -57 65 -59 -60 -61 75 104 98 64 -66 -67 -68 -69 69 -71 92 -73 73 -75 102 -77 -78 -79 -80 88 -82 -83 101 84 -86 -87 87 -89 -90 -91 -92 -93 -94 -95 -96 -97 97 -99 -100 118 -102 -103 -104 -105 105 -107 -108 -109 -110 -111 111 112 -114 -115 -116 116 -118 -119 119 -121 -122 -123 -124 125 -126 -127
leaf_value=0.004528422301829451 0.024288124508884117 0.022879338201824966 0.0009002500240230455 -0.00349083080395983 -0.0037243947441935087 0.00075670073143341071 0.0073589899628728264 7.8787817093508417e-05 -0.00026472250086330434 -0.030825071369248377 -0.002237666635632731 -0.0040547640950926557 -0.013638192716803069 -0.00046417249485108199 0.0052792758432736765 -0.0012401240521523341 -0.003490279690687837 -0.002194956589601376 0.027446272399604382 -0.0027952914749107315 -0.00011199436770056738 0.0018851571674427911 0.024812581425304764 -0.013391581061013041 0.0059288906629284691 -0.0033506220592021962 -0.0018582390243317036 -0.0036176829804920058 -0.00090519214894437623 0.0064657406674786299 0.016600592156769709 -0.0057128971764793387 0.0017545350898783827 0.0066419072720692784 0.0061419097667512372 0.019660781224038623 -0.0079637655118613634 -0.01176261769725748 -0.020623207732591027 -0.0019157579920623924 -0.0011934564120099828 -0.0030613332496755644 0.0012877493248222151 0.023888293554417597 -0.0024294608742983824 -0.024347774662985548 0.0039955207377302586 -0.0018582529416899189 -0.0084663312778308561 -0.0081605613185898283 -0.022834901018305213 0.0071247676378575868 0.0073454692402249167 -0.0069089368596271803 -0.00014455408743005655 0.00053307559106193327 0.0026205292275096794 0.0031533782550402546 0.0030218816837883546 -0.005709085390353634 0.0036751841405170457 0.016903481144003064 -0.0037291229432547331 0.0047839445609628994 -0.0057795567097687255 -0.00052101335338524139 -0.0064623169003337061 0.013323720529472921 0.0030043634187003326 -0.026184519292198592 -0.0012711084062655797 0.0013516789489153847 -0.0074049068587150836 0.0050009356012454447 -0.0030569884969622579 0.017287067669597752 0.0088027360957633888 -0.0012861046941866653 -0.0085161790993111431 0.0013307610692013217 0.0028272606383420201 -0.0049297266204171592 -0.01249955547262069 0.028464705090795996 -0.014387311522886777 -0.016077447997055724 -0.019421516966582831 -0.0028323618317108862 -0.01564757291255282 0.0052603706217492488 -0.021196422625876028 -0.0095768022374886647 0.0068901330876145256 0.006105704756440726 0.0024278004751884267 -7.9423648247922709e-05 0.00029120598027364833 0.02496945053824642 -0.0062718008079339924 0.003158989397460313 0.0042664006919625741 0.013815716995227276 -0.010574761117960539 0.0033373046616122322 -0.014625520613104183 -0.016355951122334522 0.0028688356587180277 -0.00064825453012586705 -0.019396841644509791 -0.00022186122318769351 0.0037750975656457002 -0.0052548036281037372 0.031160670412611266 -0.013070961767459626 0.00078001428530824393 0.016491165416262044 -0.0041925317630231787 -0.0094103718073984804 -0.0004898352043643336 -0.0041832723306078111 0.0032916944933886918 0.00081755221334759223 0.0021209265826491004 0.0033165408958994161 -0.0089768993297284338 0.021680032834806604
leaf_weight=4514.9928634688258 36.130588345229626 39.52313557267189 18999.721282407641 2623.6601946800947 1999.8755863904953 156.44811353087425 2000.6952152773738 2714.0722906142473 6171.3204114511609 27.939703360199928 4547.5571071356535 1440.0939959734678 74.710071705281734 41.973499797284603 6811.9932931065559 7137.9355479776859 4821.9400266259909 3983.6535600572824 43.476018987596035 888.23164480179548 3589.7548399269581 717.75942151993513 55.255201511085033 141.92289021611214 922.24851711839437 2674.268769197166 237.2555620148778 6616.4896881505847 3101.1178214102983 260.26263374090195 91.458100281655788 8294.4127683863044 1150.8668230846524 3097.7102448269725 2115.3312312886119 70.536463424563408 4026.5433909446001 205.03807359933853 48.366249606013298 4701.6361224427819 486.06685811281204 43.892058432102203 6338.3880459144711 270.10356468707323 1681.310539521277 31.751046076416969 2490.263386875391 6882.0392886996269 1705.0552129521966 1496.8489244803786 31.620047956705093 394.81976354122162 6036.0139711499214 387.18668227642775 3986.8685649782419 3429.5892926305532 3433.3619878217578 3342.3543699979782 2155.5620415881276 732.46197456121445 6802.6507419496775 29.51787468791008 9470.3764530271292 182.97639549523592 2416.9041937142611 992.74970886856318 868.33144241571426 451.38283086568117 1983.1391684859991 42.117866143584251 10710.597174875438 17402.583232536912 180.98848997056484 701.03760339319706 1006.0641468241811 96.923659756779671 771.91395500302315 728.76556052267551 113.07128807902336 531.21940615028143 3705.9350870251656 668.91791352629662 24.718641385436058 21.747454635798931 195.31092197448015 109.61387576907873 72.821356549859047 8166.3629245683551 62.997834220528603 4807.6730851903558 27.477114774286747 20.741694822907448 243.04234136641026 448.53006532788277 4343.3169148564339 3847.9324269369245 1167.4897093102336 33.501760974526405 3271.0421854630113 642.99233378469944 552.41034855693579 171.93815948069096 373.50209292024374 631.28671391308308 80.284230150282383 129.35283821821213 215.72998530417681 6672.3669015243649 61.571057677268982 35.494440212845802 3515.8723977357149 470.38047214597464 16.417138673365116 68.739256098866463 2081.695230782032 129.98824913054705 96.320276886224747 29.881481163203716 3316.4960025325418 2192.7109380662441 3173.9713187217712 154.76843870431185 2437.8705522194505 94.222555600106716 95.625677734613419 138.12900647521019
leaf_count=34311 184 132 150183 20566 15820 1000 15879 21666 47537 69 35508 10843 189 99 52357 55215 38216 30939 147 6771 27930 5516 322 1032 6023 17449 1564 49872 23238 1882 548 64937 8727 24464 14660 282 31611 1195 220 36226 3815 145 50095 800 11734 204 19256 54171 13230 11619 143 2471 46155 2723 31121 25206 26815 26456 17179 5295 53489 140 74241 1392 18747 7849 6806 3314 15443 224 84334 135592 1186 4842 7717 662 5192 4784 834 3299 27530 5252 188 117 1191 521 484 62747 254 37625 190 132 1718 3447 31740 29371 8556 135 24993 4977 3958 1347 2749 4883 613 787 1481 52247 337 246 27286 3183 50 381 15522 760 654 192 25724 17144 24506 1163 17747 560 422 739
internal_value=-1.52808e-05 -0.00153635 0.0025981 -0.000509104 -0.00317854 0.000653422 0.00421559 -0.00153116 0.0015633 -0.00204368 -0.00411531 0.00045369 0.00349829 0.0122389 0.00336287 -0.0024525 -0.00320222 0.000535247 0.000778717 0.0018319 0.00227795 0.00274337 -0.00181075 0.00187176 0.00249615 0.000695932 3.99295e-05 -0.00214085 -0.00367002 0.000291644 0.00203338 -0.00409871 -0.00247939 0.00316407 0.00216163 0.00104891 -0.00655794 0.00123595 0.00169879 -0.00149743 -0.00510092 0.0176957 0.00328772 0.0206187 0.000991364 0.0010182 0.00125915 -0.00395601 -0.0045233 -0.00416494 0.00230669 0.00254331 0.00614064 0.000290195 -0.00130242 0.000794472 0.00264972 0.00483231 0.00511114 -0.000843234 0.00343878 -0.00260036 -0.00478022 -0.00272961 -0.00503417 0.00358151 -0.00206613 0.0100973 0.000374095 -0.000547082 -0.00046152 0.000962019 -0.00134791 0.00244867 -0.00298011 0.00386902 0.00547386 -0.00359766 0.00374981 0.00136231 0.00316353 -0.00134331 0.0021712 -0.00166499 -0.00998786 -0.00382325 -0.00206042 -0.00298144 -0.000490836 0.0040742 0.00242508 0.010078 -0.00108932 0.000488512 0.00111901 -0.000339924 -0.00200194 0.00100064 -0.00438241 -0.00110351 -0.000770583 0.0104565 -0.00509925 -0.00129323 -0.00478684 -0.00633048 -0.00190584 -0.00145092 -0.00552792 0.0151506 0.00397803 0.00283296 -0.00396329 0.00144925 0.00187203 0.00914196 0.00567489 0.0116153 -0.00142488 -0.00196053 0.00181115 -0.00599821 0.00330823 0.00730295 0.0039714 0.0142837
internal_weight=270852 171206 99646.5 105324 65881.9 49275.3 38875.9 56048.5 60770.6 43748 39100.3 6153.66 28324.8 430.679 27894.2 37594.4 22756.8 48667.4 44683.8 4713.56 10980.3 21082.2 26781.6 53866.9 30625 8288.62 7366.37 24319.7 33073.9 12300.5 4685.62 15618.9 5972.81 22336.4 16925.9 23241.8 6026.42 10694.8 9761.04 17593.6 9646.05 355.969 22039.7 312.077 23171.3 8271.37 21490 29972.8 20490.9 18785.8 3491.11 3459.49 10551 33703.4 14837.6 3469.11 15599.6 6440.06 4156.26 6903.78 7390.59 491.016 14238.3 9481.92 2599.88 9261.26 10402.2 607.831 33316.3 12978.9 12936.8 20337.4 2934.78 882.026 2052.75 6899.57 1489.67 933.804 6231.07 673.188 3797.39 1351.64 682.724 9533.83 237.8 6726.1 14124.5 8239.18 594.217 8268.51 3460.84 42.4891 10953.6 4435.4 8239.62 3896.3 3875.26 1200.99 12741.4 6412.46 5885.33 196.657 1379.57 5332.92 454.885 425.367 296.014 9296.03 298.827 78.9705 6118 4002.67 486.798 2461.88 2393.14 311.445 256.19 159.87 6152.2 5509.21 5888.04 296.691 3160.67 722.797 490.445 232.352
internal_count=2079898 1322427 757471 815997 506430 381013 291349 434984 466122 339085 304570 45761 210883 1233 209650 293324 177697 376699 345760 34918 85286 157293 201860 413290 231835 56146 50123 184029 257139 95899 34849 122482 46943 175689 124235 181455 47431 78222 72243 133636 75539 1044 173494 899 181173 61535 169439 233901 159591 146361 23983 23840 80466 260474 115627 25338 122574 50920 33058 52832 57356 3205 110853 74310 20139 72479 81059 4314 257751 101719 101495 156032 20440 6028 14412 54151 10708 5979 46013 3946 28078 10602 5350 74253 1440 50393 108298 63231 3553 64630 27005 249 86052 34568 61331 29591 26140 8691 99234 49727 45067 1535 10466 41109 3021 2881 2094 72813 1901 393 45179 30519 3233 17831 17450 1928 1606 952 47845 42868 46172 2195 21939 4192 2893 1299
is_linear=0
shrinkage=0.02


Tree=7
num_leaves=127
num_cat=0
split_feature=12 53 14 50 9 8 12 8 34 14 40 4 29 29 1 34 5 40 12 53 39 16 39 33 46 11 48 18 55 39 2 5 39 20 28 4 40 19 19 40 39 29 39 25 55 28 29 34 28 39 39 25 44 47 39 8 33 48 2 4 19 33 55 29 46 53 1 5 7 52 46 29 29 21 18 28 56 25 29 40 55 29 55 22 29 55 18 11 29 52 33 53 19 55 24 2 8 57 39 57 55 35 5 31 34 34 31 28 20 14 19 0 53 29 53 19 29 20 17 47 18 25 5 25 34 40
split_gain=2160.12 831.935 330.512 329.881 262.12 131.718 127.918 127.115 152.541 101.448 117.167 94.2849 86.2841 85.3509 78.809 103.679 82.9762 80.59 78.5413 75.8517 74.8363 74.4212 72.0987 84.7469 67.4022 66.8213 64.7042 80.6259 60.9315 69.9756 62.6201 58.323 56.9094 64.0264 72.0752 63.743 56.6291 55.4277 55.1841 55.0393 53.4505 66.326 61.864 50.7499 75.2839 51.7626 48.986 46.9007 46.2118 59.6316 58.145 45.491 45.1503 44.8828 44.6563 44.498 43.8484 50.2977 43.2661 44.2873 43.2029 60.5172 67.1281 55.2296 42.6426 41.7923 41.6869 41.67 45.1438 41.5279 89.6712 51.3639 42.7205 41.3241 41.4541 40.9601 43.3162 40.8005 47.2622 40.2872 40.2842 40.2631 40.2349 58.1787 47.9442 39.8709 39.0557 38.6191 38.2143 38.1618 37.9549 37.7064 41.223 60.1543 43.9421 37.6637 37.4654 36.558 36.5486 36.327 36.1506 35.9295 35.4943 35.49 35.1134 35.0582 42.2871 35.0005 34.9665 34.3706 46.1709 34.0346 33.8979 36.0796 33.8656 33.767 34.799 33.4933 33.4611 39.6147 35.1464 33.4735 33.4095 69.811 37.7122 40.8624
threshold=0.39807865023612982 0.55617234110832225 -0.34213960170745844 -1.216881990432739 1.1750892400741579 -0.93806010484695423 0.19275655597448352 0.76868999004364025 1.0000000180025095e-35 -0.40099918842315668 -0.3415063470602035 0.11034632846713067 8.4523501396179217 2.5538802146911626 -0.047858271747827523 0.070833336561918273 0.083985876291990294 -0.12500000000000003 0.8937092423439027 1.3242893815040591 0.15937499701976779 -0.10055303573608397 0.067708335816860213 -0.029555650427937504 -0.031474879011511796 0.53204351663589489 -0.049539962783455842 -0.58654630184173573 0.26933655142784124 0.15937499701976779 0.0055454708635807046 0.47547437250614172 0.91770833730697643 0.53248482942581188 1.0000000180025095e-35 0.37818126380443579 0.12500000000000011 2.1585019826889043 3.4809684753417973 -0.12500000000000003 0.4760416597127915 2.9492139816284184 0.79270833730697643 -0.37940952181816096 0.22390533983707431 0.81174489855766307 -5.7213635444641104 1.0000000180025095e-35 0.81174489855766307 0.3510416597127915 0.56354168057441723 0.37940952181816107 0.00072940767859108757 0.067559268325567259 0.19270832836627963 -0.44705969095230097 0.0045436341315507897 -0.010201542638242243 -0.06544069945812224 0.37818126380443579 3.3784747123718266 0.049849597737193115 0.44935074448585516 -11.102008819580076 -0.065853759646415697 -0.51682046055793751 0.016978508792817596 0.24386817961931231 0.13509276509284976 -0.13325434178113935 -0.040776468813419335 4.5002102851867685 2.1711230278015141 0.56772804260253917 0.26705254614353185 -0.56174489110708226 -0.059795608744025223 0.60355338454246532 -5.7213635444641104 0.46650633215904241 0.022299668751657013 5.1798641681671151 0.20117400586605075 0.070614151656627669 10.240769386291506 0.16856966912746432 0.77919718623161327 0.2811602801084519 6.3523948192596444 -0.83835852146148671 -0.00081371900159865607 0.8874168097972871 8.7590279579162615 0.062711581587791457 -2954.5466308593745 -0.029577695764601227 -0.73198133707046498 -0.054696749895811074 0.11770833283662797 -0.039176095277070992 0.13855397701263431 0.32500000298023229 0.47547437250614172 0.18999999016523364 0.020833333954215053 0.15416666865348819 0.22999999672174457 0.81174489855766307 0.61390435695648204 -3.5928457975387569 5.3743658065795907 0.0049033754039555797 0.13248359411954883 5.1798641681671151 -1.6108388900756834 2.7494751214981084 -0.36933720111846918 0.77202445268630993 2.6714563369750981 -0.027036673389375206 -0.62675032019615162 1.0000000180025095e-35 0.3716790527105332 0.78656607866287243 0.087500002235174193 -0.12500000000000003
decision_type=2 2 2 2 2 2 2 2 2 2 2 2 2 2 2 2 2 2 2 2 2 2 2 2 2 2 2 2 2 2 2 2 2 2 2 2 2 2 2 2 2 2 2 2 2 2 2 2 2 2 2 2 2 2 2 2 2 2 2 2 2 2 2 2 2 2 2 2 2 2 2 2 2 2 2 2 2 2 2 2 2 2 2 2 2 2 2 2 2 2 2 2 2 2 2 2 2 2 2 2 2 2 2 2 2 2 2 2 2 2 2 2 2 2 2 2 2 2 2 2 2 2 2 2 2 2
left_child=3 4 5 6 9 13 14 8 31 10 12 19 28 54 15 17 47 75 37 55 53 39 -18 -24 100 -22 27 -12 30 107 77 36 33 -31 35 -35 46 98 81 91 41 56 109 44 79 82 99 -16 -27 -50 -51 90 -20 111 -3 114 64 -58 -19 -60 61 -13 67 -64 -25 89 -15 -63 -69 105 -71 72 -72 -28 96 -1 -77 78 -2 108 -80 85 88 84 -84 104 87 -11 -45 -48 -9 -7 94 -94 -93 -79 102 -32 -6 -5 -17 -97 -75 -44 -8 106 -29 -30 -41 110 -42 -4 113 -98 -10 116 -52 -111 119 121 -121 -40 -62 124 -124 -126
right_child=1 2 20 7 18 21 38 51 11 86 26 60 -14 66 16 24 22 58 52 -21 25 -23 23 40 -26 48 73 69 29 32 97 -33 -34 34 -36 -37 -38 -39 118 43 42 -43 103 45 -46 -47 65 -49 49 50 115 -53 -54 -55 -56 -57 57 -59 59 -61 122 62 63 -65 -66 -67 -68 68 -70 70 71 -73 -74 74 -76 76 -78 95 80 -81 -82 -83 83 -85 -86 -87 -88 -89 -90 -91 -92 92 93 -95 -96 101 112 -99 -100 -101 -102 -103 -104 -105 -106 -107 -108 -109 -110 117 -112 -113 -114 -115 -116 -117 -118 -119 -120 120 -122 -123 123 -125 125 -127
leaf_value=-0.024656114569541535 -0.0033135259882485502 -0.0031575287816202457 -0.0061221508731213259 0.0027612319061930263 0.003717997145389916 0.0012073299960404565 0.0011167515184015168 0.0044556636396733094 0.0062737252231835627 0.0017334289890328061 0.0078300734397135138 0.00048544487353719643 0.018934052135930499 0.002503921934593669 0.003345908148403793 0.0019315017092982271 0.0081057294113868611 0.019316593049700421 -0.00048954298321408375 -0.003664363277906469 -0.0018119003058386547 -0.0046118174706829291 -0.01365424886472986 -0.021355501207789757 -0.0037732754693010229 -0.0044848230690966405 0.002832361086739653 -0.0046143255071135723 0.022563229266207765 0.013680047862436302 0.0035272931906846173 0.030698695625714534 0.019021154704023643 0.012354184382858955 -0.023283046528648869 -0.025320051522535036 -0.001362075886446563 -0.0021431060693218231 0.0032481615431025263 0.0019209466319243247 0.012355595897366119 0.010473051067287844 0.0020945937644889813 -0.0041744633070772549 -0.0083703610335975759 -0.0001438112448784005 0.000889452492448793 0.0060569670128992935 0.0016538836289387805 -0.007671743880050385 0.0045393936367605619 -0.0026359384068011839 -0.0042714402670459154 -0.021117851690446509 0.00050914131256170531 0.0024715677566384537 0.00018441054552377348 0.0044807403101906765 0.011847212970217479 -0.015847237307378172 0.0021049574655962822 -0.0016969248274399848 0.028115727943871606 -0.0058179423787825023 -0.0016627533397358379 0.00054217178781702444 0.0090810616164299484 -0.010147205703369062 -0.030681909355569026 0.023532572934511942 -0.0010604583649894399 -0.022780211823208229 0.019768103861946693 0.0027625850032351289 -0.00049246358156751209 0.011056779661158816 -0.020921433475576512 -0.013788143823453374 -0.014619671125992953 0.0020240507306656 0.0044532937346187344 0.0092928385877601421 0.001998236674316335 -0.010208488953954467 0.026872329291061925 -0.0023511976558058417 -0.0031106458678524739 -0.00078965538373967892 -0.014895755353774303 0.0063955596912860912 -0.00037843420579029266 0.0020672962247001315 -0.0060460066822969451 0.012073311335858284 -0.002091923336009834 0.0011155394854639065 0.00090430408157560281 -0.0035839546870761077 -0.00033463622770773936 -0.016333267290179577 0.022905157779298104 0.018404962126683768 -0.026301528677941902 -0.010047155747339711 0.0039074656335435758 -0.031440159968672318 0.016879465806364204 -0.00040578286649990399 -0.0021972392273239614 0.0017817422420160834 -0.0047578792807969157 -0.0026567805337038152 -0.0016367115029066132 0.0092614894679789849 0.0036877450518719387 0.002535205434593945 -0.0062761565697539469 0.0072935457269609075 0.016919877301111032 0.0064279110262535875 0.0027890266707418731 -0.0071231795739531405 0.0069533641725287691 -0.016254149865221175 0.0079154487150510829 0.035458145394489521
leaf_weight=47.738289289176464 342.64982212334871 1829.2035423964262 7531.3649240881205 61.839991368353367 1015.3589863106608 2880.3820846453309 7900.9286885485053 754.61065244674683 2601.9361761063337 3054.4060476571321 307.53542432934046 5609.2967484667897 132.09758643805981 1505.2696649953723 3370.6777761876583 36.940749101340771 1031.4060101211071 100.94684428721666 1605.4403721615672 621.50225950777531 6285.5809255614877 4307.2981233671308 126.44441240280867 44.891882091760635 50.80331476777792 20639.549519069493 3807.7087432146072 2110.1080574318767 163.48551508039236 79.500916831195354 405.9189523383975 23.888979211449623 73.085587613284588 73.141368739306927 70.179799243807793 22.713331289589405 6467.2905016615987 8414.5826448276639 274.60081862658262 982.14920137822628 570.06522583216429 316.04242477566004 1247.7949513345957 8497.1124043315649 561.49296441674232 1679.1148206666112 944.47284680604935 10597.295213028789 1184.4416403844953 941.16019274294376 149.77327767759562 3472.5326882079244 5929.2101715877652 74.371258847415447 4846.135760165751 10588.047807127237 2652.6765861138701 1849.9166835024953 55.187574326992035 38.215625271201134 3055.1198382154107 183.8539864346385 36.99612532556057 38.103120349347591 1073.518922150135 6579.1963930130005 518.11820990592241 243.71190974116325 51.669434309005737 61.450341440737247 995.16200744360685 41.073992222547531 40.009807169437408 4846.1290537193418 9122.574246250093 44.708734832704067 25.9212361946702 65.741883277893066 43.652595825493336 1608.2153277769685 5998.884410969913 261.96566712111235 557.87700174003839 159.01316724717617 31.848652042448521 1041.5178001448512 2226.211791485548 11788.344939745963 134.34310457855463 1079.4643782153726 4631.9018144235015 1148.0991980135441 112.45923212170601 206.51482790708542 8771.8621341213584 2860.9057146832347 11034.790988773108 998.12807920575142 7165.1562704890966 109.40426924824715 321.11698043346405 47.916558168828487 15.868137083947657 103.33301788568497 2337.1744846403599 18.167096935212612 36.28103394806385 31.498441956937313 5114.8383209630847 737.8296964019537 70.269868165254593 1338.4194297641516 2231.9276023209095 209.62485981732607 9214.4845785871148 563.66919732838869 565.12890343368053 1100.2629856169224 79.212584026157856 2012.4203453138471 2255.0459158867598 225.98229593038559 135.96064650267363 35.285475872457027 38.562500923871994 50.333964772522449
leaf_count=154 2489 14147 59213 416 7872 22134 61846 5787 20388 24370 2215 38965 856 11488 26714 228 7089 299 12437 4910 49913 33785 548 169 264 161134 28737 13993 946 449 3127 97 412 466 342 77 50471 64904 1841 7488 3673 2247 8906 65338 3438 12730 7267 83568 9123 7325 1166 26985 45642 476 37631 83665 18595 13922 318 147 22846 1315 110 158 7719 51661 3733 1239 157 233 6864 116 246 37732 70536 225 122 452 346 12203 46903 1827 3866 1075 149 6525 17724 93705 929 8398 35421 8550 882 1498 66718 22381 85869 7614 55402 663 1234 363 62 619 18058 41 172 195 39250 5485 405 9772 17364 1408 72732 4361 4432 8253 258 15612 17558 1552 709 191 157 201
internal_value=-1.49754e-05 -0.0013667 -0.00277926 0.00234511 1.26647e-06 -0.001618 0.00368812 0.00134891 0.00175697 0.000676877 0.00116286 0.00253146 0.00292211 0.000594925 0.00457104 0.0110851 0.00438173 0.00240004 -0.00177258 0.00322257 -0.00412309 -0.00214179 0.00307534 0.00255003 0.0177035 -0.00364864 0.000587279 -0.0019476 0.00273281 0.00945742 0.00241099 0.000107734 0.00365652 -0.000971434 -0.00803277 0.00324748 5.77114e-05 -0.00100353 0.00230796 -0.00181372 0.0027613 0.00157233 0.00460344 -0.00249242 -0.00130656 -0.00337854 0.00110434 0.00540311 -0.00412867 -0.00196835 -0.00390149 -0.000851296 -0.00346592 -0.0057312 -0.000495787 0.00341381 0.00106993 0.00195041 0.010307 0.000457684 0.000852369 -0.00013781 -0.00643582 0.0110354 -0.00247247 0.00131573 0.00419224 -0.00919304 -0.013834 -0.00286058 0.000232249 -0.00111781 -0.00023616 0.000880001 0.000609159 -0.0105517 -0.000793515 0.00300183 0.00390307 -0.000790663 0.00431294 0.00155549 -0.0039574 0.000488164 0.00338649 0.00137489 -0.000640966 -0.000270295 -0.00434316 0.00382833 0.000299303 -0.000813733 -0.00138245 0.00568301 -0.00161029 0.00106623 0.00115722 -0.00152629 0.000168644 -0.00945603 0.0207555 0.00140692 0.00266213 0.00115852 0.00175424 -0.00448599 -0.00424285 0.0188645 -0.00153348 0.00647983 0.0104715 -0.00559971 0.000614049 0.001061 0.00425774 -0.00112158 -0.00400571 0.00508377 0.00409875 0.00388204 0.00450636 -0.00143673 0.00269307 0.00956148 0.013671 0.0237424
internal_weight=270844 172211 84724.8 98632.3 87486.6 45451.3 42002.9 56629.5 47770.4 63356.9 46287.9 32504.9 11409.5 8698.73 25614 721.579 24892.4 312.718 24129.7 23026 39273.5 36752.6 10924.5 9893.05 408.861 30329.3 34878.4 3609.79 11277.4 513.605 10763.8 15265.6 318.621 245.535 166.034 95.8547 15241.7 16595.1 16388.8 32445.3 9766.6 5937.05 3829.56 19326 8266.7 11059.3 8774.38 13968 24043.7 3404.17 2219.73 8859.05 7534.65 8944.16 6675.34 22404.5 5621 4502.59 194.35 93.4032 9478.89 6163.63 554.335 75.0992 1118.41 8603.13 2023.39 479.235 295.381 3302.25 1137.7 1076.25 1035.17 31268.6 27460.9 118.368 70.63 9359.75 6385.19 7705.2 6042.54 11541.6 9380.19 748.739 589.726 11279.6 17069 14842.8 8631.46 2023.94 5386.51 13119.3 10238.9 318.974 9919.96 2974.56 18338.3 1404.05 8180.52 171.244 358.058 2908.82 4862 1351.13 10238.1 2164.56 2146.39 194.984 6096.99 2478.43 640.335 8869.78 13476.3 11244.4 11816.4 1278.57 714.902 1838.09 4847.26 4768.05 4267.47 500.583 3315.26 260.143 224.857 88.8965
internal_count=2079898 1329009 653947 750889 675062 347032 315980 434909 366716 488805 353006 247743 87418 66999 190903 2991 187912 1265 186257 181695 306915 280033 77630 70541 1726 237454 265588 23880 86562 2887 83675 118973 1746 1334 885 543 118876 128178 125077 246248 69993 42652 27341 146466 62379 84087 68405 110282 187541 26407 17284 68193 58079 69461 51778 176785 40405 32517 764 465 66048 41944 2979 268 7888 67326 15221 2711 1396 21665 7459 7226 7110 241708 212971 501 347 72934 49738 58941 47249 88256 71357 5090 4015 86429 135799 118075 66267 15665 41208 99782 77648 2380 75268 23196 142435 10741 63274 1079 1462 22744 37794 9525 79904 14206 14165 1141 46738 17816 4078 68985 104641 87277 93120 9959 5598 13738 36821 36563 33170 3393 24104 1258 1067 358
is_linear=0
shrinkage=0.02


Tree=8
num_leaves=127
num_cat=0
split_feature=10 10 53 14 53 12 32 34 27 27 40 8 8 39 48 26 15 39 39 40 55 46 52 25 38 45 51 12 18 55 40 32 40 38 55 26 7 55 38 13 1 24 39 39 28 27 32 39 28 17 50 48 5 28 38 40 57 27 15 7 34 55 15 38 32 55 54 40 45 32 26 52 48 55 31 31 14 38 54 46 7 27 45 2 4 22 34 39 57 5 53 48 4 18 40 55 25 25 17 18 21 48 55 46 55 1 27 5 25 48 26 4 1 46 21 48 39 39 39 55 39 5 40 27 21 31
split_gain=2489.36 653.337 509.515 269.834 184.12 146.728 137.733 202.993 137.351 132.756 119.718 105.955 100.549 91.5214 79.9041 78.3558 77.5144 76.6243 98.0265 70.5115 84.6486 70.8196 67.5215 61.21 58.6902 57.5462 56.1201 54.1116 52.518 52.0949 51.5292 56.542 96.1407 51.299 58.3025 52.9054 50.3864 50.2557 69.8155 57.9839 52.5978 49.0389 55.745 84.4682 66.8203 54.9425 47.8297 51.0084 47.1329 53.0343 46.3768 46.0459 45.9377 45.5974 45.7262 45.4817 44.8824 44.8173 50.5562 44.4418 42.7962 71.3827 62.6755 42.7188 42.2469 42.7432 42.2049 41.9075 45.8351 41.708 41.359 41.2095 41.1818 43.6982 43.2013 41.8891 46.5156 40.7145 40.6654 40.5944 40.4107 39.9593 56.6563 39.4482 39.2347 41.943 39.0109 38.9762 42.1664 38.8997 38.3742 38.3342 38.2932 38.0362 37.9619 58.462 49.6615 46.3739 37.678 37.2206 37.7314 37.1672 37.0998 36.8509 36.8269 43.1137 39.4986 45.7083 36.4086 45.2185 48.0118 36.4047 39.8929 36.404 50.2035 36.3434 36.114 59.4967 54.2138 64.0266 36.0472 36.8956 37.5857 35.9088 35.8349 35.8162
threshold=0.065579991787672057 -1.3393839001655576 0.26173719763755804 -0.37383139133453364 -0.05158820562064647 0.85615089535713207 0.081870529800653472 0.029166667722165588 -0.60785761475563038 -0.87837970256805409 -1.0000000180025095e-35 0.75427001714706432 -0.90575629472732533 0.15520833432674411 0.0083938608877360838 0.78656607866287243 0.14085173606872561 0.4760416597127915 0.067708335816860213 -0.12500000000000003 0.087167724967002883 0.0080233197659254091 -2.7258493900299068 -0.37940952181816096 0.080602381378412261 0.015551236458122732 1.6502668261528017 0.90979701280593883 1.0073682069778445 0.035422317683696754 0.12500000000000011 0.058384967967867858 0.34150634706020361 0.019631491042673591 0.17466532438993457 0.91597560048103344 0.29178734123706823 0.17146713286638263 -0.30078926682472223 0.31111815571784979 -0.031772451475262635 101.65519332885744 0.68854168057441723 0.35520832240581518 0.81174489855766307 0.87837970256805431 0.0027050572680309419 0.38020832836627966 0.81174489855766307 2.1487176418304448 0.96134454011917125 -0.063106302171945558 0.020118338987231258 0.81174489855766307 -0.045542528852820389 0.12500000000000011 -0.014380310662090777 -1.0000000180025095e-35 4.455047845840455 -0.076194219291210161 0.087500002235174193 0.26933655142784124 3.2457292079925542 0.087113134562969222 0.049569150432944305 0.055788090452551849 0.049377324059605605 -0.12500000000000003 -0.028515934944152829 0.049569150432944305 0.78656607866287243 1.2511868476867678 -0.039252595975995057 0.066676810383796706 0.14999999850988391 0.10999999567866327 -2.649334073066711 4.6410453056487158e-18 0.23384509980678561 -0.013486363459378479 0.37624324858188635 -1.0000000180025095e-35 -0.047965487465262406 -0.014315362088382242 0.47378799319267279 0.028097537346184257 0.029166667722165588 0.67604166269302379 -0.039176095277070992 0.04027360491454602 -1.6108388900756834 -0.0032711540115997191 0.18395568430423739 -0.67152100801467884 -1.0000000180025095e-35 0.15346919000148776 0.78656607866287243 0.78656607866287243 0.5211770534515382 -1.6733230948448179 0.64074704051017772 -0.00015254643221851436 0.1255532652139664 0.033654347062110908 0.19532658904790881 0.019659899175167087 -1.0000000180025095e-35 0.23321673274040225 0.78656607866287243 -0.029816022142767903 0.12940952181816107 0.063052054494619383 0.00059557109489105653 -0.013879489619284867 0.48599168658256536 -0.078094564378261552 0.43437500298023229 0.48854167759418493 0.56354168057441723 0.10117521882057191 0.22187499701976779 0.3716790527105332 0.34150634706020361 0.87837970256805431 0.55852308869361889 0.10999999567866327
decision_type=2 2 2 2 2 2 2 2 2 2 2 2 2 2 2 2 2 2 2 2 2 2 2 2 2 2 2 2 2 2 2 2 2 2 2 2 2 2 2 2 2 2 2 2 2 2 2 2 2 2 2 2 2 2 2 2 2 2 2 2 2 2 2 2 2 2 2 2 2 2 2 2 2 2 2 2 2 2 2 2 2 2 2 2 2 2 2 2 2 2 2 2 2 2 2 2 2 2 2 2 2 2 2 2 2 2 2 2 2 2 2 2 2 2 2 2 2 2 2 2 2 2 2 2 2 2
left_child=1 6 5 12 11 29 8 70 16 108 71 37 25 78 17 52 -1 18 63 20 -14 79 -9 27 -13 -4 -7 104 91 -2 -31 -32 -33 55 -35 81 48 46 40 56 87 -15 43 44 59 116 47 101 50 -50 -23 99 -12 80 -55 64 60 92 -59 -43 62 -62 -40 113 65 -20 -48 -53 -69 -70 -8 72 -6 -74 75 -75 -77 -28 111 -22 -25 86 -83 -79 85 -58 -36 -39 -89 -56 -16 98 -38 -68 97 -96 -97 -92 -19 -18 -101 -3 -103 120 105 -21 107 -106 -5 -110 -111 112 -11 114 -10 -65 -45 124 -119 -120 -41 -122 -123 -81 -118 -84
right_child=2 4 3 9 10 26 7 22 14 13 15 24 19 41 90 -17 51 28 33 23 21 36 -24 53 -26 -27 77 -29 -30 30 31 32 -34 34 35 -37 57 38 39 103 -42 42 -44 45 -46 -47 66 -49 49 -51 -52 67 -54 54 89 -57 84 58 -60 -61 61 -63 -64 115 -66 -67 93 68 69 -71 -72 -73 73 74 -76 76 -78 83 -80 123 -82 82 125 -85 -86 -87 -88 88 -90 -91 94 -93 -94 -95 95 96 -98 -99 -100 100 -102 102 -104 -105 106 -107 -108 -109 109 110 -112 -113 -114 -115 -116 -117 117 118 119 -121 121 122 -124 -125 -126 -127
leaf_value=0.0077293647170565997 -0.0017198835405061817 -0.00084605137953677756 -0.00031423178578891641 -0.005655101876037431 -0.0048657369898703548 -0.0015030449523987649 -0.0027790204480890551 0.027544454317333683 -0.021032776119155425 -0.0018841625127836046 -0.0056439022786529533 0.00054195228706743347 -0.0027162390626259774 -0.0015715339892842185 0.0079709666413128374 -0.0034039887930383504 -0.024785129637936422 0.0054014769486778634 0.0060994512496844134 -0.0013268386407401423 0.020664748688975845 -0.00031510163387218654 0.012369032874740957 -0.0044504533303763713 -0.003713663954941257 0.0044097078943909334 -0.0023824413564946197 -0.0087883026710177357 -0.0068112876337675047 0.0012027173042210046 -0.00050236658300830208 -0.011935145795549905 0.025803890738787017 7.2460643385151641e-05 0.023836298234595966 -0.019948134143121899 -0.0063449584538255522 0.021381578413389758 -0.0010061759569658726 0.0061970982269997669 -0.00042904241603512847 -0.0060538196714319424 -0.0017518308163544819 -0.0085027143160527948 0.0015322525469636692 -0.0019897804797331113 0.0046303677573560544 0.002724543094915361 0.00065341918110008808 0.013780030324757098 -0.0046757610433949253 0.003104113321052912 -0.0002770023638582295 -0.01916443868944832 -0.010624603150790595 0.000612117446222274 -0.0030452034763858572 0.0087898124731481155 -0.017841371663574572 -0.002329331666324781 -0.0016687673810921882 0.024700641736163348 -0.024363982246685602 -0.021992403364441117 0.015250990350421285 0.0014633399576843391 0.0050296477240598866 0.018797189586687125 0.0058521290130909122 -0.012012630393539834 -0.029853384037440613 -0.0021960777676402984 0.00039658823797661239 0.0042341710713171181 0.0050200955368225044 -0.010547655028807008 0.00095293475641191239 -0.018266190827183847 -0.017689918733904266 0.0017573900689309358 0.010235540805911762 0.0082829490667323692 0.0056010725460508342 -0.0061738506249869231 -0.025886181785899437 -0.014169157214822594 -0.0061192954767994899 -0.011729676191655374 0.01777323121638252 0.0006899251169704163 0.0069107347997257873 0.0019253577936067577 0.024190069992509777 0.002150108083241494 0.0038542298084322953 -0.0048343668513318094 0.013858701166244419 0.00063277592192632025 0.0012887194080365961 -0.015158095116845675 0.0020600338840485455 0.0014761029817712027 0.010729004059864312 0.02403251352299355 -0.0076959368062392529 0.0033269477085112855 -0.0028622167281541085 -0.031373228430469066 0.0039419812524723111 -0.013034321038300694 -0.0054318859885389703 -0.0037124689471515287 -0.0071564671608757048 0.0046228718734470835 0.011681107462068773 0.0004049096665615256 -0.011531964134493427 -0.009195025221031326 -0.0060309694606738339 0.0029653186649812951 0.0010771589433583556 -0.015085161586129651 0.011062388606552063 0.0082718355208740296 9.3450158711208182e-06 -0.013616762311430983
leaf_weight=4045.2369215339422 4620.4472825825214 4332.3966432511806 5258.9775360003114 5851.8310464918613 411.07965351641178 7380.3521031066775 59.062207669019699 200.31967639178038 18.529420368373394 678.71363969147205 666.08782403171062 10818.510858893394 6148.1240154951811 7969.8186600804329 1219.6833530142903 4960.2709930688143 25.890026852488518 6038.0128070041537 1270.1475766822696 6093.9259975627065 52.173687465488911 2253.811745621264 289.68121697753668 9677.1482095196843 1471.7302507981658 1282.0619676858187 1406.8754115849733 391.66965077072382 180.86579483747482 19731.282741390169 13875.969748698175 39.77864733338356 79.836182810366154 4519.3854045346379 36.721620053052902 99.909330874681473 20.015894964337349 134.37084200978279 1162.5942990854383 498.82433322072029 153.36137985438108 1777.8726964741945 5959.6897862628102 1940.0372673049569 1347.0652035996318 1523.8619121015072 4884.5854658707976 7027.9451275989413 677.86421373486519 149.52145883440971 1720.0515038520098 3670.0748891234398 14624.25444483012 51.531618647277355 131.0537757948041 4760.9656798243523 614.57371331751347 90.107890099287033 40.500452928245068 4599.0464600995183 103.64601565152407 66.811227209866047 46.855143643915653 33.868171475827694 119.56389013677835 2130.1927038803697 2101.3424936532974 107.82734011858702 4588.8329467102885 51.942246876657009 35.856900744140148 1414.7129894345999 7014.197381220758 1763.2648440897465 2104.7595294117928 145.03484106063843 3827.7672988250852 116.98940400779247 103.34803994745016 1817.1279529780149 74.57875020802021 80.619595564901829 45.432864457368851 1326.7432604134083 38.846123650670052 173.42873818427324 31.57236821949482 36.915370389819145 38.654654562473297 1525.7027283534408 2610.390339538455 2532.2010487094522 81.253364689648151 14507.795990459621 3535.5405430570245 540.9717456176877 62.519115000963211 574.82010690867901 1046.874304689467 58.711603365838528 344.20578475296497 2850.8963890820742 183.65593264997005 29.117531903088093 132.4189198538661 914.87930873036385 604.58602569252253 42.828771024942398 97.973266325891018 854.40146934986115 547.97764706611633 3949.3053280711174 3772.4502573758364 1607.3286079987884 539.56471275538206 170.92515091598034 119.53414648026228 1644.8456183597445 1655.4680935144424 390.35620027035475 1028.7073676213622 110.08316271752119 26.595849856734276 415.40447998791933 1002.0603964477777 244.05800379812717
leaf_count=31671 36893 33946 40841 46107 2929 57022 225 468 61 5379 5329 83244 48405 63248 9237 38805 128 45681 10105 47067 297 16696 1004 73703 10646 9464 10743 2869 1365 151975 106810 193 259 34286 244 632 160 509 7463 3275 800 13944 46390 15067 10368 11516 38764 55449 5038 913 12577 28119 113933 252 1048 35549 3942 670 249 35739 672 292 163 160 703 15891 16386 703 35661 251 47 11050 55778 13673 16223 975 29589 835 638 13811 529 444 300 10436 100 1091 196 168 142 11684 20098 19816 552 111281 27772 3813 457 4470 6956 338 2214 22544 1348 112 902 6649 3945 185 783 6774 4354 30046 29897 12352 3541 1166 934 12811 13054 2939 7172 409 131 3139 7820 1353
internal_value=5.97808e-06 0.00190279 -0.00193174 -0.00286165 0.000895208 -0.000296285 0.00379739 0.0134361 0.00367699 -0.00390761 -0.000186495 0.00165698 -0.00165367 -0.00343636 0.00301108 -0.00121997 0.00543526 0.00245009 0.00158409 -0.00210136 -0.000986434 0.000466909 0.0186185 -0.00286564 3.20092e-05 0.000612053 -0.00242419 -0.00154363 0.00383812 0.000271456 0.000544334 -0.000383818 0.0132504 0.000917812 -0.000669016 -0.00688449 -0.000858576 0.00215434 0.000101156 -0.000680555 0.00847448 -0.00291587 -0.00340363 -0.00401868 -0.00251372 -0.00542264 0.00239821 0.00150572 -0.00129917 0.00304058 -0.00220353 0.00438549 -0.000511218 -0.003809 -0.000793574 0.00188708 -0.00281639 0.00822649 0.000451311 -0.00336865 -0.000606393 0.00874475 -0.00193128 0.00533124 0.00361063 0.00319667 0.00299579 0.00471115 0.00595207 0.00564942 -0.0132217 0.00106809 0.00137077 0.00154373 0.00256963 0.00166957 0.000530283 -0.00480735 -0.00526755 0.00338644 -0.004337 -0.00386648 -0.00646377 -0.00716638 -0.00649819 -0.00550956 0.0100849 0.0149544 0.00338326 -0.00021035 0.00468522 0.00403919 0.018142 0.00251476 0.00413691 0.00287216 -0.00287647 0.00577865 0.00479418 -0.00200195 -0.000477767 0.000342645 0.00203978 0.0021023 -0.00117811 -0.000718836 -0.00529838 -0.0136333 -0.00637013 -0.00915269 -0.0100704 -0.00511252 -0.00635337 0.00615703 0.0105575 -0.00338311 -0.00619681 -0.00526541 -0.00649116 -0.00431332 0.0017038 -0.000222287 -0.00994655 0.00297313 -0.00122896 -0.0105884
internal_weight=270913 136902 134011 85433 89373.7 48578.3 47528.3 584.92 46943.4 45785.7 36931.4 52442.2 39647.3 38433.5 34050.7 20250.6 12892.7 25506.7 15708.8 33106.3 13466 7317.83 490.001 19640.3 12290.2 6541.04 10231 8180.31 9797.95 38347.3 33726.9 13995.6 119.615 13338.6 5057.7 538.314 5033.13 40152 4263.39 3900.08 363.302 29929.7 21959.8 16000.1 7723.98 8276.16 35888.6 14394.9 4801.25 827.386 3973.86 8847.48 15290.3 11460 1708.29 8280.87 2206.76 231.878 130.608 6376.92 1379.91 170.457 1209.45 2370.22 3519.9 3400.34 21493.7 8418.68 4748.6 4640.78 94.9191 16680.8 15266.1 14855 7840.83 5736.07 3972.8 2850.61 8503.82 2284.71 9751.73 438.404 370.11 1443.73 826.849 788.002 68.294 209.941 75.57 1656.76 8543.93 9617.09 101.269 16609.1 7324.24 4139.03 603.491 3185.21 7084.89 428.807 402.917 7366.95 3034.55 1693.33 7788.64 7008.81 779.834 175.248 7352.18 1500.35 1402.38 8400.47 4451.16 2165.42 558.094 204.793 6752.3 4812.26 3690.67 2045.82 1664.21 1165.39 136.679 2232.53 1121.59 289.491
internal_count=2080429 1045810 1034619 659453 688333 375166 357477 1744 355733 357808 288284 400049 301645 299790 256648 158067 99085 190801 116983 251340 102507 54102 1472 148833 93890 50305 79036 61617 73818 296130 259237 107262 452 99703 37455 3169 36855 306159 26441 24822 1619 233830 170582 124192 60051 64141 279718 113287 35224 5951 29273 67414 119262 87216 12984 62248 13723 1631 919 49683 8590 964 7626 17280 26699 25996 166431 64734 36615 35912 272 130217 119167 116238 60460 44237 30564 22014 65960 17247 74232 2537 2097 11271 5133 5033 440 819 310 12732 65847 72453 712 127667 56610 32042 4270 24568 52637 2680 2552 57838 23892 11099 58748 53716 5032 1087 58018 11911 11128 65322 35276 15954 3602 1326 52625 37558 28804 15993 10987 7712 540 16950 8754 1653
is_linear=0
shrinkage=0.02


Tree=9
num_leaves=127
num_cat=0
split_feature=13 51 8 53 8 1 27 8 38 54 32 38 6 51 34 40 40 25 1 52 21 29 53 26 5 38 48 55 19 27 26 29 27 38 20 33 12 21 28 12 26 29 2 18 38 27 16 38 29 55 29 25 55 2 48 33 27 26 26 17 31 12 46 31 48 48 48 29 53 38 55 54 44 18 26 7 1 6 27 26 2 16 26 26 34 44 34 4 22 29 18 11 40 16 5 19 53 27 16 40 29 54 25 34 46 17 38 5 29 12 5 31 6 4 54 18 13 19 29 35 26 55 14 40 19 40
split_gain=2080.11 572.677 562.898 327.063 197.284 158.664 150.756 147.844 142.875 138.393 106.104 103.72 95.4681 94.6964 92.3945 91.9815 79.4678 79.3403 77.4701 75.4472 73.5032 70.2959 70.2776 70.1685 69.382 67.6054 77.3509 75.6716 77.3803 67.3055 67.1472 63.3496 96.7207 72.2641 67.3127 62.7715 57.7928 67.1618 56.7606 71.6894 56.7602 62.1699 56.3317 56.3035 55.3986 54.2588 50.7754 50.2581 49.2944 49.2799 49.1949 50.2014 48.5244 56.8303 48.7759 47.0861 47.0397 46.9959 46.3687 46.0075 59.6001 46.8607 45.4379 49.1829 48.4059 45.1962 50.4607 49.4706 44.5408 51.6723 49.2318 47.2164 43.3977 43.0924 43.0306 45.1807 46.0515 42.9678 42.3655 42.1464 44.551 41.6419 85.3212 40.2044 40.1127 39.9746 39.0335 40.795 38.9607 38.9465 38.6349 37.5458 37.3895 37.3007 40.6276 38.8734 37.2318 40.3263 36.9272 36.697 36.0429 36.0401 35.974 35.8768 35.8705 35.8176 35.5514 35.5435 35.4561 35.3664 34.7283 35.6908 34.3541 34.3525 39.1554 34.3588 34.1749 33.9813 33.6399 34.9764 33.8953 33.6347 33.2535 33.2363 33.2114 32.666
threshold=0.51899284124374401 -1.3577762246131895 0.035408999770879752 0.34194827079772955 0.62860769033432018 -0.047858271747827523 -0.60785761475563038 -1.0467261672019956 0.1314416974782944 0.079296320676803603 0.058384967967867858 8.8176956989785231e-17 2.6343377828598027 1.4047575592994692 0.17083333432674411 -0.3415063470602035 -0.3415063470602035 1.0000000180025095e-35 -0.0016291591455228625 -2.4636052846908565 1.1459077000617983 2.622836828231812 0.083393760025501265 0.78656607866287243 0.22402674704790118 0.024590377695858482 -0.026701495982706543 0.44935074448585516 1.9993618130683901 -0.60785761475563038 0.12940952181816107 -5.3529233932495108 -0.87837970256805409 -0.031736740842461579 0.52177783846855175 -0.018793666735291478 0.1644113436341286 0.75600388646125805 0.81174489855766307 0.88954687118530285 0.78656607866287243 2.4124503135681157 -0.06544069945812224 -0.90827634930610646 0.08950595930218698 0.6078576147556306 -1.0440200567245481 -0.048747461289167397 -8.7872056961059553 0.36077880859375006 4.0003597736358651 -0.91597560048103321 0.20717659592628482 0.023565399460494522 0.0066007738932967195 -0.010958931874483822 0.87837970256805431 0.91597560048103344 -0.98296290636062611 1.7852544784545901 0.14999999850988391 0.32916384935379034 -0.02403907477855682 0.2099999934434891 -0.0052898728754371396 0.0074637427460402259 -0.0025995889445766802 -0.59003531932830799 -1.5866820216178892 -0.23981512337923047 0.16581352055072787 0.0623388309031725 -0.033500030636787408 -0.31046178936958307 0.60355338454246532 0.10833071917295457 -0.015959613025188443 1.2848777770996096 0.87837970256805431 0.37940952181816107 0.0017145471647381785 -2.0023554563522334 -0.91597560048103321 0.78656607866287243 0.11250000074505807 0.022128808312118057 1.0000000180025095e-35 0.083691883832216277 0.23054590076208117 4.3172717094421396 0.73003199696540844 0.4711762815713883 -0.3415063470602035 -3.9388328790664668 0.47547437250614172 1.7648766636848452 -1.2579275369644163 -0.87837970256805409 -2.1207273006439205 0.34150634706020361 5.5065631866455087 0.18339820951223376 0.37940952181816107 0.070833336561918273 0.020926221273839477 0.074928998947143569 0.14000282436609271 0.055024199187755592 2.2901356220245366 0.33296881616115576 0.20862431079149249 0.12999999895691874 1.0363932847976687 0.14375840127468112 0.32327935099601751 0.815861076116562 0.76986980438232433 1.3592696189880373 -4.507643222808837 0.17500000447034839 -0.91597560048103321 0.44935074448585516 -7.3473365306854239 1.2246467864107191e-16 2.2029142379760747 -0.4665063321590423
decision_type=2 2 2 2 2 2 2 2 2 2 2 2 2 2 2 2 2 2 2 2 2 2 2 2 2 2 2 2 2 2 2 2 2 2 2 2 2 2 2 2 2 2 2 2 2 2 2 2 2 2 2 2 2 2 2 2 2 2 2 2 2 2 2 2 2 2 2 2 2 2 2 2 2 2 2 2 2 2 2 2 2 2 2 2 2 2 2 2 2 2 2 2 2 2 2 2 2 2 2 2 2 2 2 2 2 2 2 2 2 2 2 2 2 2 2 2 2 2 2 2 2 2 2 2 2 2
left_child=1 5 7 13 15 10 17 8 21 29 43 16 38 50 25 31 42 48 24 20 -12 23 -9 112 58 27 46 36 -29 77 59 32 -3 -33 -34 -19 37 -11 39 56 55 47 -6 -1 88 62 74 -42 -5 -41 81 -52 53 54 92 -24 79 83 -17 117 61 -61 63 106 -64 66 -31 -67 69 -36 71 -70 -20 98 75 76 -27 105 109 107 -81 82 -4 -21 110 93 -60 96 -14 -37 -83 -62 -50 -75 95 -95 97 -88 -32 -97 113 -48 103 -22 -53 -7 -13 -8 -63 -57 -76 -112 -2 -44 115 -115 -94 -26 119 120 -39 -10 -35 -69 -82 -116
right_child=2 4 3 6 11 9 12 22 121 14 19 45 44 -15 -16 18 -18 35 72 57 102 -23 40 -25 30 26 -28 28 -30 65 73 33 34 122 68 89 -38 118 -40 49 41 -43 100 -45 -46 -47 101 -49 52 -51 51 104 -54 -55 -56 78 -58 -59 86 60 91 108 64 -65 -66 67 -68 123 70 -71 -72 -73 -74 85 84 -77 -78 -79 -80 80 124 90 -84 -85 -86 -87 87 -89 -90 -91 -92 -93 116 94 -96 99 -98 -99 -100 -101 -102 -103 -104 -105 -106 -107 -108 -109 -110 -111 111 -113 -114 114 125 -117 -118 -119 -120 -121 -122 -123 -124 -125 -126 -127
leaf_value=-0.012011949662192597 0.0016966322335667514 0.019370335482132923 -0.022701269058483305 0.017879826795303668 0.027056869080507417 0.0072956934234896104 -0.0045419551814972247 0.00063621224312966857 0.01075616458610773 0.0012700569754789161 0.026614897335645087 -0.0045802828348144708 -0.0011761521524794377 -0.0030450823050125328 -0.025774038454043573 0.005695919605162204 -7.153655084299802e-05 -0.00054221756271034241 -0.027760937729549798 0.0081459371925234978 -0.003641691431209374 0.0040140890016730118 0.0012597387103043202 -0.0017470238796385722 -0.01955936395145446 0.0065413082567365478 0.0025268511336376609 0.011232891754996777 -0.026655621815757095 0.0042621899305767437 0.01329605205448452 0.0052444970710977534 0.0091563269241159949 -0.029738333409634846 0.02370662708549506 -0.0069358953754827734 0.002062977650942491 0.022974237999297972 -0.0016618810546803302 -0.0048632269973792374 0.0054459772256782654 0.0019463160518824033 0.0035313107470567495 0.0069625202296195957 0.007797117448204452 0.00029058957764054293 0.0044992033282898669 -0.0048553934683405594 0.00047141336282070984 -0.019984454117397073 -0.0045317971936752743 0.0069262900213536358 -0.013312944541207659 0.001269977634640573 -0.0059413911938909292 0.00090508516285718599 -0.0014026474177343934 -0.011674512906075265 -0.00014222060629902434 0.014197097400315562 0.025479667537749388 -0.0058558316756422406 -9.572802169567789e-05 0.013719140520298816 -0.0031377038749946314 0.011371772540682525 0.0012713794685285831 0.0067932195139561473 -0.023621854925342252 -0.0036479687113179192 -0.017061295671427029 -2.5212788163187095e-05 0.00018390346610881107 -0.021668481946607501 -0.0057425428463266075 -0.0050476394893794983 -0.0039573920355619957 0.0095610364117836594 0.0011631839023830222 -0.0011484029714226801 -0.003967899517344344 -0.0002095594627035557 0.018530956247464665 0.029425240628099293 0.016561321855769015 0.017020937827254494 0.010045984071449448 0.0011330426892748216 0.0081508127090522825 -0.016784686292354408 -0.0028085277669123981 0.0057676843755599307 -0.0014064191376591526 0.000781296527157301 0.014949414419996507 -0.007682658611199095 0.0021616762765375571 0.0037667303820529945 -0.0063275982227661903 -0.021051107279980243 0.013352469962815363 -0.011905122209269866 -0.0061275204288144345 0.025738278853506609 -0.018176634276020162 0.0040216415339395083 -0.01328764844876193 -0.0019764474230317699 0.019157630273491898 -0.002310683814159525 -0.0060759412509470328 -0.024644454339156359 -0.0012980323165050561 -0.0029973380424983655 0.026315134010103835 -0.024459219611043616 -0.005689787772985835 -0.0010060135360834923 0.0052866808254137185 0.01880521266810152 0.0062583700812198963 0.028473060741376593 0.0022709110911239053 0.0022071225010334779 -0.0072096993212633952 0.00040912394463987425
leaf_weight=87.49871739000082 11157.260916285217 73.534445278346539 23.829332277178764 40.589740753173828 38.707392461597919 2538.6043511927128 3011.4477805644274 8554.6440237164497 368.32765044271946 1595.233867995441 292.42446814477444 466.48488157242537 2272.8084693476558 6298.9745970591903 45.550078958272934 1335.1298079714179 11879.350566357374 623.03138758987188 21.254490748047829 254.78493918478489 24.08960023522377 2755.52481970191 3127.8989894092083 3993.8131488338113 41.225667789578438 405.26560259610415 4250.5725839659572 31.380828708410263 64.622924827039242 6798.0161078721285 73.56088525056839 4762.8780417367816 121.08776803314686 12.000337973237036 32.537046000361443 6883.1949102878571 6011.4895982593298 52.635973133146763 8241.0128565430641 9192.3214255720377 198.13528227061033 736.05121374130249 2820.9677605926991 212.3487723171711 375.28606544435024 4010.2329367995262 594.00234922766685 3932.1417470127344 1064.1191044822335 86.181906193494797 218.77125666290522 805.12881906330585 215.16867270320654 826.52863752096891 3613.7149790078402 1567.7850658223033 6018.6921576857567 40.142947681248188 3336.3315265551209 80.424999557435513 80.547773264348507 220.70764734596014 3244.941506639123 42.684299774467945 5894.030274130404 564.96450835466385 3380.7388111874461 1482.3539425060153 39.844817452132702 155.57373647391796 224.39374979585409 200.57719807326794 19281.907902568579 87.136990427970886 449.29880785942078 676.88286499679089 282.92430653423071 1353.0819190740585 2118.5502763539553 1111.3499786481261 2563.5987050905824 17703.830872423947 105.3565132021904 40.679167509078979 25.337533757090569 22.515664681792259 460.95086479187012 8790.2963458001614 193.45746871829033 164.15268891304731 2626.7025161460042 75.205958165228367 1292.0922787562013 123.88573750853539 29.342293359339237 250.86783779412508 8681.6373871639371 3631.9849569201469 78.038506306707859 122.99819806218147 130.74313466250896 57.885291285812855 44.924438878893852 50.711376786231995 22.475150026381016 2837.9879080057144 315.25645034760237 7657.5839744582772 24.257467649877071 10685.43295712769 75.854946374893188 92.957706734538078 1775.0715040937066 380.55182676762342 30.742996960878372 31.448858141899109 1763.969204351306 614.29239220917225 3905.5470280870795 143.38169355690479 539.53653305768967 48.269772306084633 9527.7269614189863 1105.2463041096926 2507.408393599093 50.645493738353252
leaf_count=491 87355 446 85 282 187 20142 23988 66156 2518 11437 904 3505 16801 48840 283 10337 90985 4701 66 1104 111 20879 23446 31228 169 2600 32236 137 200 53166 475 36696 683 31 129 54316 44486 293 63130 70517 1460 5583 22323 1109 2670 31280 4539 30872 8350 449 1663 5497 1391 5956 28351 12245 46323 129 25882 314 300 1170 25128 210 46648 4484 26727 11669 282 979 1167 1476 150631 245 3189 4312 1795 10751 16389 8756 19817 137629 454 122 192 105 3673 66256 1356 1164 20312 423 10254 702 115 1332 68723 28728 513 589 981 402 162 228 86 22429 1860 57722 134 83629 465 398 13819 2663 168 175 13875 3741 28829 924 3566 170 74816 8742 19487 264
internal_value=5.85321e-06 0.00179884 -0.00170713 -0.00268045 0.000926711 0.0037833 -0.0035147 -3.73659e-05 0.00129798 0.0035786 0.0114626 -0.000426658 -0.00289396 -0.000888622 0.00236925 0.00156082 0.000707423 -0.00514206 0.00112766 0.0154888 0.0212191 0.00105224 -0.000905378 0.000569797 0.00179661 0.00243721 0.000853028 0.00332393 -0.0142725 0.00474188 -0.00186728 0.00291763 -0.00239222 0.0032325 -0.00448337 -0.0066299 0.0034631 0.00481203 -0.00314325 -0.00352289 -0.00149506 -0.00340555 0.00336312 0.00140072 0.00064892 -0.00167354 -0.00182083 -0.00435978 -0.00384687 -0.00500592 -0.000256852 0.00397071 -0.0039495 -0.0037125 -0.00424521 -0.000963567 -0.00292098 0.00840655 0.00206553 0.00124293 0.00593377 0.00104657 -0.00246415 -0.00695908 -0.00205784 0.00391804 0.00326915 0.0060111 -0.00702456 0.00117854 -0.0103419 -0.00402164 0.000151645 -0.00634885 -0.00339483 -0.00138192 0.00222422 0.00637291 -0.00144757 -0.0034631 -0.0047774 -0.000473295 0.0108017 0.0111684 -0.00765488 -0.00862831 0.00187062 0.00218207 -0.000441119 -0.00716779 -0.000545517 0.0160656 -0.00275621 -0.00959629 -0.00756142 -0.00891775 0.00290369 0.00447643 0.0032126 -0.0121278 0.00308885 0.00302502 0.00792037 0.0163401 0.00622225 0.00556877 -0.00810551 -0.00270104 -0.00330701 -0.00189911 -0.00867431 -0.0163916 0.00128544 0.00267977 -0.00218424 -0.00469325 -0.00388017 -0.00220238 0.00602872 0.0099548 0.00778209 0.0128746 0.00222743 0.00483635 -0.00557214 0.0104074
internal_weight=270902 132360 138542 87522.8 91951.4 40409 59717.7 51018.9 20098.3 39361.4 1047.6 29336.8 43231.1 27805.1 19300.4 62614.7 15363.2 16486.6 47464.5 747.757 412.15 19681.7 30920.6 16926.1 28161.3 19254.8 6910.98 12343.8 96.0038 20061 1925.01 15150.2 847.549 14302.6 774.014 7670.38 12247.8 6236.34 40389.6 32148.6 22366 4866.33 3483.81 299.847 2841.55 13973.6 2660.41 4130.28 8816.18 9278.5 21506.1 1046.38 8775.59 8560.42 7733.9 17499.7 22870.1 335.607 26236.3 1136.66 481.144 325.39 9963.4 824.426 9138.97 13331.3 10178.8 3152.56 652.927 188.111 464.816 240.422 19303.2 788.346 2008.52 1365.07 688.19 6729.67 14371.8 16851.4 6182.36 20459.7 129.186 295.464 643.449 636.747 24901.2 21564.9 2466.27 7047.35 20330.5 155.754 4120.18 614.231 527.094 497.752 12774.6 4092.94 151.599 373.866 3445.1 651.888 119.725 74.801 827.604 5376.59 781.741 10669 244.965 12253.2 618.111 168.813 12932.3 3314.36 493.389 412.001 3056.06 655.518 4641.1 735.554 592.173 416.597 9539.73 2587.6 5071.01 81.3885
internal_count=2080429 1010458 1069971 674222 707705 302753 459656 395749 155969 298393 4360 226377 331016 214566 140283 481328 117746 128640 364623 2760 1405 153281 239780 132402 213926 140000 50128 89872 337 158110 10327 116705 5162 111543 4716 60181 89535 45049 310189 247059 173624 37915 26761 1600 20827 108631 17892 32332 68459 70966 165726 7246 68177 66786 60830 135709 176093 1355 203599 6251 2341 1618 77351 5575 71776 104788 79893 24895 4033 1108 2925 1758 150697 4076 12951 8707 4395 53322 112263 129770 48060 158480 539 1226 4244 3088 193262 167380 18157 55480 157941 723 32479 2983 2738 2623 101124 32401 988 1921 26574 4941 501 339 5583 42571 5365 81710 1304 95874 4052 863 101174 25593 3270 2838 24129 3910 33612 4783 3859 2688 74847 20411 39304 432
is_linear=0
shrinkage=0.02


Tree=10
num_leaves=127
num_cat=0
split_feature=10 10 53 14 10 32 34 17 29 55 2 26 2 54 29 49 39 34 29 47 26 25 55 6 46 12 28 31 23 25 39 29 46 44 17 48 26 20 46 33 1 18 55 26 48 49 29 49 33 32 47 47 55 39 44 17 0 39 4 18 0 34 26 4 24 29 26 28 39 47 55 18 39 5 39 39 48 39 4 55 31 54 25 25 55 23 18 26 6 57 10 39 29 4 24 39 29 47 15 31 34 14 57 1 6 48 47 29 25 33 55 6 39 5 35 14 29 39 20 29 46 55 25 29 14 6
split_gain=2274.25 536.658 531.497 232.144 201.548 108.802 169.06 135.781 101.306 98.3064 90.0081 94.4242 89.3092 97.3529 87.1151 78.2918 74.7105 73.0025 69.8261 66.7524 63.6091 86.8749 77.4247 62.0108 60.9829 55.6894 55.2652 54.9213 52.0678 51.9346 51.0775 78.5999 50.1792 49.3597 49.1313 47.5691 63.5397 53.2434 54.5155 47.268 46.6424 46.3279 45.7531 45.5597 56.0025 50.0631 45.4088 45.4362 44.7021 45.5292 44.2847 43.7131 55.4429 52.6212 43.6756 43.301 42.7627 42.3503 49.8799 42.82 42.209 42.1638 42.0756 41.0882 40.6843 46.5014 52.1802 42.5242 39.7744 39.2191 39.1019 38.8433 38.6333 38.9623 38.3981 42.6406 48.6635 39.4894 52.901 38.3029 70.5217 55.1883 51.5275 43.6267 40.4518 39.2468 39.2421 42.0551 38.0174 37.9773 37.8261 37.3054 37.2837 99.0526 37.015 36.9965 46.216 51.2579 37.7353 42.4292 42.7798 36.8738 36.8673 36.6121 36.5123 36.4848 36.2987 35.8595 35.2882 58.9833 46.2907 39.2927 44.3239 38.6007 35.2647 35.1127 34.8942 34.8321 34.8024 34.6225 34.5378 34.4968 36.7112 35.1016 34.4153 34.3756
threshold=-0.16890362650156018 -1.3599657416343687 0.67389261722564708 -0.22358596324920652 1.1492705345153811 0.081870529800653472 0.029166667722165588 0.25529265403747564 6.3523948192596444 0.068318672478199019 0.0038286377675831322 -0.12940952181816107 -0.0025808711070567365 0.08958675712347032 6.3523948192596444 -0.80729365348815907 0.080208331346511855 1.0000000180025095e-35 2.7000904083251958 -0.091461442410945878 0.78656607866287243 -1.0000000180025095e-35 0.15811096876859668 2.1958674192428593 -0.014762427192181347 0.88540148735046398 0.81174489855766307 0.22999999672174457 -0.0046676897909492246 -0.37940952181816096 0.61354166269302379 -0.68171918392181385 0.0018351225298829379 -0.026372435502707955 4.3563842773437509 0.057856995612382896 0.60355338454246532 1.3645725250244143 0.026764605194330219 -0.016163468360900875 -0.0064069100189954034 0.32866582274436956 0.25390139222145086 0.37940952181816107 0.0061634297017008075 0.8316103219985963 -6.1939508914947501 0.34490944445133215 -0.065504912286996828 0.058384967967867858 -0.012021211441606281 -0.063357133418321596 0.29020999372005468 0.77604165673255932 -0.0035163745051249857 3.420794010162354 -0.008941843640059231 0.33020834624767309 0.17576956003904345 0.76248359680175792 -0.013199123553931711 0.087500002235174193 0.78656607866287243 0.47378799319267279 136951.38281250003 5.9036970138549814 0.78656607866287243 0.81174489855766307 0.046875000000000007 -0.091461442410945878 0.05766949616372586 0.61182287335395824 0.038541667163372047 0.083418473601341261 0.055208332836627967 0.4760416597127915 -0.004329228773713111 0.82604166865348827 0.17982622236013415 0.19532658904790881 0.14999999850988391 0.37009254097938543 0.37940952181816107 0.98296290636062633 0.44935074448585516 -0.099587641656398759 -0.5057787001132964 0.60355338454246532 0.18167449533939364 0.018650289624929432 1.9189416170120241 0.18437500298023227 0.49850344657897955 0.22476208209991458 -11045.611328124998 0.48020832240581518 -1.5970915555953977 -0.015232911333441733 3.3461689949035649 0.089999996125698103 0.079166669398546233 -0.90772211551666249 0.27524119615554815 0.0045528330374509105 2.5151095390319829 -0.039252595975995057 0.006924655521288515 -0.80329477787017811 0.12940952181816109 0.027739842422306541 0.14355764538049701 1.7009716629981997 0.3510416597127915 0.19681609421968463 0.27500000596046453 -1.3888418674468992 -8.7872056961059553 0.40104167163372045 0.96572962403297435 -1.4722734689712522 0.061052018776535995 0.037672279402613647 -0.6035533845424651 1.8397390842437746 -2.0230501890182491 2.9224898815155034
decision_type=2 2 2 2 2 2 2 2 2 2 2 2 2 2 2 2 2 2 2 2 2 2 2 2 2 2 2 2 2 2 2 2 2 2 2 2 2 2 2 2 2 2 2 2 2 2 2 2 2 2 2 2 2 2 2 2 2 2 2 2 2 2 2 2 2 2 2 2 2 2 2 2 2 2 2 2 2 2 2 2 2 2 2 2 2 2 2 2 2 2 2 2 2 2 2 2 2 2 2 2 2 2 2 2 2 2 2 2 2 2 2 2 2 2 2 2 2 2 2 2 2 2 2 2 2 2
left_child=1 5 4 9 10 7 62 17 25 28 11 56 13 46 29 18 27 -1 -11 -14 22 94 40 30 -12 34 68 50 105 -13 64 101 61 -8 70 37 -37 -25 -39 -33 -21 74 -35 45 -45 91 -3 -48 49 -18 92 53 -53 119 103 89 -2 58 -10 -60 -50 63 69 71 65 106 -67 -68 -5 -7 -6 -31 -19 -74 -9 76 108 -77 -79 95 82 84 86 88 -82 -83 -81 -88 -84 -24 -46 -30 -15 -94 -22 96 97 -62 99 118 -101 -32 -70 -42 -52 -4 -17 -49 109 -76 -111 113 -113 -110 -27 -116 -90 -36 -97 -26 -66 -58 -123 -124 -34 -28
right_child=2 12 3 26 8 6 33 41 57 15 24 14 19 16 -16 23 48 72 -20 20 21 -23 55 35 51 114 125 -29 43 32 31 39 124 42 117 36 -38 38 -40 -41 54 -43 -44 44 90 -47 47 107 60 -51 104 52 -54 -55 -56 -57 121 -59 59 -61 79 -63 -64 -65 120 66 67 -69 102 -71 -72 -73 73 -75 75 77 -78 78 -80 80 81 85 83 -85 -86 -87 87 -89 116 -91 -92 -93 93 -95 -96 98 -98 -99 -100 100 -102 -103 -104 -105 -106 -107 -108 -109 111 110 -112 112 -114 -115 115 -117 -118 -119 -120 -121 -122 122 123 -125 -126 -127
leaf_value=0.0025398716373263037 0.012082093039365987 -0.0094060380483802497 -0.019822930249404014 -0.007994967945816089 -0.0029801365576849798 0.014857692684980325 0.021086937698877591 0.0062489478512746457 0.019030282249272775 -0.00077769872977846309 0.011541552588389015 0.0026772275312051072 0.020808314173751192 0.0089619623032440553 0.014629463553450735 -0.0012566368412693432 0.0088836477718178802 0.0082146189054852579 0.0039761077623087426 0.0037795942296744681 0.013691127412112265 -0.0028048324949154829 -0.0042781918450010524 -0.0003135345000111575 -0.0093338292406871699 -0.0031857223194964347 -0.0024933352138824098 -0.019691649192406339 -0.0053536137056958413 0.0008680906821942365 -0.001446439611067687 0.0026025785997222119 0.02194714320493206 0.018382122968645515 0.01793172507117094 -0.0001525881169965515 -0.01706919088157996 0.0031764362858448299 0.015049732214818697 -0.0023772116078943648 0.001811714279437679 -0.00097525992723245241 -0.0069091106919466835 -0.0034557896920055825 -0.0093008793526082184 -0.0053254256007550472 0.0035123969629707423 0.0034122066731366112 0.0099493803093779146 -0.018606121252027617 0.0028199370247854304 -0.0016220857261669312 0.0096320362293895265 0.012359312334526581 0.00037258567260153467 -0.024031718999569393 -0.0023120142999626019 0.0016656120242051328 -0.010906117225458721 0.024298675496842104 -0.00034055610780591681 -0.0080764760314479978 -0.027803184113125951 0.024081564964843906 -0.0034894815108320082 -0.0014453789328586117 0.0027683747942628175 0.017199508832960096 -0.0044846216097345635 -0.017135697270421114 -0.00066486361378077416 -0.0022681664804264133 0.0052160058240331699 0.0034210009584025899 -0.00015702257720562196 0.0048494862288844479 0.0032616646707128529 0.0033196958055984292 -0.0056075659837616443 0.0058638829612395393 0.0012261610271908658 -0.003402473854759358 -0.0040781416405720515 0.0065103165736834067 -0.023240493960786406 0.016804862544987042 -0.0050225533160798029 0.0041835688617279541 0.00017934070834447639 0.0019465782620578273 -0.0014298436308475288 -0.00087806520979771894 0.011707467930892111 -0.024317062607870272 0.00093228948571274215 -0.012128572861530327 0.0010395033234978175 -0.0060127453060421221 0.022659129871056938 0.0028062000090549022 -0.0034570682658402762 0.0076748318713751587 -0.011689721507298878 0.0070931107605391366 -0.01091134109815128 -0.0016009082899026642 -0.0033985092267829714 0.00033068174359883814 -0.003084870402154953 0.00084657688340021174 0.012814363595684051 0.0038348788222606705 -0.0058975334762901149 -0.013396542247399085 -0.024702780401995483 -0.0063623627406040311 -0.016874785554552702 -0.0038379446302732761 0.0089776274446627721 -0.032346720918151842 -0.021183479284277443 -0.0015775834754569685 0.00028817185307477222 0.004819582088026254 0.0036873328248100998 0.0070478039031881753
leaf_weight=6868.740034379065 108.43384371697903 121.85891982913017 43.328111484646797 1484.5488489717245 4482.6914585903287 30.091960124671459 355.01883298158646 979.19239391386509 162.89565110951662 4182.5035234615207 142.76674691587687 8473.480429366231 62.687060728669167 928.43599737435579 201.41081051528454 4106.5559459477663 31.575081542134285 1311.8387758433819 1753.0887156575918 2237.9341058656573 92.519606478512287 5277.3137034028769 1468.3053610250354 1603.0568143054843 65.059813350439072 9151.619249202311 3073.695909075439 35.96407613158226 950.16061171144247 10073.349292740226 250.10692270100117 919.10145733505487 41.644039042294025 56.460997328162193 88.08339436352253 285.43022506684065 128.02328848093748 725.61313627660275 196.02003617584705 4447.5188354477286 4670.623361825943 1809.351446852088 56.123508736491203 1998.3834858760238 1726.4004173055291 2658.0874242931604 12240.411463811994 2367.8036673218012 177.4570671543479 93.847855612635612 659.43558032810688 9884.2633724138141 177.2493989393115 26.025390326976776 21408.045034043491 37.532301545143127 3276.1225124821067 299.8308399617672 49.805757917463779 17.982295915484428 1905.5529568791389 236.4434245750308 37.458633117377758 28.321063600480556 90.188994370400906 1188.4866018220782 287.37271551787853 113.52225893735886 18806.902546219528 29.221719026565552 8361.3943056613207 1872.2664868012071 16355.337219521403 6886.6171941533685 1971.2649205476046 3183.2660879343748 2728.2347647547722 897.13397523760796 375.92903738468885 232.9642311707139 533.62695468962193 50.026083305478096 255.64949032664299 70.637119777500629 27.469499781727791 159.85093305259943 944.90353013575077 250.25679511576891 56.820155315101147 533.80188900232315 285.26465409249067 3443.1472758352757 75.788845993578434 49.683151498436928 3347.0934356302023 144.08615101873875 4308.7337160035968 956.87516481429338 34.018886707723141 4351.7632485032082 483.80741283297539 604.10794487595558 288.02478154748678 590.99400891363621 86.74559298157692 5468.4741959273815 13849.589378021657 4172.089731246233 840.5816146582365 236.54466394335032 284.99048665910959 617.33915348351002 267.41712594777346 174.94992183148861 57.236760094761848 152.40256577730179 303.11087120324373 43.322996102273464 38.983175374567509 44.343844570219517 86.602493852376938 4354.8334817290306 9459.225296638906 736.15257453173399 1380.0776071175933 157.8502794355154
leaf_count=53682 624 860 342 11562 35581 122 998 6954 1101 32186 863 65825 229 6273 1426 31374 164 9971 12960 17293 637 41319 10109 11723 405 70961 23832 218 7451 78905 1834 6797 244 262 386 1913 933 5379 1338 34405 36685 12287 156 15780 13660 20896 96378 18675 778 351 4938 76351 1057 127 169709 140 26178 1902 344 100 14041 1661 50 61 494 8291 2102 730 147180 97 64365 14693 129366 50015 14549 23193 20749 6915 2427 1635 3397 328 1643 467 153 808 5760 1613 273 3752 2210 27174 587 229 26225 1056 33018 7060 199 32966 3640 4608 2275 4502 593 43273 105728 32997 6218 1612 1689 4465 1901 906 368 1167 1793 238 302 187 448 33597 72804 5589 10877 1157
internal_value=1.82837e-05 0.00203922 -0.00164346 -0.00282535 -0.000433347 0.00373474 0.0124567 0.00362694 -0.00199148 -0.00206885 0.000271072 0.000698742 0.00100338 0.00172268 0.0015674 -0.00146521 0.000636032 0.00436339 0.000626612 0.000348797 0.000315913 -0.00119306 0.000741004 -0.00189516 -0.00139322 -0.00219677 -0.00445786 0.00444853 -0.00333675 0.00144769 -0.00220704 -0.000626591 0.000683217 0.0174325 -0.00134825 0.000858135 -0.00542167 0.00188868 0.0057164 -0.00152385 0.00100678 0.00201588 0.00581578 -0.00412813 -0.00583067 -0.00315908 0.00271409 0.00279328 0.00018152 -0.0116622 0.00494205 -0.00157553 -0.00142279 -0.0128221 0.000773938 -0.00302402 -0.000381657 0.00663801 0.0130615 -0.00133524 0.000279516 0.000268926 -0.0115082 0.000434463 -0.00270544 -0.00261859 0.000659459 0.00688999 -0.00483973 -0.000910497 -0.00147316 0.000376305 0.00487334 0.00468436 0.00244701 0.00212485 0.00116423 0.00365913 0.000680404 0.000165227 -0.00190697 0.00326741 -0.00379488 -0.00829535 -9.08474e-06 0.0119902 -0.0016274 -0.00309214 -0.0100037 -0.0026179 -0.00818649 -0.00184724 0.00757991 -0.00262874 0.00127965 0.000654546 -0.000268924 -0.00223849 0.0019652 0.00182025 0.00217876 0.00500446 -0.00459396 0.00240636 0.00120983 -0.0017479 -0.00290882 0.00144687 -0.000138559 0.00142601 0.00740024 -0.00219116 0.000888796 -0.00487372 -0.00337251 -0.011468 -0.0141867 0.0107722 -0.00760438 -0.018879 -0.012233 -0.000458201 -4.05982e-05 0.000615899 0.00423794 -0.00202494
internal_weight=270880 122230 148650 75201.2 73448.7 46353.1 564.376 45788.7 22867.3 51390.1 50581.5 40241.8 75877.1 36150.2 22307 34816.9 17248.1 31422.5 5935.59 39726.8 39664.2 8716.93 30947.2 28881.3 10339.7 22336.8 23811 1836.05 16573.2 22105.6 25943.2 6220.84 13632.1 467.603 12975.5 2938.14 413.454 2524.69 921.633 5366.62 28907.6 14366.2 112.585 11061.4 4010.05 7051.4 18902.2 18780.3 15412 125.423 1800.09 10196.9 10061.5 135.429 26669.7 2039.64 17934.8 530.515 230.684 67.7881 15286.6 12210.4 96.7723 11973.9 19722.3 19545.5 1589.38 400.895 20579.5 59.3137 12844.1 11945.6 24553.8 23242 12556.8 11577.7 7121.32 4456.33 1273.06 15109.1 2885.32 770.973 2114.34 686.218 561.096 209.877 1428.12 1195.16 615.581 2002.11 2011.67 4393.31 1053.91 125.472 3439.61 12223.8 7171.16 2862.43 5052.66 5018.64 4835.57 854.215 19094.9 5261.62 746.181 5511.8 17956.1 6539.89 4393.09 2492.8 521.535 1900.29 884.756 1015.53 9361.26 209.639 359.931 131.406 183.069 109.404 176.791 17826.3 14550.2 10195.4 1421.72 3231.55
internal_count=2080399 932377 1148022 580035 567987 348584 1685 346899 176513 394029 391474 312484 583793 273193 173692 263243 124283 243034 45146 310600 310371 68181 242190 218097 78990 173066 186006 12838 130786 172266 196811 47644 106441 1416 100570 21286 2846 18440 6717 41202 228189 103865 418 87171 31650 55521 148910 148050 111445 515 12620 78127 77408 719 210896 14001 138792 3447 1545 444 110930 95320 269 93659 149167 148225 11123 2832 161017 219 99946 93598 189352 179381 91578 84624 52089 32535 9342 110152 17870 4686 13184 4176 3550 1136 9008 7373 3709 13861 15870 34625 7089 816 26862 92282 54119 21101 38163 37964 36606 6442 149455 41187 5531 43615 137102 51672 31340 17850 3301 13490 6366 7124 72496 1535 2066 624 1358 592 942 138168 111990 78393 11121 24989
is_linear=0
shrinkage=0.02


Tree=11
num_leaves=127
num_cat=0
split_feature=10 10 53 16 27 9 39 53 8 40 27 32 34 26 37 5 29 26 15 29 29 47 39 39 38 29 21 42 39 29 16 16 10 4 1 44 38 43 26 29 25 33 39 27 46 47 19 40 47 12 21 1 5 12 10 2 34 47 21 20 9 26 52 34 33 46 4 31 9 4 47 33 44 26 25 44 2 39 15 32 38 4 53 29 34 45 7 5 38 29 38 26 37 23 48 51 39 5 15 12 39 32 47 48 38 39 40 38 33 32 27 20 25 48 5 1 22 45 56 47 27 48 5 52 46 5
split_gain=2184.73 583.444 438.443 288.298 130.28 128.777 124.657 123.915 120.723 100.49 95.7651 89.679 117.768 78.1315 97.306 75.9761 71.4047 64.8434 60.7993 56.6058 55.3411 55.4868 55.0756 62.8062 58.211 54.8236 54.4906 54.3577 59.2477 54.3194 97.6246 93.2103 53.9216 53.857 67.9141 52.7576 52.3904 52.3236 52.0117 51.8727 51.3006 50.5934 49.353 56.7176 63.5914 48.8644 46.8483 46.0478 45.681 50.4204 47.117 47.0799 45.3242 44.7668 65.6249 49.0547 44.6459 42.8169 69.0565 50.9075 46.9601 44.8591 44.5989 42.7412 42.6556 41.9463 41.9093 41.8516 41.65 41.0967 41.095 45.2509 40.6699 57.7278 40.0869 38.5086 38.2318 38.0908 38.0151 37.8664 37.8646 48.6496 37.8418 39.4306 37.6735 37.6188 37.4822 63.7084 38.2211 37.416 37.3102 37.0996 45.9328 39.8299 36.9622 36.8416 36.9522 39.4909 36.7526 37.2492 36.7393 36.714 37.7437 36.5921 36.4329 36.1431 35.5689 50.114 35.2955 43.615 35.2482 35.1741 34.5235 35.662 34.4423 42.2248 34.0325 36.6925 33.7996 36.5145 35.0005 37.1549 33.7197 36.7706 33.6966 33.6568
threshold=-1.0000000180025095e-35 -1.3599657416343687 0.19856426119804385 -0.19160807132720944 -0.60785761475563038 1.5260043144226076 0.66770833730697643 -0.034129980951547616 0.84333458542823803 -1.0000000180025095e-35 -0.87837970256805409 0.081870529800653472 0.029166667722165588 -0.6035533845424651 0.97141507267951976 0.080832485109567656 1.8895149230957033 0.12940952181816107 0.28057694435119634 0.042015314102172859 1.0274529457092287 0.059817936271429069 0.48437500000000006 0.067708335816860213 -0.23981512337923047 -2.1796166896820064 0.6702927052974702 -0.00052823562873527397 0.56770834326744091 6.3523948192596444 -3.9388328790664668 -2.1207273006439205 1.1033616662025454 0.089029323309659972 -0.0043450985103845588 -0.026372435502707955 0.062950223684310927 0.023398014716804031 0.78656607866287243 2.1118044853210454 -0.6035533845424651 -0.025335526093840596 0.063541665673255934 1.0000000180025095e-35 0.020210620015859607 -0.048719732090830796 2.9915102720260625 1.2246467864107191e-16 0.067559268325567259 0.7703664004802705 0.78786778450012218 0.016978508792817596 0.18738394975662234 0.8634571135044099 2.8752673864364628 0.00178636412601918 0.16250000149011615 -0.042546240612864487 0.40625245869159704 1.0953875780105593 -0.052564421668648713 1.0000000180025095e-35 -1.0744691491127012 1.0000000180025095e-35 -0.0012332279002293942 -0.013486363459378479 0.24550954252481463 0.14999999850988391 -1.5705670714378355 0.47378799319267279 -0.01265973364934325 0.042950199916958816 0.00076685997191816579 0.60355338454246532 -0.7865660786628722 -0.018107057549059388 0.015831494703888897 0.48854167759418493 5.0540745258331308 0.00058152302517555665 -0.30078926682472223 0.32880382239818579 2.4329901933670048 10.240769386291506 0.012500000651925804 0.044641470536589629 0.25955861806869512 0.24386817961931231 1.9710640316703559e-17 6.8764150142669687 0.24217850714921954 -0.6035533845424651 0.81892025470733654 -0.10115152224898337 -0.0050956781487911931 2.1007599830627446 0.592708319425583 0.14643169939517978 8.7330217361450213 0.67095386981964122 0.29270832240581518 0.017895977012813095 0.0095745488069951552 -0.071875035762786851 0.14000282436609271 0.93854168057441723 -1.0000000180025095e-35 0.02156110014766455 -0.039226543158292763 0.081870529800653472 -0.60785761475563038 1.054069519042969 0.98296290636062633 -0.029002619907259938 0.23321673274040225 -0.005130315897986292 -0.11514481157064436 -0.0085242106579244119 -0.17357742786407468 -0.072709828615188585 1.0000000180025095e-35 -0.022774639539420601 0.072707906365394606 1.4094738960266116 -0.015759809873998162 0.3716790527105332
decision_type=2 2 2 2 2 2 2 2 2 2 2 2 2 2 2 2 2 2 2 2 2 2 2 2 2 2 2 2 2 2 2 2 2 2 2 2 2 2 2 2 2 2 2 2 2 2 2 2 2 2 2 2 2 2 2 2 2 2 2 2 2 2 2 2 2 2 2 2 2 2 2 2 2 2 2 2 2 2 2 2 2 2 2 2 2 2 2 2 2 2 2 2 2 2 2 2 2 2 2 2 2 2 2 2 2 2 2 2 2 2 2 2 2 2 2 2 2 2 2 2 2 2 2 2 2 2
left_child=1 4 5 6 18 29 13 8 33 39 79 15 17 27 16 47 37 -13 84 -8 22 26 23 65 -25 -24 -22 28 76 30 -2 -31 57 34 -3 -14 64 80 68 103 -29 90 69 44 -44 -18 -37 111 51 50 -50 89 -52 55 105 -12 104 58 60 61 -32 62 -59 -45 94 91 -38 -16 -11 70 71 -35 -7 -74 124 -27 -4 -62 -53 112 -15 95 83 -80 -1 -70 98 88 -88 -47 -21 -17 -93 -94 -10 96 -82 -98 -42 -100 -58 102 -40 -9 118 -55 107 -36 -20 125 -108 -6 122 -114 -63 -116 -106 -118 119 -26 -120 -122 -5 -124 -33 -110
right_child=2 7 3 10 11 72 19 9 36 38 53 12 35 14 67 20 45 -19 108 41 21 -23 25 24 56 75 -28 40 -30 31 32 74 -34 42 106 46 66 -39 101 -41 86 -43 43 63 -46 48 -48 -49 49 -51 52 78 -54 54 -56 -57 100 59 -60 -61 77 114 -64 -65 -66 -67 -68 -69 85 -71 -72 -73 73 -75 -76 -77 -78 -79 82 -81 81 -83 -84 -85 -86 -87 87 -89 -90 -91 -92 92 93 -95 -96 -97 97 -99 99 -101 -102 -103 -104 -105 116 -107 110 -109 109 -111 -112 -113 113 -115 115 -117 117 -119 120 -121 121 -123 123 -125 -126 -127
leaf_value=0.0042270887941954225 0.025899518837400663 0.0041015432348726986 5.0804982644553661e-05 -0.0069855633711668336 0.0039384637296833013 -0.0002233946222343367 0.0032361069562045863 -0.013339115708199661 0.0052957426077738954 0.0026026106306163499 -0.0013463697801292544 0.0073137766378585821 0.020304656811202911 -0.024739362277688689 -0.00024310535271226502 0.017345637271637449 -0.034311894880849174 -0.027462185169646918 -0.018437000640862483 0.0038179152698796658 -0.001890210774477274 0.01975982584921027 0.0052681257357624876 0.015650117857053013 0.024446236004818097 -0.0051620205681023757 0.0055066142670793005 0.0014350759840628695 -0.0069788754325404555 -0.019784224409127044 0.02979968002337588 0.016252882782666959 -0.0011314649458358723 0.0099206307633182122 0.0038054492781754751 -0.006129331276163056 -0.0023088108393076153 0.010051570524436386 -0.0013854371159611072 0.003296983938881305 -0.0026956716278207045 -0.00083933540852647196 -0.00076975710395776615 -0.0010047414422692548 0.02079558404169668 -0.002982147681177362 0.02405103233172368 0.0026659740007109068 -0.0096074507813437068 -0.016051975073557805 0.018825991227656772 0.0027977133654627372 -0.0074074528450209492 -0.0048715196509271034 -0.00098714771730435509 -0.0034961212791288355 -0.029077430793774652 0.0044361472709425918 -0.0036837081796123579 -0.00064349745593695012 0.013730581843515506 0.0021543943782903778 -1.991126488609446e-05 0.0028955850838721436 -0.00050011593281358807 0.0013088154606892279 -0.011189813024425519 0.0065322960850123296 -0.00075632363879457609 -0.01599122855766736 0.0012021241430054755 -0.010864991588840052 -0.0040011221548094502 -0.00015965808295566862 0.01414420885200727 0.0020594884672679851 0.0037754780023208363 -0.01296655036327575 -0.0021245499161723618 -0.0023822802518694321 -0.0046747347885827926 0.011377507867171564 -0.0098525923964316482 0.01205109084615096 0.0075407751471970206 -0.023377760919659853 -0.0039837599046549906 0.017925162089268396 0.0052860640063523692 0.003002053798088598 0.022678905167270901 -0.0035067568280864299 0.019451269566117941 0.0047331142504448741 -0.00053820986271772571 -0.00043406058075346957 -0.001796383009315638 0.013340870394794493 0.0097570837242893522 -0.018480931840762799 0.0069825272733140473 0.019709164106504026 -0.00501982306849557 0.00061311677224050237 0.0030736163247113979 0.00010158340479536583 0.0026681320050464053 0.00055374278425401576 0.0039925958155360968 0.020715330672699456 0.00018899261709332611 0.006589854843728169 0.014120764083796434 -0.016513546850260782 -0.00083296470144035258 0.017082095131852632 -0.01345038245958138 0.01245248720237428 -0.0021505770894487131 0.002919063014472565 -0.0015301952116500064 0.0024272814576712189 0.0018166754097893767 -0.0060338275778620042 -0.0020752135874452945 -0.007400656880078153
leaf_weight=1888.6732564270496 58.243683241307735 7719.5202454850078 3393.0180683061481 4641.8827526569366 6154.9288199916482 3169.1162869334221 2310.7218020558357 74.655631855130196 1081.7642542123795 1611.3936875388026 6805.6081872358918 43.015979692339897 298.86646838486195 34.34563934803009 1211.0712091848254 141.80332028865814 17.115387640893459 41.06526841968298 27.29346027225256 536.73977756500244 494.85104796290398 92.458334647119045 2472.3582425788045 91.597718186676502 31.711023516952991 343.34186296910048 2029.4163955822587 1636.7278259769082 374.05722003430128 47.702213749289513 38.392309069633484 52.788933657109737 9111.7381864264607 653.44124628603458 6123.7328675836325 66.161123879253864 1554.4687719941139 105.09760610759258 2582.0327263325453 3473.4864736050367 7398.7762588486075 6763.4364695325494 6898.1617178395391 1453.0007193312049 54.129976786673069 3744.1994341537356 28.666691094636917 7237.7490456774831 139.34065709263086 173.18674236536026 62.497577235102654 1733.9102794975042 44.223891690373421 13279.938482254744 2274.9295975267887 11303.917630508542 37.103788875043392 996.53842005878687 1514.3576770946383 6893.2476005554199 54.523627176880836 9274.6565533727407 9038.1094113513827 4948.3523863404989 6813.7338602766395 730.89390458911657 245.51329720765352 520.58819577842951 12736.576083518565 35.999733909964561 529.1088752746582 43.909918859601021 5533.2588899955153 2182.4947442337871 282.02324334532022 2074.7852837815881 1632.1984531059861 33.779039323329926 500.75329994410276 1012.0782779678702 12130.826501645148 80.893112286925316 205.26894945651293 92.042345523834229 5082.7418337985873 28.477736361324787 444.47799994051456 84.786645233631134 295.21175626665354 469.45212414860725 44.630456082522869 148.55375528335571 112.66887483745813 211.76631017029285 724.68346036970615 1026.1340017020702 923.51304662972689 73.488978676497936 21.991462118923664 104.56856209784746 15.536086104810236 27.667345874011517 2052.8549640998244 12111.172984689474 100.63163223862648 611.02234879136086 3538.3515349403024 2747.3762820512056 5465.1706882566214 60.56102491915226 6522.9907401055098 2974.7829544320703 15.617995925247667 206.69411724805832 85.656853087246418 134.67341964691877 210.38168868422508 23.575013279914856 2684.4159037694335 897.95897770673037 1602.1096745803952 2324.1059041544795 394.50635685771704 601.03898588567972 157.01855713129044 104.77348055690527
leaf_count=14877 131 60875 26215 36978 48482 24586 17588 514 8168 12510 53977 159 837 164 9374 872 40 66 128 3936 3424 656 17020 516 187 2343 14986 12368 2820 168 181 314 70795 4525 48620 224 11978 632 20301 26671 56260 52208 48856 10520 228 29026 120 57188 995 1191 464 12996 292 103180 17101 89193 227 7749 10301 54550 354 72723 70090 35394 52351 5377 1383 4007 99463 121 3927 253 42434 16772 1841 15783 11813 207 3527 8070 94202 437 1324 554 39474 171 3267 468 2249 3459 234 936 738 1341 5657 7794 7290 519 95 536 102 174 16022 95053 626 4754 28138 21736 41624 199 51584 23637 125 1648 510 778 1086 140 19707 6620 10879 17534 3024 4591 1153 469
internal_value=1.79219e-05 0.00185029 -0.00174278 -0.00257369 0.00366059 -0.000214794 -0.00152609 0.000879014 0.00149963 -4.54679e-05 -0.00380406 0.00301139 0.0116072 -0.00203362 -0.00276431 0.00288746 -0.00313074 -0.00978219 0.00539335 0.000506625 0.00194537 0.00461858 0.00145432 0.000555705 -0.000115322 0.0031744 0.00405599 -0.000927473 0.00068905 0.000337512 0.000246098 0.00663217 0.000205184 0.00198531 0.00252038 0.0161911 -0.000423792 -0.00394442 -0.00102159 0.00114125 -0.00180154 -0.000352274 0.00100945 0.000651845 -0.000598741 -0.00150177 0.00313961 0.00385835 -0.00141847 -0.00781667 -0.00197483 -0.00101957 0.00797808 -0.00337178 -0.00413703 -0.00268841 -0.000299559 0.000639224 -0.00249435 0.000833967 0.0116315 0.00135552 0.000422917 0.0020101 0.000224252 0.00455231 -0.00352625 0.0017958 -0.000426113 0.00478773 0.005411 0.00859671 -0.00213139 -0.00291481 0.00923125 0.00103201 0.00126129 0.0034759 0.00113533 -0.00595924 -0.00404827 -0.00399654 -0.00247417 9.13813e-05 0.00664392 -0.000808696 -0.00243619 0.00160981 -0.000280661 -0.00231464 0.005304 0.00839831 0.00568284 0.00989153 0.00295581 -0.00408528 -0.00437054 -0.000667365 -0.00287976 -0.0135283 -0.0184843 -0.00285696 -0.00299611 0.00052647 -0.000175544 -0.0046527 0.00187545 0.00279869 0.00385135 0.00396283 0.00106113 0.00480312 -0.00657636 -0.0143033 0.00234087 0.0101405 -0.0066235 -0.0107941 0.000111281 0.00367991 -0.000390914 0.000812182 -0.00626899 -0.00292319 0.00258673 0.00377681
internal_weight=270868 132733 138135 89476.5 46346.5 48658.3 48329.3 86386.6 51688.2 34698.3 41147.2 33717.3 477.776 38673.8 23287.9 33239.5 21556.3 84.0812 12629.2 9655.53 16872 2616.73 14255.3 9364.81 8019.13 4890.49 2524.27 15385.8 5399.27 37773.4 37233.9 539.533 37175.7 41268.1 26652 393.694 10420.2 14374.3 19039 15659.3 9986.54 7344.81 14616.1 13353.6 6952.29 7181.99 94.8278 16367.5 7164.88 419.249 246.062 6745.63 106.721 34275.4 16165.9 18109.5 7927.53 28063.9 1641.05 26422.9 126.695 19529.6 10034.6 6401.35 8620.18 1345.69 1799.98 1731.66 14376.4 1262.46 1226.46 697.351 10884.9 7715.75 491.831 2418.13 5025.22 88.3027 2531.97 6871.82 14269.2 14234.9 798.065 592.796 6971.42 12765.1 8349.81 824.476 739.69 4213.65 581.37 614.792 472.989 324.435 1806.45 14154 13127.8 997.002 7525.34 126.56 52.6399 4662.56 4634.89 12185.8 7874.89 13891 18932.5 8871.11 5657.8 5630.51 10061.3 9129.71 5859.74 222.312 9494.99 220.33 334.588 233.957 7540.3 929.67 6610.63 3926.22 5637.43 995.545 209.807 5569.94
internal_count=2080399 1013777 1066622 690985 348584 375637 368344 665193 394314 270879 322641 251813 1406 294378 178287 250407 164906 225 96771 73966 121100 19066 102034 66888 57624 35146 18410 116091 40848 291845 288369 3476 288238 314777 210953 1181 79537 111038 148641 122238 75243 56378 103824 94998 49084 53868 344 129307 53828 2942 1751 50886 756 268205 125035 143170 57108 217443 11043 206400 742 151850 77839 45914 66176 9264 13361 13381 112144 8826 8705 4778 83792 59206 3308 18126 38028 561 18401 54436 110406 110242 5405 4081 54351 99634 62875 5984 5516 32485 4170 3887 3015 2079 13825 109805 102011 7809 56891 631 329 36497 36323 95567 56779 107934 150078 70356 42420 42292 79722 72119 46366 1773 74011 1288 1852 1226 54927 6807 48120 28413 44593 7615 1467 42093
is_linear=0
shrinkage=0.02


Tree=12
num_leaves=127
num_cat=0
split_feature=10 53 10 16 9 27 16 53 8 40 40 2 39 27 55 32 6 29 39 38 39 27 6 4 1 46 55 18 38 6 39 48 39 29 29 2 48 16 16 29 48 29 15 38 39 29 44 15 4 29 38 14 40 10 29 18 21 10 48 27 14 38 14 21 21 38 7 46 4 18 56 37 25 32 16 56 56 53 40 1 48 43 15 46 24 10 27 18 39 27 25 57 18 4 24 39 28 14 31 2 55 55 28 3 48 40 28 38 3 6 28 29 32 15 27 48 55 40 6 18 38 22 21 45 32 38
split_gain=2082.02 507.155 458.454 281.263 140.452 122.306 121.985 109.856 105.492 96.6726 85.4526 78.9505 90.9216 74.1508 68.1216 66.9336 107.63 68.3405 78.2212 81.4145 78.7665 61.9446 59.0735 58.2617 60.5468 58.6955 58.0282 53.1605 52.1846 53.8589 50.9698 58.9732 51.7786 50.699 50.5906 59.4988 66.1006 52.2176 51.3602 50.3769 49.7464 49.3351 48.8351 48.2089 48.0849 59.2766 56.4987 47.238 84.956 47.1865 46.6479 45.6357 45.1065 44.8113 44.6005 44.4935 44.471 44.2028 45.1564 44.1941 42.4315 42.156 61.3011 41.9436 62.0227 41.2694 40.5671 40.1255 44.1891 40.0044 39.9766 39.7737 39.5341 43.1242 39.115 42.2478 44.7917 38.7322 38.4906 37.8597 63.2108 37.7259 38.8257 37.683 37.1067 38.9042 36.9703 41.8689 36.6516 36.5807 36.5684 36.5024 36.1177 36.0336 36.5836 35.3334 35.1832 35.1503 35.781 58.8836 37.0064 33.851 33.9005 45.8806 33.85 47.2348 33.6579 33.6199 33.2568 33.2342 33.2297 38.542 32.9252 32.5453 32.4747 32.2024 40.6899 32.0169 34.9908 35.9164 33.8848 42.7975 32.0077 31.9935 36.6581 31.6479
threshold=-0.11768724396824835 0.19856426119804385 -1.440106928348541 -0.45722424983978266 1.3933618068695071 -0.60785761475563038 -0.10726749897003172 -0.067798413336276994 0.75427001714706432 -0.12500000000000003 -1.0000000180025095e-35 0.00178636412601918 0.17604166269302371 -1.0000000180025095e-35 0.073290560394525542 0.081870529800653472 1.3782762885093691 2.0530283451080327 0.4760416597127915 0.056571574881672866 0.042708333581686027 -0.87837970256805409 1.6684356331825259 0.089029323309659972 -0.0067390874028205863 0.033654347062110908 0.037672279402613647 -0.40158104896545405 -0.23981512337923047 2.571573138237 0.18854166567325595 -0.059619808569550507 0.78437501192092907 5.1798641681671151 1.0000000180025095e-35 0.0039279113989323386 -0.12250675633549689 -3.9388328790664668 -2.1207273006439205 -6.1939508914947501 -0.10024167969822882 3.8446962833404545 0.13450980186462405 -0.23981512337923047 0.56354168057441723 -6.7438991069793692 -0.02012723125517368 2.7799010276794438 0.18806184828281405 6.3523948192596444 -0.18789444863796231 -1.9861698150634763 0.12500000000000011 2.7454522848129277 2.2304356098175053 3.1157795190811162 0.66061788797378551 0.69680133461952221 -0.043857380747795098 -0.60785761475563038 -6.0120375156402579 -0.23981512337923047 -2.8858244419097896 0.97672533988952648 0.6575007736682893 0.02209358382970095 -0.049238894134759896 0.061052018776535995 0.27726514637470251 1.0073682069778445 -0.041633874177932732 0.77291265130043041 0.60355338454246532 0.015448827762156727 -1.2800127267837522 -0.036209000274538987 0.073942348361015334 1.3421536087989809 -0.4665063321590423 0.036079285666346557 -0.071875035762786851 0.001905467303004116 8.7330217361450213 0.0017658736906014385 43.075330734252937 2.8752673864364628 -1.0000000180025095e-35 0.1072581745684147 0.58020833134651195 -0.60785761475563038 -0.7865660786628722 0.010262764990329744 -0.68870174884796131 0.064680565148592009 136951.38281250003 0.23437500000000003 -0.56174489110708226 -6.0120375156402579 0.12999999895691874 -0.012016352266073225 0.10459330677986146 0.045905733481049545 0.81174489855766307 1.6589701175689699 0.040359724313020713 0.46650633215904241 1.0000000180025095e-35 -0.042507160454988473 1.0347366333007815 -0.92152512073516835 1.0000000180025095e-35 -1.0371774435043333 0.00093083185493014764 0.72507262229919445 0.87837970256805431 -0.0067158385645598164 0.1401498764753342 -0.3415063470602035 0.57314023375511181 1.1522355079650881 -0.18789444863796231 0.041730387136340148 1.2950155138969424 0.044641470536589629 0.016736369580030445 0.010526535101234915
decision_type=2 2 2 2 2 2 2 2 2 2 2 2 2 2 2 2 2 2 2 2 2 2 2 2 2 2 2 2 2 2 2 2 2 2 2 2 2 2 2 2 2 2 2 2 2 2 2 2 2 2 2 2 2 2 2 2 2 2 2 2 2 2 2 2 2 2 2 2 2 2 2 2 2 2 2 2 2 2 2 2 2 2 2 2 2 2 2 2 2 2 2 2 2 2 2 2 2 2 2 2 2 2 2 2 2 2 2 2 2 2 2 2 2 2 2 2 2 2 2 2 2 2 2 2 2 2
left_child=2 4 5 9 26 42 11 8 23 14 54 33 53 55 -3 17 63 18 19 20 71 112 -10 24 89 27 86 -25 -22 -30 51 32 -32 -5 37 36 -36 -28 -37 70 66 115 -1 -18 45 -20 -47 49 -49 -38 92 -11 65 77 -9 91 107 58 -39 -54 -60 -24 -63 64 -17 -26 -16 79 -69 -46 -21 -7 78 -74 75 -59 -77 -13 -6 80 -42 -81 -83 -82 -23 -86 -2 -88 -62 -4 -43 -14 -19 106 101 -93 -15 -31 100 -100 -99 -95 -103 -104 -98 -106 -79 -52 -35 -76 111 -90 -8 -48 -41 -40 -117 118 -85 -120 121 -119 -57 124 -12 -53
right_child=1 3 7 6 72 15 21 10 22 30 123 12 13 96 40 16 43 50 44 39 28 84 61 25 52 -27 34 -29 29 97 31 -33 -34 108 35 38 47 57 41 114 67 90 -44 -45 69 46 113 48 -50 -51 56 125 59 -55 -56 122 -58 74 60 -61 88 62 -64 -65 -66 -67 -68 68 -70 -71 -72 -73 73 -75 109 76 -78 93 -80 81 83 82 -84 117 85 -87 87 -89 110 -91 -92 95 -94 94 -96 -97 104 98 99 -101 -102 102 103 -105 105 -107 -108 -109 -110 -111 -112 -113 -114 -115 -116 116 -118 120 119 -121 -122 -123 -124 -125 -126 -127
leaf_value=0.0072837215476404772 1.4538737438986091e-06 -0.0021792595276552635 0.0081200912987239235 -0.0012704781964808381 0.0036135845252848737 0.00081363409926983653 -0.0070043545404024424 0.00069209896678661597 0.00070873811848026714 0.0059341057764594396 -0.00086846848691029003 -0.0036168816142269316 -0.0023827135101715225 -0.0032034347480549385 0.033144827768523177 -0.0081956393098543551 0.030751216724656381 -0.018925612180302413 0.021988671046644707 -0.0048313802773728726 0.016076696270149203 -0.0022691793418745726 0.008794816094945021 0.0032242799574172614 0.0037899192936797642 0.027568756974051985 0.021504056598758692 0.00034710388805052117 0.0021610574856526055 0.017742472761627451 -0.013683956751792249 -0.00054504874048930097 0.022491112295806186 0.0099811313286225656 0.032212406200678452 -0.018669451926601105 0.0027787055531005153 -0.0018027521821338669 0.0015931593376590707 -0.001883420888558049 -0.023542921611180857 -0.0010778241633000517 0.0044668191861728041 0.012266075031725721 0.0033321892312069955 -0.0050536593742850867 0.0077171872756231765 -0.011380346292847706 0.0058757804064199183 0.01424887939519788 -0.0041310903357419677 -0.0034803060683779191 0.0030546887710823345 0.0012952420119535868 0.0034086979727513365 0.021253358238586779 0.0080993953621644292 0.025151787557094095 0.024674740848173064 7.6864902224316932e-05 0.00058579352470079088 -0.0098050789381885044 -0.0018193300425256634 -0.016593627349468704 0.016705988297817186 0.0013351198224516958 0.0019098270497479616 0.00099014169719768689 -0.016003228199013793 -0.0074092776660932679 -0.023057222494126225 0.0087040885683002042 -0.0027977021374896156 -0.010170840570227182 0.0003412453189038551 -0.0031031960688059062 0.023997399111945556 -0.0061845905597154964 -0.0014237497073180331 0.015444177496988974 0.0068588969534594396 0.0087661435131150163 -0.0083823766192401457 -0.0017148726754402613 -0.0046014266141444007 -0.0014340630953536119 -0.00052396581096420761 -0.0060411072778573972 0.0073683439314156038 0.0037848317854193275 0.0086111080111434361 -0.00055372139196830793 0.0033233640558377625 -0.013686620082255312 -0.029868643042604823 -0.0052325837690030833 -0.00053290806323088918 -0.0016174322269328781 -0.009985498293247734 0.00032225797107746231 0.008468300546519994 -0.0053194801971129888 -0.0020683933833462102 0.015266837035825905 -0.0044205906357078781 0.0055529424338486037 -0.01218092349331627 0.0065826410980381117 -0.011662257798481099 -0.002200528677669972 0.00085556745141402107 0.0017755435890976926 -0.0017742883004932557 0.0010879260543095867 0.0044176371670221863 -0.003716078191638824 0.0067320451597046261 -0.022306323270512643 0.00099522548666982919 0.0092484010467765339 0.0040858488538179213 0.011709952490824935 0.0011593436842807492 -0.020463197746042244 0.0071970406369709517 -0.0091987069646081929
leaf_weight=3597.0797357931733 3199.720594920218 1756.8091155216098 1015.6669439226389 11285.152370192111 650.44812087714672 338.04455175250769 3921.3577739298344 11787.510424613953 7576.4723519235849 180.44560730457306 17693.277202129364 3869.3249783441424 4448.6111311689019 3798.1804898828268 36.715311124920845 75.340188853442669 95.128263354301453 49.889921613037586 92.427125848829746 149.04704177379608 100.44141370803118 5031.8324904963374 120.0996455848217 3330.4106035903096 8348.9091334342957 32.354987919330597 45.181849129498005 11225.95590917021 11456.476572595537 35.375287510454655 206.10374838858843 8922.9793869182467 16.223733268678188 240.61953912675381 29.347625732421875 58.89638564735651 8323.7171286121011 1963.0353740826249 1087.456023670733 1849.4263748675585 37.505028486251831 250.57209779322147 7844.0840105041862 143.24475586414337 8200.6231986954808 178.8028436973691 1794.4007852375507 252.10554895550013 206.89232756197453 145.0946397408843 235.64893224835396 2383.3903155103326 3054.9002951160073 465.30136049538851 3040.8743751868606 43.942130886018276 1817.6679485440254 43.620412096381187 30.526011824607849 5736.7382169440389 6877.0426288098097 469.80810806900263 2104.5517360493541 46.099257797002792 83.166977249085903 4081.424368917942 30.111573457717896 156.36708994209766 99.36168234795332 140.10671622306108 70.77612841129303 1052.444840118289 3937.06642922014 344.50940810143948 3644.0678415223956 111.31602768599987 30.168589606881142 849.86835593730211 8834.6383148431778 170.81811069697142 608.362110927701 158.87900928407907 77.886418834328651 1607.8052197694778 13829.815935693681 1749.4725841581821 1069.5811485946178 1133.4557996466756 1073.1110708341002 3354.7574887573719 409.43233010917902 725.16016612946987 67.713808842003345 162.2627110555768 22.599818147718906 5938.6187251061201 10225.68981590867 532.39340975880623 442.96281067281961 442.27438179403543 199.0963471904397 2231.6820458993316 393.25553954392672 71.259938828647137 1801.057423748076 211.38070823252201 676.26359567046165 230.99830660223961 31.291385158896446 4723.0145973265171 1501.2065437138081 913.38293951749802 550.37529341131449 355.6166582480073 396.41040141135454 1635.1350286230445 163.07016260176897 41.861458033323288 1012.8005957081914 265.62350878119469 1842.4181807413697 21.776588268578053 108.52403934299946 32.050411209464073 227.29976734519005 462.39932536333799
leaf_count=28078 25579 13790 8021 88900 5037 2558 31079 92489 58355 1126 138396 30006 34903 29364 129 204 236 248 486 753 548 39870 729 24916 66244 106 111 78545 87884 163 1271 66984 103 1841 69 258 65221 13525 8328 13256 232 1819 59377 435 62297 1206 13935 1867 1321 1055 1755 17445 24342 3317 23318 325 13829 223 169 45366 53549 2942 16373 169 247 32239 145 1074 529 1060 267 7737 30906 2488 28435 576 123 6697 67676 1044 4488 1094 407 12157 108295 13233 8547 9040 8365 26309 2850 5628 372 1271 109 46477 79517 4062 3025 3438 1368 17023 3050 480 13674 1594 5354 1701 229 36529 11705 7208 4391 2701 2899 12770 1198 239 7549 2040 13724 134 850 201 1579 3506
internal_value=-1.36318e-06 -0.0016292 0.00188776 -0.0025191 -6.20891e-05 0.00358819 -0.00309813 0.00102736 0.00161304 -0.000424834 0.000125907 -0.00250321 -0.00296445 -0.00239581 0.00129406 0.00292966 0.0106407 0.00281628 0.00253666 0.00169432 0.00226205 -0.00422694 -0.000195729 0.0020754 0.00265042 0.0010665 0.000552039 0.00100563 0.001785 0.0016742 -0.00154413 -0.000799298 -0.0109508 -0.00106452 0.000862113 0.00186566 0.00273877 0.000260436 -0.000303836 -0.00166639 0.00228366 6.1276e-06 0.00535309 0.0197448 0.00387197 0.00635364 0.00572351 0.00263817 -0.00360415 0.002977 0.00605301 -0.00379368 0.00220869 -0.00473977 0.00124945 -0.00363946 0.00668602 0.00021346 0.000978415 0.00111194 0.00150383 -0.00273866 -0.00328032 -5.40668e-06 0.00488653 0.00298415 0.019321 0.00209375 -0.00564524 0.00315077 -0.0107819 0.00678851 -0.0017983 -0.00339344 -0.000891803 0.00817662 0.00279628 -0.00507929 -0.00107786 0.00243338 0.00199158 0.00830639 0.00310923 0.00217341 -0.00376352 -0.00424593 -0.00137121 -0.00336443 0.00143311 0.00479418 0.00493511 -0.00378694 -0.00618667 -0.00636188 -0.00504168 -0.00472373 -0.00152196 -0.00170056 -0.00213732 -0.00483995 0.00113414 -0.00483466 -0.00429668 0.000615887 -0.000999802 -0.00337027 -0.00884859 0.00117299 0.00745315 -0.0010935 0.00310293 0.00479948 -0.00636141 0.00662218 -0.000769311 -0.00112219 -0.00276482 0.00157709 0.000247956 0.00271669 0.00358802 -0.0106496 0.00705789 -0.000802075 -0.000765716 -0.00441272
internal_weight=270813 145466 125346 92779.5 52686.8 42113.2 72682.9 83233.1 50452 20096.6 32781 47600 36043 27301.2 7925.1 30672 442.979 30229.1 27827.1 17065.2 14599.5 25082.9 10270.9 40181.1 25592.4 14588.7 38920.2 14556.4 13209 13108.6 12171.5 9145.31 222.327 11557.1 33517.4 12561.7 8957.16 20955.7 3604.56 2465.66 6168.29 3545.67 11441.2 238.373 10762 2421.25 2328.82 8927.81 458.998 8468.81 2401.92 3026.24 21222 8741.82 14828.4 11264.9 2284.32 20910.5 12358.3 8791.64 10395.3 2694.46 2574.36 204.606 158.507 12430.3 66.8269 6101.47 255.729 8340.73 219.823 1390.49 13766.7 4281.58 8552.19 185.105 141.485 8276.52 9485.09 5845.74 5438.15 407.584 236.765 5400.65 20611.1 15579.3 5402.76 2203.04 10364.7 4370.42 660.004 11112.4 117.604 4407.19 2881.06 6663.78 16036.3 1652.1 1616.73 885.237 731.49 2858.46 2696.2 464.515 12238.1 2012.44 1526.13 466.647 271.911 8367.08 3487.7 1986.49 4471.73 2150.02 2245.84 2885.66 1798.21 4792.29 2886.23 1278.42 1906.06 63.638 152.466 17952.6 17920.6 2845.79
internal_count=2079998 1123234 956764 716687 406547 316294 567477 640470 384487 149210 255983 370609 279639 212332 58775 228839 1291 227548 209643 127958 110783 196868 78399 306088 202521 103567 300440 103461 100488 99940 90435 68358 1374 90970 257274 96756 69533 160518 27223 17175 44985 26965 87455 671 81685 18328 17842 69464 3188 66276 17905 22077 168191 67307 115807 88183 17285 160407 94521 69708 80996 20044 19315 620 451 98483 274 44711 1603 63357 1020 10295 106107 33394 65886 922 699 63990 72713 43108 40563 2545 1501 40331 161398 121528 43166 17587 80827 34330 4669 87008 620 33984 21933 52105 124149 12056 11893 6463 5430 21824 20553 3530 94785 15268 12051 3456 2070 64964 27278 15573 35470 16636 16155 22296 13968 35843 21746 9589 14097 373 1175 140176 139975 20951
is_linear=0
shrinkage=0.02


Tree=13
num_leaves=127
num_cat=0
split_feature=10 10 10 2 29 54 27 8 2 54 47 40 26 19 28 48 46 46 39 40 9 27 5 39 47 5 33 29 38 34 5 39 0 29 40 25 19 39 38 29 38 5 40 47 40 55 39 29 47 15 47 34 49 12 39 15 27 54 19 48 1 31 46 39 2 29 1 38 38 39 39 29 5 38 47 47 55 29 29 34 27 5 38 49 39 40 47 13 26 21 38 55 28 2 54 18 21 40 1 55 34 19 43 39 6 29 12 29 47 55 26 46 39 38 34 26 13 15 39 39 48 11 1 5 22 38
split_gain=1999.7 440.449 424.645 228.615 140.269 119.564 117.524 105.067 103.879 111.627 94.6985 89.7401 90.0825 84.5008 73.3868 75.1726 71.9342 70.494 70.2332 70.2519 68.2464 67.4889 76.2758 67.4802 65.9392 65.7355 65.0333 64.1282 100.629 128.451 86.866 60.0632 57.7417 57.1098 55.7242 82.9479 54.5831 53.9625 52.9604 51.9897 50.0435 48.8627 48.4728 48.3874 48.0731 81.9413 84.302 57.9285 52.7585 47.9451 47.4978 46.9718 46.8219 46.5476 46.5152 52.4175 46.3622 70.5 47.3211 53.2172 78.3815 62.1565 53.6354 46.6338 51.805 46.1134 72.1563 55.5358 51.2603 44.8741 62.1437 61.0338 44.183 44.1114 53.8775 53.2234 46.1256 43.9092 43.0805 63.9257 42.8953 42.842 42.7442 53.0103 47.6215 56.7322 46.8923 42.6038 42.6013 42.3752 42.3378 42.2291 41.6963 46.1697 64.2683 41.6183 41.5127 41.429 41.3332 41.3088 41.2236 41.1389 40.9604 40.6026 62.4868 40.4549 40.1177 39.9338 40.7665 41.033 39.8175 39.7836 55.9977 86.4688 46.3094 39.9291 39.5473 39.1347 38.3997 38.2098 38.0393 37.9414 42.081 37.8902 37.8374 40.7511
threshold=-0.11768724396824835 -1.440106928348541 1.2293046712875368 0.001183703192509711 5.5065631866455087 0.079809013754129424 -0.60785761475563038 -0.95297721028327931 -0.0025808711070567365 0.084924805909395232 0.067559268325567259 -1.0000000180025095e-35 0.78656607866287243 8.7590279579162615 0.81174489855766307 -0.035545004531741135 -0.014316792134195564 0.007832325994968416 0.66770833730697643 0.46650633215904241 1.8307325243949892 -0.87837970256805409 0.14455679804086688 0.27187500894069677 0.0080582019872963446 0.13599858433008197 -0.01302994880825281 2.0530283451080327 -0.23981512337923047 0.070833336561918273 0.079315956681966795 0.067708335816860213 0.011115710716694595 -0.35681426525115961 -0.3415063470602035 0.60355338454246532 2.9915102720260625 0.77604165673255932 -0.1640888303518295 2.622836828231812 1.9710640316703559e-17 0.27242179214954382 0.12500000000000011 -0.091461442410945878 -0.12500000000000003 0.29020999372005468 0.43854166567325598 5.5065631866455087 -0.057246809825301163 6.0397744178771982 0.00057271367404609929 0.13750000298023227 0.34490944445133215 0.85987707972526561 0.32604165375232702 6.9606721401214608 1.0000000180025095e-35 0.17954456806182864 1.2424235343933108 -0.12250675633549689 -0.047858271747827523 0.10999999567866327 -0.065853759646415697 0.65104165673255932 -0.034050257876515382 1.6212522983551028 -0.036988509818911545 -0.20755711197853086 -0.11773394793272017 0.4760416597127915 0.067708335816860213 -1.8902391195297239 0.32256756722927099 0.087113134562969222 -0.052480589598417275 -0.048719732090830796 0.31536227464675909 -0.80329477787017811 -1.3630032539367674 0.029166667722165588 1.0000000180025095e-35 0.13452854007482531 -0.30078926682472223 -0.93300932645797718 0.78854167461395275 0.34150634706020361 -0.048719732090830796 0.84224024415016185 -0.6035533845424651 1.4218181371688845 -0.0071428054943680755 0.14914490282535556 -0.56174489110708226 0.06114312261343003 0.16909300535917285 1.5931857824325564 0.78496164083480846 -0.3415063470602035 0.016978508792817596 0.36077880859375006 0.029166667722165588 2.5898292064666752 0.018469894304871563 0.53437501192092907 2.7654128074646001 0.26906132698059088 0.17675799131393435 3.572928905487061 -0.040148062631487839 0.1401498764753342 0.91597560048103344 -0.021995655260980126 0.42604167759418493 0.24217850714921954 0.070833336561918273 -0.12940952181816107 0.18074198067188266 3.0761182308197026 0.33020834624767309 0.18437500298023227 0.025035076774656776 0.76058813929557811 -0.0085740950889885408 0.21588832885026935 -0.029027162119746205 0.03866225294768811
decision_type=2 2 2 2 2 2 2 2 2 2 2 2 2 2 2 2 2 2 2 2 2 2 2 2 2 2 2 2 2 2 2 2 2 2 2 2 2 2 2 2 2 2 2 2 2 2 2 2 2 2 2 2 2 2 2 2 2 2 2 2 2 2 2 2 2 2 2 2 2 2 2 2 2 2 2 2 2 2 2 2 2 2 2 2 2 2 2 2 2 2 2 2 2 2 2 2 2 2 2 2 2 2 2 2 2 2 2 2 2 2 2 2 2 2 2 2 2 2 2 2 2 2 2 2 2 2
left_child=1 6 3 4 20 21 36 39 9 52 13 107 43 14 17 26 -9 41 19 44 34 22 24 -12 90 -17 -16 28 29 37 33 65 87 118 35 -2 -1 -8 -28 110 -15 -7 100 -13 45 46 47 -18 -46 102 111 56 -3 -43 123 -56 57 63 72 60 119 -62 -63 64 -33 67 -67 -11 89 70 73 -71 -59 75 -75 80 -77 -54 79 -65 -32 -49 83 -58 85 -84 -87 -23 -44 101 97 121 93 94 -25 -51 -39 -4 -41 -52 -27 -69 -19 -29 -105 -20 -38 -10 -109 -110 -5 112 113 -36 -114 -113 -70 -26 -30 -60 -66 122 -45 -47 125 -61
right_child=2 8 5 7 -6 10 27 16 11 31 23 12 -14 40 15 25 18 49 105 -21 -22 32 -24 92 117 42 38 103 30 -31 69 51 -34 -35 50 -37 106 96 -40 98 -42 53 88 91 48 54 -48 81 -50 95 99 -53 77 -55 55 -57 82 58 59 124 61 62 -64 78 120 66 -68 68 116 71 -72 -73 -74 74 -76 76 -78 -79 -80 -81 -82 -83 84 -85 -86 86 -88 -89 -90 -91 -92 -93 -94 -95 -96 -97 -98 -99 -100 -101 -102 -103 -104 104 -106 -107 -108 108 109 -111 -112 115 114 -115 -116 -117 -118 -119 -120 -121 -122 -123 -124 -125 -126 -127
leaf_value=0.0038317837698270147 0.0030363767436256965 0.0035357128828167089 0.0018164100324398842 6.2870863574303375e-05 0.010739710922374164 -0.0012880760862023918 0.0092409661548373285 0.011028250811237468 0.0010497327145337426 0.023754864825683689 -0.016244636677453357 0.023892596126231735 -0.0026815859974918181 0.0005124346119633193 -0.015466428308621025 -0.00030017242377655082 -0.0030672893255579738 -0.0034342607451459469 0.0012007227279001126 0.00013293690533488679 -0.0031860501897449218 -0.0026684374218819656 0.018206935721117309 -0.014003278212678492 -0.011857844754479263 0.01112821283055301 0.028025593276803377 0.0080842560127093663 0.003134691918303999 0.026150419451750635 0.0013471679399625913 -0.0070129355167726009 0.0075296280209714971 0.0022251127161248318 0.00062222946456003494 -0.00095559617222200181 0.0080981173629234276 0.01072891048654089 -0.0035480297646865518 0.0012800102312315767 0.010327663910346379 0.014074326359694272 0.0070500649214619319 0.0060015468972399776 -0.019914243384741154 0.00091598833068929351 0.0040870646010049243 0.0074756829665623692 -0.0036128003775840888 -0.0096035612574659011 -0.0010431252257694661 -0.0093009515239945752 0.0036603443374254876 -0.00068950825979289675 0.019022307879195538 -0.023140931105087352 -0.010320530721446732 -0.0061959421455484555 -0.00035313532138107244 0.0019624507010778595 -0.026578629366608458 -0.012295055476212343 0.015049496008135406 0.013292393159061838 -0.00037201192281538465 -0.034212919825533587 0.00024994495997776735 -0.025161519220854568 0.012218629294353656 0.0050781845129391958 -0.00015108774827472612 0.0006008624264679396 -0.034291141211081712 -0.023045628411239132 0.0013333287806930392 0.0051343032172749383 -0.026066503605077878 0.00024858781746807965 0.00038732403135363462 0.0014199308439801805 0.025964011814535694 -0.0025864257833651616 0.0033356815576254008 0.015035538166290351 -0.0023630559389253543 0.0081209657737991367 -0.0010854162426028047 -0.0042762298944005305 -0.0055354298919848399 0.018179510412692855 -0.0068045232674175749 -0.0029722485466659385 -0.0081569792741427831 -0.011319089090249854 0.020159158856870793 0.0099549005702481968 -0.01784387474628954 -0.0047294379032861485 0.0079024664470404831 -0.024886347101534187 -0.0074270055152865482 -0.00091627764020055539 0.0016976513684293319 0.0039495950318197302 -0.019481570789144843 -0.0016690248039552835 0.0047643516196650944 0.032404775103688319 0.0057844056725655105 -0.0013913658473678427 -0.0038475240831682468 -0.00019443140759916458 -0.003643177314730503 0.034673998094055102 -0.017775600017215423 0.001784117413699186 0.0039043138271496226 0.0047556073238370026 0.0061016312169573025 0.029153423946751088 0.0048528205175518806 -0.002107656988039519 0.00059076787766587484 0.022210063834185289 -0.0061162951787204212 -0.0058888508590262244
leaf_weight=5586.963374055922 6426.1232382133603 12813.956847108901 556.20914956927299 6927.4421994760633 512.18392822891474 7403.5007858797908 255.52356483787298 164.24076440185308 18176.456280179322 60.883145786821842 294.45326486974955 33.408098593354225 5739.0599602535367 514.42884948849678 198.63852070271969 2052.2166098728776 10115.055427022278 9234.2647269070148 3197.0799760073423 3270.361541479826 2226.1914901807904 13567.158636808395 51.139668144285679 29.004523403942585 905.70924133062363 552.35581859201193 25.171665109694004 1466.8556083068252 3080.9039186909795 160.65857622772455 41.810189321637154 420.52836830914021 192.00583214312792 6498.3296282663941 823.23540862649679 3078.647377319634 3215.983194693923 29.262390866875648 112.0319442898035 1298.9628506749868 347.9602333381772 164.27540067583323 213.31170435994864 599.29639675468206 78.903017267584801 48.289999760687351 787.57170936465263 375.2245913669467 15522.067864902318 690.46719659864902 10280.132691562176 197.80121389776468 2339.3974373862147 176.35463340580463 18.44149325042963 29.096732504665852 39.766700848937035 58.98702160269022 23.963023819029331 697.21484594792128 32.486860416829586 46.478594101965427 71.597784280776978 352.584741063416 4439.9026410505176 28.627525292336941 134.79283418506384 52.004144422709942 282.74507454037666 2497.6560481414199 7907.5729143097997 2377.5326918587089 35.772617653012276 44.457468025386333 178.46740434318781 970.1439641341567 18.34214810281992 4249.4893029034138 761.1060159355402 373.52072786539793 88.04779389500618 306.77184607088566 4424.4619461670518 175.38171543926001 1208.8904650211334 241.08105638623238 2576.2921342775226 12849.337278395891 215.0024326890707 20.768099650740623 2325.3849401623011 1576.4416800513864 345.07574712485075 52.273755684494972 83.117774814367294 45.60036913305521 61.676387071609497 1263.7579407468438 530.71127533167601 28.153685033321381 51.680631645023823 59.681905411183834 666.18837779015303 902.85486052930355 46.945122741162777 5094.1278202831745 2635.4558038264513 19.385352574288845 1228.7860492393374 429.54873178899288 1224.7997892275453 7323.8406896665692 1089.3108965083957 29.955782175064087 100.56776838004589 9207.6067441552877 1197.6178549975157 59.893354095518589 4041.0269511640072 63.732520014047623 636.34906052798033 2022.6879495158792 13657.944602929056 108.97644460946321 1204.9604025110602 424.58931474387646
leaf_count=42630 50102 100902 4414 54018 3634 56331 1312 998 142773 237 1906 104 44928 3711 1338 15822 79198 69949 24994 25296 17287 107144 314 208 7172 3633 115 10904 24239 645 286 2930 1396 51622 5560 24015 24533 149 861 9940 2479 771 1380 4596 426 321 6146 2852 119924 4256 80652 1193 18437 1027 116 147 175 354 114 4647 134 235 348 2625 33840 79 1013 270 2070 17392 56222 17913 56 208 1225 6946 69 33639 5903 2708 435 2190 32660 904 8942 1563 19403 100822 1539 152 18470 11110 2426 312 445 297 323 10008 3814 150 310 341 4713 6778 274 39644 20292 71 9557 2969 9563 56932 7870 54 596 72227 8735 446 31897 221 4926 15987 107985 553 7849 2785
internal_value=-1.31811e-06 0.00185017 -0.00159666 -0.000751105 0.00034888 -0.0029777 0.00351704 -0.00167249 0.00100686 0.00174587 -0.00189483 0.00033128 -0.000501535 -0.00165527 -0.00189825 0.000791273 -0.00213985 -0.00239881 -0.00219568 -0.0026373 0.000217555 -0.00377745 -0.00587073 -0.00863669 -0.00611536 0.00177067 -0.00817967 0.00287151 0.00260378 0.011425 0.0024421 0.000710685 -0.00337111 0.00358172 0.000415042 0.00174329 0.00524734 0.0045381 0.00239817 0.000158881 0.00448126 -0.00094688 0.00588459 0.000197883 -0.0029681 -0.00200377 -0.0022259 -0.00268681 -0.00369658 -0.00345563 -2.20671e-05 0.000368142 0.00283115 0.00644806 0.0105055 -0.00670903 0.000473156 -0.000480764 -0.00325113 -0.00273415 0.00624902 -0.0025153 0.00426456 0.000574472 -0.000275617 0.00415889 -0.00595245 0.00514973 0.00443249 0.00134288 0.000524169 0.00289546 -0.0170599 0.0045031 -0.00360526 0.00612205 0.00452858 0.00146046 0.00371517 0.00719673 0.0181167 0.00295098 0.00153477 0.0103182 0.00130984 0.00192334 -0.000294675 -0.00345066 0.00073197 -0.00744475 -0.00501632 0.00015216 -0.00421446 0.00405434 0.0112673 -0.00837867 -0.00862212 -0.00272848 0.00320472 -0.00111075 0.00952935 -0.0123375 -0.0030887 0.00599851 0.00277116 -0.000562322 0.00659785 0.00132246 0.00427416 0.00392539 -0.000524907 0.000582092 -0.00205003 0.00185816 -0.0048524 0.000907552 0.00550018 -0.0108225 0.00481891 0.0211663 0.000283593 0.000454933 0.000818683 0.015725 -0.00365674 -0.00101088
internal_weight=270799 125337 145462 90224.1 41125.9 55238 42106.5 49098.1 83230.4 39747.4 23467.4 43483 23628.8 22663.4 21801.1 3420.41 39116.2 18380.7 38952 30660.8 40613.8 31770.6 5162.09 803.925 5110.95 3084.57 335.842 30668.1 28251.4 507.121 27744.3 20344.6 26608.5 13620.3 38387.6 9504.77 11438.4 346.462 137.204 9981.92 862.389 7744.13 1032.35 17889.8 27390.4 11789.4 11584.6 10797.1 15601 10636.5 28882.8 18507.4 19402.8 340.63 204.805 47.5382 18309.6 9643.77 2659.78 2565.02 238.259 150.563 118.076 6983.99 5496.78 1837.12 163.42 1673.7 1612.82 14124 9248.84 4875.19 94.7596 1341.27 222.925 1118.34 988.486 6588.89 1487.21 726.105 129.858 681.996 8665.87 215.148 8450.73 7241.84 2817.37 26416.5 428.314 132.454 4145.35 17856.4 509.472 164.396 112.122 736.068 90.9388 1819.97 1829.67 10308.3 604.036 111.686 9900.45 2416.66 949.8 8291.21 5851.44 19854.2 1677.72 1658.33 8152.24 18574.5 2043.07 853.191 1189.88 16531.4 1480.36 965.603 7121.93 87.6955 5076.25 16279.9 14257.2 157.266 2326.76 1121.8
internal_count=2079998 956764 1123234 699219 319079 424015 316294 380140 640470 300390 173829 340080 184710 168532 162342 24998 302805 137344 301807 237169 315445 250186 40824 5297 40510 22684 2314 228839 210883 2429 208454 147412 209362 107758 298158 74117 87455 1784 976 77335 6190 58129 6862 139782 211873 91523 90386 84240 120350 79215 224041 134515 152978 1798 1137 263 133322 69675 16743 16333 1052 717 583 52932 41696 12897 1092 11805 11568 100696 65391 35305 410 9169 1433 7736 7015 52076 11236 5333 721 5042 63647 1079 62568 53626 20966 207966 2919 763 32892 139678 3391 965 653 4553 472 14422 13754 80802 3943 611 74662 17956 7052 64638 44825 155370 12597 12526 63581 143239 14080 5614 8466 129159 10805 7618 56136 335 38766 128568 112581 874 15281 7432
is_linear=0
shrinkage=0.02


Tree=14
num_leaves=127
num_cat=0
split_feature=13 51 8 53 9 40 27 26 27 39 38 9 51 6 33 48 39 38 39 8 13 25 46 40 34 18 33 23 47 4 39 5 38 18 5 53 31 48 4 53 2 38 47 39 46 26 15 39 28 33 5 13 2 13 15 5 48 46 5 49 27 57 53 48 15 4 34 47 4 3 22 38 31 5 3 57 39 21 38 37 45 23 51 28 26 13 27 45 26 53 40 2 38 39 5 34 18 38 34 12 48 33 28 21 46 7 48 27 37 40 52 34 18 26 48 7 4 47 2 39 26 34 15 40 38 22
split_gain=1643.34 513.597 473.107 268.385 185.543 162.796 130.394 124.353 117.992 115.136 114.716 111.533 98.9508 88.2513 77.1054 76.9883 86.9656 129.415 89.8795 76.9069 76.2766 70.6227 68.9404 67.535 61.5112 58.5014 56.8066 58.7985 55.7691 52.7674 52.582 52.1806 51.2292 49.8775 48.7761 72.5089 49.7628 48.5135 61.9197 55.56 47.6838 50.3911 46.3384 57.1946 54.087 45.124 44.1854 44.1623 43.9921 60.1349 51.4845 48.794 50.7838 43.7163 53.5007 43.2443 45.3886 43.6134 43.0827 43.0539 42.7056 41.6433 40.8768 58.8316 40.4443 48.3223 100.46 40.1673 39.6526 39.5149 39.1162 38.4275 61.8463 46.4243 37.8589 43.9208 37.2359 40.6792 36.5523 36.5304 37.3689 36.5262 36.4685 36.063 35.8953 42.4583 35.8252 44.2683 46.2805 38.9188 35.7408 48.1888 35.6262 35.5674 46.6251 35.3607 35.3477 35.3442 45.5633 34.9861 34.9099 34.8968 34.5739 35.9835 34.3047 72.3381 34.2592 34.2467 58.205 33.6752 33.3075 33.2498 38.3357 33.214 33.0505 32.9147 32.6511 32.6191 34.4017 32.2945 32.2711 37.1635 32.0762 31.7235 46.1533 31.677
threshold=0.52600106596946727 -1.3577762246131895 0.035408999770879752 0.19856426119804385 1.6094086170196535 -0.3415063470602035 -0.87837970256805409 0.78656607866287243 -0.60785761475563038 0.68854168057441723 0.0074346004985272893 -1.5081782341003416 1.4047575592994692 3.6421235799789433 0.049849597737193115 0.0076973338145762691 0.4760416597127915 -0.23981512337923047 0.071874998509883894 0.069032132625579848 0.1071552373468876 -1.0000000180025095e-35 -0.065853759646415697 0.46650633215904241 0.070833336561918273 -0.51605662703514088 -0.010694065596908329 -0.049961460754275315 0.067559268325567259 0.13462676107883456 0.56354168057441723 0.075454153120517745 0.094803072512149825 -0.31731301546096796 0.12758415937423709 0.49591039121150976 0.14999999850988391 0.043877765536308296 0.13810849189758304 0.8735947608947755 0.06114312261343003 -0.037316912785172456 -0.0055014013778418294 0.084375001490116133 -0.021130072884261605 0.37940952181816107 1.6347348690032961 0.30104167759418493 0.81174489855766307 -0.012674303725361822 0.47547437250614172 0.83879753947258007 0.049493947997689254 0.84902805089950573 8.7330217361450213 0.074074495583772673 0.0072476158384233722 0.061052018776535995 0.038735719397664077 -0.20651604235172269 -1.0000000180025095e-35 0.038438139483332641 -2.4916338920593257 -0.086653765290975557 0.22291541099548343 0.47378799319267279 0.045833334326744087 0.024028211832046512 0.29894319176673895 2.5770306587219243 0.18014952540397647 0.1087079979479313 0.16999999433755877 0.18296806514263156 -3.3042609691619869 -0.035645114257931702 0.85937500000000011 0.80246937274932872 0.24217850714921954 1.6012231111526491 0.010726263280957939 0.047589864581823356 -1.8260833621025083 1.0000000180025095e-35 0.12940952181816107 0.76986980438232433 -0.87837970256805409 -0.0065614557825028888 -0.6035533845424651 -0.98694664239883412 -0.12500000000000003 0.018417421728372577 0.1314416974782944 0.24687500298023227 0.24386817961931231 0.12083333358168603 -0.85490700602531422 0.1087079979479313 0.17083333432674411 0.86704677343368541 -0.0032711540115997191 0.03880951181054116 -0.56174489110708226 0.90103968977928173 0.015299730934202673 0.28417511284351354 0.0233808932825923 0.6078576147556306 0.86996480822563182 0.46650633215904241 -1.5373500585556028 0.062500001862645163 0.29748106002807623 0.91597560048103344 0.028658735565841201 0.035817051306366927 0.32880382239818579 0.0014817233895882966 0.009055970702320339 0.19270832836627963 0.98296290636062633 0.12083333358168603 6.0397744178771982 1.2246467864107191e-16 0.0848820134997368 0.13628917187452319
decision_type=2 2 2 2 2 2 2 2 2 2 2 2 2 2 2 2 2 2 2 2 2 2 2 2 2 2 2 2 2 2 2 2 2 2 2 2 2 2 2 2 2 2 2 2 2 2 2 2 2 2 2 2 2 2 2 2 2 2 2 2 2 2 2 2 2 2 2 2 2 2 2 2 2 2 2 2 2 2 2 2 2 2 2 2 2 2 2 2 2 2 2 2 2 2 2 2 2 2 2 2 2 2 2 2 2 2 2 2 2 2 2 2 2 2 2 2 2 2 2 2 2 2 2 2 2 2
left_child=1 8 7 12 5 10 31 11 20 13 22 32 58 23 95 16 17 24 62 25 71 61 119 28 109 -7 -13 90 48 96 -18 84 -2 -33 35 67 74 38 39 60 41 47 43 -21 107 76 -38 -25 50 -50 51 52 101 -30 93 99 -57 78 -4 92 -24 81 -19 -64 -20 97 -67 86 -48 -51 -15 73 -73 -1 75 -36 -44 -78 -58 80 -40 106 -68 -46 85 -5 87 -27 -89 -88 91 -28 -29 -55 -95 -12 -22 98 -66 -11 -32 -8 -62 -104 -35 -106 -9 108 122 -10 -99 112 -75 -70 -87 -49 -54 118 -23 -3 121 -31 -45 124 -17 -86
right_child=2 4 3 6 -6 19 9 21 15 55 14 26 -14 70 -16 123 30 18 64 42 29 117 37 40 -26 34 27 59 53 120 100 33 -34 104 36 -37 46 -39 79 -41 -42 -43 45 44 83 -47 68 115 49 69 -52 -53 116 54 -56 56 57 -59 -60 -61 102 -63 63 -65 65 66 82 -69 113 -71 -72 72 -74 111 -76 -77 77 -79 -80 -81 -82 -83 -84 -85 125 114 89 88 -90 -91 -92 -93 -94 94 -96 -97 -98 110 -100 -101 -102 -103 103 -105 105 -107 -108 -109 -110 -111 -112 -113 -114 -115 -116 -117 -118 -119 -120 -121 -122 -123 -124 -125 -126 -127
leaf_value=0.0077993601453168341 0.0028868711436124124 0.030967487380558038 -0.0017491789454142487 -0.0053784558014449858 -0.0030241915528367055 0.0028048451640721988 -0.0030444709328288576 0.0014168499024445921 0.013016139884210583 -0.00092425956967331923 0.0013016832824602645 0.0018146388759138097 -0.0030800366817045582 0.00038875206694612168 -0.016870018848890361 0.0068707355875195974 0.0066976295115289824 0.0092911156693352061 0.0019475698700383015 0.0056332094871735161 0.0080473694813807759 -0.00019219941485769016 0.0030475554077998104 -0.0019116053499321356 0.029152955310650635 0.011086959666323577 0.0023232796873115438 -0.00028361030558711665 -0.0041970912641157501 -0.00059339432575304272 0.0037898059284625181 0.002281887731798527 0.012021791087327994 -0.0027894576566321163 0.00087133895911595499 -0.00074521655133489 -0.00048424315722464349 0.0092181792115792714 -6.4740838824930855e-05 -0.00040269077672148518 -0.016525824229584117 -0.0027709524250622221 0.00022258308786808482 0.002200529731315219 0.0022683351930296866 -0.0022858450080363124 0.0032332546256652818 0.001364286446953403 0.0016749155451646553 -0.0031956780638070516 -0.021472019687962193 -0.0046354800844821669 0.014894957318337471 -0.017434843379260712 -0.029179282623251337 0.0031939936271265334 -0.00074350365521821168 -0.015762858218472568 0.00054612505584216732 -0.002070581228016071 0.002963812352182725 -0.0026950606197694684 -0.015352339800065286 0.0039000366092118879 -0.00030528895323021175 -0.010087604323114134 0.027417810211623074 0.0097218643849048981 0.020419677110355285 0.016723828043099014 0.0096171864215864721 0.0063589744386578842 -0.019228142800349967 0.016013627344780224 -0.0019754085761611679 -0.028421686783448551 0.0016190769913206862 -0.0061697577718988362 0.021728146965049128 0.020175760371989929 -0.01449658168323204 -0.0023866586842390992 0.0029112091989255857 -0.00036382180866415702 -0.0035298455812123515 -0.0093116034694702005 0.002316085346306731 0.0071293282816434159 0.0011292292627693653 0.00035181604435211337 8.9605383211661886e-05 0.011498661623578222 0.0068622948351735489 -0.0088622941997871813 0.017101002902787189 -0.012130057398073971 0.0042860905793829585 -0.0040228453876314787 -0.027682150852834958 -0.0041310462071288941 0.00042316275155387337 -0.013249815587549313 0.0048009975402781378 0.0091646807598196305 -0.0093857930162519702 0.011653247524504888 0.0076052313810758988 0.0013065657326358673 -0.004756590760460303 -0.01224230995040817 -0.019985774124947113 0.026385097991713704 -0.0088506399755532116 -0.0033798483838746937 -0.01977202017624909 0.0082298840484348861 -0.013667299464527325 -0.0044311926848652127 -0.0059262284840378458 0.0049228282418480413 0.01318162135381297 0.021950181817106486 0.021498845053639651 0.0032334354678088201 -0.00054112966091192621 -0.0088556563425148931
leaf_weight=2427.114127472043 4578.2545748725533 54.271453082561493 4209.1063018515706 1358.6900153979659 4899.0890517234802 6583.6149686053395 16025.442316964269 1821.1263274028897 89.974400751292706 3901.9687414243817 10696.246385931969 6519.4784436672926 5206.3724834769964 708.11376325041056 94.25297188013792 3040.9846625179052 1975.3861201107502 583.44873162358999 4199.33911280334 864.22549261152744 1219.1818577647209 1891.1657821461558 3388.4765623509884 822.52455305308104 91.183864258229733 287.84701899439096 2493.5863438844681 14668.979901351035 409.83148777484894 1274.4834686219692 5185.3007102906704 526.79970032721758 258.72354963421822 1668.5489606708288 36.144869662821293 6532.9286420568824 859.41820035129786 626.52954374998808 1335.0761883556843 957.26922803372145 76.353222727775574 2185.5045445114374 10125.712855949998 256.4348573833704 4751.3270507901907 6272.2097500637174 329.40810316056013 691.46808162331581 1394.3073785826564 4848.7372325956821 65.057634420692921 14392.560156099498 95.615300230681896 145.33510311692953 70.873440220952034 1646.8117237016559 3041.764302007854 76.076344437897205 14663.28305310756 6764.0333189293742 1059.8789209425449 1526.7765553146601 65.148383773863316 1584.421460211277 7006.6820435002446 66.235127940773964 85.037122704088688 245.02136512845755 117.54137410223484 39.17282198369503 247.2511019334197 135.2733858525753 51.280347570776939 123.51946426182985 3579.2120597139001 45.856804609298706 406.30512819439173 785.20164735615253 28.230341635644436 32.872940517961979 74.853995941579342 777.32330678403378 34.335077792406082 3704.1039564609528 1908.3158279135823 1565.6896725147963 7277.9545265212655 715.20404060930014 1826.9862340092659 9056.9085463136435 3351.3409103900194 251.33263598382473 283.47726838290691 152.87463738024235 32.752290323376656 77.97344995290041 5598.4877430051565 381.27315890789032 23.402855694293976 2090.2745103910565 1617.1258708909154 134.31349838525057 1404.1161963045597 1651.1733275130391 804.15797130763531 70.262448288500309 444.77490273863077 872.16224762052298 1801.4223393946886 26.592545911669731 59.838986054062843 92.386551216244698 30.226233221590519 28.832708224654198 131.23552596569061 468.66254851967096 18.335522964596748 3800.1450722590089 536.64134126901627 29.867731660604477 76.821380890905857 28.936578974127769 38.890719369053841 3009.4245015606284 377.35180447995663 584.10582395642996
leaf_count=18722 35691 216 33608 10847 38049 51300 124672 14077 438 30987 83171 48582 40364 5065 507 23643 14717 4086 31940 6270 9709 14884 26748 6237 262 2282 19697 114708 2826 8744 38150 4041 1723 12753 139 51615 5940 4810 8884 7593 436 17076 79169 1750 36739 49239 2183 5241 10218 37609 288 110414 614 1018 319 12338 22950 550 111689 52958 8338 11912 306 11810 52444 195 235 1853 444 217 1687 838 250 722 23884 108 3172 6234 166 203 442 6025 144 28541 15192 12490 57065 5684 14378 71320 26326 1859 1929 1085 194 567 44244 2376 142 16539 12630 928 11047 13096 6012 480 3390 6195 12556 103 290 443 150 109 1020 3495 103 29750 4050 167 528 146 103 23035 2804 4643
internal_value=7.55439e-06 0.00157782 -0.00153818 -0.00243313 0.000764542 0.000973412 -0.00312498 1.12136e-05 0.00345818 -0.00275905 0.00248948 0.000535099 -0.000639317 -0.00322224 0.0010449 0.00279753 0.00225804 0.00129571 0.00106395 0.000490147 0.00522031 -0.00188894 0.00396831 -0.00335876 0.0169282 0.00109299 0.000134443 -0.00025942 -0.0036272 0.00423803 0.00382499 -0.00540915 0.00337808 -0.0033146 0.000728608 0.00107712 -0.00108063 0.00382287 0.00348055 0.00413353 -0.000966029 -0.000676866 -0.000266921 0.000675323 0.000299722 -0.000925263 0.00222301 0.0016312 -0.00351324 -0.00198741 -0.00382505 -0.00378688 -0.00303607 -0.00881213 -0.0134944 -0.000911035 0.000504804 -0.000903103 3.40852e-05 -0.000746677 0.00471234 -4.68545e-07 0.00474385 0.00313023 0.000370443 -0.000494535 0.00955791 0.00169054 0.00710605 -0.00303245 0.0027857 0.00803331 -0.000734163 0.00864557 -0.00228598 -0.0156429 -0.000170979 -0.00351379 -0.00052953 -0.000348185 -0.000841376 0.00135151 0.02046 0.00111523 -0.0065671 -0.00802129 0.0015873 0.00366463 0.00281979 0.00122714 0.00147599 0.00316765 -0.000147617 -0.0100548 -0.00420885 0.00120327 0.00495994 -0.000745648 -0.000400492 -0.00204355 0.00298979 -0.00313017 0.00608183 0.00716182 -0.0044748 -0.00768272 0.00263483 -0.0020221 -0.00340712 0.00719028 -0.00623086 0.0169207 0.0110933 0.0157337 -0.0101323 0.00414337 0.0102115 -0.0032743 -0.00146198 0.0219003 0.000670455 -7.57051e-05 0.00480923 0.00473341 0.00605232 -0.00478142
internal_weight=270817 134343 136474 86506.8 93782.8 88883.7 62428 49967.2 40560.2 53810.2 21482.9 39169.2 24078.8 43025.1 10868.5 29502.5 23074.7 14296.9 14089.2 67400.9 11057.7 10798 10614.4 42069.7 207.751 37522.9 34332.2 27812.8 37825.2 8197.91 8777.81 8617.81 4836.98 3069.77 30939.3 25942.9 4996.41 10530.2 9903.72 8460.91 4244.51 4168.16 29878 12288.6 11424.3 17589.4 1335.2 1982.66 37013.5 6282.22 30731.3 30666.3 16273.7 811.667 401.835 10785.1 4792.88 3146.07 18872.4 21716.5 7503.65 4570 2233.02 1649.57 11856.1 7656.8 185.607 19409.9 475.782 4887.91 955.365 2859.8 186.554 2673.25 3661.21 82.0017 11317.2 1191.51 3069.99 1442.8 1409.93 3043.22 119.372 8455.43 5548.04 3055.62 19164.9 2830.04 2542.19 16334.9 6096.26 2744.92 14952.5 330.962 185.627 10774.2 6817.67 7471.2 7030.08 5992.24 6802.43 16159.8 4115.17 3055.29 2542.97 874.42 2265.9 2968.91 2096.75 116.567 441.112 246.132 153.746 146.374 1696.93 1160.13 113.951 6227.95 2427.81 84.1392 1380.24 1303.42 295.326 6427.76 3418.34 2492.42
internal_count=2080328 1026356 1053972 666411 722110 684061 480750 387561 304246 413272 165789 303473 185661 329742 84245 219750 170268 104771 103968 518272 84496 84088 81544 322990 803 288304 266059 217477 290505 63371 65497 67478 37414 23286 237004 204197 32807 81161 76351 66822 32485 32049 229968 92154 85884 137814 8676 14973 285063 48044 237019 236731 126317 5442 2616 83530 36004 23666 145297 169595 59229 35404 16202 12116 87766 55826 574 152582 2736 37826 6752 21125 1088 20037 24131 247 88575 9406 23116 9529 9326 23492 379 65280 44192 24357 150729 22344 20062 128385 47882 21556 116637 2297 1279 83738 53953 55252 52586 47526 50780 125600 32481 24143 19245 6492 17467 20604 14409 541 2666 1315 872 553 13510 8736 717 48684 18934 383 9418 8890 1853 49482 26447 19835
is_linear=0
shrinkage=0.02


Tree=15
num_leaves=127
num_cat=0
split_feature=10 10 53 16 53 27 12 27 8 24 39 9 39 29 29 38 6 39 39 29 16 6 15 53 20 25 26 46 29 13 29 55 2 33 26 6 10 48 6 46 15 39 25 21 55 6 50 14 38 6 28 15 15 18 18 45 5 29 39 55 38 31 39 18 39 54 13 25 25 43 13 50 45 8 38 29 32 25 15 18 38 14 29 32 18 35 5 20 14 29 55 28 26 54 6 45 38 43 13 29 15 26 38 38 2 52 21 18 18 52 38 39 33 53 44 15 29 38 25 28 54 8 5 57 54 55
split_gain=1822.17 501.243 390.241 249.994 141.527 125.067 116.54 110.101 91.6267 80.2205 76.7262 73.1899 72.7978 69.7316 66.4008 78.1968 87.3142 74.8818 74.2627 63.835 70.7162 64.7385 62.5589 62.3785 59.3769 69.9723 67.9824 58.4949 58.2725 55.8295 55.5779 55.1477 56.444 54.9013 57.6599 53.7385 53.3358 52.811 51.8758 51.8693 50.7792 50.0031 49.715 53.1854 49.0482 47.4749 47.2246 45.1355 44.5055 43.6421 42.9303 42.7064 45.0365 42.4291 42.4194 42.3238 48.7189 49.5317 42.1378 41.8873 66.9859 68.2859 52.661 49.3782 46.8358 44.0668 41.783 41.5305 41.5205 56.7628 47.1563 41.1896 40.3688 40.2316 40.697 40.0327 39.3865 39.3309 48.4929 39.2025 40.7954 39.0371 38.5065 46.8769 38.4515 38.4381 37.9671 69.4596 49.8211 44.3899 52.9878 50.1923 40.7481 42.4936 39.8207 39.7134 37.4459 37.4189 37.2998 67.5307 58.3434 37.0884 56.0253 40.0717 39.1592 36.9388 36.8589 38.7677 36.828 36.3577 36.2729 53.9048 36.0142 35.8067 35.5476 34.6192 34.4894 34.2138 39.3812 34.0592 34.0264 33.9557 33.5047 33.3433 42.1987 33.3418
threshold=0.065579991787672057 -1.3195313811302183 0.19856426119804385 -0.3420948982238769 -0.05158820562064647 -0.60785761475563038 0.85615089535713207 -0.87837970256805409 1.2728968858718874 60.696172714233406 0.68854168057441723 -1.8670127987861631 0.63854166865348827 -1.0115593671798704 2.1118044853210454 -0.23981512337923047 2.9224898815155034 0.4760416597127915 0.038541667163372047 3.3474624156951909 -3.9388328790664668 -1.0594085454940794 0.27023553848266607 1.6621133685112002 0.89979788661003124 -0.6035533845424651 -0.12940952181816107 0.014117284677922727 -0.34494996070861811 0.66962850093841564 0.44956207275390631 0.090205762535333647 0.0065508033148944387 -0.0074027578812092534 -0.6035533845424651 -1.3003955483436582 2.8752673864364628 -0.012858688831329344 1.6356582641601565 -0.025212796404957768 0.47323703765869146 0.58020833134651195 -0.7865660786628722 0.62000924348831188 0.1290654540061951 3.0202724933624272 1.3108435273170473 -2.7968764305114742 0.16890875250101092 1.2848777770996096 0.81174489855766307 0.22832751274108889 3.8721382617950444 -0.37733423709869379 -0.31046178936958307 0.019639722071588043 0.47547437250614172 7.5160503387451181 0.64270833134651195 0.19532658904790881 -0.30078926682472223 0.14999999850988391 0.21770833432674411 0.83607760071754467 0.34687499701976782 0.37009254097938543 0.95708224177360546 0.78656607866287243 -0.37940952181816096 -0.012793108355253933 0.33206267654895788 -0.71951475739479054 -0.012500170618295668 -0.53241169452667225 -0.12578463554382321 -11.102008819580076 0.0043220210354775199 0.78656607866287243 0.93328356742858898 -1.0410322546958921 -0.061772359535098069 -0.6943911314010619 -8.7872056961059553 0.043712705373764045 -0.64155209064483631 0.27500000596046453 0.47547437250614172 0.9478096365928651 -1.9488990306854246 1.4356791973114016 0.1290654540061951 0.81174489855766307 -0.98296290636062611 0.18768754601478579 -1.8405636548995969 0.016194207593798641 0.10492047667503358 -0.00042132547241635615 0.31463132798671728 -8.7872056961059553 4.2332231998443612 -0.6035533845424651 -0.015980754978954789 0.016637532971799377 0.0042350494768470534 -1.0744691491127012 0.8946070969104768 -0.28284604847431177 0.42708332836627966 0.15140645205974582 -0.0054773634765297166 0.33437500894069677 -0.043641407042741769 -1.6358996629714964 -0.0023429737193509932 3.4538209438323979 -11.102008819580076 0.15202475339174273 0.98296290636062633 -0.56174489110708226 0.086640145629644408 -1.2093885540962217 0.3716790527105332 -0.033035913482308381 0.0623388309031725 0.045034924522042281
decision_type=2 2 2 2 2 2 2 2 2 2 2 2 2 2 2 2 2 2 2 2 2 2 2 2 2 2 2 2 2 2 2 2 2 2 2 2 2 2 2 2 2 2 2 2 2 2 2 2 2 2 2 2 2 2 2 2 2 2 2 2 2 2 2 2 2 2 2 2 2 2 2 2 2 2 2 2 2 2 2 2 2 2 2 2 2 2 2 2 2 2 2 2 2 2 2 2 2 2 2 2 2 2 2 2 2 2 2 2 2 2 2 2 2 2 2 2 2 2 2 2 2 2 2 2 2 2
left_child=1 5 6 12 8 22 19 29 24 35 36 -6 33 -12 15 16 41 18 -17 20 -2 48 49 30 59 26 119 55 40 110 68 -14 -33 86 47 -9 66 51 75 -40 58 -7 43 -16 67 -45 -8 -35 -22 -1 106 -20 112 -27 -54 56 57 -21 109 116 62 98 -61 85 -64 71 101 123 69 -13 -70 -66 -67 74 -46 -10 -75 -72 -79 -42 82 125 -81 -84 -23 114 88 -88 -4 -90 91 92 -91 -94 -92 -96 -87 -31 99 105 117 102 -11 -104 -103 -62 107 -43 115 -19 111 -5 -53 -100 -63 -24 -3 -101 -119 -26 -110 -36 -76 124 -32 -69
right_child=2 4 3 7 11 14 46 9 38 10 13 23 31 -15 42 17 -18 28 37 27 21 84 108 -25 25 53 -28 -29 -30 97 44 32 -34 34 121 -37 -38 -39 39 -41 79 50 -44 45 73 -47 -48 -49 -50 -51 -52 52 54 -55 -56 -57 -58 -59 -60 60 61 63 64 -65 65 72 -68 81 70 -71 77 -73 -74 76 122 -77 -78 78 -80 80 -82 -83 83 -85 -86 96 87 -89 89 90 94 -93 93 -95 95 -97 -98 -99 113 100 -102 104 103 -105 -106 -107 -108 -109 120 -111 -112 -113 -114 -115 -116 -117 -118 118 -120 -121 -122 -123 -124 -125 -126 -127
leaf_value=0.0052949341179079311 0.024324298836980257 -0.015332284049906513 0.0064458550756969699 0.004487539057374805 0.0034060247092491391 0.012510616115027018 -0.00077889821276075084 0.00084046528975082304 0.0177247187584221 -0.00049893072274251359 0.0047005211858247454 -0.018764936179045958 -0.0011649475448264593 -0.0021057452471289683 -0.0081223919974735149 0.0054892850341831988 0.021774788979665966 0.0082386327495705854 0.00211862443375336 0.0031141508776468345 0.0013924956034354844 0.0023556911855720218 0.0038062448147608416 -0.0039178184636347963 -0.0021729008184051984 0.0034303251725218038 0.006355503653479198 -0.018938234829409008 0.0016884980047449051 -0.0021945516391369039 0.0012684268008112546 0.0075341169744221398 0.0013809636007331861 0.018387976204509614 -0.00031760690463476733 -0.0021581402545738696 -0.0008495180665244066 0.002015419242796104 -0.013151809697751584 -0.0026666712412171697 -0.0036771639876404527 -0.016935026804762707 0.0076806863793721925 0.0051183806622028946 -0.0078858979960332986 -0.018731520240229352 -0.0035693772531951275 -0.00085242106350840125 0.016845233364774566 0.0089267935082599642 0.020211300557701782 -0.020178587807279467 0.031085226498489271 0.0010470904462416639 0.0027180854430520142 0.023662173640184837 -0.022371132736543422 0.012799281514697494 0.0041650246126954593 0.024034036351986234 0.010020834785286252 -0.00059996605650836381 -0.018817938620264301 0.018510630500972198 0.015385534242121532 0.017119314441934125 -0.0060815958862958765 0.013708160930885747 0.00035289069959744705 0.00067602725244591514 -0.0031702693750770539 -0.010646372096459978 -0.007604727217244694 -0.00534359640006062 0.0020143649832556425 -0.00013136918107319943 0.0032174340289628147 -0.0016086564462131833 0.0055411941129189617 0.018333666420829481 0.0054586915807675208 -0.0031751599861691805 2.0900514760993378e-06 -0.018859820115356481 -0.00062237571368331448 -0.020270971918044806 -0.018087815180039036 0.007282955227360258 -0.0018404513846318432 -0.0077907217483084591 0.016157112770764943 0.0077988385783571137 0.0014646277576155998 0.0190981506964969 -0.0077976328618987855 -0.0007427928837858797 0.0089820193999990625 -0.0066912368065948262 -0.0090679312085352251 -0.0055732361537313172 -0.033749156679780817 -0.0028228682084104192 -0.0055816230079955391 -0.0021827897727528744 -0.0050924430230699161 -0.006947519278448294 -0.015384872984305463 0.0091004071749116872 0.0036268713178857015 -0.0079423922076143228 -0.0048172666804047175 -0.0040411569410919454 -0.0012965434702527539 0.0012443683720560045 0.0089080024242547233 0.017033545085415318 0.0014140867440602734 -0.01802001615480929 0.0075951283078189618 0.0033001941333230338 -0.0053218008094022551 -0.0042213137068115563 0.023032625997422319 0.00089485718134852386 0.0055598777954292177 0.00073591677548557428
leaf_weight=5237.9806590527296 47.413523629307747 48.293657906353474 432.82724548131227 550.36076243966818 2097.7264728322625 178.88568153977394 5069.3024070262909 2975.7890664637089 49.843871928751469 3026.080856256187 659.1720357015729 59.735416643321514 2339.6208999976516 6842.2578196451068 168.45932553708553 1702.3058284297585 168.24932517111301 2088.6871917396784 2237.368897266686 1234.2972713112831 9777.6083516702056 1872.2742068246007 5486.2465541735291 1946.3805417641997 616.01743424683809 4326.0514861047268 3167.664872482419 41.386195778846741 4521.6451783254743 849.57607564330101 1870.5544340386987 783.35553409159184 2492.8954723477364 48.297086469829082 1068.1591267809272 12136.966174870729 2281.3085030391812 10724.642408803105 225.20736925303936 1147.2133548483253 387.54928486794233 30.172733850777149 1735.6572430804372 816.14088279008865 169.9924263805151 33.823994390666485 4654.4248720481992 4537.3551256805658 74.147957764565945 1776.7160611376166 30.11811687797308 39.749770753085613 31.337873123586178 9667.6592795476317 61.488617196679115 45.624159045517445 25.933168977499008 254.28467347472906 3120.2969700545073 58.93290825933218 136.26057396829128 445.77461951971054 32.479595363140106 71.126262091100216 32.975385420024395 141.23999320715666 3476.6315258964896 83.461964964866638 3503.3464456573129 5501.1458041518927 6624.7640495747328 84.563665278255939 31.766430027782917 1262.9982455670834 923.10045159608126 4108.3187726214528 258.15176682919264 1862.6633324623108 475.43669071793556 40.374016515910625 1261.2368999347091 1441.1354662850499 655.74413388222456 56.300720795989037 23349.034411743283 57.953857585787773 122.38257244974375 65.634926959872246 4892.776479460299 187.34502589702606 45.845465078949928 548.91088730841875 2626.4794032722712 54.849470935761929 427.17811778187752 1256.2611282393336 24.158019550144672 5854.257526345551 167.90273963660002 721.54583339393139 34.746075347065926 4494.0190765559673 2775.5569533258677 2780.4184872508049 9450.9640045911074 81.013854473829269 80.300099976360798 84.97356504201889 332.29677308350801 56.244570054113865 1437.7927503362298 640.10336168110371 4980.4731885641813 663.54855780303478 241.8011158183217 79.446331396698952 23393.504928156734 184.44193332642317 26.95427518337965 1728.8950713127851 345.77936729043722 5404.1168263033032 30.397520527243614 5320.0840418413281 1798.9326086118817 1292.6973881274462
leaf_count=40997 111 250 2787 4395 16281 857 39196 23448 224 23161 5059 302 18290 53478 1257 12571 738 15914 16454 9315 76386 14691 41554 15081 4815 34071 24630 176 35422 6728 14860 5820 18255 244 8336 95898 17027 83224 1385 8850 2784 173 13017 6069 1099 174 35873 34269 422 13787 172 125 101 75963 275 165 95 1693 23823 206 617 2609 143 363 182 603 26359 663 27593 42948 51885 419 140 9348 6895 31751 1905 14857 3697 239 8985 11452 4978 315 180421 290 426 416 36931 1368 279 4217 20095 414 3076 8878 143 46102 937 4712 72 35508 21791 21807 73553 391 372 461 2633 447 11445 5103 35113 4278 1514 492 180514 950 190 13539 2273 41168 126 41859 14085 10170
internal_value=7.41332e-06 0.00163124 -0.00165009 -0.0024361 0.000733182 0.00326338 -0.000168157 -0.003156 0.00140627 -0.00278971 -0.00330572 -0.000219926 -0.000849708 -0.00150698 0.00264101 0.00238843 0.00970801 0.00225696 0.00149684 0.000347354 0.0001692 0.000135824 0.00491964 -0.000440999 0.00169758 0.00253628 0.0044448 0.00425101 0.00349008 -0.00515319 -0.000232495 0.00117979 0.00285435 -0.00137456 -0.00236184 -0.00156761 -0.00378265 0.00112049 -0.00102621 -0.00439628 0.00455216 0.00464449 0.00562286 0.00211072 0.000691474 0.00414721 -0.00211494 -0.000645594 0.0015106 0.00621611 -0.00161707 -0.00018522 -0.00119375 0.00178411 0.0125346 0.00487853 0.00429678 0.00477675 0.00565144 0.0010843 -0.00104708 -0.00209949 0.00680772 0.00268568 0.00359738 0.00616253 -0.0040399 0.00124297 -0.000973251 0.000463675 -0.0016143 -0.00326655 0.0125563 -0.00176981 0.00109935 8.66414e-05 -0.0038889 -0.00238328 -0.000152608 0.00213996 0.0032613 -0.000875401 -0.0004231 -0.00151226 -0.000401178 0.00119989 -0.000350264 -0.00923418 -0.000189805 -0.000476594 0.000819844 0.00226328 0.00120138 0.0018327 -0.0020319 -0.00253714 -0.0116479 -0.00612193 -0.00409567 -0.00637288 -0.00863402 -0.0037245 -0.00268916 -0.0038816 -0.00436136 0.00368652 -0.00507165 0.00218245 0.00346217 0.00781036 -0.00268045 -9.69784e-05 -0.00145024 -0.000845281 0.00275035 0.00399826 0.00137889 -0.00766243 -0.0147288 0.00186165 -0.000936075 -0.00357736 0.0027089 0.00190699 0.00337349 0.00153277
internal_weight=270803 136791 134011 87565.5 88240.6 48550.7 46445.7 60231.3 51717.9 50899.2 35786.4 36522.7 27334.3 7501.43 35292.2 32538.1 572.7 31965.4 19777.4 36722 35120.5 35073.1 13258.5 34425 46187.3 19506.3 5512.58 1601.53 12188.1 9332.09 32478.6 5615.87 3276.25 21718.4 11057.9 15112.8 28285 18075.1 5530.58 1372.42 7666.43 404.45 2754.08 1018.42 14451.5 849.965 9723.73 4585.65 9851.76 7014.7 225.565 7350.42 5113.05 13993.7 92.8265 1560.14 1514.52 1488.58 5265.23 26681 3239.19 2857.23 381.958 840.814 323.025 290.545 26003.7 11806.9 18027.1 5560.88 12466.2 117.539 173.006 2644.64 1123.49 4158.16 1521.15 8962.86 2338.1 2401.21 2013.66 2817.29 752.419 712.045 25221.3 769.688 10660.5 188.017 10472.5 10039.6 5146.87 3417.58 2868.67 2681.33 1729.28 1683.44 82.1119 6703.83 2016.41 1184.96 967.688 22527 8582.06 5555.98 13945 217.274 195.446 115.146 6243.77 2144.93 2628.26 1190.46 5020.22 831.451 687.576 5565.69 23441.8 932.942 211.396 2344.91 678.076 6472.28 953.498 8989.57 3669.49 1376.16
internal_count=2080328 1045653 1034675 676131 679857 365796 358544 470862 394751 397089 277743 285106 205269 58537 264060 243543 2773 240770 147863 283475 272031 271920 101736 268825 352541 153018 42984 11444 92907 73773 253744 42365 24075 162904 84017 119346 219206 135292 42210 10235 57485 2035 20517 7500 112462 6243 75069 34513 76808 54784 1178 52068 35614 110034 376 11268 11103 11008 40184 199523 18759 17066 1693 4919 1487 1344 202179 93089 141282 43250 98032 601 743 19373 8120 31975 11253 70439 18554 17301 14517 22285 5532 5293 195112 4556 78887 842 78045 75258 38327 26094 21877 20509 12233 11954 433 52830 12147 6932 5924 175820 66759 43598 109061 1008 1006 634 46952 16361 20943 9498 35238 5215 4123 42046 180764 5852 1140 18354 4906 49504 7021 70804 28945 10833
is_linear=0
shrinkage=0.02


Tree=16
num_leaves=127
num_cat=0
split_feature=10 10 10 2 32 54 27 29 40 54 32 34 47 1 28 48 5 12 17 15 29 39 38 39 15 42 43 27 5 47 21 25 33 47 46 39 29 40 6 40 57 48 38 39 1 39 40 21 40 25 15 39 39 29 48 25 46 27 47 28 57 48 31 54 47 38 29 13 38 17 21 39 54 51 28 38 48 33 39 49 54 40 1 6 29 44 25 29 52 34 48 48 6 5 1 48 39 52 39 48 35 24 14 2 38 38 46 56 29 38 52 38 38 27 6 39 34 5 40 27 29 47 20 27 27 29
split_gain=1837.64 474.429 329.609 160.021 126.075 119.12 114.122 103.253 92.6737 83.1347 78.5623 119.296 77.2834 69.7881 67.7948 93.2671 84.6249 67.1183 75.0669 65.457 65.1493 69.9418 71.902 80.757 63.3829 61.3847 58.7593 58.3263 71.4321 63.9849 58.1962 58.0216 57.7709 57.6819 62.9558 55.8848 72.6996 71.7412 55.0307 54.2045 64.0312 52.6525 51.2326 71.8118 61.0684 55.17 52.2305 56.4156 50.3784 49.418 48.6607 47.6227 46.4791 53.2827 50.2056 46.3431 46.04 45.0612 54.5648 49.1891 50.7923 44.9459 44.2777 60.8763 50.7711 47.8405 54.17 96.0216 44.3507 43.1838 43.1735 43.0076 65.711 42.967 42.1273 41.9928 41.6384 58.4264 42.585 41.6183 41.5464 41.4712 41.3193 42.0282 41.143 40.9963 40.9073 40.4219 48.83 39.6104 42.7474 39.4982 39.0032 67.2388 45.9728 48.9268 40.2968 40.7843 38.9107 52.818 38.5429 38.4066 41.8134 38.3521 38.311 38.2991 53.0493 47.796 37.6207 37.6414 37.0562 39.8113 36.8938 41.2765 36.6996 36.3496 55.2706 47.5674 69.5118 80.5542 55.7831 47.9559 46.0806 36.0702 36.0284 35.9919
threshold=0.065579991787672057 -1.3599657416343687 1.1955745220184328 0.0017145471647381785 0.0023700647288933401 0.079809013754129424 -0.60785761475563038 5.5065631866455087 -1.0000000180025095e-35 0.086640145629644408 0.081870529800653472 0.029166667722165588 0.059817936271429069 0.016978508792817596 0.81174489855766307 -0.035545004531741135 0.13599858433008197 0.8634571135044099 3.420794010162354 8.7330217361450213 2.0530283451080327 0.48437500000000006 0.0848820134997368 0.042708333581686027 8.7330217361450213 -0.00050857599126175035 0.00036187459772918379 -0.87837970256805409 0.14455679804086688 0.0062744526658207187 1.151724696159363 -0.6035533845424651 -0.015301282051950691 -0.0061580364126712075 -0.021995655260980126 0.66770833730697643 0.51651000976562511 0.46650633215904241 0.63872551918029796 1.0000000180025095e-35 -0.0067716944031417361 -0.0031009280355647202 -0.30078926682472223 0.22187499701976779 -0.025688625872135159 0.34687499701976782 0.34150634706020361 1.0152797698974612 -1.0000000180025095e-35 -0.6035533845424651 0.12095570564270021 0.37604166567325598 0.56354168057441723 -6.7438991069793692 -0.10024167969822882 -0.37940952181816096 0.043616460636258132 0.87837970256805431 0.0037825236795470123 0.81174489855766307 0.016960804350674156 0.0059644405264407405 0.14999999850988391 0.17954456806182864 -0.063357133418321596 -0.058943841606378548 -11.102008819580076 0.30386403203010565 -0.1640888303518295 0.085312128067016615 0.47793918848037725 0.28020833432674414 0.16909300535917285 -1.8260833621025083 -0.56174489110708226 -0.036592317745089524 -0.10024167969822882 8.1513135228306069e-05 0.4760416597127915 0.31078457832336431 0.24468052387237552 1.2246467864107191e-16 -0.025688625872135159 -0.85232535004615773 -6.1939508914947501 -0.02012723125517368 0.37940952181816107 8.4523501396179217 -0.77486753463745106 0.012500000651925804 0.033756081014871604 -0.010201542638242243 2.5151095390319829 0.096440155059099211 0.0026181609136983757 -0.0080998782068490965 0.17604166269302371 0.610132396221161 0.68020832538604747 -0.086653765290975557 0.17500000447034839 -1334.3403320312498 -2.649334073066711 -0.0038349459646269675 -0.30078926682472223 -0.083947010338306413 0.033654347062110908 0.0018703885725699367 5.5065631866455087 0.097963448613882079 1.2022101879119875 0.059620141983032234 -0.12578463554382321 -1.0000000180025095e-35 1.3463259339332583 0.43437500298023229 0.070833336561918273 0.24386817961931231 0.34150634706020361 1.0000000180025095e-35 -0.010207295417785643 -0.048719732090830796 0.76321324706077587 -1.0000000180025095e-35 1.0000000180025095e-35 -7.5872063636779776
decision_type=2 2 2 2 2 2 2 2 2 2 2 2 2 2 2 2 2 2 2 2 2 2 2 2 2 2 2 2 2 2 2 2 2 2 2 2 2 2 2 2 2 2 2 2 2 2 2 2 2 2 2 2 2 2 2 2 2 2 2 2 2 2 2 2 2 2 2 2 2 2 2 2 2 2 2 2 2 2 2 2 2 2 2 2 2 2 2 2 2 2 2 2 2 2 2 2 2 2 2 2 2 2 2 2 2 2 2 2 2 2 2 2 2 2 2 2 2 2 2 2 2 2 2 2 2 2
left_child=1 6 3 7 8 27 50 33 86 31 20 -12 14 35 17 32 -17 18 -7 71 21 22 23 103 -19 51 -15 28 29 55 73 81 -16 34 115 37 -37 57 -24 105 -41 -27 43 -11 62 -45 47 -46 61 87 -1 -10 53 -23 -55 -4 124 58 108 60 -60 69 63 -44 68 -65 67 -67 -64 -25 -42 -14 -73 -13 -74 -39 77 -48 -78 84 -34 123 98 -84 -33 -56 110 100 -89 90 -51 -57 94 -94 -29 -96 97 -97 -47 -100 -22 -88 -103 -8 -75 106 -18 -107 109 -5 111 -3 113 -9 -49 117 -117 -2 119 -119 122 -120 -121 -6 -20 -50
right_child=2 4 5 13 9 12 10 112 25 42 11 30 19 26 15 16 39 24 56 -21 49 52 38 48 -26 41 -28 92 -30 -31 -32 79 80 -35 -36 36 -38 75 -40 40 70 -43 44 45 46 82 76 114 125 89 -52 -53 -54 54 85 91 -58 -59 59 -61 -62 -63 64 65 -66 66 -68 -69 -70 -71 -72 72 74 104 -76 -77 78 -79 -80 -81 -82 -83 83 -85 -86 -87 101 88 -90 -91 -92 -93 93 -95 95 96 -98 -99 99 -101 -102 102 -104 -105 -106 107 -108 -109 -110 -111 -112 -113 -114 -115 -116 116 -118 118 121 120 -122 -123 -124 -125 -126 -127
leaf_value=0.0069246242592654553 -0.0022544553695825827 0.0020366748543077053 -0.0017175693710120535 -0.002272644385197203 0.0034870423897579491 -0.0011153685451592633 0.0086822034653600798 -0.017479946851755503 -0.00095965153410532123 0.023572969357565272 -0.011650260240120978 0.023253316156358589 -0.010359686826835092 0.0028070975638699231 -0.015875523667930446 -0.00020164469039989143 0.0078530344177331138 -0.0028465045290067765 0.01823642472450019 -0.020318510761792839 0.0047540875198049956 0.021291150920879118 -0.0087199233981106374 0.0045044382952732828 -0.013797744123519511 0.00023200439538182153 -0.0017927013268644633 -0.0022394479425198238 0.017597793183990143 -0.00951301127609421 -0.0051751573630968621 -0.015158756503330668 -0.0038527768947960945 -0.00055277216902596834 0.0017532092651793237 0.001610056582766434 -0.0022561987221707816 0.0033060891569352043 -0.00012493789995639601 0.014047334056840662 0.025139473468142076 -0.0023616033256580651 0.00095574326789864717 -0.019217212132012201 0.00063974583144923796 0.017927596674870962 -0.02392693564303491 0.005257467817564229 0.0098315759960574314 0.0014058085850230534 0.0041385597327488217 0.0016237876067469858 0.0028687545001839778 -0.026909298403980875 -0.0038750507618893009 -0.0006319411693146296 -0.0070212997365916106 -0.00069478774301571502 -0.0031703531292069593 -0.001279831967760849 -0.0060533512850648808 0.0059693344941059911 0.02870439412265326 -0.0016510465503689318 -0.0017820306795965982 0.023194071544342811 -0.012748237819457858 -0.01936112462364899 0.0052865472679191165 0.0005737284169983366 -0.003409115200909574 -0.0096254987511532851 0.012729593508598203 0.027388553294443715 -0.0012647392468605862 -0.0015010743724285514 -0.0014062507911978194 0.0076417736696083715 0.0033793155575913792 0.00048303330135617358 0.025015409787233524 0.0027242037542299959 -0.02705375266328202 0.0019517354617260825 0.0026945611997277936 0.0064117706319956821 0.0031944687086002017 -0.020549032890424718 0.011804517784651617 0.011931286793295423 0.012052552291203287 -0.0073057242296444185 -0.0022135643747080141 0.0081611613806258903 -0.0019462212173109806 -0.0015719700063917014 -0.0039651065507790937 -0.0076217919593313168 -0.015930971714543683 0.011952915975156929 -0.0085065489214963628 -0.020731602331244891 -0.00053497889830642672 0.0024747737506673226 0.0011199388131564059 0.0024508973769861281 -0.022989202311948009 0.018265160344930191 0.0085909512580170568 0.0066353841534651471 -0.0022087591799811053 -0.019417724616469033 0.012586116033653406 0.0083518943747941422 0.0015566599903369355 -0.0034412731900898491 -0.021227101692029342 0.013059543285350193 0.027893526212166765 -0.027496310533407439 0.013093349149603006 -0.0030322691191305802 0.0065498704434175112 0.0083365475914821772 0.0049696823152391703 0.00038200524201155412
leaf_weight=3458.4682792797685 747.20689672231674 12959.582020327449 1531.7915368229151 9030.9916312396526 1140.121735394001 9007.7264715358615 962.35600382089615 37.377586349844933 5475.6776252165437 84.689776442945004 77.927107967436314 227.17063092440367 389.75563737004995 2411.9887997657061 196.84725793451071 2148.8831620365381 125.16643887758255 9980.1427471488714 145.03500047326088 125.92745698988438 1177.5124010816216 86.853051669895649 435.77752612531185 1709.5864402130246 215.11055593937635 4514.1424413472414 2057.3964817151427 8968.0466629043221 52.108930557966232 1334.5556250810623 47.972281068563461 50.907241538167 142.73280969262123 23027.125063531101 10575.603051349521 3623.0562445893884 4198.7501055151224 1273.8316227719188 938.4799857661128 134.02176500111818 21.418888702988625 10210.460994809866 550.80250727385283 37.855624310672283 8225.5894870758057 136.03344247490168 68.402625180780888 2216.9282374083996 163.04410103708506 453.17476156353951 9170.2497927173972 5959.0062400922179 9139.5906146243215 18.09150493144989 166.22582589834929 429.86208321899176 69.663414664566517 3726.9002516195178 5009.1072585806251 2218.0170951336622 4786.0007787644863 1422.9645426273346 38.639243490993977 384.2064575701952 567.09909626841545 46.932426184415817 571.30788254737854 37.060528375208378 180.95935859531164 3230.3078519031405 385.07764130830765 267.19481677561998 125.3009162992239 29.2469137981534 269.14199652522802 1689.8743173331022 4068.8711501285434 34.7606495693326 909.06762997806072 5911.7807135283947 22.153176322579384 3511.7880991697311 22.488510459661484 132.90108365565538 9908.3852047845721 2150.3768307715654 1218.0311592817307 58.257910758256912 26.412937238812447 631.32088545709848 225.54543094336987 2042.9797247499228 1256.4886764213443 310.84029501676559 3634.9242269843817 541.11492571979761 10421.502497382462 2555.23416159302 40.793341152369976 76.679585725069046 93.766074575483799 40.253553584218025 6874.3378117009997 681.31021624058485 84.23931173235178 103.16802407801151 26.100107379257679 299.71008982509375 132.93058050423861 192.81552056968212 902.73965529352427 33.689108423888683 358.2402685508132 68.633296258747578 2078.420022726059 931.89626353234053 74.667911402881145 103.71012645214796 78.947452738881111 64.245999552309513 27.53988503664732 26.454044111073017 20.524568229913712 1335.7304867655039 189.46127390861511 9443.8512977808714
leaf_count=27080 5589 101298 12132 70735 8979 68241 6958 205 42378 321 214 631 2728 17448 1289 16602 914 74921 691 605 8816 473 2771 13284 1178 35082 14952 71132 332 10546 160 351 1077 181543 81875 28477 32729 9705 6269 872 112 80355 3962 180 59991 633 344 17078 890 3434 69749 46530 69471 99 1133 3434 382 28876 38823 17328 37327 11243 191 2296 3728 173 3306 123 934 24202 2590 1981 764 98 1902 13331 30613 237 6861 46755 104 27696 85 750 78136 16679 9124 294 182 4781 1742 16220 9819 2303 28579 4227 81824 20059 156 432 646 234 54363 5316 308 748 157 1895 929 1360 7078 159 2606 476 15993 6792 431 590 303 282 158 162 87 10517 1125 71716
internal_value=4.09665e-06 0.00163397 -0.0016611 -0.000801182 0.000791883 -0.00280565 0.00328056 0.000165353 9.21105e-05 0.00158771 0.00267241 0.0108151 -0.00174503 -0.0016669 -0.00149125 0.00102895 0.00210421 -0.00195474 -0.000736598 -0.00674221 0.00255768 0.00229581 0.00154885 0.00189269 -0.00307899 -0.000712714 0.000689517 -0.00358754 -0.00549121 -0.00572 0.0153407 0.00244587 -0.00858899 4.32526e-05 0.00112818 -0.00196044 -0.000465247 -0.00237716 -0.0028555 0.00662769 0.00211279 -0.00156645 0.000673019 0.0067961 0.000509764 0.00356796 0.000916171 0.00161018 0.00145792 0.00555602 0.00490211 0.000386604 0.00352227 0.00598621 0.00540755 -0.00445365 0.00768472 -0.00272467 -0.00307859 -0.00397059 -0.00457959 0.0028381 -0.00249843 -0.00441754 0.00138046 -0.00726382 -0.0105456 0.00439864 0.00952299 0.0019349 -0.00184439 -0.00509744 -0.00198511 0.0182394 0.0031992 0.000565175 -0.0007938 -0.0133091 -0.00053161 0.00181266 0.000147184 0.00412354 0.00572159 -0.00238579 0.00260169 0.00567186 0.00104788 0.00287522 -0.0104247 0.0083257 0.00495782 -0.00614673 -0.00321665 -0.000151469 -0.00340051 -0.00400733 -0.00456131 -0.0065657 0.0106849 0.00220885 0.00376932 -7.85943e-05 -0.00065568 0.00611286 0.00807854 0.011018 0.0024088 0.0142341 -0.00193293 -0.00208562 0.00170718 0.00197948 0.00952641 -0.000824853 0.00346774 -0.00205592 -0.00478139 0.000512399 0.00693463 0.000410597 -0.0112731 0.0201667 -0.0192612 0.00610608 0.0107622 0.00054349
internal_weight=270830 136867 133963 76493.8 90557.1 57469.2 46310.1 36142.2 48187.9 42369.2 33681.4 466.556 24389.7 40351.7 23212.4 3605.28 3243.55 19607.1 9411.89 1177.32 33214.8 30548.8 18987.7 17613.4 10195.3 26159.3 4469.39 33079.4 5391.3 5339.19 388.629 21858.7 361.733 35677.9 12650.8 35882.3 7821.81 28060.5 1374.26 1094.66 540.518 14724.6 20510.5 531.441 19979 446.752 17602 12520.9 15969.8 2665.99 12628.7 11434.7 11561.1 2421.55 2334.69 4004.63 404.16 25096.8 21369.9 12013.1 9795.11 6362.86 2377.01 1590.31 786.698 1039.51 655.301 83.993 219.599 4939.89 406.497 1051.39 661.638 340.657 394.443 2963.71 5081.1 103.163 4977.94 15871.1 164.886 5987.64 408.896 155.39 9959.29 2316.6 22028.6 1355.95 84.6708 1310.04 678.72 2472.84 27688.2 1567.33 26120.8 17152.8 13517.9 3096.35 253.506 117.473 1271.28 8132.62 6914.59 1643.67 113.486 554.145 151.267 402.878 9356.74 9223.81 13896 12993.3 464.251 106.011 4295.35 2075.19 1006.56 1068.63 321.422 216.021 112.31 105.401 84.7706 2475.85 334.496 9606.9
internal_count=2080665 1046061 1034604 593119 697422 441485 348639 281099 376601 320821 251810 1411 180878 312020 172898 26360 23890 146538 70439 7980 250399 230504 142649 133609 76099 204345 32400 260607 42664 42332 1197 172434 2470 277812 96269 279620 61206 218414 9040 7288 3574 115437 148387 2557 145830 2236 131117 93062 121335 19895 96829 88908 87855 18384 17911 31786 2198 195378 166502 93478 76150 48729 14713 9860 4853 5898 3602 296 1125 37486 2702 7375 4647 1037 2666 23036 38055 581 37474 125242 1181 47192 2056 835 78487 17812 172256 9938 476 9957 5176 19654 217943 12122 205821 134689 106110 24286 1221 588 9462 63721 54597 12274 406 3714 1071 2643 73024 72095 108535 101457 3287 681 33071 14394 7223 7171 1582 1117 527 465 369 19496 1816 72606
is_linear=0
shrinkage=0.02


Tree=17
num_leaves=127
num_cat=0
split_feature=10 10 53 16 10 53 27 29 39 40 8 27 27 18 32 45 21 29 39 38 39 26 16 33 46 48 20 26 2 29 6 54 15 40 51 26 29 40 19 25 38 55 47 38 32 39 55 29 42 16 31 25 26 12 48 54 48 39 40 24 48 46 55 47 19 55 31 29 12 38 19 55 33 18 48 29 53 38 10 40 38 13 29 4 45 45 24 13 38 1 39 2 25 18 29 57 39 39 1 4 29 29 54 38 29 19 29 21 7 16 16 45 21 55 47 51 13 38 39 6 1 12 29 39 13 4
split_gain=1765 455.807 353.253 184.406 131.234 129.094 109.664 100.799 93.5853 84.1197 80.4062 78.8085 77.5076 85.0068 75.7413 86.9239 84.2795 62.61 67.1912 69.064 77.6031 60.4667 56.6365 55.8415 59.1483 55.2568 54.2684 53.8298 77.1361 54.2691 52.8514 52.7294 60.0115 77.2428 80.0359 75.5165 50.4297 48.3936 47.5661 47.5137 46.4814 45.5226 45.4582 45.2588 44.9058 44.8014 52.3341 60.6127 63.0398 44.615 44.51 44.5081 52.5103 43.7834 43.7034 43.6856 43.1876 43.0146 44.8942 42.7512 42.0461 41.9651 43.5504 51.2934 75.6457 55.5294 43.8069 46.404 64.3922 70.1332 42.1948 41.8709 41.3424 41.1113 40.9287 40.7175 39.9545 54.0011 39.7584 39.5877 39.587 39.3135 38.8317 43.2077 37.852 37.7483 37.547 46.3528 39.1283 37.0728 36.9239 36.8703 36.586 36.4942 36.3409 36.2342 36.0305 49.6474 58.5257 41.1896 40.2006 35.9623 35.9122 35.883 50.2751 37.3549 35.857 35.7312 35.6536 47.6661 35.3433 35.2919 35.2368 35.2039 66.7314 57.7979 35.0401 44.9413 41.5069 37.1313 40.975 34.7371 34.5875 34.3691 44.7536 41.1067
threshold=0.065579991787672057 -1.3599657416343687 0.67389261722564708 -0.22934973239898679 1.1650393605232241 -0.067798413336276994 -0.60785761475563038 6.3523948192596444 0.18437500298023227 -1.0000000180025095e-35 0.75427001714706432 -0.87837970256805409 -1.0000000180025095e-35 3.1157795190811162 0.081870529800653472 -0.03212266415357589 1.151724696159363 2.0530283451080327 0.48437500000000006 0.0848820134997368 0.042708333581686027 0.78656607866287243 -0.84885954856872547 -0.00073320959927514185 -0.027873160317540165 -0.12250675633549689 0.91332885622978222 -0.12940952181816107 0.0040331112686544665 5.5065631866455087 0.63872551918029796 0.46424406766891485 3.7088334560394292 -0.12500000000000003 1.1817926764488222 0.37940952181816107 2.1118044853210454 -1.0000000180025095e-35 2.7926961183547978 -0.6035533845424651 -0.18789444863796231 0.05766949616372586 -0.042546240612864487 -0.0096274362877011282 0.017028766684234146 0.59687501192092907 0.44935074448585516 -6.7438991069793692 -0.01715398300439119 -3.1497329473495479 0.12999999895691874 -0.6035533845424651 -0.12940952181816107 0.17246909439563754 0.0047980586532503375 0.10168521106243135 0.0059644405264407405 0.35937500000000006 -0.12500000000000003 60.696172714233406 0.10765703395009042 0.033654347062110908 0.19532658904790881 -0.057246809825301163 1.2424235343933108 0.31536227464675909 0.14999999850988391 -11.102008819580076 0.33641424775123602 -0.30078926682472223 1.5317949652671816 0.068716626614332213 0.049849597737193115 0.091870851814746871 -0.10024167969822882 -11.102008819580076 -0.75922709703445423 0.16890875250101092 2.8752673864364628 -0.3415063470602035 0.15202475339174273 0.33889362215995794 8.4523501396179217 0.25875037908554083 0.036264903843402869 0.044641470536589629 580.55780029296886 0.0836443565785885 -0.20755711197853086 -0.0064069100189954034 0.31770832836627966 -0.0038349459646269675 -0.6035533845424651 -0.35398323833942408 1.1155009269714358 0.076716661453247084 0.56354168057441723 0.34687499701976782 0.005442030495032669 0.0537488590925932 -0.9859025478363036 -6.7438991069793692 0.22443086653947833 -0.080992676317691789 0.64428448677062999 9.5613522529602069 10.240769386291506 0.58895274996757518 -0.16800826042890546 -1.5920341014862058 -0.11394917964935301 -0.03212266415357589 0.62000924348831188 0.36077880859375006 0.07979548349976541 1.2140090465545657 0.28956995904445654 -0.30078926682472223 0.21770833432674411 2.2379277944564824 -0.01753632444888353 0.78395685553550731 -7.5872063636779776 0.33854167163372045 0.8023173213005067 0.17576956003904345
decision_type=2 2 2 2 2 2 2 2 2 2 2 2 2 2 2 2 2 2 2 2 2 2 2 2 2 2 2 2 2 2 2 2 2 2 2 2 2 2 2 2 2 2 2 2 2 2 2 2 2 2 2 2 2 2 2 2 2 2 2 2 2 2 2 2 2 2 2 2 2 2 2 2 2 2 2 2 2 2 2 2 2 2 2 2 2 2 2 2 2 2 2 2 2 2 2 2 2 2 2 2 2 2 2 2 2 2 2 2 2 2 2 2 2 2 2 2 2 2 2 2 2 2 2 2 2 2
left_child=1 6 4 8 27 10 38 22 71 36 26 43 13 25 17 16 107 18 19 20 91 85 50 -12 40 -10 61 60 29 42 -21 32 35 34 -34 57 -7 56 80 82 111 -24 76 121 95 46 47 -20 -49 -30 90 52 -28 72 -37 -44 86 -27 -59 -13 -2 62 75 64 73 70 67 68 -67 -70 -66 -4 -40 -64 -50 -3 -29 -78 96 -69 -1 -76 112 -84 -51 110 -22 -88 -89 -57 -6 -8 -91 -53 -42 -43 97 98 -61 -100 -98 -14 -41 -60 -105 -106 -36 -16 -81 -110 -11 -25 -19 114 -73 -115 117 -65 -118 120 -120 -5 -39 125 -125 -9
right_child=2 5 3 11 7 9 14 123 12 21 23 59 101 -15 15 -17 -18 39 45 30 37 -23 41 24 -26 31 51 28 49 -31 -32 -33 33 -35 106 54 -38 122 53 102 94 44 55 -45 -46 -47 -48 48 74 84 -52 93 -54 -55 -56 89 -58 58 103 78 -62 -63 63 116 65 66 -68 79 69 -71 -72 113 -74 -75 81 -77 77 -79 -80 108 -82 -83 83 -85 -86 -87 87 88 -90 92 -92 -93 -94 -95 -96 -97 100 -99 99 -101 -102 -103 -104 104 105 -107 -108 -109 109 -111 -112 -113 -114 115 -116 -117 118 -119 119 -121 -122 -123 -124 124 -126 -127
leaf_value=0.0036693704385219058 -0.00065506252511061025 -0.017160776009584631 -0.0055188636378452971 -0.00074139412519195829 0.0088241014851499575 0.00034077972891441259 0.008512770929021668 0.018101727522201273 0.031292723967405123 -4.8547229272568759e-05 0.0023675016821883411 -0.0018400149811329198 -0.011071589643241319 0.011112921682202258 0.0034390485626289587 -0.007425589568039485 -0.008871316334509995 -0.0041151377411977946 0.020512985206752044 -0.0085453473291449231 0.0042101044959927322 -0.0028785003667938409 -0.0033693554851811341 0.011968325361875762 -0.00029125958072930431 0.0012221671477830427 0.0019014022633256733 -0.0055411441268953055 -0.0268727830763235 0.010828243012522212 -0.00012244160635339215 -0.021687139986799765 0.013729137767196569 -0.0028764210979940197 0.0016233864175513428 -0.0025141963571420718 0.002963640262453624 0.0096391730537381745 0.0070833561386868891 0.0073458503446801153 -0.0073052717866221376 -0.00061204422387199512 0.001013096055581328 -0.0073056441090252923 -0.0059098637709201771 0.0026402797930704098 -0.027268747233820445 -0.011937384756668595 -0.026123694791836134 -0.0014610490471726448 0.012092706857900431 0.0037215807235228232 0.0062203445923410365 0.004235758263705979 -0.0079447747956489494 -0.0014270322071343331 0.005851529040603042 0.00027969819287082249 -0.00077166480014639535 -0.0022306401885412762 -0.026964077999512729 0.023829495707442971 -0.022069825135357445 0.01040053832522388 0.013098802386721798 0.027120873019112018 0.015984158339835262 0.014969031579742642 0.018485062400792413 -0.018646223154884053 -0.0035632965265133343 -0.0023364296982260001 0.021122682370340477 0.0021388169900076956 0.0068676544126292293 0.0015544523912201667 0.00043479529535536828 0.029853984950827316 -0.0011229596726132815 -0.017347510785662951 -0.0088405985283693898 0.0015757347110602314 0.0011241391004186004 -0.027943385520790193 0.020350381418875366 -0.019731690806712169 0.0042825727690352592 0.022322490990294409 -0.0013109411908206624 0.0079652657141719638 -0.010619157421266184 0.0024256156545682853 0.0028631353037226808 0.0013316019620554956 -0.027150797322353367 -0.0032072436602316673 0.0032491336558106584 -0.0061271840322610262 -0.0094452266359009666 -0.0044276135070718597 -0.0030492452475736347 3.4163954381733708e-05 0.021750259967311232 -0.001701259524848304 -0.0088266127216293077 0.013513334408139087 -0.020266302130857904 0.02138497434605113 0.010076078738366284 -0.014609983492719143 -0.0037839523562946194 -0.006574328957728629 0.0051110716969762996 0.021359043069308678 -0.015822022797354968 -0.0064859850107092769 0.0073015848246945347 -0.0076803575217397934 -0.013339850382192146 0.014951767302406591 -0.0011500501521688395 -0.0055952189569607085 0.00037436998653908907 0.012147550221171088 -0.0040357450264463983 -0.00094730798424123852
leaf_weight=5557.7341692894697 17998.871069975197 45.599608846008778 2466.4899750202894 964.66728409379721 68.637830466032028 13243.680057071149 961.90434292703867 162.61583097279072 18.202226743102074 14437.119639731944 2996.1835384443402 7215.4147411361337 116.51454899460077 183.35642022639513 53.586076244711876 86.246527306735516 51.589061796665192 194.75465676933527 104.10489227622747 435.80668949335814 1788.4918405115604 5055.2407362684608 7516.476932451129 87.584291942417622 8506.5223675444722 1357.7159928753972 1955.5204270035028 679.04540069401264 26.488234356045723 238.50344047695398 938.48177325725555 56.993415385484695 311.87779812514782 742.03679311275482 234.40449080616236 922.56625361740589 3765.5951006934047 162.99304281175137 3585.4377254247665 1236.6831462457776 569.32490415871143 10388.444526091218 14056.766346365213 3232.9725724831223 843.08038080483675 8114.4543145373464 18.565157279372215 83.979116044938564 15.290044292807577 4826.026429630816 201.35947146266699 3715.6755627691746 2660.1273293346167 3294.8149503394961 1666.7428147122264 472.23565104603767 1422.6037853211164 1236.269188888371 818.04081448167562 5483.1093963682652 23.333863250911236 31.84699946641922 74.308827981352806 58.385135032236576 69.860035285353661 67.703254237771034 182.99035812914371 47.262394271790981 41.403027296066284 38.115633830428123 426.77690943330526 6194.62541423738 85.281224705278873 44.348202168941498 2497.0169061347842 21248.579681135714 196.13543349504471 27.614223264157772 2337.1706380397081 64.111864820122719 102.09002137929201 725.95523078739643 52.178014785051346 32.502078674733639 31.035224504768848 39.138744190335274 946.17709483206272 27.385167092084885 2177.4907061681151 875.56601712852716 88.002925351262093 681.23647368699312 1575.8244202882051 8195.0507148057222 38.727714844048023 2714.0142279788852 433.58546199649572 4656.8151526227593 789.72038654983044 3847.3181785419583 6034.5923020169139 15484.401756927371 72.783277824521065 756.70922645181417 1188.6222512349486 29.821540251374245 33.291339576244354 274.15087755769491 81.797974348068237 49.286618553102016 1088.7179915383458 75.573143407702446 1076.3050778061152 62.547066196799278 149.4070782661438 55.417513445019722 203.22572662681341 757.4284695610404 151.80607279390097 41.113788142800331 398.13857596367598 1520.0753224566579 9443.7503145709634 112.04060451686382 171.92185598611832 62.40171554684639
leaf_count=42710 138743 237 19349 7676 399 103908 6958 1107 62 112456 22780 57046 655 1391 146 314 138 1444 580 2771 14004 39519 59703 467 66025 10560 15275 4788 65 1726 6269 222 2148 5394 1631 7127 28887 890 27636 9559 3824 79994 111534 25576 6125 61772 62 443 89 37224 1133 29267 20672 25471 13078 3345 11243 9654 6352 43202 133 113 324 263 442 236 820 248 178 145 2580 46230 405 279 19275 163849 1386 117 17556 285 607 5634 373 103 168 232 6950 157 16375 6616 563 5316 11909 64368 191 21220 3344 36323 6269 29251 47366 117555 398 5996 9334 234 193 813 361 297 8698 456 8018 317 1034 301 1340 4662 857 205 2676 11964 71716 741 1059 416
internal_value=4.02294e-06 0.00160144 -0.00162795 -0.00260086 -0.000543734 0.00077607 0.00321558 -0.00177754 -0.0015428 -0.000119462 0.00141281 -0.00358843 -0.000918367 -0.00233664 0.00261941 0.0106231 0.0147381 0.00250686 0.00225015 0.00151801 0.00185503 -0.000978302 -0.00198293 -5.80772e-06 -0.000772533 -0.002601 0.00184115 0.000127764 0.000768971 0.00137018 -0.00279846 -0.00267039 -0.0025514 0.00139455 0.00686 -0.00320541 0.00092164 0.00142887 0.00480538 0.00544665 -0.00607248 -0.00211466 0.00124339 -0.00574516 -0.00143813 0.00345236 0.00536361 0.00554862 0.00507337 -0.0014616 0.00589534 0.00272409 0.00439155 0.00591238 -0.00601197 0.00147599 0.00278169 -0.00185541 -0.00289268 -0.00318782 -0.000690675 0.00123616 0.00120527 -0.00114 0.00201101 0.0036962 0.00793519 0.00412168 0.0129384 0.000663992 -0.00119588 -0.00330184 0.00741547 -0.0130712 0.00551837 0.00151352 -0.00312711 0.00418671 -0.00360006 -0.00125892 0.00344202 0.00567685 0.00281796 -0.0102169 -0.00131731 -0.00036094 0.00189636 0.000581878 -0.00100697 0.0037001 -0.00209111 0.00599269 0.00468838 0.00207751 -0.00861341 -0.00114989 -0.00387246 -0.00441758 -0.00363027 -0.00528422 -0.00262645 -4.94189e-05 0.00816323 -0.00429674 -0.00575507 -0.00826839 -0.00116044 0.0184732 -0.00524952 0.000746433 -0.000310776 0.0033857 0.0036945 -0.00245474 -0.00265663 0.00832501 -0.00346531 -0.00637399 -0.000472275 -0.0031547 -0.00453483 -0.00371225 0.000532652 0.00701197 0.00236627 0.0128338
internal_weight=270814 136856 133958 70601.5 63356.4 90553.9 46301.8 22329 34086.1 37629.5 52924.4 36515.4 25157.6 9556.65 33676.5 465.573 379.326 33210.9 30545.7 18986.3 17612 20620.2 21820 12273.9 9277.73 9373.29 40650.5 41027.4 23005.2 18121.7 1374.29 9355.09 9298.1 1321.61 579.574 7976.49 17009.3 15968.9 12625.4 2665.21 771.21 21462 17883.2 5717.72 13945.5 11559.4 3444.91 3426.35 3322.24 4883.55 358 16526.4 4615.65 6965.53 2589.31 16980.4 6362.15 5387.18 4029.46 30797.7 18022.2 24124.1 24092.2 2798.06 1187.97 1069.31 572.671 389.681 147.222 79.5187 496.637 8928.49 3670.72 118.657 3238.26 21294.2 902.795 223.75 23582.3 242.459 5659.82 3222.97 1355.74 84.6801 4857.06 15565 4939.54 3151.05 2204.88 2923.63 156.641 1643.14 2451.39 11910.7 608.053 13102.5 21245.1 14777 10120.1 4637.04 6468.18 15600.9 1309.47 2793.19 1975.15 1218.44 267.696 327.737 195.196 131.085 15525.8 163.157 1271.06 6462 6344.03 117.965 1610.1 815.814 794.284 591.058 549.945 2484.74 9606.74 508.98 283.962 225.018
internal_count=2080665 1046061 1034604 544390 490214 697422 348639 172460 258817 293700 403722 285573 191586 73376 251810 1411 1097 250399 230504 142649 133609 160905 169137 93743 70963 71985 309979 317754 178878 141421 9040 71923 71701 9366 3972 62335 132795 121335 96829 19895 4938 167042 139695 45216 107339 87855 26083 26021 25441 37457 2095 129582 35947 53512 20205 133404 48729 42130 31570 240357 138876 180397 180284 16198 6195 5592 2570 1750 559 323 3022 67231 28041 603 24998 164086 6291 1503 183311 1191 43317 24909 9938 476 37392 121386 37486 23482 16532 21870 962 12274 18525 93635 4015 101214 165755 115045 78722 35520 50710 118210 9957 21916 15564 9568 1824 959 943 658 121154 923 9462 47882 47264 618 10003 4925 5078 3738 3533 19640 72606 3323 1800 1523
is_linear=0
shrinkage=0.02


Tree=18
num_leaves=127
num_cat=0
split_feature=10 10 53 16 12 53 16 8 27 40 40 27 4 32 29 38 5 29 6 16 26 55 26 18 2 29 34 18 26 29 55 25 26 27 29 46 46 45 3 26 2 29 5 6 23 32 26 3 5 31 55 54 38 21 26 34 35 25 29 4 16 33 31 46 18 50 55 6 38 33 55 2 46 46 16 51 55 33 18 6 45 46 15 27 38 55 23 38 35 38 40 23 38 33 26 4 38 55 55 25 27 54 55 40 12 49 55 6 31 34 26 16 32 12 27 26 6 38 27 4 27 10 40 7 55 25
split_gain=1639.41 424.108 375.299 244.611 124.328 116.549 111.885 97.3307 87.6375 81.1185 75.4186 69.7572 67.9026 70.6331 65.1905 89.0954 67.6887 62.0577 62.0929 62.1345 58.5615 57.604 56.4647 56.1503 56.9038 55.7404 54.1804 48.4294 47.9645 65.7468 47.1675 54.573 46.7719 46.28 45.5979 45.3157 43.3125 54.3788 43.2942 42.7014 59.1838 69.0927 42.6562 42.403 41.3407 40.8597 40.5549 46.2914 40.5058 39.5181 77.5135 69.1155 48.2387 55.7543 50.0656 45.7836 93.4375 40.4156 51.9174 42.8255 39.9037 39.5139 39.369 59.0865 58.5219 39.3138 38.8396 68.7234 38.7467 38.3771 38.1578 41.6465 47.1004 39.3608 45.7006 38.1139 37.942 37.6963 48.1923 37.6324 37.2386 37.154 35.8074 42.1658 35.7885 35.7795 35.723 35.6452 35.5963 78.238 35.5313 44.9337 42.1796 53.5714 35.2257 37.175 34.4624 34.427 34.4075 42.3707 34.192 39.8073 62.6665 34.113 34.0976 35.5451 33.9694 107.842 66.6882 66.873 45.4968 37.2518 36.8626 35.3707 33.9113 39.0768 40.2695 40.4432 74.4665 41.6262 38.8931 33.8825 33.6683 35.9874 33.4583 40.0154
threshold=-0.016439827159047123 -1.5257396697998045 0.19856426119804385 -0.45722424983978266 0.85615089535713207 0.05119667015969754 -0.10285079479217528 1.2893751263618471 -0.60785761475563038 -0.12500000000000003 -1.0000000180025095e-35 -1.0000000180025095e-35 0.086546454578638091 0.0040449844673275956 1.2071132659912112 -0.30078926682472223 0.081830702722072615 2.1711230278015141 -1.1262494325637815 -3.9388328790664668 0.78656607866287243 0.076571207493543639 0.91597560048103344 3.1157795190811162 0.0036297647748142485 -0.35681426525115961 0.070833336561918273 -0.56175208091735829 0.12940952181816107 -8.7872056961059553 0.11935264989733697 -0.98296290636062611 0.60355338454246532 -0.87837970256805409 2.1118044853210454 0.043616460636258132 0.033654347062110908 0.02084667515009642 -2.5824576616287227 0.37940952181816107 0.0021052240626886491 4.3172717094421396 0.046667847782373435 -1.9777523875236509 -0.05493920482695102 0.01950944866985083 0.78656607866287243 -0.16503036022186277 0.020118338987231258 0.14999999850988391 0.19532658904790881 0.37009254097938543 0.048009136691689498 0.48599168658256536 0.60355338454246532 0.045833334326744087 0.075000001117587103 0.98296290636062633 -8.7872056961059553 0.23435815423727038 -3.9388328790664668 -0.039226543158292763 0.12999999895691874 -0.040776468813419335 -0.82870358228683461 0.068691551685333266 0.31536227464675909 -0.10591326281428336 0.16890875250101092 0.0098980353213846701 0.035422317683696754 0.007375571411103011 -0.014762427192181347 -0.021130072884261605 -1.2175053358078001 0.51276496052742015 0.23260693997144702 0.017425624653697017 0.76248359680175792 1.6356582641601565 -0.0035716878483071919 0.0024218463804572825 0.67175626754760753 -0.60785761475563038 0.036276388913393028 0.059597112238407142 -0.055991148576140397 0.19358208030462268 0.32500000298023229 0.10134532302618028 0.34150634706020361 -0.10115152224898337 0.0063911534380167731 -0.019397122785449025 0.37940952181816107 0.15216791629791263 -0.23981512337923047 0.077025845646858229 0.031383611261844642 0.60355338454246532 -1.0000000180025095e-35 0.46424406766891485 0.36077880859375006 0.34150634706020361 0.73003721237182628 0.12144394963979722 0.20117400586605075 2.7008464336395268 0.14999999850988391 0.054166667163372047 -0.6035533845424651 -3.9388328790664668 0.043712705373764045 0.05964170768857003 0.87837970256805431 0.37940952181816107 1.3150832056999209 -0.17418100684881208 -1.0000000180025095e-35 0.27726514637470251 -0.60785761475563038 -2.1475303173065181 0.46650633215904241 0.041238786652684219 0.073713235557079329 0.78656607866287243
decision_type=2 2 2 2 2 2 2 2 2 2 2 2 2 2 2 2 2 2 2 2 2 2 2 2 2 2 2 2 2 2 2 2 2 2 2 2 2 2 2 2 2 2 2 2 2 2 2 2 2 2 2 2 2 2 2 2 2 2 2 2 2 2 2 2 2 2 2 2 2 2 2 2 2 2 2 2 2 2 2 2 2 2 2 2 2 2 2 2 2 2 2 2 2 2 2 2 2 2 2 2 2 2 2 2 2 2 2 2 2 2 2 2 2 2 2 2 2 2 2 2 2 2 2 2 2 2
left_child=1 8 4 9 17 7 11 12 28 21 34 23 13 46 15 26 25 18 68 -20 38 94 30 24 97 42 -10 -14 66 -30 104 -32 75 -8 -7 49 37 -19 -12 44 41 -41 -17 -33 -13 -22 69 -48 82 50 -29 60 54 -54 -52 56 -53 58 -55 77 -51 -24 63 64 84 -50 121 -68 -2 -3 -21 73 -73 114 -75 -6 90 78 -60 -9 -65 87 83 -40 -18 98 -57 -23 -31 -90 91 -15 93 -93 95 -4 -56 -5 99 -42 101 102 -45 -76 -11 -106 -64 108 113 110 111 -110 -109 -108 115 116 117 118 -72 -120 -119 -1 -46 -124 -87 -126
right_child=2 5 3 6 32 10 33 79 14 22 20 39 27 76 -16 16 62 36 19 70 45 81 61 -25 -26 -27 -28 35 29 88 31 43 -34 -35 -36 -37 -38 -39 48 40 85 -43 -44 100 122 -47 47 -49 65 51 52 55 53 57 96 86 -58 -59 59 -61 -62 -63 106 80 -66 -67 67 -69 -70 -71 71 72 -74 74 103 -77 -78 -79 -80 -81 -82 -83 -84 -85 -86 124 -88 -89 89 -91 -92 92 -94 -95 -96 -97 -98 -99 -100 -101 -102 -103 -104 -105 105 -107 107 112 109 -111 -112 -113 -114 -115 -116 -117 -118 120 119 -121 -122 -123 123 -125 125 -127
leaf_value=0.0083485696675928908 0.0014778456634849779 0.0015200024075262934 -0.00046398953561541378 -0.0028223318108453357 -8.8739565989827982e-05 0.00040722320479758608 -0.005835752563322816 -0.00022434630546997771 0.0067745893740383794 -0.00045601862753332119 -0.01963362450418827 0.001529339276318408 0.0028372170654441782 0.0065051838948449927 0.00540478876228229 0.006891857063651528 0.007596442757739426 0.0029559098864446781 0.022756477221913637 -0.00227992857810489 -0.0029611653568228143 0.0058740712324203597 0.0053567544694228062 0.0068945521731266363 -0.0041247400269111816 0.001815121540416266 0.026078509426907051 0.00050100270085116547 0.021337446197091652 0.0034200296250890177 0.005173664025767688 0.011316677999919145 -1.7232587864298233e-05 -0.0035288377742244861 0.0029930545164850659 0.026874849966596323 -0.024318277611811087 0.020979932506940187 -0.001465079078334488 -0.00087357575109911685 0.0074232217304078165 0.012550205987565953 0.00348347051206773 -0.0062457586928672086 -0.0016417587138566443 0.023276790084884116 -0.0030789067254319374 0.0014244462118598159 0.00082868824931643745 -0.019592809350311713 -0.0033578463979854747 0.018186531831416549 0.005520642748125552 0.0017757366551065326 0.024064199538648127 0.0087507178659741724 -0.027603574457735855 0.0051544325430023796 -0.00024045606347844966 -0.018819580155017064 0.0014068305911703858 -0.0054866038479481263 0.00077916224137899071 0.0025977857932278554 0.011999015469272503 -0.0014230142844859179 -0.030749433584401655 0.011377385486964235 0.016942675218866523 0.0046629999904453066 -0.012844122894224803 0.017729829653759192 -0.0032748134450731243 0.0081935850845265903 0.00083927986861920549 -0.0037968271015620483 -0.011715502399879778 -0.017850001787722648 -0.026440268877031398 -0.0041870543236258604 -0.0018636904108076814 0.0017600383329400508 0.026066197765466814 -0.012122091553990222 -0.014674278446276568 0.0001398837431763012 0.02586517809764537 0.029875140293859487 0.0033967020307995362 -0.036364957797616677 0.0017504489010403245 -0.0061278858570754059 0.0018233612695315485 0.0051758954594575256 -0.0050690589230263762 0.013787594847238514 0.0029465935804434385 0.00011019517141158284 -0.0067418266997359803 -0.013226424710330087 -0.0021225519067791928 -0.022780851619167878 0.024865030945531684 -0.0011410624071191884 0.0063828961912302329 0.0001289097390043676 -0.0027108456792451501 -0.0037629089189738173 0.025163668340677459 0.010278966402500785 -0.011842622500394442 -0.0034586748404645752 0.019097442056821293 -0.015967793371547471 0.003463259590034031 0.00032475818799521767 -0.01585477167053425 0.0015657445320623224 0.00062606107208836373 0.027967720739475743 -0.0079910083702571782 0.0051289677568143975 -0.00087404484437747271 0.0066043920055528227 -0.0029622227844871762 -0.0098773926991322699
leaf_weight=2180.0031080767512 9106.4452598392963 13348.920318491757 1034.0596939995885 5077.8546781763434 1394.3475681319833 12143.096955031157 4236.2869336828589 3753.5339989364147 148.45896402746439 4162.647409543395 44.948476977646351 2250.2951500937343 3737.956027366221 2203.2162227332592 3382.7192622646689 2162.86486428231 54.281744763255119 2894.0926085412502 45.616264335811138 3571.8002806156874 4659.0791086480021 625.37711308151484 145.56954361498356 218.55707091838121 12066.890287846327 5168.1889936923981 95.914768770337105 9757.0094896182418 80.154105320572853 4528.8412527218461 351.7357721477747 79.418568804860115 2930.3277488350868 19561.528272584081 3517.6682650446892 24.677513495087624 21.76956370472908 67.599151223897934 358.77103444188833 2419.6254610642791 149.02296188473701 162.74526236206293 4596.2166140601039 1003.746422983706 13908.166210435331 22.865807980298996 1553.2697890326381 2211.8952214568853 8856.6307483613491 35.486733324825764 1236.6626172810793 39.037263222038746 121.89650426805019 117.8025620803237 32.720226675271988 110.09307702630758 31.131120353937149 73.171510487794876 212.72391673177481 261.9185750707984 4494.209730528295 1636.3304760679603 5351.3043810129166 4113.9119904786348 437.3987915366888 4771.7954988703132 29.779781080782413 30.347790330648422 64.292947508394718 1758.6419780477881 54.061313942074776 42.657048866152763 1963.2341772317886 301.96075009554625 14499.541479960084 5424.2536230683327 66.180028885602951 108.69702140241861 31.371761240065098 1286.7196273878217 913.64789579808712 5030.9479782655835 13.373220562934874 253.08777830004692 59.4680135846138 1270.5302984267473 89.3376454859972 24.883277542889118 61.956106260418892 27.961636587977409 4002.8863066658378 174.1993567943573 4017.310210570693 3974.4720214903355 746.83447234332561 77.780629552900791 380.38719377666712 2337.6139839142561 1767.7309265881777 53.072052285075188 2610.2543876618147 55.067902773618698 25.604087896645069 4576.518228597939 691.11499965935946 766.45838984847069 114.60846726596355 38.460081867873669 26.198520839214325 146.1144852116704 188.35146429389715 54.176038697361946 101.3314920142293 274.89533364772797 348.59580128639936 740.3348930478096 132.90749207139015 222.5471588075161 38.340317167341709 52.557232759892941 718.78585089743137 3296.0617809742689 665.0795484483242 418.48965928703547 3914.1526885777712 365.50568191707134
leaf_count=16728 71150 106228 8144 40382 10657 95287 33639 28893 719 32249 196 17585 28162 17427 25354 17199 345 21686 119 28520 36508 4635 930 1681 93995 41066 304 72747 364 34752 2557 550 22760 153227 27015 79 57 269 2871 19086 1118 1226 35998 7384 107348 142 12253 17586 69071 120 7184 152 626 514 124 514 101 466 1475 1163 32513 12390 39027 30104 2473 37288 96 121 367 13897 337 281 14905 1829 113614 41865 511 724 172 9606 6841 36602 107 2025 366 9963 356 90 483 63 31720 1353 31712 31254 5840 600 2428 18284 14014 424 18255 164 113 35790 5257 5685 581 229 105 731 1006 304 419 1339 2339 5224 895 1593 266 241 5056 25594 5139 3150 30010 2870
internal_value=1.0996e-06 0.00160176 -0.00151245 -0.00228095 -0.000108358 0.00088249 -0.00282215 0.0014213 0.00339468 -0.000270116 -3.90277e-05 -0.00225672 0.00166849 0.00222914 0.00280508 0.0024391 0.00231534 0.000391272 0.000164394 -0.000313739 -0.0008867 0.00134271 -0.0013251 -0.00316409 -0.00327733 0.00337954 0.0144307 0.000774639 0.0049742 0.00348633 -0.000726246 -0.00234991 -0.00213079 -0.00393977 0.000988262 0.000325107 0.0031641 0.00337458 -0.000250859 -0.00160285 -0.00263539 -2.26692e-05 0.00457514 -0.00305254 -0.000997691 -0.00282787 0.0014234 -0.000433412 -0.000188293 0.000285243 -0.000313856 0.0018249 -0.00339803 -0.0070448 -0.001344 0.0116443 -0.0022172 -0.00895162 -0.0103672 -0.0126949 0.00123781 -0.0045977 0.0012461 0.00246931 0.00868059 4.01674e-05 0.00623601 -0.0096324 0.00158821 0.00188622 -0.000353208 -6.26108e-05 -0.00281902 0.000192419 0.000486563 -0.00303882 0.00328211 -0.00810475 -0.00370594 -0.00123681 0.0017866 0.00234259 -0.00516185 -0.00588744 -0.00406432 -0.00353234 0.0165132 0.00683851 0.00317178 -0.00922092 0.00335205 0.00397 0.00328516 0.00469966 -0.0017126 0.000543599 0.0046757 -0.00189787 -0.00584831 0.00195708 -0.00336466 -0.00634886 -0.00544756 0.000364091 0.000465723 0.00309729 0.000161775 -0.0033336 -0.0061545 -0.000566694 -0.00648376 0.00605323 0.0128188 -0.0120865 -0.00227579 -0.0032985 -0.00549794 -0.00421645 0.00558574 0.0165783 -0.0057313 0.00641215 -0.00137715 0.00201674 -0.0027093 -0.00355522
internal_weight=270676 131552 139124 89911 49212.6 93888.9 70843.1 59247.5 37663.6 19067.8 34641.3 47045.3 54207.3 33311 27428.5 24045.8 23801.4 39463.7 36480.2 27309.5 18980.6 7539.88 11527.9 19700.9 19482.4 11927.3 244.374 20896.3 10235.1 4698.91 9746.05 4125.83 9748.93 23797.8 15660.8 17158.3 2983.46 2961.69 14298.6 27344.4 10102.4 2582.37 6759.08 3774.09 17242 4681.94 18872.7 3765.17 14253.7 17133.7 12334.4 4799.3 2577.35 927.582 1649.77 269.599 70.1684 805.685 732.514 614.711 4529.7 1781.9 11874.1 5578.71 551.149 13628.4 5536.19 60.1276 9170.74 15107.6 27263.8 23692 2005.89 21686.2 19378 6818.6 14438.3 352.793 244.096 5040.25 5027.56 5681.21 625.232 611.859 113.75 7520.01 199.431 650.26 4618.76 89.9177 14372.1 10369.2 8165.98 4148.67 1858.67 1111.84 413.107 7415.47 1969.83 202.095 3694.67 1084.42 1029.35 19076.1 5620.22 1457.57 6295.44 944.136 804.344 414.841 268.726 80.3746 139.792 389.504 2308.13 1959.53 1219.2 1086.29 144.959 90.8975 941.333 5476.06 14991.7 1083.57 5550.19 4279.66
internal_count=2079687 1005281 1074406 694586 379820 722570 553141 452060 282711 141445 270510 366275 413561 263941 204510 179156 178133 304538 282526 211009 148208 55911 85534 154342 152661 94263 1023 149620 78201 35662 72214 29023 75282 186866 122302 121458 22012 21955 111558 211933 78711 20312 53197 26466 133222 36650 149964 29839 111362 121379 87623 33756 14876 5140 9736 1123 253 4514 4048 3534 32633 13320 83870 40129 3184 106359 42539 217 71517 120125 210890 182370 15186 167184 151233 52522 113977 2371 1647 38499 36945 41327 5003 4896 711 58399 870 4725 35298 546 113466 81746 64319 32607 14584 8744 2552 58666 15556 1542 25916 7661 7497 149404 43191 10942 43741 4714 4066 2146 1415 409 648 1920 15951 13612 8388 7493 844 507 6649 42322 115637 8289 42843 32880
is_linear=0
shrinkage=0.02


Tree=19
num_leaves=127
num_cat=0
split_feature=10 10 53 16 53 10 11 39 32 34 5 40 26 4 32 14 24 29 38 1 55 31 47 33 29 38 40 29 5 38 48 39 33 21 39 55 1 55 26 25 29 46 47 1 39 55 3 54 19 33 52 21 47 29 24 1 34 34 54 29 48 21 44 15 54 17 39 46 19 29 5 50 5 40 48 47 55 29 26 39 15 10 47 48 32 47 1 45 54 29 26 39 47 2 2 47 29 39 14 47 55 26 4 40 48 21 39 6 38 38 55 34 55 40 29 40 29 55 6 16 46 32 56 53 34 39
split_gain=1576.04 436.573 326.842 221.895 133.921 107.226 87.1585 84.2194 81.4563 118.301 94.3461 78.5187 68.7922 66.0766 71.3066 63.8628 62.7021 60.5981 54.8617 60.5488 59.0882 60.9472 65.8784 54.506 54.3407 52.5863 52.348 52.2529 51.6246 51.321 68.6749 82.2393 55.5015 53.7904 51.6694 50.1617 48.8733 47.6889 47.6641 47.3418 57.5234 67.075 56.8518 49.4866 46.7873 52.728 45.8544 45.7571 45.7043 45.6047 45.0403 47.5916 44.5608 42.0099 41.9906 41.8382 47.277 61.8971 43.7313 41.7553 41.7466 44.7837 51.0633 43.5522 41.2456 41.2258 42.2532 40.8626 40.5688 39.2073 39.0142 38.9301 38.9125 67.2437 38.8837 38.7597 38.7491 38.7227 38.5966 38.4189 38.3279 38.1616 37.8169 52.8833 37.5673 38.7908 37.5891 37.4431 37.2419 78.7049 42.0716 37.2153 57.9333 37.0557 37.0398 36.9318 36.8974 36.8179 36.5896 36.5761 36.2444 36.2217 37.3245 36.1129 49.3114 37.488 49.2192 36.7087 35.8813 35.6958 35.3878 35.3317 37.7249 47.1816 37.5486 42.7653 39.9702 35.2818 35.14 72.6326 34.8747 40.6456 34.8095 34.774 35.2251 34.7253
threshold=0.098405275493860259 -1.5257396697998045 0.19856426119804385 -0.22934973239898679 0.05119667015969754 1.3319191932678225 0.82357996702194225 0.66770833730697643 0.081870529800653472 0.029166667722165588 0.081334412097930922 -1.0000000180025095e-35 0.78656607866287243 0.082598369568586363 0.0040449844673275956 -0.37383139133453364 101.65519332885744 1.2700140476226809 -0.30078926682472223 -0.028180885128676888 0.19532658904790881 0.14999999850988391 -0.048719732090830796 -0.00829543638974428 0.010150671005249025 8.8176956989785231e-17 0.46650633215904241 2.1118044853210454 0.06119415536522866 0.024081421084702018 -0.028224710375070568 0.43437500298023229 0.025409088470041755 1.4924646615982058 0.34687499701976782 0.36077880859375006 -0.014645731542259453 0.023178694769740108 1.0000000180025095e-35 -0.6035533845424651 -4.507643222808837 -0.065853759646415697 -0.057246809825301163 -0.012050888966768978 0.067708335816860213 0.08006101101636888 -2.5824576616287227 0.10485007986426355 3.0100259780883794 -0.016163468360900875 -2.6224899291992183 1.181567430496216 -0.0056662498973309985 4.0003597736358651 53006.650390625007 -0.022044007666409012 0.087500002235174193 0.15416666865348819 0.21563432365655902 -11.102008819580076 0.075779803097248091 0.62347984313964855 0.0013264952576719227 6.0397744178771982 0.2577687948942185 0.51076412200927745 0.35937500000000006 -0.065853759646415697 1.9741005301475527 -11.102008819580076 0.020118338987231258 0.15275733172893527 0.32256756722927099 0.12500000000000011 -0.071875035762786851 -0.0044810147956013671 0.29020999372005468 1.8895149230957033 -0.6035533845424651 0.93854168057441723 0.72507262229919445 3.0465055704116826 -0.091461442410945878 -0.10024167969822882 0.01950944866985083 0.0095745488069951552 1.0000000180025095e-35 0.044641470536589629 0.46424406766891485 -5.7213635444641104 -0.37940952181816096 0.067708335816860213 -0.01265973364934325 0.033790076151490218 0.0056814977433532485 0.0031621928792446856 -2.9260724782943721 0.026041666977107528 -3.9570987224578853 0.026176166720688347 0.29020999372005468 -0.6035533845424651 0.47378799319267279 -0.4665063321590423 -0.039252595975995057 0.64074704051017772 0.70104166865348827 -0.33801430463790888 0.048009136691689498 0.24217850714921954 0.23260693997144702 0.16250000149011615 0.29020999372005468 1.2246467864107191e-16 -11.102008819580076 -0.3415063470602035 -5.0284919738769522 0.028014404699206356 -0.69546270370483387 -0.96780955791473378 -0.065853759646415697 0.015687537379562858 -0.099145900458097444 -2.1457939147949214 0.095833335071802153 0.58437499403953563
decision_type=2 2 2 2 2 2 2 2 2 2 2 2 2 2 2 2 2 2 2 2 2 2 2 2 2 2 2 2 2 2 2 2 2 2 2 2 2 2 2 2 2 2 2 2 2 2 2 2 2 2 2 2 2 2 2 2 2 2 2 2 2 2 2 2 2 2 2 2 2 2 2 2 2 2 2 2 2 2 2 2 2 2 2 2 2 2 2 2 2 2 2 2 2 2 2 2 2 2 2 2 2 2 2 2 2 2 2 2 2 2 2 2 2 2 2 2 2 2 2 2 2 2 2 2 2 2
left_child=1 8 5 7 6 38 13 15 10 -10 48 27 46 14 75 23 -5 29 19 26 69 55 72 -4 -9 53 35 74 97 32 31 34 44 -33 -31 76 -8 -30 47 64 43 -42 118 -41 45 -12 -13 -2 -1 109 51 -11 -38 117 -35 56 58 100 -22 -24 61 88 -63 -64 94 66 -46 -34 -68 -20 80 -72 73 -23 -6 -3 -15 110 -17 81 -48 -39 -52 -84 85 86 -14 -73 89 90 -49 92 -71 -32 99 -44 -75 -18 -91 -40 108 102 -25 104 -60 106 -105 -107 -58 -26 -16 112 114 -114 115 -69 122 -7 119 -43 -27 -122 -116 124 -74 -56
right_child=2 4 3 16 11 25 36 24 9 50 17 12 84 18 77 78 28 -19 20 -21 21 22 59 101 49 120 -28 -29 37 30 93 33 67 54 -36 -37 52 79 39 40 41 42 95 -45 65 -47 70 60 -50 -51 82 -53 -54 -55 125 -57 57 -59 103 -61 -62 62 63 -65 -66 -67 68 111 -70 91 71 87 123 96 -76 -77 -78 -79 -80 -81 -82 -83 83 -85 -86 -87 -88 -89 -90 98 -92 -93 -94 -95 -96 -97 -98 -99 -100 -101 -102 -103 -104 105 -106 107 -108 -109 -110 -111 -112 -113 113 -115 116 -117 -118 -119 -120 -121 121 -123 -124 -125 -126 -127
leaf_value=0.003323800423931344 -0.00099624646920172186 0.0025552849444264998 -2.2838764105587465e-05 -0.0021608216946821519 -0.014520014010341377 -0.0077573008193807533 -0.0043477033983169398 0.003704676846022189 -0.011239744113225337 0.027073088135766633 -0.0015502224150399395 -0.019894102298646132 0.00046286078709473883 0.013441643072558141 0.0032000490243478397 -0.0014999149413299289 -0.0092865545069340458 0.0051495316982207908 -0.013901638367307709 -0.0018089106092257876 0.00046057070421209 0.010170571908655923 -0.026269613425224755 -0.00078074597519136755 0.0025400338956533164 0.023055774333899746 -0.011381971950132944 0.0028980272002018886 0.025129557206388677 -0.0034801827472849723 0.002014502321375304 0.0043735730346978743 0.018852039749212953 -0.00052935685043141022 -0.012671416292511437 0.022665383151157927 0.0017373014887379751 -0.0034589277137165781 0.0031112605214508281 -0.021706512141084763 0.024462854313687579 0.026866375888244757 0.0012569393216627185 -0.0036140599800735234 0.00010779011669017634 0.0092131225213401245 -0.0055895193200322267 -0.0011127923632254298 0.0052656919749767559 -0.0010934978367826956 0.020107281484288701 0.002673475361332318 -0.0016364956880694128 0.00530834430441711 0.0020438819994171992 -0.0012801081476784832 0.012566456237849308 -0.029723977054221001 0.021610616698339743 -0.0015537121102544283 -0.018704956854943514 0.0034440742810608596 -0.0016900696410310787 -0.020718102637886732 0.013482426449683321 -0.0021139300799675668 -0.0014989049438006497 -0.021156254025937397 0.0049345822436751311 0.0079649931946380193 0.00070130197057431426 -0.0013309305020078089 -0.0090237485885479602 -0.014243314920083917 0.0003531224032709148 0.00070563683173452049 -0.0071083527189604589 0.0092885413752653561 -0.0041443884010829782 0.0023046287164338727 0.028013931895828504 0.00010217226174518214 -0.01118153982396544 0.013876351316755041 0.021287121959715539 -0.0049697466069555732 -0.0042534794414945424 -0.027169485512868363 0.016809882831311431 0.020505762239437716 -0.018469477098544584 0.00089226439621955124 0.00056666222183734797 -0.027766439772212395 -0.0019778074137516612 -0.0021818132778718882 0.00960905674357675 -0.0043257945724272827 0.0050017281807426903 0.028110725068416689 0.015510667078514217 -0.00283738736476899 0.024965854011251065 -0.024437502211863422 -0.018632010840301548 -0.025472583191451431 0.00093280372580842926 -0.0065453751721782647 -0.011653884679053031 0.01965188949599923 -0.012237903488875638 -0.015695356718860205 -0.014703894424430139 0.0088649175996801631 0.019064860306493486 0.0077848834121476019 0.0049746334329394412 -0.00067375138687989227 -0.017068450172336248 -0.0097272206802546633 -0.0029144026251356125 -0.010288165917447934 0.007103350601761739 0.017631846895479978 0.020119294533722791 -0.029995105934710411
leaf_weight=11203.907944567502 12243.331849627197 7441.0534791126847 10436.693513922393 14838.58107458055 69.680813767015934 295.10394216328859 1201.6796359568834 1796.8108588606119 77.06837771832943 163.87088292092085 255.69435849785805 46.611572325229645 1640.6452086418867 111.62820159643888 13231.499324589968 3726.1504732146859 622.33914519101381 2326.2761052921414 68.177087612450123 197.94261459261179 168.73064998537302 187.12351883947849 28.195966273546219 5107.2848553135991 1128.4026017263532 19.102110102772713 33.869092293083668 3925.1059464141726 23.263887628912926 927.1061467975378 3669.1029390394688 732.1183557882905 87.435432061553001 114.39158496260643 332.24695640057325 154.37055867165327 3137.9355612546206 13046.951525218785 3788.0339059829712 72.039163440465927 46.514165662229061 26.846423223614693 10461.239550180733 356.53713426738977 2481.9512199386954 627.68858506530523 668.7587271630764 198.90838860720396 8565.5996827483177 4941.6904443576932 77.528017170727253 40.075885005295277 3123.820858463645 449.33923470973969 18.87606193870306 1679.5012872889638 39.153037801384926 20.834387078881264 29.251268267631531 435.92025338113308 39.718410089612007 1036.2337586060166 1461.1144922822714 48.782034076750278 140.95626223087311 1220.6045917868614 479.62011536210775 41.347440265119076 2131.6048311293125 788.78239395469427 9984.6155675649643 5084.7403679564595 46.839446693658829 101.87975146621466 13352.655836701393 11596.414867833257 53.612193301320076 420.95426578074694 5427.4958002343774 538.85680361092091 12.871223747730253 1325.3669390156865 60.32511729747057 73.768978074193001 24.448793441057205 2346.4677228331566 1147.9760307818651 21.540299415588379 89.631585381925106 63.723955228924751 76.831487193703651 16480.741294302046 913.58972464501858 15.788547359406946 626.29802460223436 1417.5705022364855 33.849594779312611 15769.708425574005 1083.9581907913089 22.58312876522541 83.844030246138573 7693.7097504213452 21.620741911232471 156.73439566046 19.420648567378521 45.694802917540073 37.763392604887486 352.85150706022978 61.630598694086075 50.027054145932198 58.675647579133511 31.695143386721611 79.517103455960751 57.846747018396854 170.25611212849617 38.614999927580357 1278.065877251327 5634.4776842296124 112.63755778223276 97.22270580381155 5208.9898713827133 316.59218394756317 231.00287036597729 178.32760605961084 24.39435550570488 45.24722246825695
leaf_count=88559 96623 59000 77079 117669 497 2357 8387 13546 223 405 1866 200 12900 582 104537 28807 4937 16959 373 1053 1087 1190 108 38578 8439 66 162 30135 127 6017 27596 4992 446 866 2019 518 24415 99957 29672 411 160 140 81968 2445 18511 4388 5351 1136 68083 38148 231 115 24645 3163 139 10771 257 60 183 2801 239 7631 10845 243 820 8579 3470 169 15889 5787 77857 39761 207 623 104838 92333 243 3332 42275 4116 103 9705 197 305 153 18297 9023 137 325 357 446 124056 6818 85 4850 11099 229 125279 7958 153 401 58978 96 678 118 157 165 2059 406 259 456 194 352 311 1022 217 8875 43065 663 735 40840 2304 1404 715 103 227
internal_value=1.09495e-06 0.00148939 -0.0015639 -0.00228538 0.000804541 -0.000190359 0.0013735 -0.00120149 0.00332749 0.0114005 0.00322014 -0.000126939 -0.000950127 0.00164739 0.00222097 -0.00165318 -0.00323219 0.00214551 0.000813723 0.00703898 0.000657212 -0.00163543 0.00248391 -0.00109611 0.000647642 -0.00181912 0.0119876 0.000868502 -0.00373956 0.00168135 0.000216924 -0.0026048 0.00261177 0.00197195 -0.00591397 0.0144949 -0.000655022 -0.0028884 0.000389186 0.00112508 0.000491611 0.000745682 0.000652533 -0.00670099 0.00178957 0.00609832 -0.000295919 -0.000383874 0.00416544 -0.00025017 0.0156185 0.0223198 5.40531e-05 -0.000580465 -0.00784141 -0.00322025 -0.00642229 0.00213441 -0.00859275 -0.00311065 0.00144482 0.00164679 2.66361e-05 -0.0023188 0.00286661 0.00118569 0.00197691 0.00554454 0.0037524 0.00112612 -0.00023668 -2.50627e-05 0.00701927 0.00241729 0.000274759 0.00142875 0.00676554 0.00332069 -0.0030683 -0.00293386 -0.00491341 -0.00313048 0.00908088 0.00259679 -0.00295529 -0.00307503 -0.00147916 -0.00144542 0.00437067 0.00357543 -0.00600189 0.00118328 0.00399788 0.00187913 0.00252617 0.000846339 -0.00826068 -0.00451475 0.00588055 0.00326702 0.00587563 -0.00196952 -0.000667171 -0.0109718 0.00548138 -0.0123307 -0.019527 -0.00877627 -0.00220378 0.00328337 0.0031309 0.00493117 0.00528448 -0.00477902 0.00607307 -0.00724429 0.00671171 -0.0010277 -0.0090318 -0.0016495 -0.0032436 -0.00333885 0.0122159 0.0129354 0.00108295 -0.0206618
internal_weight=270658 138729 131929 86495 101073 45434.3 62746.7 40329.9 37656.2 492.637 37163.6 38326.1 20978.7 55283.3 32748.6 32413 46165.1 17394.1 22534.7 551.423 21983.2 3731.94 1036.53 23259.3 7916.93 11923.6 353.48 17347.4 31326.5 15067.8 5854.88 2169.99 9212.95 910.633 1259.35 319.611 7463.44 14934.4 33510.7 17168.5 12590.6 12162 12115.5 428.576 7197.16 883.383 15819.1 16342.2 19769.5 6120.12 415.569 203.947 6261.76 6378.92 178.515 2695.41 1015.91 205.462 810.447 464.116 4098.9 4059.18 2546.13 1509.9 4577.87 6313.78 5093.18 2015.78 2611.22 18251.3 15772.5 15090.9 572.414 322.853 13422.3 19037.5 165.24 13711.1 9153.65 14911.2 681.63 14372.3 211.622 134.094 5159.54 5135.09 2788.62 5106.28 1513.05 1423.42 275.74 18183.1 1702.37 3684.89 4436.92 11878.8 135.729 16392 1147.68 3810.62 184.628 12822.6 5128.91 641.716 48.6719 593.044 194.498 398.546 100.784 1178.43 13290.2 1928.35 1896.65 137.364 1759.29 79.9624 1679.32 5929.58 236.707 124.069 5544.68 5525.58 401.259 249.561 71.2338 64.1233
internal_count=2079687 1060978 1018709 667995 778267 350714 479015 306205 282711 1476 281235 299252 163782 421568 259658 245813 361790 124593 161910 2558 159352 22318 5976 174731 60392 91795 1505 135470 244121 107634 41941 14260 65693 6224 8036 1343 57447 113905 258919 133116 97621 94765 94605 2856 52703 6254 123409 125803 156642 46846 1253 520 49060 48585 1232 16342 5571 1124 4447 2909 29180 28941 18719 11088 35495 46449 37870 12990 19359 137034 123209 117755 3067 2042 105335 151333 825 108325 71082 113778 5454 109662 733 502 40373 40220 21923 39898 10222 9897 1582 136661 12605 27681 34675 93067 852 130216 8315 29825 1064 97652 38674 3360 301 3059 843 2216 663 8698 104993 12544 12350 663 11687 386 11301 45422 1538 875 43210 43144 2426 1025 310 366
is_linear=0
shrinkage=0.02


Tree=20
num_leaves=127
num_cat=0
split_feature=51 53 51 9 16 39 12 26 8 54 8 1 45 25 9 38 47 12 19 27 25 55 33 19 33 1 53 38 40 19 40 38 17 47 55 54 18 5 47 55 53 12 33 14 27 26 27 9 38 48 39 39 24 40 47 2 1 32 48 45 33 38 18 54 2 5 13 47 28 26 38 5 20 46 19 16 45 53 39 23 26 47 39 15 8 18 48 15 51 32 26 40 37 55 55 22 14 20 38 48 12 25 57 55 14 38 52 16 39 5 48 54 57 48 44 55 6 1 43 16 54 8 38 13 39 26
split_gain=1293.27 418.768 306.891 212.896 205.293 131.066 124.008 101.709 87.1948 81.675 75.1539 84.8924 74.2029 68.1098 65.5503 65.2837 67.0155 64.3314 64.2999 62.3147 61.6719 58.3506 57.6748 57.9331 55.6713 55.0861 54.4625 53.626 59.6635 53.5472 53.1467 67.5858 52.586 66.8108 66.216 51.5347 50.9682 54.0011 50.5064 72.1177 55.9389 49.1989 47.9314 46.7703 46.3949 45.8876 45.2309 44.2658 43.9015 45.3771 44.8415 45.0249 43.3027 43.2474 42.7848 42.757 47.8389 44.9344 87.2443 42.1365 40.269 46.7757 39.8193 39.3318 38.7476 73.1763 43.3943 46.5124 38.693 71.7411 38.6236 38.4474 40.9474 43.3955 38.2502 56.0426 38.1831 49.9929 38.7602 37.7943 37.6439 42.1701 37.6154 37.575 37.7854 37.3674 36.8585 43.8643 39.9635 36.7267 44.9746 35.6975 35.5339 35.4671 37.1994 35.0847 35.0347 34.9552 34.5943 34.4434 34.3742 34.2235 34.0438 37.1828 35.7482 33.8921 33.5737 33.4266 33.3149 33.0644 32.907 32.9063 32.745 32.6572 37.968 34.7491 38.3426 36.487 37.9165 36.061 32.2895 32.197 31.9478 34.3515 34.9617 31.9093
threshold=-0.28500175476074213 0.70274224877357494 -1.4595165252685545 1.0647794604301455 -0.14175474643707273 0.17604166269302371 0.099189169704914107 1.0000000180025095e-35 -0.82865247130393971 0.081321448087692275 0.24028290808200839 -0.00085625945939682413 -0.047965487465262406 -0.6035533845424651 -1.6860969662666319 0.062950223684310927 -0.0047580187674611798 0.87391772866249096 9.5613522529602069 -1.0000000180025095e-35 -0.37940952181816096 0.15561070293188098 -0.024316971190273758 1.2424235343933108 0.0096826259978115576 -5.436091669253073e-05 -1.9775459766387937 0.0848820134997368 0.46650633215904241 2.1585019826889043 -0.12500000000000003 0.11327730864286424 3.420794010162354 -0.072709828615188585 0.44935074448585516 0.24468052387237552 -0.9693540334701537 0.13756576925516131 -0.091461442410945878 0.31536227464675909 -2.2453242540359493 0.27958312630653387 -0.0058729597367346278 -4.8598587512969962 -0.60785761475563038 -0.37940952181816096 -0.87837970256805409 -1.2967217564582822 0.025094737298786644 -0.029002619907259938 0.43437500298023229 0.34687499701976782 136951.38281250003 0.12500000000000011 0.07979548349976541 0.0048086480237543592 0.031275076791644103 0.027585361152887348 -0.015666046179831025 0.016194207593798641 0.06234401464462281 -0.062729254364967332 0.61182287335395824 0.46424406766891485 0.043754268437623985 0.29290214180946356 0.7238004505634309 0.067559268325567259 -0.56174489110708226 0.37940952181816107 0.08950595930218698 0.11147290840744974 0.36924536526203161 -0.065853759646415697 4.811575412750245 -2.2758096456527706 -0.0050232107751071444 -1.2579275369644163 0.48854167759418493 -0.0024205091176554556 0.78656607866287243 0.044506216421723373 0.86354166269302379 8.7330217361450213 0.51931843161582958 -0.015530243515968321 0.08287480473518373 4.455047845840455 1.3321842551231386 0.058384967967867858 0.91597560048103344 0.12500000000000011 0.7632105052471162 0.29020999372005468 0.22390533983707431 -0.055006021633744233 -0.33321082592010492 0.96950390934944164 -0.13031536340713498 0.075779803097248091 0.24610969424247744 0.78656607866287243 -0.07368812337517737 0.057305958122015006 -1.1908262968063352 -0.10574868693947791 1.390221953392029 -3.1497329473495479 0.31770832836627966 0.1238352879881859 0.0083938608877360838 0.04975556023418904 0.043820817023515708 0.035455932840704925 0.025648305192589763 0.26933655142784124 -1.6015949845314024 0.011730090249329807 -0.00042132547241635615 -1.4355272054672239 0.020134337246418003 -0.7144760489463805 0.019136326387524608 0.66244894266128551 0.27604167163372045 0.78656607866287243
decision_type=2 2 2 2 2 2 2 2 2 2 2 2 2 2 2 2 2 2 2 2 2 2 2 2 2 2 2 2 2 2 2 2 2 2 2 2 2 2 2 2 2 2 2 2 2 2 2 2 2 2 2 2 2 2 2 2 2 2 2 2 2 2 2 2 2 2 2 2 2 2 2 2 2 2 2 2 2 2 2 2 2 2 2 2 2 2 2 2 2 2 2 2 2 2 2 2 2 2 2 2 2 2 2 2 2 2 2 2 2 2 2 2 2 2 2 2 2 2 2 2 2 2 2 2 2 2
left_child=2 3 6 7 5 43 12 25 59 26 11 22 89 35 -13 16 42 29 19 20 54 -17 23 -4 -23 107 110 44 -29 -5 31 86 34 -34 48 102 99 76 39 -39 100 -28 -12 -3 -14 -35 122 -27 -11 50 51 -50 -33 -18 93 56 57 62 98 -7 -40 -62 -15 -57 65 70 105 -68 69 -21 79 106 -73 -74 -52 -76 78 111 -38 80 109 -82 -25 113 -85 -63 87 -22 -89 97 -91 -16 -36 94 96 -42 -10 -1 -59 -24 -41 -19 -9 104 -104 -66 -49 -2 -56 -45 -8 -78 -67 115 -115 117 -117 -70 119 -119 -106 -72 123 124 -6 -93
right_child=1 4 10 17 46 8 9 13 18 32 15 14 27 55 91 21 53 101 -20 68 30 24 36 82 -26 47 41 28 -30 -31 -32 52 33 45 92 -37 37 38 60 40 95 -43 -44 64 -46 -47 -48 71 49 -51 74 -53 -54 -55 108 63 -58 58 -60 -61 61 85 -64 -65 66 112 67 -69 83 -71 121 72 73 -75 75 -77 77 -79 -80 -81 81 -83 -84 84 -86 -87 -88 88 -90 90 -92 125 -94 -95 -96 -97 -98 -99 -100 -101 -102 -103 103 -105 120 -107 -108 -109 -110 -111 -112 -113 -114 114 -116 116 -118 118 -120 -121 -122 -123 -124 -125 -126 -127
leaf_value=0.010040287396829406 0.017635739696777116 0.024265035206579921 -0.021754942370795893 0.00033429546381410244 0.0035155092090171191 0.00019178527488396789 0.0048656675932215419 0.0064613382348816667 0.00040820268079081416 0.0020254608812231688 0.0050129100724326933 0.0029623412676048539 0.0070798403564071265 0.0019759667848215845 0.00048084981267716676 -0.0010608925351084217 0.00046815349536396232 -0.0021501053295567402 0.004081855498320212 -0.0009134005258005977 -0.0031140380346172851 -0.0012917945252927912 0.0043845650759092346 -0.0043852113017832971 -0.011329951936324934 0.0030585165337148629 0.0036665803803065224 0.0020325341293292252 -0.011686877138446277 -0.0019114725415044823 -0.005424252945710353 0.010810238875310393 0.022835916364573126 -0.019206148984488296 0.0091824253086201096 0.013819204586889738 0.0021924447187895236 -0.010549163332424007 -0.00014937885395736921 0.012588782050761327 0.0065110057098624686 0.0010624153474145432 0.0010592407351996942 9.8352125234535127e-05 0.0040527708396563087 0.012811121457884916 -0.0032999841439336781 -0.0016749397249934464 -0.0033991016952365193 0.0010831280585223316 0.0030683522207124031 -0.013572862097208878 -0.016507697548484829 -0.0018600190536930089 -0.034679261083396015 -0.0010913596528420891 0.016036854147873331 -0.024961535222153108 0.011213551911716985 0.0040208614227763119 -0.00051321937848363872 -0.0024252737068699336 -0.00087445692077156557 -0.024022197740935607 -0.011939997816067756 0.016601907163293152 -0.0069315854660077884 -0.021450638677798138 -0.00027627344964040331 -0.0064173702863128236 0.0090608631202488184 0.020406247559882663 -0.024854946482339924 0.0006917169037386412 -0.020955918772350729 0.0027125102655600952 0.0058378825509309796 0.00089781956542789982 0.0049032469817315658 -0.0042981461527613904 -0.005549070494003566 0.006558352545891104 0.019608662034598053 0.0028585659091107302 -0.015525021423579879 -0.023658328235342571 -0.019891435658163176 0.016396012130479625 -0.0043072007237257839 0.021772198704663084 -0.0022962615433401992 -0.00081249235378986671 -0.015027496738455633 0.022839911546005249 -0.017513147140131829 0.026760290547068293 -0.0030438079043791388 -0.012983720987560796 -0.0053564513406079766 0.025052004012119426 -0.018818431948007391 -0.0049124073487153896 0.01450163209278299 0.0034610968659375759 0.0070884691513147255 0.020483179165856302 -0.0061951305410244554 0.00079064435322502254 -0.0054223603975660688 -0.0063974720775141283 0.011860291946219044 0.0016161398679879449 -0.0033988469495510741 -0.0023425826346073616 0.0057622555069658469 0.015045324213664215 -0.014727584342784972 -0.017846808793229418 0.0012520974137197425 0.008194527287941537 -0.0019283590687045038 -0.00094849258035686727 -0.0085400116321843328 -0.0058848470043988558 -0.0044420729838748662 -0.0044825108523641986
leaf_weight=158.87530389428139 46.356832399964333 23.766582399606705 73.596502356231213 8554.9371993541718 364.19072607904673 8231.6773644164205 3299.4751577079296 979.86948581039906 3353.7470159307122 8490.6134501323104 1478.0351341366768 2854.6825623139739 2759.7219462320209 12383.99825605005 8568.0552898570895 2665.3344555199146 7398.8272221386433 7513.7523371055722 820.08772851526737 3363.783944517374 2619.5038042664528 392.59926929324865 2697.1649343818426 251.20572827011347 506.16917008906603 946.38971789181232 7328.125788167119 943.29198276251554 145.45686948299408 8430.6309839338064 4028.1462820619345 224.76488900184631 97.790621839463711 33.661496013402939 28.199110619723797 181.37597359716892 5820.5109255462885 62.22361796349287 4193.9647492989898 26.057047337293625 52.762232728302479 4807.8545743823051 7197.6439563781023 2614.9551830664277 7653.0459423661232 36.046940311789513 20723.077796243131 8945.4278605654836 676.78976628929377 2935.3891208991408 567.47285264730453 233.94212417304516 24.949951782822609 5610.3047941029072 25.061622731387615 2711.4219344556332 87.388813145458698 37.495424255728722 132.89968870580196 1335.3051594346762 172.69134065508842 52.489185474812984 2327.8759899660945 29.26262591034174 19.314106032252312 108.2292834892869 460.30852844566107 108.96789817512035 7721.1511257737875 1318.1570806950331 161.94113961607218 40.685177072882652 25.881757780909538 2502.8937354683876 71.864292122423649 88.183074630796909 1547.2483021989465 11086.107134789228 3313.6658832281828 7742.7139560803771 1393.2933353036642 124.51466926187277 28.15609522908926 68.380079165101051 126.34669647365808 90.707574374973774 48.699584156274796 89.594554126262665 62.702634461224079 202.14491486549377 36.359532125294209 4891.8436520174146 148.29112798720598 24.133813358843327 52.846983909606934 101.6731271147728 1809.6103947535157 30.659117072820663 591.79713256657124 31.718655593693256 27.775931507349014 2358.7914939150214 62.392363667488098 3852.5330504700541 179.79600024968386 34.744015216827393 708.84970187395811 9789.8597051352262 40.057405203580856 355.07894176244736 292.89925224334002 1415.6196745783091 46.224717631936073 3646.3285601139069 245.8429077938199 19.706441931426525 107.66569053381681 21.23587616533041 2296.163858383894 519.06563361734152 1307.4761003032327 607.77648478746414 1079.3767242208123 2245.9317030757666 557.64787405729294 1174.8678068593144
leaf_count=953 180 114 374 66243 2913 64467 25971 7758 26053 62067 11035 22136 21178 97392 66756 20641 57949 57899 6135 25371 20516 2529 21020 1480 3230 7295 57913 6332 819 65114 31397 1331 253 143 116 1037 45401 380 28270 110 248 38050 54568 20423 57606 190 162065 70799 4408 22290 3948 1494 139 43966 67 20901 445 160 927 9771 892 318 18366 106 118 568 3124 682 60262 10262 1225 189 85 17780 432 677 12305 87446 25890 59554 10841 901 136 404 743 386 317 643 444 644 106 37935 475 140 369 398 14151 189 3997 231 101 18463 497 29791 1436 227 5638 75678 303 2568 2326 11019 288 27567 1767 143 659 140 17292 3945 10431 4534 8534 17767 4459 9189
internal_value=5.88418e-06 -0.00118143 0.001616 -0.000101602 -0.00217744 -0.00150537 0.00300177 0.000697963 -0.000952475 0.00229832 0.000844666 0.00130504 0.00471944 0.00158468 0.000190544 -4.02717e-05 0.000372017 -0.00152676 -0.00144412 -0.00158653 -0.00269427 -0.00254841 0.00193284 -0.00609424 -0.00695251 -0.000260395 0.00327601 0.00441419 0.00018966 -0.000780359 -0.00391343 -0.00192977 0.00115122 0.0122545 0.00100977 0.00333252 0.00202538 0.00177059 -0.000164683 0.00821295 0.0138468 0.00263516 0.00173342 -0.00319741 0.00485574 -0.00268852 -0.00368577 -0.00110615 0.0011746 -0.000404836 -0.00307059 -0.00602558 0.00802186 -0.000535881 -0.0010625 0.000957673 0.00136339 0.00127942 -0.00345221 0.000726695 -0.000669087 -0.00754372 0.00152484 -0.00134523 -0.00324661 -0.00301514 -0.00811725 -0.00974524 -0.000880069 -0.00246425 -0.00317809 -0.00142889 0.0007448 0.000420133 0.000630383 -0.00797298 0.00216968 0.00151489 0.0031764 -0.00345158 -0.00199018 -0.00455151 -0.00190205 -0.000377765 -0.00908273 -0.015953 -0.00281373 -0.00250625 0.00789323 0.0128899 0.0181046 -0.000350225 -0.0111237 -0.000860412 -0.000974615 0.019935 -0.000801791 0.00626208 -0.00656393 0.00463424 -0.00364566 -0.00281062 0.00303221 0.00240896 -0.00020659 0.00887427 -0.00200754 0.000871919 -0.0170515 -0.000679804 0.00543938 0.00382235 0.0106263 -0.000260797 -0.00182905 0.000310486 -0.0100321 0.000436298 0.00237576 0.00713808 -0.000833614 0.00116511 -0.00556666 -0.00455084 -0.00129679 -0.00152401
internal_weight=270597 155747 114850 74730 81016.8 56046.5 41066.2 47871.9 42244.7 29136.6 73783.7 48534.8 11929.6 24865.6 17489.4 25248.9 21684.8 26858.1 32677.7 31857.6 12403.8 3564.1 31045.3 352.958 898.768 23006.3 15728.4 11501.5 1088.75 16985.6 7098.36 3070.22 13408.2 167.499 13240.7 6563.44 30692.4 27963.5 4780.34 270.492 208.268 12136 8675.68 13801.8 10412.8 69.7084 24970.2 13170.1 13064.3 4573.64 1638.25 910.732 249.715 13009.1 5305.46 18302.1 15561.5 15474.1 762.192 9566.98 4509.85 315.888 14711.9 2740.68 13778.1 13154.7 623.335 569.276 19453.8 4681.94 13000.3 12223.7 2569.46 2528.78 727.52 160.047 23183.2 14049 9134.18 12230.6 4487.84 1517.81 279.362 14771.9 194.727 143.197 2820.5 2771.8 152.297 428.039 238.504 14634.8 176.49 5240.34 5216.2 154.435 5163.36 189.534 629.293 2728.88 53.833 9872.54 6382.07 5402.2 1549.66 54.0581 9654.28 9836.22 65.119 2970.03 3592.37 2962.87 154.454 14577.2 3892.17 10685 127.372 10557.6 2836.47 540.302 1487.27 769.718 4247.15 3167.77 921.839 6066.71
internal_count=2079229 1204310 874919 578607 625703 429965 308580 370888 324798 220753 566339 372421 87827 193244 136016 193918 167518 207719 250560 244425 95870 26400 236405 1990 5759 177644 124260 85935 7151 131357 54787 23390 96493 586 95907 50950 234415 213164 31103 1237 857 95963 65603 105167 78784 333 195738 101786 95316 33249 10959 5902 1470 101915 41083 142294 121287 120842 5084 74238 29866 1596 115758 21007 105053 100902 4151 3806 148555 35633 100046 94491 18054 17865 5057 1109 182061 110770 71291 94287 34733 11742 1616 112922 1147 704 21920 21603 1087 1892 750 113880 591 40713 40573 646 40204 1142 4157 21251 211 76362 49913 42155 12364 345 76437 75858 370 22991 28297 23324 856 111775 29334 82441 802 81639 21377 4085 11867 5759 33673 25139 7372 47124
is_linear=0
shrinkage=0.02


Tree=21
num_leaves=127
num_cat=0
split_feature=10 53 10 16 10 39 29 27 17 8 32 34 2 16 29 40 5 55 25 48 25 32 4 55 27 40 55 39 39 24 26 17 46 8 9 16 26 25 29 5 15 47 39 48 18 27 1 47 25 55 33 31 48 27 34 27 47 46 29 39 39 21 15 25 31 39 45 20 46 47 53 45 14 55 55 39 2 4 57 6 46 39 15 17 31 6 48 16 26 45 17 33 46 2 29 17 47 39 27 7 47 40 18 14 29 25 20 48 18 1 55 55 55 25 23 44 39 33 54 55 29 47 18 55 53 4
split_gain=1440.22 468.444 237.514 184.951 166.363 119.75 107.727 85.1 84.8779 82.5201 74.6013 127.887 74.4839 72.0499 65.717 65.6617 125.659 80.6124 67.044 63.8338 77.627 62.8408 81.5184 75.6938 56.287 56.0424 57.0568 55.2277 54.6668 54.2795 51.7695 53.8961 50.1532 50.0948 50.0414 49.7577 49.6313 80.6034 67.2154 55.5238 49.5915 49.1405 49.0122 54.7657 48.7418 47.0307 46.2514 45.8766 45.802 58.8065 45.8382 45.7075 45.7299 44.7308 43.9553 43.5023 43.3344 46.2668 43.0036 47.3084 70.8399 42.8021 42.7834 42.1426 41.7755 60.8606 41.7595 48.3018 41.7501 41.6506 74.5398 41.4405 41.4164 41.2339 41.2313 39.9981 46.6168 42.0301 39.8831 39.5054 45.8887 39.4715 39.0221 53.6741 38.3877 45.0779 37.9544 37.7613 37.6036 37.4009 37.1314 36.6837 36.6333 36.5924 36.5556 42.6364 36.352 36.324 35.8067 53.5444 35.8049 88.9255 49.0666 35.7048 36.9816 72.9133 35.6258 35.4311 35.36 34.9468 44.9448 34.9235 34.638 34.485 34.4493 34.3093 34.225 33.8242 34.6687 38.3134 33.7337 33.3336 34.445 37.8795 33.2853 33.2262
threshold=-0.48899760842323298 0.70274224877357494 -1.5257396697998045 -0.14175474643707273 1.1033616662025454 0.17604166269302371 6.3523948192596444 -1.0000000180025095e-35 0.11563897132873537 0.64405974745750438 0.081870529800653472 0.029166667722165588 0.0018625785596668722 -0.98520517349243153 1.7931163311004641 -0.12500000000000003 0.17912405729293826 0.20717659592628482 1.0000000180025095e-35 -0.027457957156002518 0.12940952181816109 0.0027453106595203285 0.089029323309659972 0.44935074448585516 -0.87837970256805409 0.12500000000000011 0.1329353600740433 0.43854166567325598 0.080208331346511855 -2499.705444335937 0.78656607866287243 2.9665052890777592 -0.014762427192181347 -0.20760563015937802 1.887301027774811 -1.1348813772201536 -0.12940952181816107 -0.6035533845424651 -11.102008819580076 0.47547437250614172 8.7330217361450213 -0.0076308799907565108 0.35937500000000006 0.053425844758749015 0.46711589395999914 1.0000000180025095e-35 -0.028180885128676888 0.0040491188410669574 0.78656607866287243 0.023178694769740108 -8.2567399658728377e-05 0.12999999895691874 -0.0032711540115997191 -0.87837970256805409 0.17083333432674411 0.6078576147556306 0.00057271367404609929 -0.0011481512919999657 8.4523501396179217 0.23020833730697635 0.49270834028720861 0.45212201774120336 0.75327754020690929 0.37940952181816107 0.18999999016523364 0.592708319425583 -0.0053947151172906152 0.75713464617729198 -0.033857321366667741 -0.091461442410945878 -2.7636328935623165 -0.037379544228315346 -7.3473365306854239 0.066284436732530608 0.15561070293188098 0.33854167163372045 -0.014769277535378931 0.17576956003904345 -0.074957683682441698 2.9224898815155034 0.061052018776535995 0.31770832836627966 3.4538209438323979 1.1015951633453371 0.12999999895691874 1.8998290300369265 0.0010275315144099297 -0.38985311985015864 -0.6035533845424651 0.022166787646710876 2.1487176418304448 -0.0084921345114707929 0.015299730934202673 0.002515903790481389 5.5065631866455087 2.2938132286071782 -0.026066346094012257 0.63020834326744091 -1.0000000180025095e-35 0.21499595791101458 -0.091461442410945878 0.34150634706020361 -0.0051584567409008733 -7.3473365306854239 5.5065631866455087 -0.7865660786628722 1.1523441076278689 0.070399634540081038 0.76248359680175792 -0.023741583339869973 0.44935074448585516 0.44935074448585516 0.23260693997144702 -0.91597560048103321 0.078140363097190871 0.025648305192589763 0.73854166269302379 -0.065504912286996828 0.46424406766891485 0.44935074448585516 3.0410528182983403 0.036830056458711631 -0.32449723780155176 0.053023079410195358 0.67389261722564708 0.051891727373003967
decision_type=2 2 2 2 2 2 2 2 2 2 2 2 2 2 2 2 2 2 2 2 2 2 2 2 2 2 2 2 2 2 2 2 2 2 2 2 2 2 2 2 2 2 2 2 2 2 2 2 2 2 2 2 2 2 2 2 2 2 2 2 2 2 2 2 2 2 2 2 2 2 2 2 2 2 2 2 2 2 2 2 2 2 2 2 2 2 2 2 2 2 2 2 2 2 2 2 2 2 2 2 2 2 2 2 2 2 2 2 2 2 2 2 2 2 2 2 2 2 2 2 2 2 2 2 2 2
left_child=2 4 8 5 12 29 13 15 53 21 19 -12 14 51 34 16 73 18 42 20 44 23 124 30 -5 -16 -27 35 41 111 31 66 -14 114 36 84 100 39 68 -38 115 71 -17 62 46 117 78 -20 49 -15 86 81 -53 88 -47 -46 57 -40 -18 -60 -61 -28 -44 91 65 -19 74 -68 -39 -13 -71 -24 -48 113 -4 77 -77 -8 -10 80 93 -6 83 116 -22 -86 -50 -64 -1 94 -81 -11 -51 112 95 -49 -88 103 99 -92 101 102 -2 -34 -105 -106 -93 -91 -79 110 -65 -3 -31 -7 -9 -35 -29 -30 119 -119 125 122 123 -21 -23 -32
right_child=1 3 9 24 6 7 75 33 10 63 11 69 32 48 25 17 58 64 47 121 27 22 28 -25 -26 26 61 82 45 79 120 -33 97 40 -36 -37 37 38 56 -41 -42 -43 43 -45 55 54 72 89 50 92 -52 52 -54 -55 -56 -57 -58 -59 59 60 -62 -63 87 109 -66 -67 67 -69 -70 70 -72 -73 -74 -75 -76 76 -78 108 -80 90 -82 -83 -84 -85 85 -87 96 -89 -90 107 98 106 -94 -95 -96 -97 -98 -99 -100 -101 -102 -103 -104 104 105 -107 -108 -109 -110 -111 -112 -113 -114 -115 -116 -117 -118 118 -120 -121 -122 -123 -124 -125 -126 -127
leaf_value=0.010630269199393541 -0.02020691008332361 -0.00013015176562351246 0.0042066968542988879 -0.0057479754450150845 0.01105732478557284 0.0028514837756557303 0.018217099129116135 0.0015585910794994752 0.011624748714795101 0.00743749953091023 -0.014903260242874496 0.021941903900476428 0.0090828031937739123 -0.007346884005743775 0.0051508192293602114 0.0019776965197084422 0.012268550880495974 -0.019338573005314302 -0.0011005538051520984 0.0061655089682487868 -0.0032021768331256459 0.0033820005082584358 -0.003296002700868455 0.020680614857794981 -0.0032312650269742615 0.0024331545661408259 0.013409897840833176 0.0052491921358359629 -0.018014342415438724 -0.0019260343455045059 0.00035389057070529155 -0.026762862511456813 -0.028301928622718579 -0.0010200634867313832 -0.0029493929761403703 0.0016377168844467543 0.0030540474908856254 -0.027709163506631523 0.00064807429804050775 0.02523019201213934 -0.010007204130602354 -0.00045123291896439279 0.0023757108250957479 0.0083096596697149246 -0.0091675294305330109 0.0020124689451802838 -0.02431113467792307 -0.0061404523491654477 -0.0027420567610270154 -0.00101206868662918 0.00072349917598466765 0.018920024936439395 -0.0098536151489054796 0.0037682990004539118 -0.021605286487878354 0.0062813486501856483 -0.00094103888453401314 0.0036059360505315496 0.024720510766783131 -0.019269904488366452 0.016505911781067282 -0.010976445633592147 -0.0016238184927801092 -0.011973190201008102 0.012385007972104857 0.0049102528195899475 -0.00059271740672882584 0.0015890225668717544 -0.00091681055455047119 0.023288073100615522 -0.0038480437305129017 0.0096643159177627266 0.0019505556921695932 -2.1757666522333686e-05 -0.0015854795848285902 0.026047535124733959 -0.00033045684004244736 -0.0077241193688084488 0.0019765558609080615 -0.0021218747569641482 -0.015485297011643043 -0.011394867160376449 0.028281593977243755 -0.018071385924944366 -0.01565713229959043 -0.0033556364524287112 -0.024967525711334784 -0.0067729355560958802 0.005176929743774825 0.0046172302284118458 -0.0071643155879015166 -0.00061866290738998386 -0.007199264045281332 -0.0044973051956372426 -0.019896903768746012 0.0086857689504502254 -0.0059600708487416131 0.00073037705990024377 0.00090719322770355982 0.026703873961186179 -0.00011758203137828471 0.029732055614922141 0.0069881243170953761 -0.0015083252128317052 -0.012066926957669285 0.0074218931784901746 0.003275673404059994 -0.014677807094804951 0.022219385551750358 -0.0016736088721630423 0.018588320567843861 0.025906863814102194 0.018323277498247109 -0.0044166174636444174 -0.0014997560465299712 0.0040550552029198069 -0.0029453330131229715 -0.00080930198721690535 0.008318140774041919 -0.020751853769980802 0.0051484243881055958 0.0082400489366076368 0.0016458083051618755 0.0028012929188834601 -0.00094875493203931953 -0.0026987103951263626
leaf_weight=689.61127042025328 35.161451354622841 1584.0137653648853 2909.2902645096183 4278.4784686416388 56.368616566061974 298.96026034653187 179.11145828664303 6895.1067732870579 409.12096030265093 288.96410719305277 64.910554379224777 186.24735222756863 206.33626658469439 633.94796407222748 2400.4621376618743 1426.1727436855435 382.39722321927547 241.80101376026869 1233.1287684813142 1731.8334951251745 429.90954284369946 13755.224981456995 114.48698664456606 75.318161778151989 21101.691624984145 754.33426043391228 31.692997127771378 476.47904189676046 44.377513214945793 2202.5830221474171 2689.3535147681832 26.546336770057678 18.617863468825817 15035.851235963404 1530.4591926112771 304.72466152906418 6629.1489893049002 53.066662713885307 9011.0540241971612 44.505489192903042 238.72166525572538 446.42639824002981 452.65118795633316 173.79488983005285 251.25211907178164 4935.2867887169123 23.313669450581074 3357.2507803663611 2882.6198851242661 17135.535236828029 898.40707339346409 147.31594149023294 25.269795052707195 13980.509489253163 30.722700849175453 101.65334361791611 4628.9505394399166 2763.9742057994008 21.490234315395355 65.561146520078182 32.24252063035965 246.1352574378252 1078.6752531975508 227.90071319043636 22.935759469866753 49.408498950302601 6173.9760777056217 11842.354673862457 41.099079124629498 70.900344662368298 92.029279604554176 690.31291460990906 1986.8469739556313 3402.9937968701124 590.67538928985596 28.656731992959976 277.18611542135477 56.139919452369213 295.71102511137724 595.03410699218512 137.50284034758806 67.970477476716042 19.621417194604874 57.475519448518753 335.30934671312571 185.9168198928237 40.279362864792347 1209.7630502209067 1915.9543866366148 234.4085495993495 25.569757416844368 4749.8502590432763 390.62360572069883 8379.3235459402204 74.438591726124287 78.525072395801544 1884.7913181111217 4562.5236251279712 137.55174422264099 64.407775342464447 18702.644544884562 55.156740717589855 98.710846394300461 12828.95543833822 92.610521331429482 426.92349892854691 1170.2637624144554 44.407792203128338 20.789178259670734 3548.7662394270301 20.104370348155499 19.876925624907017 33.314962476491928 2021.7429442927241 1872.2680995538831 551.35098915547132 354.7606759890914 5305.9811041876674 165.29099780321121 37.823524095118046 347.04315242171288 434.47971308976412 7350.3961789309978 5919.4592510461807 747.72414146363735 3034.0757220312953
leaf_count=5468 146 11931 22694 33928 304 2371 1227 53077 2444 2082 193 467 1268 5069 18473 11021 2513 1562 9725 13735 2797 108610 564 303 165050 5796 198 3466 166 17263 21417 112 54 115053 11872 2322 51535 173 69642 172 1411 3272 3606 1331 1570 35262 88 26451 22659 132986 7068 713 175 108198 148 649 36506 21824 92 347 171 1668 8415 1525 163 353 48223 93646 226 246 350 4814 14129 26266 4142 154 1837 383 1557 4503 900 425 93 303 1844 1214 236 9546 15053 1821 142 35808 2892 64013 467 572 14871 35512 845 312 145282 212 451 99471 678 3019 9236 311 114 27894 70 87 204 16033 14509 3829 2505 37986 809 173 2663 3208 55923 44991 5926 23386
internal_value=5.76717e-06 -0.00112598 0.00188699 -0.00224895 -0.000138309 -0.00158367 -0.0015351 -0.00104467 0.00314691 0.00114502 0.00230454 0.0107007 0.000391683 -0.00173656 0.000811604 -0.00218478 -0.000582142 -0.00321548 -0.00288012 0.00213577 0.000226367 0.00145434 0.00215499 0.000789401 -0.00365577 0.00347565 -0.000420468 -0.0026732 0.000918172 -0.00323958 0.000734362 0.00119406 -0.000697099 -0.000307344 0.000601736 -0.00538884 0.000731033 0.00135133 0.000600946 0.00320584 -0.000979197 0.00486855 -0.00105915 -0.0025455 0.00227235 0.000447786 0.00318165 -0.00445341 -0.00185854 -0.00136719 -0.0034216 0.00803801 0.0146688 0.00421737 0.00186183 -0.00470953 0.000698193 0.00134271 0.00900507 -0.00146274 -0.00741803 -0.00815289 -0.0032369 -0.00052306 -0.0131668 -0.0152182 0.00122985 0.00084132 -0.0161585 0.0154922 0.00802442 0.0078176 0.00163354 -0.00142408 0.00322871 0.00711418 0.00221467 0.0129314 0.00758682 -0.00371732 -0.00404046 -0.00120127 0.00108213 0.000449371 -0.00764042 -0.011286 -0.00419639 -0.00434806 0.00662417 -0.00554375 0.00050545 0.000491799 -0.00115043 -0.00389068 -0.00610371 -0.00579888 -0.00637105 -0.000810204 0.00736002 0.0170953 -2.97722e-05 0.00860782 -0.000244078 -0.00133613 -0.00129633 0.00392945 0.000151408 0.00149901 0.000536213 -0.00218267 -0.00942702 0.000207842 -0.00161582 -0.00347906 0.000905272 -0.000840233 0.00175135 -0.000816608 -0.000674649 -0.000954499 -0.000896788 0.00278284 0.00262418 0.0035636 0.0031586 -0.00126435
internal_weight=270580 168943 101637 79055.4 89887.5 53675.2 24725 40496 37668.4 63968.1 21082.4 414.088 65162.5 24163.1 47026.6 15902.8 6225.39 9677.36 9363.22 20668.3 5232.1 53962.3 26273.7 27688.6 25380.2 3432.62 1032.16 2164.2 11770.7 13179.2 27613.3 21542.8 18136 24593.3 43593.9 1255.86 42063.5 23171.8 16498.1 6673.65 15825.9 1251.23 4341.06 2914.88 3067.9 10519.5 2714.99 5022.16 23866.2 18160.1 5706.1 296.925 172.586 16586.1 4966.01 352.905 16404 11775 501.691 119.294 97.8037 277.828 2741.09 10005.8 314.145 291.21 21516.3 18016.3 94.1657 349.177 162.93 804.8 2010.16 5723.7 3499.97 561.883 305.843 256.041 704.832 11575.3 10752.7 124.339 908.337 888.715 951.136 521.226 4807.69 2288.44 2605.57 3789.03 822.563 6209.08 17526.2 10615.2 3510.21 3435.78 1925.07 17929.6 227.529 89.9775 18891.7 189.029 133.872 13367.1 13348.5 519.534 5920.11 278.816 76.9291 3796.77 248.005 1603.89 2235.9 2320.7 8767.37 15587.2 831.24 5553.47 5509.1 5343.8 6070.47 15436.2 15001.7 7651.29 14502.9 5723.43
internal_count=2079229 1305485 773744 610194 695291 411216 191113 311016 282813 490931 154094 1256 504178 187398 364176 123137 47793 75344 73266 152838 34981 414316 197730 216586 198978 26135 7662 14544 83194 100200 216283 168817 140002 187879 338041 8177 326169 180078 128371 51707 120293 8650 33919 22898 20437 74544 18218 39347 185781 140947 44834 1617 888 128719 35410 2219 127972 91466 3123 610 518 1866 21567 76615 2078 1915 168705 141869 399 1063 596 5378 14217 44670 26836 3715 1991 1724 4001 88182 82380 729 6367 6274 5855 3058 37766 17961 20521 29622 5802 47126 135878 81480 27490 27023 15107 138734 1299 454 146091 809 597 103222 103168 3697 45044 2132 497 29489 1595 12018 17467 18404 67586 118882 5971 39134 38968 38159 47466 117857 114649 58726 114536 44803
is_linear=0
shrinkage=0.02


Tree=22
num_leaves=127
num_cat=0
split_feature=10 14 10 9 2 16 47 40 32 54 27 27 39 39 52 40 39 40 40 55 39 45 34 40 47 47 35 25 54 57 54 16 21 39 38 51 47 13 45 4 25 6 47 55 38 31 47 7 38 55 31 34 27 14 39 6 18 15 39 23 55 6 55 51 15 6 4 14 39 27 39 55 15 6 34 39 27 47 14 47 44 32 21 38 39 39 16 39 56 40 38 39 18 34 47 2 18 25 49 40 21 21 56 38 38 38 16 0 54 23 15 7 38 46 45 16 38 52 47 18 39 18 43 21 21 39
split_gain=1454.29 329.4 327.5 131.69 136.453 108.621 108.14 104.012 82.1701 83.0764 79.6911 79.0851 78.4097 70.2749 69.1335 67.9254 67.3188 58.6112 76.042 72.2622 56.0525 54.9727 138.394 56.8311 54.7631 53.7083 53.4127 52.3839 51.1685 50.7791 49.9726 49.7538 54.4439 49.5023 49.0245 48.7044 48.5217 46.8009 46.7165 45.031 44.9264 49.5799 49.3465 62.1639 44.5774 43.8158 48.0006 43.7572 43.7126 49.4424 70.7149 48.8064 47.4794 46.2996 44.3874 43.5092 42.6419 42.1691 41.9381 48.5799 41.5909 41.2657 54.7563 57.2876 41.145 53.0054 60.9402 40.4696 40.4309 46.3951 45.4926 40.4099 39.8256 39.3152 38.9878 38.9048 38.0945 37.9635 37.7414 37.2781 37.6188 37.1776 36.403 47.7335 44.1224 36.0775 35.8612 41.9246 35.7611 35.5676 35.4916 64.7664 61.6335 41.8408 35.06 34.9309 34.9082 34.6709 33.9295 33.7652 52.9797 66.2636 39.0488 38.8844 36.9682 54.6387 47.087 33.7598 33.6506 33.4547 33.4184 35.1312 33.3775 33.3669 33.2098 33.1362 32.9912 32.7808 32.4597 32.3559 32.029 33.6459 34.9892 32.8614 31.7599 31.6748
threshold=-0.16890362650156018 -0.34213960170745844 -1.5038450360298155 1.5260043144226076 0.001183703192509711 -3.9388328790664668 -0.00048090038762893522 -0.3415063470602035 0.0023700647288933401 0.084924805909395232 -0.60785761475563038 -0.60785761475563038 0.67187500000000011 0.15937499701976779 0.95451006293296825 -1.0000000180025095e-35 0.063541665673255934 0.46650633215904241 -0.12500000000000003 0.072853207588195815 0.42604167759418493 -0.047965487465262406 0.070833336561918273 -1.0000000180025095e-35 0.0035238931886851792 -0.011154307052493094 1.0000000180025095e-35 -0.37940952181816096 0.057321364060044296 -0.038227373734116547 0.054633643478155143 -1.0440200567245481 0.42034383118152624 0.32187499105930334 0.10492047667503358 -1.3383486270904539 0.017710255458951 0.83879753947258007 0.0057363789528608331 0.32880382239818579 -1.0000000180025095e-35 -0.10591326281428336 -0.072709828615188585 0.36077880859375006 -0.044796474277973168 0.24999999254941943 -0.0078377714380621893 0.048546634614467628 -0.30078926682472223 0.19532658904790881 0.14999999850988391 0.029166667722165588 1.0000000180025095e-35 -2.3918420076370235 0.22187499701976779 3.6421235799789433 0.29100589454174047 0.11457204818725587 0.34687499701976782 -0.0053877260070294133 0.093511044979095473 1.1997163295745852 0.29020999372005468 1.2140090465545657 1.891070604324341 -0.95238605141639698 0.14375840127468112 -6.0120375156402579 0.56354168057441723 0.87837970256805431 0.49687500298023229 0.031383611261844642 0.65318942070007335 -1.4073020815849302 0.17083333432674411 0.29270832240581518 -0.60785761475563038 -0.0065188955049961797 -3.9570987224578853 0.00489110709168017 0.025648305192589763 0.066184654831886305 1.1033985614776614 -0.23981512337923047 0.088541664183139815 0.18020833283662799 -2.1207273006439205 0.68020832538604747 -0.059795608744025223 0.34150634706020361 0.14000282436609271 0.51770833134651195 -0.9693540334701537 0.17083333432674411 0.059817936271429069 0.036473490297794349 -0.80544248223304737 -0.6035533845424651 -0.052340023219585412 1.2246467864107191e-16 0.61258703470230114 0.40625245869159704 -0.033023715019226067 0.24217850714921954 -0.053687633946537965 -0.17418100684881208 -1.5356421470642088 -0.00020842937374254686 0.46424406766891485 -0.13838003575801847 8.7330217361450213 -0.067062687128782258 0.012373070232570173 -0.052538650110363953 -0.0085242106579244119 -3.1497329473495479 -0.10574868693947791 -1.0906293392181394 0.01076720003038645 0.70061647891998302 0.32604165375232702 0.41983178257942205 0.0019882628694176678 0.76180648803710949 0.90407490730285656 0.47187499701976782
decision_type=2 2 2 2 2 2 2 2 2 2 2 2 2 2 2 2 2 2 2 2 2 2 2 2 2 2 2 2 2 2 2 2 2 2 2 2 2 2 2 2 2 2 2 2 2 2 2 2 2 2 2 2 2 2 2 2 2 2 2 2 2 2 2 2 2 2 2 2 2 2 2 2 2 2 2 2 2 2 2 2 2 2 2 2 2 2 2 2 2 2 2 2 2 2 2 2 2 2 2 2 2 2 2 2 2 2 2 2 2 2 2 2 2 2 2 2 2 2 2 2 2 2 2 2 2 2
left_child=2 3 10 4 5 -2 14 44 15 35 57 24 17 -13 -3 -4 45 18 19 30 61 22 23 29 27 -14 114 71 -23 -12 -6 32 -9 38 64 -10 90 -16 -15 124 41 89 -42 78 -7 46 76 77 54 125 52 119 99 74 -18 110 -33 -1 -56 86 72 62 116 120 -19 66 -66 -46 69 70 -35 96 112 -36 -54 -67 -11 -28 -44 -80 -81 -25 83 85 -85 -43 87 -60 -34 -20 93 -92 -93 -30 -57 -87 -8 -37 -86 104 101 -101 103 -102 105 106 -51 -29 -48 -104 111 -5 -26 -111 -17 -49 -21 -118 -62 -52 121 123 -123 -64 -24 -50
right_child=1 6 8 55 12 7 11 31 9 16 21 13 25 33 37 26 48 34 40 20 -22 28 39 81 60 -27 47 107 36 -31 -32 56 88 68 73 97 -38 -39 -40 -41 42 82 43 -45 67 -47 108 115 49 50 51 -53 53 -55 58 94 -58 -59 59 -61 118 -63 63 -65 65 75 -68 -69 -70 -71 -72 -73 -74 -75 -76 -77 -78 -79 79 80 -82 -83 -84 84 98 95 -88 -89 -90 -91 91 92 -94 -95 -96 -97 -98 -99 -100 100 102 -103 109 -105 -106 -107 -108 -109 -110 113 -112 -113 -114 -115 -116 -117 117 -119 -120 -121 -122 122 -124 -125 -126 -127
leaf_value=0.0066583577102558821 0.025052475528497781 -0.00011155936107128105 0.0011546130694323059 -0.0010626152911821618 -0.00051916923799733754 0.0047047674339667188 0.013686659392839334 0.019528224054847217 0.0044986746840092731 0.014439685972762071 -0.015761994181625869 -0.0043386450906132438 0.0054805215871295736 0.001351250744628472 -0.00066578477570343746 0.0021576715076065895 0.023079659791913201 -0.00060482046198010342 -0.0017170787066329316 -0.0091384952544452981 0.0064407178347475882 0.0037750387765303752 0.016109047958450657 -0.0026813524652692152 -0.0023033873167331051 0.00017317204202953198 0.0062744347297787953 -0.00062584172211714779 0.0017935828679861219 0.013938392527362526 -0.0051150505245096747 0.00044232642862123084 0.0094159118535059108 -0.0034465806895378386 0.014131265497878995 0.0034544327996707609 0.0049351218635430181 -0.0036561747849446422 -0.0022623274519607672 0.02132062565208186 -0.031417992235586743 0.016477981053786381 0.025506791590658481 0.017390453482636587 -0.01912567868029811 -0.025281352896218967 0.0010213535795298297 -0.029473736734351632 -0.00014067969611801477 0.0068762432944806176 -0.0054510226749316807 0.0062903971009212077 -0.0017326632432619407 0.009790509055525129 -0.016564173155296503 0.0058991458407776113 -0.0012818419817578158 0.0038249925749388697 0.022105035082989194 -0.010190407723661348 0.0035883538240409373 0.0030510906933731373 0.024759133675483359 -0.0083701153585127013 0.00053507519568106367 -0.00047571869804721663 -0.022822934382009989 0.0017124551358999062 -0.0015463997017715972 -0.0004442321334244744 -0.007759079139684621 -0.0030895777998775705 -0.0072796204117775657 -0.013996191251046229 -0.031116382163363543 0.0078976431898346161 0.0053038209775387929 0.001362121309421833 -0.0020406529352684304 -0.0050886184622423655 0.0054868924130260016 0.016397080987597647 -0.0039379466678944935 -0.0036643872216629608 0.0041789959046271167 -0.022913348427273505 -0.00068740400457648499 0.0051355426187608523 0.00076197896810449844 -0.0056901115383845629 -0.0087083592438116798 -0.010772930796097722 0.0072994774545037293 -0.017782710718592522 -0.018485933651167481 -0.0043666681988425247 0.0012880001307367006 0.0014131888317440594 -4.1080874585251957e-05 0.017137724456268513 -0.0019644709538338321 -0.019965916197872184 -0.032220439498053352 0.025823275674399439 -0.006247744758682108 0.012805489735569671 -0.022629143475261199 -0.0052425983804768482 -0.028043282734132844 0.012867589678584628 -0.0098704665817726921 -0.0031146381482727637 -0.0070343679242200812 -0.010862273341189995 -0.0013236330816087394 -0.0010472069884865844 0.010951612360034143 -0.0010803406032986287 -0.0038130882609028493 0.01505874463694362 -0.0036544155657061007 0.015925687828825443 -0.01759607274606825 -0.00061898950594725525 -0.0039757240399731298 0.0016975217957792897
leaf_weight=2906.949932821095 72.036351457238197 10056.857521854341 19010.13645747304 5347.9204507172108 1935.6804586425424 2672.1318981349468 99.466796152293682 83.988966196775436 3737.6489902660251 229.86403311043978 124.78924261778593 6031.9293356016278 852.99487416446209 3111.997163079679 3359.3668515756726 1180.2999310046434 54.197837226092815 1726.2785446718335 2241.903432354331 199.2370490655303 606.57429651170969 8008.4643082693219 64.673164688050747 83.395296514034271 1589.3430058211088 7138.5827546343207 763.54377362132072 810.02384757250547 16821.761722370982 27.331932671368122 1852.0807452052832 16139.084707684815 251.5707645341754 3982.6138209030032 22.436463676393032 4587.3955305218697 1874.2309841364622 5560.5391009226441 2647.4934284761548 247.51928850263357 24.566435001790524 18.621179677546024 16.648267827928066 55.204630456864834 36.523750588297844 18.703751362860203 605.4045527651906 15.535757504403589 9144.2951206043363 41.846359044313431 300.67986411601305 557.65834583342075 795.19969376176596 146.04195634275675 35.34651418030262 362.13396337628365 8901.1909205466509 7621.1596528589725 110.66030129790306 62.755855470895767 295.34269873797894 1496.0103642642498 119.93582148104906 68.953050039708614 291.29872722178698 292.91750467568636 51.747080989181995 5693.2073127180338 8140.2573326528072 1427.9271746873856 1298.8137462586164 1035.3305161520839 4051.497170522809 134.27091815322638 17.494483701884747 910.92520266026258 890.06746533513069 3568.8535743132234 3104.770201601088 5086.7328261956573 137.32543461769819 78.507110550999641 868.67904219776392 643.887171857059 1541.0483061149716 70.010636076331139 108.17809653282166 123.79148615896702 785.7246807590127 1508.9280470311642 367.4539905115962 99.04197333753109 306.59567415714264 42.78404301404953 24.241691328585148 96.712485693395138 954.00776922702789 12144.676620811224 1505.6998001933098 20.257255494594574 192.06002651154995 225.59603215754032 24.958985097706318 21.488128311932087 445.25759769231081 117.82690962404013 42.934808351099491 2920.4874194636941 15.363354705274103 25.882471323013306 239.15561974793673 8889.6868399605155 956.36458463221788 205.87886117398739 15176.644333668053 2119.3236716538668 91.273099169135094 4900.3570423647761 1183.193246178329 33.275253899395466 41.177695482969284 27.363100692629814 21.203466430306435 24.403005287051201 59.773766599595547 6353.6204838752747
leaf_count=22785 161 79704 148741 41206 15287 20233 795 374 29490 1666 556 46703 6365 24441 26753 8864 213 13590 17146 1396 4587 63463 412 492 12675 54797 5768 6453 125038 126 14542 125601 1632 31149 137 36158 14136 43547 20412 858 81 86 99 353 166 97 4540 46 69174 225 1791 3373 5013 1071 170 2399 69059 57800 507 285 2225 11159 641 418 2220 2162 293 44640 63687 10962 10189 8199 31949 963 37 6667 6065 28080 23995 39137 926 254 6588 4777 11759 355 629 608 4774 11292 1990 688 1952 253 150 604 7609 95872 11373 107 1237 1101 74 99 2768 817 209 23244 49 161 1214 67574 7650 1384 119122 16584 660 37374 8987 186 219 174 135 152 365 48250
internal_value=-1.47947e-05 -0.00134236 0.00160364 -0.000573657 -0.000230117 0.000687395 -0.00249479 0.000635862 0.000896885 0.00152815 0.00312294 -0.00307813 -0.00103007 -0.00243989 -0.00124858 0.000271579 0.000643189 -0.00147596 -0.00177517 -0.000511179 0.000613909 0.00256846 0.00815806 -0.00161701 -0.00430149 0.000740401 -0.000463869 -0.00282123 0.0024288 -0.010363 -0.00276741 1.40399e-05 0.00413383 -0.00188393 0.000992753 0.00243447 0.00187604 -0.00253026 -0.000309751 0.0163953 -0.00262544 -0.00159865 -0.00366035 -0.00357533 0.00257173 0.0043865 0.00472018 0.00107461 0.000300034 0.000144648 -0.00211229 0.00267289 -0.00394994 -0.000537035 0.0061607 -0.00229223 -0.000170559 0.00460798 0.00403034 0.00586482 -0.00536755 0.000107275 -0.000694564 0.00755469 0.00151736 0.00388516 -0.00304158 0.00157614 -0.00249435 -0.00364392 -0.00450857 -0.000284581 -0.00604714 -0.00989865 -0.00240389 0.00586071 0.00719104 0.00222935 -0.0037162 -0.00377779 -0.00480943 0.00660758 -0.000239798 0.000589569 0.00108819 -0.00928632 0.00882949 0.0132092 0.00286879 -0.00331675 0.00155065 -0.00263675 0.00286875 0.00174281 0.00432284 -0.012251 0.00247147 0.00197306 0.00209378 -0.00634597 -0.00933748 -0.0168476 -0.00538168 0.000934319 -0.00302844 0.00403742 -0.0081438 -0.00424084 0.00025648 -0.0106226 -0.00246914 -0.00234406 -0.00408317 -0.00816399 -0.00107225 -0.00126824 -0.0011777 -0.000857984 -0.00233252 -0.00336559 0.0122655 0.0156703 0.00121066 0.0204869 0.00649926 0.000612917
internal_weight=270743 148738 122005 89225 74361.9 34635.5 59512.9 34563.4 83270.6 41436.3 38734.4 40536.1 39726.4 26641 18976.8 41834.3 20966.6 31734.9 28305 11384.2 7596.49 28206.3 685.99 314.024 13895.1 7991.58 22824.2 5819.32 27520.3 152.121 3787.76 26161.6 1121.28 20609.1 3429.87 20469.7 19511.9 8919.91 5759.49 371.966 16920.7 8495.49 8425.25 8400.68 8401.86 1759.4 1740.7 6467.26 19207.2 18712.3 3214.34 891.613 2322.72 958.736 494.93 14863.1 25040.3 10528.1 440.732 405.386 8075.74 6989.91 5493.9 303.036 3273.17 1546.89 343.046 5729.73 14849.6 6709.35 5281.43 2088.81 6597.2 156.707 812.694 1203.84 1119.93 4332.4 8345.48 8328.83 5224.06 161.902 4744.66 3875.98 3690.64 185.344 342.63 234.452 1037.3 3750.83 17637.6 773.092 405.638 16864.5 386.376 166.723 1053.47 16732.1 3046.75 1363.99 716.122 245.853 470.268 213.548 647.866 202.608 84.7812 3730.51 620.768 256.72 14476.8 14237.6 2545.71 231.761 16356.9 2134.86 5190.87 4991.63 1478.54 333.955 234.083 192.905 48.5666 144.339 124.447 15497.9
internal_count=2080824 1149025 931799 681692 569149 266640 467333 266479 640631 313426 291168 317329 302509 207543 150004 327205 151906 241347 215315 86744 56915 210583 3063 1428 109786 61162 178464 46300 207520 682 29829 201440 6780 160840 26032 161520 144057 70300 44853 1635 128571 63980 64591 64510 65039 12417 12320 50478 139489 137077 19653 5350 14303 6121 2412 112543 194660 80585 2199 2029 63486 52328 41169 1739 24932 11342 2513 44806 115987 52300 41338 16603 52274 1100 5050 8829 7731 33848 64157 64058 40063 746 35542 28954 27909 1045 1744 1115 6406 28438 129921 4630 2640 125291 2549 959 8404 132030 23132 8182 4163 1208 2955 1336 4019 1251 434 29697 4589 1619 109994 108780 20325 1545 127986 16630 39430 38034 11212 1977 1321 1102 309 793 777 117424
is_linear=0
shrinkage=0.02


Tree=23
num_leaves=127
num_cat=0
split_feature=10 14 51 50 46 47 29 12 4 1 1 54 20 45 29 39 52 27 29 40 34 39 19 55 38 39 48 55 19 49 5 39 12 29 48 5 39 10 47 39 38 21 39 1 7 2 9 34 54 55 4 6 5 18 25 27 15 47 13 48 27 52 47 15 5 19 19 55 13 6 48 29 29 4 46 38 55 47 39 29 4 40 38 29 15 31 55 39 48 29 28 28 39 40 23 10 48 38 40 18 25 39 29 51 48 19 5 31 46 23 29 4 25 38 46 39 31 27 6 48 6 5 34 57 29 6
split_gain=1398.93 406.161 232.776 152.313 127.088 115.245 104.594 91.485 87.3187 100.257 82.5103 99.0175 87.7425 80.3976 78.0901 80.3072 71.2044 70.4426 72.2431 69.5022 69.0401 64.7404 66.6588 57.0372 56.7966 62.4984 79.2672 58.3783 90.8506 54.5203 52.998 52.6698 51.1268 51.1169 49.3301 56.1874 49.2422 48.3792 49.9434 48.1206 46.9695 45.0604 44.6817 55.5776 44.3033 54.3131 45.2679 43.5322 42.999 43.0967 42.8426 42.713 64.3773 49.0797 42.399 42.2835 41.6387 45.377 41.2865 41.2332 40.1687 60.2332 55.2025 61.6051 53.0188 52.8905 46.3871 48.6374 43.5214 40.8028 39.8334 40.0832 44.1435 41.3302 39.2173 38.8516 38.7838 43.275 38.0889 47.9677 38.1869 37.5694 37.4453 37.3244 36.7778 36.7066 36.6141 70.6336 98.9699 42.2403 36.3951 36.3213 40.5205 38.3169 36.1202 35.7492 35.7341 35.7267 37.9683 35.5313 35.4756 35.2475 54.4564 50.6634 48.4829 35.1928 40.158 35.107 51.8004 45.5213 44.8396 46.0268 35.0588 34.9515 39.9258 34.6166 54.2261 34.566 34.4929 34.3974 34.3235 34.0536 33.9238 34.2348 33.8403 33.6048
threshold=-0.5220796763896941 -0.34213960170745844 -1.5012531876564024 1.1783051490783694 0.0030397528316825633 -0.00048090038762893522 6.3523948192596444 0.88954687118530285 0.11549814417958261 -0.0048852192703634492 -0.047858271747827523 0.078318905085325255 1.0672901272773745 -0.047965487465262406 2.622836828231812 0.65937501192092907 0.98462468385696422 -0.60785761475563038 0.21997690200805667 -0.3415063470602035 0.16250000149011615 0.15937499701976779 6.113988161087037 0.21547056734561923 0.019631491042673591 0.46770833432674414 -0.029816022142767903 0.44935074448585516 1.9993618130683901 -0.90302670001983631 0.088422499597072615 0.45104165375232702 0.14324601739645007 0.51651000976562511 -0.028224710375070568 0.47547437250614172 0.92187500000000011 -1.5038450360298155 -0.0065188955049961797 0.080208331346511855 1.9710640316703559e-17 0.75600388646125805 0.32187499105930334 0.0050935151521116504 0.35584869980812078 0.0054206892382353553 1.3226968646049502 0.070833336561918273 0.46424406766891485 0.44935074448585516 0.053009929135441787 -1.2468594312667844 0.10226375237107278 -0.047068158164620393 -0.37940952181816096 -0.60785761475563038 4.0360629558563241 0.0023374001029878859 0.88542649149894725 0.0063790404237806806 1.0000000180025095e-35 -0.54608088731765736 -0.072709828615188585 6.9606721401214608 0.47547437250614172 6.113988161087037 3.2609076499938969 0.44935074448585516 0.15169943124055865 -1.2341306209564207 0.015301284845918419 -0.33213794231414789 3.7036716938018803 0.052635123953223235 -0.0051666549406945697 -0.30078926682472223 0.31536227464675909 -0.048719732090830796 0.32187499105930334 -0.34494996070861811 0.32880382239818579 1.2246467864107191e-16 0.064078100025653853 -5.3529233932495108 0.23387074470520022 0.12999999895691874 0.29020999372005468 0.15937499701976779 -0.086653765290975557 -7.5872063636779776 0.81174489855766307 0.81174489855766307 0.50104168057441723 -0.3415063470602035 0.10237156972289087 1.5578722953796389 0.10765703395009042 0.15202475339174273 0.46650633215904241 -0.45490165054798121 0.98296290636062633 0.56354168057441723 -0.27151405811309809 1.3321842551231386 0.016014019027352337 2.1328854560852055 0.22402674704790118 0.18999999016523364 -0.010006875731050966 -0.028352214023470875 0.28188824653625494 0.17982622236013415 0.60355338454246532 0.14000282436609271 -0.033857321366667741 0.52187499403953563 0.14999999850988391 0.6078576147556306 0.85200008749961864 -0.10024167969822882 -1.1488436460494993 0.082368247210979476 0.062500001862645163 -0.078568164259195314 -4.507643222808837 1.3782762885093691
decision_type=2 2 2 2 2 2 2 2 2 2 2 2 2 2 2 2 2 2 2 2 2 2 2 2 2 2 2 2 2 2 2 2 2 2 2 2 2 2 2 2 2 2 2 2 2 2 2 2 2 2 2 2 2 2 2 2 2 2 2 2 2 2 2 2 2 2 2 2 2 2 2 2 2 2 2 2 2 2 2 2 2 2 2 2 2 2 2 2 2 2 2 2 2 2 2 2 2 2 2 2 2 2 2 2 2 2 2 2 2 2 2 2 2 2 2 2 2 2 2 2 2 2 2 2 2 2
left_child=2 3 10 4 6 16 19 44 9 83 12 55 13 47 15 76 -3 18 54 82 24 -19 42 113 27 26 30 32 -29 -16 -26 -32 41 -17 -8 74 105 -11 50 107 56 -13 43 -23 45 46 -5 81 49 -31 -39 52 -21 -53 84 125 57 -20 59 -18 61 66 65 69 -63 115 -41 68 -68 -64 71 73 -73 -57 -36 -25 77 -6 79 -78 -80 -1 86 122 -7 112 89 -88 -89 -2 96 -85 93 -93 -24 100 -47 98 -79 -34 -56 103 -103 -44 -104 106 -27 108 110 -109 -10 -112 -50 -15 -115 -62 119 -99 -58 -117 -102 -38 123 -4 -43 -12
right_child=1 5 8 7 14 17 34 -9 39 37 11 20 -14 23 29 33 58 21 40 51 -22 22 94 75 25 36 -28 28 -30 48 31 -33 99 -35 35 -37 121 38 -40 60 -42 124 101 -45 -46 90 -48 -49 85 -51 -52 53 -54 -55 95 70 118 -59 -60 -61 62 64 63 -65 -66 -67 67 -69 -70 -71 -72 72 -74 -75 -76 -77 78 97 80 -81 -82 -83 -84 91 -86 -87 87 88 -90 -91 -92 92 -94 -95 -96 -97 -98 117 -100 -101 120 102 104 -105 -106 -107 -108 109 -110 -111 111 -113 -114 114 -116 116 -118 -119 -120 -121 -122 -123 -124 -125 -126 -127
leaf_value=-0.0031533481428655846 -0.010250625785407063 -0.0001132554094630857 0.0071313792607506131 0.00046301856823875693 -0.015604176804626049 0.0055747754499650051 0.029428907313424062 -0.0043107456830452414 0.010207137377957656 0.0025273506197896999 0.0047306509813794702 0.001292946108645072 -0.0065444234864214471 0.016730720328450664 0.0035284914460278413 0.0028102733162733034 -0.00039730314662896104 -0.0041951126509584919 -0.00069113246284019825 0.00075687530033487899 -0.0211478374228764 0.0013580102927942522 -0.00028966138009046613 0.010502439963668958 0.0042658769766896285 0.0067624291878156922 0.00098926328029540472 0.013254931273387331 -0.025172355845718961 -5.681752092063859e-05 -0.0074866211300934635 0.013028601203558738 0.0036915557193210242 -0.0012856045293803842 0.01177389591329119 -0.017431583095613271 0.006487936192045473 0.0043568258504439704 0.00013190768168602418 -0.0043999569543382838 -0.0068967154880197612 0.0099333333772078456 -0.0020990758188440491 -0.0026613301043658384 0.0065931712602282913 -0.0030756394460958424 -0.0016680468095111945 0.021421242900661146 -0.01052076261811445 0.020567942061545615 0.00076909234988139282 0.00088866799530955254 0.0061725571632504465 -0.00082084068664152899 -0.0032429931833948479 0.0062330549936778492 0.012112031311185103 -0.0054321106959041967 -0.0040434837590831336 -0.0051040027760529535 0.016641100874066835 0.00093641558947943674 -0.0069741121064813517 -0.021901947992537335 0.024234945233132667 -0.020502734067365358 0.0070608929927944916 0.019859981975209016 -0.0022032891729845514 0.0006436538248873275 0.0062248813168500755 0.0012789194373011114 0.015047629914835556 0.002682471511813762 0.0034426164261966521 -0.012766799495137142 0.015748659305957424 -0.0024612081928203021 0.0047406777930037612 -0.0051890729619158086 -0.016248115951834688 0.016203431348617313 -0.00091960074437816069 0.0033973777014319642 -0.0013792040376456693 -0.022375831282992729 0.023916716903199735 -0.02205582196928068 0.014706433417552661 0.0023694611309365158 0.00053951805030842193 0.0038672799636567394 0.0042523098789392809 -0.0030484687939792564 0.0066320487656790165 -0.0071055072749644657 -0.015105935270216413 0.014509345234051398 0.00040202906144653616 0.00048862698581842031 -0.0077573788997470404 0.0021923143368964334 -0.001167973330624581 -0.005632262122697216 -0.0046420151023573372 0.0026748669567858725 0.024440943817011524 0.0033955958619776298 0.00039912056816989214 -0.018953354218169335 0.010082751480572041 -0.014971809700003494 0.018722087321161027 0.013517543254341303 -0.017236034142574578 -0.016070629622470901 0.021649935867227046 -0.0083909364205396013 -0.0066842392587517264 0.012656503880556363 0.0098532041830218745 -0.0074870850243160302 0.018317656004569562 -0.010457062531940143 0.0047719077146045627 0.0086903548851310301
leaf_weight=65.743134491145611 106.29569631814957 11381.182321131229 56.119787476956844 8046.0728453099728 94.149646863341331 364.01131971925497 37.337854288518429 4350.4514782354236 572.33037282526493 6098.6226296573877 4784.4443232938647 1300.3338614404202 124.09846134483814 131.72507944703102 2145.1863230615854 2531.6560172513127 3959.7481454014778 6195.6608815193176 1062.0617654547095 5944.858193397522 50.717375934123993 2800.1908151507378 712.08946941047907 39.752656638622284 212.95694799721241 500.82765108346939 2746.9500205516815 37.016520701348782 69.411716558039188 6008.3062127530575 1112.1266602352262 51.492718435823917 2275.7227246165276 2348.1818758621812 415.54396872967482 37.514161497354507 94.329143472015858 2284.812169753015 21966.13748960942 3058.0719496533275 3961.4517468139529 608.89871802181005 3325.1866293996572 2703.6932811364532 290.49718973785639 6172.5335621908307 7900.905938886106 298.57029037177563 53.497191682457924 39.800053156912327 3191.7796430587769 10672.516432709992 1029.3507161289454 18123.555564515293 2738.2746909707785 2141.06534306705 113.34983082860708 3379.4622723087668 3902.9353221729398 916.15000684559345 172.85240237414837 1600.6196520626545 295.94747460633516 49.713375836610794 39.056163460016251 22.060778699815273 237.38206492364407 45.817643545567989 1358.840511187911 5317.243538223207 1676.1369154527783 4671.8162203282118 94.065381795167923 3393.6020793691278 497.69569866359234 96.5517887622118 153.35383810847998 17091.062982589006 88.113594114780426 60.430048882961273 55.787946201860905 100.44445427507162 1565.7090247049928 13073.638047263026 1825.1298937499523 62.497066244482994 90.275317788124084 46.438520364463329 75.575070098042488 9440.8030701130629 1194.0074659883976 442.04787401109934 856.99224959313869 1156.8966183438897 521.6625362932682 936.00536327064037 99.490731582045555 95.572852484881878 2076.7795972600579 3541.9317478388548 59.958013847470284 1145.8723492622375 4129.1999265030026 3176.8705013990402 2631.644441395998 1430.0394910946488 56.623750202357769 83.304472662508488 786.38331666588783 63.398387037217617 53.610755130648613 62.387960717082024 22.456674560904503 34.5880416482687 31.127795271575451 53.117915935814381 38.003375098109245 35.452662236988544 58.44388323277235 23.191946856677532 161.36808898299932 259.35460572689772 23.030957773327827 197.62361488491297 3102.0196926295757 1047.2481744512916
leaf_count=323 715 90270 437 62337 696 2913 112 32828 3598 48437 38009 9356 626 686 15900 19408 31480 48018 8407 46904 323 22088 5544 152 1657 3747 20785 172 199 45048 7103 357 16982 18319 2786 159 750 18194 174226 20032 31287 3924 26172 20863 2061 46192 60855 1046 267 176 24959 82615 7191 138472 21857 16996 731 26644 30439 7271 936 11618 1907 230 130 109 1740 201 10071 37908 13272 36999 738 26305 3659 359 871 132243 578 431 273 308 11543 102678 14489 239 511 214 516 74210 8799 3477 6722 8974 3891 7437 674 608 16154 25959 480 9019 32546 24607 20408 10714 248 558 5621 293 413 339 82 183 150 281 186 247 379 134 1291 1773 155 1439 22845 8351
internal_value=-1.45012e-05 -0.00111013 0.00187201 -0.000374928 6.47263e-05 -0.00240045 0.000720468 -0.00164505 0.00114035 0.00153512 0.00315158 0.00299685 0.00905393 0.0114845 -0.000891794 -0.00145797 -0.0011573 -0.00299708 -0.00411582 0.000585252 0.0019259 -0.00239709 -0.00187007 0.00397458 0.00199442 0.000507987 -0.000973564 0.00287295 -0.0117988 0.000781801 -0.00488898 -0.00656751 0.00301831 0.000839269 0.00715711 0.00625141 0.00311718 0.000916183 0.000558017 -0.000257719 -0.00529865 0.00449902 -0.00214963 -0.000616368 -0.00115559 -0.00125206 -0.00059279 0.0168552 -0.000170868 8.21178e-05 0.00226659 0.000152888 0.00155711 -0.000187212 -0.0024482 0.00404608 -0.00392498 -0.00429908 -0.00251055 -0.00128273 -0.000684383 -0.00179305 0.000492476 4.22749e-05 0.00150642 0.00870714 -0.00294439 -0.000231969 -0.000821383 0.000240669 0.00336527 0.00289929 0.00155399 0.00405706 0.00724336 -0.00594607 -0.00202561 -0.00214608 0.00449102 0.00982895 -0.00344536 0.00856693 0.00195065 0.0028483 -0.000220419 -0.0111508 0.00241128 0.0106093 0.000640991 0.00222779 -0.0026598 0.00297816 0.000745655 -0.00113468 0.00263921 -0.00369947 -0.00326901 -0.00207957 -0.00215093 0.00174212 -0.0026199 -0.00273515 -0.0018375 -0.00382613 -0.00252087 0.00434088 0.00860048 0.00297989 0.00390924 -0.00631878 0.00791154 -0.00339667 -0.00173083 0.0108238 -0.0010746 0.0110179 0.00243595 0.00828883 0.00571011 -0.00727622 0.0050645 -0.00374928 -0.004419 -0.00655042 0.00562153 0.00544327
internal_weight=270724 171261 99462.8 109100 81045.8 62161.6 48083.5 28054 63281 49347.7 36181.7 35259.1 922.602 798.503 32962.3 24630.5 20160 42001.6 14659.5 47095.4 17450.8 27342.1 21146.4 333.745 17400 6464.7 4123.53 10935.3 106.428 8331.74 1376.58 1163.62 10828.9 4879.84 988.092 950.754 2341.17 33541.4 27442.7 13933.3 8574.77 5011.25 19912.7 5503.88 23703.5 23413 15947 464.758 6186.56 6048.11 5476.59 35770.3 6974.21 28796.1 6084.75 17808.4 4613.32 4441.52 8778.83 4875.9 12311.9 6339.79 5972.13 5662.9 1639.68 309.226 4700.11 1642.04 1596.22 5613.19 11976.7 10300.5 4765.88 5534.67 913.24 136.304 19750.7 19393 357.685 213.784 143.902 166.188 11325.1 15806.3 2189.14 138.451 9759.39 212.289 122.014 9547.1 7466.03 15529.6 2455.94 1598.94 1233.75 3895.61 6272.02 19298.9 19167.8 5817.65 2959.6 14408.8 7906.72 6502.06 6760.84 1987.49 557.451 1621.42 1474.71 146.703 688.329 115.999 75.9539 197.441 65.7158 287.166 114.313 131.026 171.794 76.3099 221.326 353.684 276.774 253.743 3710.92 5831.69
internal_count=2080824 1323424 757400 834893 621147 488531 369607 213746 486003 389698 271397 267564 3833 3207 251540 189828 159460 329071 115915 362891 126894 213156 165138 1530 126571 47134 29902 79437 371 61712 9117 7460 79066 37727 6716 6604 17232 265816 217379 96305 67448 36125 155703 42951 180918 178857 123192 1677 45812 45224 43153 275182 54095 221087 48467 140670 36161 35051 69190 38751 85483 43792 41691 40045 11748 1646 32044 12012 11811 39815 94310 81038 37737 43301 6445 511 152101 149948 2153 1302 851 631 87709 123882 17402 588 76166 1241 730 74925 55665 121851 19173 12451 9435 31065 46866 149252 148397 42941 23628 112752 61973 50779 52954 14709 3995 10822 9971 851 4350 752 349 1019 333 1537 601 855 1110 415 1771 2523 2031 1876 26769 46360
is_linear=0
shrinkage=0.02


Tree=24
num_leaves=127
num_cat=0
split_feature=8 52 34 12 14 38 26 29 45 47 40 8 13 33 20 7 45 46 14 47 34 47 6 2 47 50 45 13 16 46 38 29 21 38 19 18 48 2 38 43 23 24 4 26 51 47 26 40 37 18 57 14 5 40 19 47 1 15 16 22 48 4 48 14 26 12 18 38 34 55 22 47 55 26 34 56 54 54 55 15 34 26 54 55 54 42 51 34 57 33 5 38 35 26 48 55 18 38 5 47 18 48 26 18 48 38 29 55 38 29 19 33 47 47 48 23 5 56 29 1 29 24 55 29 51 57
split_gain=1152.57 393.435 343.35 141.282 131.763 127.304 104.467 111.506 97.0397 111.614 92.08 75.9874 74.2957 73.6443 65.5505 89.3614 61.5488 60.9331 58.0165 73.4327 117.739 55.2731 53.366 52.6496 74.6467 52.1485 51.4036 50.4858 49.0993 48.6347 46.9539 46.9116 46.8924 55.3395 45.8523 54.6606 49.6521 43.1078 42.7167 42.4234 41.9169 42.6873 41.4353 41.2388 41.1808 40.9244 40.7011 44.031 42.2624 40.0284 39.497 39.3922 39.1176 56.8097 44.7159 38.6859 41.0523 38.2349 38.2068 38.0337 37.8812 39.441 37.8511 47.6852 37.5848 37.3577 36.9256 48.2169 43.5143 42.8302 38.1387 36.916 36.9045 36.7679 36.7627 36.7454 36.6641 36.2475 35.5008 35.1328 34.5432 34.2538 33.9571 33.9293 33.7613 33.4136 33.213 33.2128 32.7264 54.2343 34.9695 40.365 32.2704 31.6787 32.6239 34.6316 31.6719 34.8085 31.0724 37.2073 30.8287 38.1878 30.7764 30.6549 30.5463 37.2007 35.1501 31.3521 30.3605 30.3018 30.2824 31.5573 30.2317 30.1656 31.5565 29.8525 29.8232 29.5793 29.3944 38.1071 28.9458 29.226 31.1479 28.9416 28.8645 28.778
threshold=-0.20760563015937802 0.58089283108711254 1.0000000180025095e-35 0.19275655597448352 -0.22358596324920652 8.8176956989785231e-17 0.78656607866287243 2.622836828231812 -0.028515934944152829 -0.0011729929246939717 -0.3415063470602035 -1.3978233933448789 0.51899284124374401 -0.01302994880825281 0.78110840916633617 0.25955861806869512 -0.00038636651879642153 -0.021995655260980126 -2.1014034748077388 -0.091461442410945878 0.070833336561918273 -0.0076308799907565108 -0.077225912362337099 -0.0018363160779699681 -0.091461442410945878 1.4927278161048891 0.00060436857165768753 0.30761389434337622 -1.3906240463256834 -0.065853759646415697 0.043056981638073928 4.1599392890930185 0.82038879394531261 0.021091726608574394 1.8923600912094118 -0.64155209064483631 -0.016433541662991043 -0.06544069945812224 0.094803072512149825 -0.0085088619962334616 -0.10615716874599455 7725.3461914062509 0.13462676107883456 -0.91597560048103321 -1.2623187303543089 0.067559268325567259 0.91597560048103344 -0.3415063470602035 1.086776912212372 -1.6733230948448179 -0.040967680513858788 -0.42467415332794184 0.09512661769986154 1.2246467864107191e-16 8.2011666297912615 -0.0076308799907565108 -0.023741583339869973 6.0397744178771982 -1.7228513956069944 -0.097648743540048585 -0.03445691987872123 0.1362867280840874 -0.039252595975995057 -2.1900922060012813 0.37940952181816107 0.8634571135044099 0.46711589395999914 -0.23981512337923047 0.062500001862645163 0.19532658904790881 -0.12721339613199231 0.0034002145985141401 0.045905733481049545 0.98296290636062633 0.037500001490116126 0.20632909983396533 0.20259659737348559 0.095177587121725096 0.1401498764753342 8.7330217361450213 0.054166667163372047 -0.6035533845424651 0.46424406766891485 0.061549354344606406 0.076863553375005736 0.0097719086334109324 -1.1727048158645628 0.16250000149011615 0.046116080135107047 -0.029555650427937504 0.256399616599083 -0.067759364843368516 1.0000000180025095e-35 -0.7865660786628722 -0.071875035762786851 0.21547056734561923 -0.44536778330802912 0.1314416974782944 0.049362206831574447 -0.014814463909715412 -0.22564877569675443 0.0029762998456135397 0.60355338454246532 -0.23792291432619092 0.028658735565841201 -0.039454013109207146 -1.3289451599121092 0.026739856228232387 0.19358208030462268 5.5065631866455087 2.2793043851852421 0.0124483616091311 -0.014094672631472347 0.026963259093463424 -0.042122520506381982 -0.013917745091021059 0.32256756722927099 0.099602643400430693 -3.8459211587905879 0.011007716413587334 -0.020220875740051266 559.05871582031261 0.055007075890898711 -11.102008819580076 1.5632076263427737 -0.096836257725954042
decision_type=2 2 2 2 2 2 2 2 2 2 2 2 2 2 2 2 2 2 2 2 2 2 2 2 2 2 2 2 2 2 2 2 2 2 2 2 2 2 2 2 2 2 2 2 2 2 2 2 2 2 2 2 2 2 2 2 2 2 2 2 2 2 2 2 2 2 2 2 2 2 2 2 2 2 2 2 2 2 2 2 2 2 2 2 2 2 2 2 2 2 2 2 2 2 2 2 2 2 2 2 2 2 2 2 2 2 2 2 2 2 2 2 2 2 2 2 2 2 2 2 2 2 2 2 2 2
left_child=2 5 6 18 14 10 11 22 13 17 12 38 29 -7 23 40 34 50 19 20 46 110 30 28 -25 86 -6 81 -3 -2 76 42 59 43 -5 -36 66 -13 103 96 41 -16 -31 49 100 85 47 -4 -49 -34 -10 -39 77 54 74 56 -19 83 87 -21 -57 -62 -24 -64 72 -58 -37 68 -68 -69 -71 -53 -29 -18 -54 -56 -8 -17 -51 -30 116 -11 124 -42 -55 104 123 -45 89 -26 -90 113 109 -59 -95 -96 -35 -98 -65 -100 -20 120 -15 -1 105 107 -106 -28 -67 -9 -14 -112 -41 114 -92 -105 -74 -94 119 -40 121 122 -102 -12 -52 -104
right_child=1 4 3 16 26 8 7 92 9 27 25 37 21 102 15 52 73 55 44 32 -22 -23 62 24 88 -27 45 64 79 31 -32 -33 33 39 35 36 -38 51 118 112 57 -43 -44 58 -46 -47 -48 48 -50 78 82 71 53 84 75 60 65 93 -60 -61 61 -63 63 98 -66 108 67 69 -70 70 -72 -73 80 -75 -76 -77 -78 -79 -80 -81 -82 -83 -84 -85 -86 -87 -88 -89 90 -91 91 -93 117 94 95 -97 97 -99 99 -101 101 -103 125 115 106 -107 -108 -109 -110 -111 111 -113 -114 -115 -116 -117 -118 -119 -120 -121 -122 -123 -124 -125 -126 -127
leaf_value=0.0031513664138915305 0.020303109283580572 0.016320437421408453 -0.010027581795047581 0.0036025350110784836 -0.00044333068616268193 0.01387221463207651 -0.0007978925533629462 0.00066659837505153921 8.4849776788705977e-05 0.0038097711751917101 0.02132695123351961 -0.018584080962154807 0.0061535188893026387 -0.013313210424253357 0.0013002337286323873 -0.0035732562627338975 0.00059538155677075534 -0.0076965699492791495 0.005643726349576661 0.0039616883944200657 0.021334754929604099 -0.0013877136510184514 -0.01535652088078699 -0.026851620758174231 0.0053451241249064235 -0.0021304795265934336 0.017954269101439661 -0.0037132918391515018 0.001573415126819798 0.0039769263101670053 -0.00715473967038875 0.010877445217096564 -0.0055045413066263675 -0.0053027374270855042 0.0035571881533491422 0.00025825707573163734 0.0018054616303923388 0.00068959233785383198 -0.011853495592492966 3.5725124386413192e-05 -0.0037028930052485851 -0.015039220612105997 -0.00054856643808199928 0.0055942139975520512 0.0026075250052568226 -0.012724447866400614 -0.016775128818899556 0.015060883920824277 -0.011775969510563967 0.0080691236133210685 -0.0053529455985282986 0.00010858506183023844 0.0016847535308590453 0.010717643630058516 0.01352990049949091 0.0072582484707615722 0.0020555462820911951 -0.016383888052122091 0.001101349840862374 -0.0013670241126168404 -0.00046246807141902397 -0.0080540703749051763 0.011173405822256746 -0.00021965378424773071 -0.0041196379122438644 -0.0026749026034002072 -0.0057653860886546409 -0.0030015944604529598 0.023669715095871048 0.0072390904311660032 -0.016414236037753334 -0.0025086087835211462 -0.0010852157603931324 -0.0055422542501379511 0.023507108716259065 -0.0098632943552624617 0.0097806792268583694 0.0059950853876646138 0.020660090860222829 -0.016889655696626555 0.0063980019640340682 -0.001042642196760382 0.01114310131481828 -0.0020665883958588104 -0.0023408425344753317 6.0822534964482667e-05 8.2382546712224589e-05 -0.017795253342615339 -0.002086189495387746 -0.00076135789875442326 -0.0098172679185017167 -0.022259018817852347 0.014752642363597255 0.018658162395648117 -0.0022085980875607152 -0.013408115402570543 -0.0023928212964085499 0.0086028390145101025 0.0078038780328975356 -0.0054439475619878367 0.008741249677627386 0.0058553439481213859 0.0067637476690408007 0.0022588770431843652 0.013090021379580593 -0.0037820803059867543 -0.0057916969661473625 -0.0017488523387433547 0.020758358664379636 0.0081266582410408923 0.0011881149400635462 -0.018167553936772992 0.0059437750377001521 -0.01610606806424986 0.01850735496886409 4.6304520929814987e-05 -0.022237298404155482 -0.014638267048766775 0.0078050142336632969 0.018994250011410033 -0.00026498736079342519 0.0022689547366752088 0.0022862531085903579 0.0019181972978683322 -0.017994082501143864 -0.0091924163248414577
leaf_weight=3987.8224596232176 69.436176605522633 88.9069904088974 59.021772235631943 6496.2450602054596 2273.9487021863461 53.580143049359322 6526.7409487590194 675.00882543623447 867.67884255200624 734.92009934037924 30.001626163721085 47.960709251463413 766.28322163969278 439.02242781221867 1539.353549964726 856.3959506675601 10818.633149929345 192.98697699606419 6881.2506485879421 690.46027956902981 204.10866282880306 2723.8775187581778 113.24875655770302 43.919011734426022 627.29908864945173 3830.103978946805 31.587417170405388 2753.8127140253782 3099.9155640006065 4187.2713184654713 464.71404824405909 329.55295974761248 60.123883895576 637.07807066291571 4531.033234320581 3153.0018900632858 9797.8725724741817 20246.657546058297 66.089594677090645 724.5248958915472 7425.50208966434 65.723393440246582 1002.361772030592 2007.8650695309043 5222.4899173155427 193.6420721784234 42.017304100096226 126.35612881183624 27.947100110352039 305.31448242813349 1048.9272612631321 5630.4136820435524 559.73160522431135 88.135108634829521 345.70208718627691 243.42397057265043 7912.2403185591102 129.35775993019342 1497.6027346253395 2378.4157696887851 7596.0183171853423 283.01147775352001 83.751693494617939 683.85830139368773 4839.6425356119871 936.72082731872797 35.42045284062624 697.85687377303839 44.329116590321064 31.13072419911623 191.02427688986063 3491.5145523697138 4575.9386888965964 404.01285170763731 31.711917452514172 28.358718805015087 132.7303998246789 193.23957481235266 127.65626430511475 40.778166078031063 250.82775206118822 2779.4730658680201 45.927169427275658 16009.367056131363 708.62207055836916 1004.12826243788 24384.043004512787 23.614355973899364 3986.6216873452067 7852.3897609859705 27.626888424158096 74.44988189637661 162.85736138373613 20.830804415047169 298.98064648360014 174.85766370594501 334.31665536016226 174.38245839625597 86.80508753657341 2552.4949645102024 718.18068967014551 2318.5132912099361 67.261997498571873 4544.5222894325852 39.02189590036869 17254.067901961505 2982.2802395224571 3691.5726210400462 21.650545209646225 320.92156928032637 411.4923722371459 35.688227705657482 663.52618975192308 40.657050050795078 34.068470299243927 5265.9762614220381 25.827960826456547 14.12111373990774 703.32787778228521 20.063009366393089 1019.2395199611783 2427.2502966299653 514.25370345264673 3852.3649934977293 76.962072037160397 133.14276543259621
leaf_count=31043 346 371 285 49442 17984 194 51394 5226 6236 5772 143 213 5854 2702 12170 6754 84130 1278 54046 4561 764 21313 703 178 4053 29269 233 21994 23777 33157 3489 2528 388 4445 34721 22273 76492 155499 354 5202 58766 514 6768 13350 41311 1315 129 558 149 2251 7480 44872 4141 628 2415 1905 61209 807 11215 15534 60311 2118 608 5464 38141 7321 204 5194 170 143 947 27651 35674 3146 184 213 867 1495 761 219 1968 21948 143 123182 4980 7261 186214 148 30713 59538 131 388 1207 103 2055 1147 2264 1080 674 20056 5736 18308 449 35444 285 136535 22826 28551 114 2359 3128 251 5013 234 183 40908 106 105 5032 102 8016 18853 4020 29458 560 892
internal_value=6.62545e-06 -0.00116925 0.00145566 0.0024392 -0.00223521 -0.000180815 0.000303575 -0.0013659 -0.00105386 -0.000907725 0.000571742 0.000751952 0.00229836 -0.00846007 -0.00156144 -0.00213601 0.00160432 0.00011857 0.00347462 0.00224679 0.0100503 0.000193659 -0.00201096 -0.000533348 -0.00111376 5.92101e-05 -0.00332392 -0.00214397 0.00174603 0.0037807 -0.00101506 0.00356901 0.00187318 0.00282817 0.00215709 0.0016488 0.00102869 0.000166631 0.0019321 0.000512298 -0.00250688 0.000621609 0.00310271 0.00428636 0.00412263 -0.00358382 0.000978074 0.00454143 0.0101493 0.00970114 -0.00314896 0.000197918 0.00124815 0.00306825 0.00632788 0.000506552 0.00140479 -0.00271565 0.00352697 -0.000166902 -0.000495693 -0.00073627 -0.00402532 -0.00364398 -0.00274165 0.00160376 -0.000803735 -0.00415091 0.0106744 -0.00544729 -0.0130776 -0.000893229 -0.00186434 0.000373865 0.00289421 0.0117322 -0.000585463 -0.00180673 0.0118228 0.00132808 -0.000814315 -2.68395e-05 -0.00554234 -0.00258524 -0.000883471 -0.00351248 0.000356014 0.00531322 -0.00102215 -0.000308926 -0.00247413 -0.011155 0.00448396 -0.00759951 -0.00527193 -0.00636313 -0.00233448 0.00138402 -0.00402096 -0.00500506 0.00469246 0.00375617 -0.0103517 0.00167283 -0.00366203 -0.00339079 -0.00554325 -0.00157665 -0.00212339 0.00307722 0.00374243 -0.000391465 0.0028629 -0.00293118 0.00585349 0.00107146 -0.00120896 0.0123329 0.00645445 -0.00452276 0.00271474 0.00354473 0.00605264 0.00207389 -0.00623314 -0.00382508
internal_weight=270572 149364 121208 65386.1 71862.8 77501.5 55821.6 11817.3 35879 35186 41622.5 44004.3 9525.96 693.007 44392.5 28475.9 36200.6 19225.5 29185.5 10084.3 459.451 3937.34 10644.3 15916.6 12687 32096.5 27470.2 15960.4 3229.6 5588.62 7124.19 5519.19 9624.88 6556.01 24977.9 18481.7 13950.6 29416.5 14587.8 2533.83 25664 1605.08 5189.63 4022.18 19101.2 25196.3 255.342 213.325 154.303 493.095 2039.5 29368.6 2811.9 1762.26 965.504 17186.1 9063.6 24058.9 3529.08 3068.88 8122.45 7879.03 3520.16 3406.91 12446 8870.61 4152.76 999.761 79.7496 920.012 222.155 9121.93 7606.41 11222.6 591.444 374.061 6659.47 1049.64 432.971 3140.69 4852.59 3514.39 1171.82 23434.9 796.757 25002.7 28266.4 2031.48 12643.1 8479.69 4163.42 176.802 1172.91 624.027 494.669 473.838 1145.78 508.699 3323.16 2639.3 13878.7 6997.44 639.427 13798.3 23998.5 20977.2 3021.3 3723.16 958.371 995.93 1213.46 447.181 1388.05 102.352 61.6954 9810.5 4601.77 176.978 789.48 86.1526 4678.92 3659.68 1232.43 3882.37 1125.89 200.405
internal_count=2079792 1151273 928519 495249 554329 596944 433270 92152 278515 274278 318429 341118 73345 4237 339339 219554 276862 148675 218387 68097 1885 30546 83255 119785 95418 245084 214990 125603 24367 42799 55750 42453 66212 46117 189586 140144 105423 228235 112883 18004 198744 12684 39925 28113 150290 197006 1121 992 707 3400 14419 228022 20810 12561 6953 134256 69922 186060 24713 20095 64334 62429 27505 26802 97883 68644 28931 6658 374 6284 1090 72523 59742 87276 4325 2628 52261 8249 3012 23996 37748 27720 8183 181948 5608 195691 215815 13498 95240 63591 31649 936 8897 4112 3305 3202 7789 3344 26194 20730 108979 54933 4043 107395 188430 165319 23111 28784 7435 7585 9233 3379 10215 548 314 76352 35780 1312 5488 456 36625 28609 9756 29601 8040 1341
is_linear=0
shrinkage=0.02


Tree=25
num_leaves=127
num_cat=0
split_feature=10 53 10 10 27 26 28 49 48 25 55 55 19 27 11 39 39 39 55 20 2 48 45 34 5 34 54 43 5 55 32 12 55 39 39 46 26 10 38 55 34 38 20 47 20 18 39 2 48 5 48 5 43 38 39 25 34 39 18 1 6 18 11 18 39 38 32 39 25 32 44 4 25 48 2 17 53 6 38 5 35 48 52 4 26 55 46 1 48 47 52 43 47 39 6 31 34 27 1 47 54 5 24 6 19 6 47 46 53 19 19 19 17 32 20 1 2 31 26 48 21 46 38 35 56 46
split_gain=1289.49 444.249 185.353 149.842 137.441 99.0185 118.23 101.831 86.4637 88.5967 105.485 92.8936 82.5432 76.9014 76.7787 71.3991 64.8418 64.123 79.04 63.6807 62.8256 62.3718 63.8563 137.224 64.3223 62.0323 61.7604 60.7804 60.2351 59.9675 56.859 55.0002 54.5246 61.7462 52.8928 52.0183 49.7369 49.5907 54.3625 49.5817 65.9907 67.7881 46.1489 46.006 45.94 44.8887 44.1722 70.1852 49.5378 43.8215 43.7364 43.5654 43.4971 43.4669 42.7182 62.2216 42.0358 41.754 41.6452 40.9812 51.5414 40.8872 40.8508 40.398 40.5406 39.9721 39.6639 39.5996 60.1809 119.086 48.2348 38.3412 50.9879 38.3391 38.1002 40.0748 37.8029 37.5545 37.4855 42.3209 38.8353 37.456 47.333 37.3412 37.1767 37.1574 36.902 42.3305 36.7559 36.1631 48.5409 35.9981 35.9353 35.9084 37.3163 48.4274 35.9032 35.8673 35.8553 35.5651 64.8684 38.6627 35.5542 35.299 35.2612 35.0843 35.0445 63.8043 40.2636 43.8979 46.6976 41.2486 35.9268 38.9663 34.8645 37.3419 48.4631 35.5219 34.7689 34.7316 35.3414 34.7102 41.3421 35.3675 43.1727 37.516
threshold=-0.58524423837661732 0.67389261722564708 -1.5257396697998045 1.1033616662025454 -1.0000000180025095e-35 0.37940952181816107 -0.56174489110708226 -0.20651604235172269 -0.12250675633549689 -0.37940952181816096 0.20717659592628482 0.064307626336812987 9.5613522529602069 -0.60785761475563038 0.82008039951324474 0.66354167461395275 0.62604168057441723 0.17604166269302371 0.36077880859375006 0.89667195081710827 0.002024923800490797 0.0083938608877360838 -0.047965487465262406 0.070833336561918273 0.29290214180946356 0.087500002235174193 0.079809013754129424 0.0075195075478404769 0.042909052222967155 0.046321954578161247 0.0049138201866298923 0.84928914904594432 0.067089814692735686 0.30937500298023229 0.4760416597127915 -0.015759809873998162 0.12940952181816107 1.2293046712875368 -0.057134738191962235 0.19532658904790881 0.095833335071802153 -0.051111655309796326 1.3862095475196841 -0.063357133418321596 0.76628378033638012 0.9004761576652528 0.55937498807907116 0.03954890929162503 0.0096536194905638712 0.16007689386606219 -0.011329897213727234 0.038349971175193794 0.0051963061559945354 0.097963448613882079 0.36770834028720861 -0.6035533845424651 0.17916666716337207 0.68854168057441723 3.1157795190811162 0.022140992805361751 0.13127680867910388 0.23773861676454547 0.31623816490173345 -0.26995962858200068 0.49270834028720861 -0.15535781532526013 0.081870529800653472 0.2885416597127915 -0.37940952181816096 0.053323874250054366 -0.033500030636787408 0.37818126380443579 1.0000000180025095e-35 0.053425844758749015 0.043754268437623985 1.8583714962005617 1.2023877501487734 2.8384815454483037 0.16890875250101092 0.27242179214954382 0.27500000596046453 -0.078094564378261552 -2.8428227901458736 0.14176230877637866 0.37940952181816107 0.050323437899351127 -0.021130072884261605 -0.019519872963428494 -0.059619808569550507 -0.072709828615188585 -0.30051462352275843 -0.018821883015334603 -0.016530703753232952 0.51354166865348827 0.031473221257328994 0.14999999850988391 0.045833334326744087 -0.60785761475563038 0.0046525683719664821 -0.063357133418321596 0.21563432365655902 0.47547437250614172 -29818.074218749996 -0.046493224799633019 5.4868416786193857 0.015232489444315435 -0.063357133418321596 0.00026953351334668701 -2.2956736087799068 1.2424235343933108 2.8711236715316777 3.1250085830688481 2.1487176418304448 0.012894710991531612 0.78110840916633617 0.015007978305220606 0.0063861706294119367 0.24999999254941943 -0.98296290636062611 -0.02060685399919748 0.92095556855201732 0.01622354052960873 -0.30078926682472223 0.27500000596046453 0.043066602200269706 -0.065853759646415697
decision_type=2 2 2 2 2 2 2 2 2 2 2 2 2 2 2 2 2 2 2 2 2 2 2 2 2 2 2 2 2 2 2 2 2 2 2 2 2 2 2 2 2 2 2 2 2 2 2 2 2 2 2 2 2 2 2 2 2 2 2 2 2 2 2 2 2 2 2 2 2 2 2 2 2 2 2 2 2 2 2 2 2 2 2 2 2 2 2 2 2 2 2 2 2 2 2 2 2 2 2 2 2 2 2 2 2 2 2 2 2 2 2 2 2 2 2 2 2 2 2 2 2 2 2 2 2 2
left_child=2 3 13 16 8 7 52 98 -3 10 31 49 37 36 19 92 20 18 27 39 62 22 23 -15 44 29 50 76 -24 119 -21 65 33 -19 53 -22 81 38 -13 118 63 -42 102 -37 -25 -45 47 54 85 -11 -5 -50 -7 56 55 105 -30 91 -39 -40 -61 -56 -2 64 103 73 78 68 69 -64 -70 -53 -73 104 75 -29 -8 -57 79 -38 -80 82 -1 -14 99 -48 89 -88 -87 90 -69 -43 -12 -35 95 -95 -79 -32 -6 100 -31 -102 -34 -41 -10 -9 107 108 -65 -110 112 -112 113 -111 -67 116 117 -116 -4 -18 -121 123 -123 125 -125 -28
right_child=1 4 14 26 5 6 17 46 9 11 15 12 83 21 -16 -17 25 32 -20 30 35 -23 28 24 -26 -27 121 74 34 84 97 -33 42 93 -36 43 66 58 59 40 41 57 -44 45 -46 -47 48 -49 51 -51 -52 71 -54 -55 61 77 -58 -59 -60 60 -62 -63 67 106 -66 114 -68 86 70 -71 -72 72 -74 -75 -76 -77 -78 96 80 -81 -82 -83 -84 -85 -86 88 87 -89 -90 -91 -92 -93 -94 94 -96 -97 -98 -99 -100 -101 101 -103 -104 -105 -106 -107 -108 -109 109 110 111 -113 -114 -115 115 -117 -118 -119 -120 120 -122 122 -124 124 -126 -127
leaf_value=0.016564367503487852 0.0016895241556022708 0.029498913206683252 0.0044765991313108705 -0.0002649259459171931 -0.00026424408188221939 -0.0046598667184770222 -0.0023626515444866154 0.0063210363564846182 -0.0012673152952546816 -0.0053854307710326735 0.0095684446111136152 0.018680014719572632 -0.0066788778128960722 -0.0026994393846540405 -0.001850821838124595 0.0058310218568376516 0.0092529693864168566 0.00089479103241382806 0.025083503711744139 0.0014087941446094938 0.011150457923139219 0.0041139086744403719 0.0041069051215291679 0.014963664362885523 0.021970937680456756 -0.0081656679160565931 0.017016511339061836 0.00028575290658169655 0.00071430061686002732 0.0066009211187645512 0.00561322847288819 -0.0036631983591662804 0.015677676508752191 -0.0071764585217401478 0.002648729746840084 -0.013546329652278455 0.0027587981558593938 -0.0047138579397763211 -0.0023285101178541806 -0.00046618732780332318 0.020822015036559966 0.015108518471975172 0.0048477303723477531 -0.00081764660162528008 -0.0093231901871501949 -0.005306487083799577 -0.001109396558640553 -0.0077882441175188919 -0.0084328731175013286 0.018175228571064045 -0.0027491489663666992 -0.0012299664330748068 -0.010168437560585282 -0.004652325664499103 -0.0016275115724790027 -0.0020835388188327085 -0.029022164515053732 0.026540784034945215 0.013772369886522728 -0.0024282497390572099 0.010927558265111405 -0.0054537237122659031 0.0021340239919568939 -0.012999661992718976 -0.0045793822967586445 0.00097018084845527193 0.021673637671860205 0.00021347040139819067 -0.031056896157759986 0.023778430569261429 -4.1273773659484061e-05 -0.0056029298958706272 0.0300524384783738 0.025288385461799189 -0.010896985748918273 0.012266103001425324 -0.0065207763508745575 0.0041977748578374803 -0.0020611168923517181 0.018955839377523757 -0.033129202371908521 0.0060272545839653328 -0.0089152919625174153 0.018017896771584933 0.0045019775414269865 -0.015590398800518079 -0.011003803903602115 -0.00014320427128516858 0.003550456801966501 -0.0044656039654929749 0.027015975518721331 -0.0079847329763350627 -0.018935338468363871 -0.0030802972384395906 -0.0082401440556165058 0.0088245075139875579 -0.020208493386591694 0.0026537395932184388 0.002455222581796198 0.0019352703665695623 -0.018013996859358894 0.0047243794104550405 -0.00047488183618585214 0.011482274127249137 0.018339570771599863 7.6455342433253491e-05 -0.0054419254695879087 0.022220581312906443 -0.016873301883102067 -0.019785167937941835 -0.024720800785143875 0.002367262785319426 0.017854291242099092 0.0049426857611024021 -0.00025707082171755086 0.0038938838198110076 -0.004188915243282988 -0.011371843885001721 0.0008742560998677894 -0.0033307883312988194 0.00056122341750049556 0.017867586660111841 -0.0070937617953077663 -0.00067778002412043818 -0.018025940815284108 0.00036696166985250361
leaf_weight=36.144586250185966 8417.754860393703 31.607301786541939 1115.3938835933805 3710.6123326271772 3471.5996012985706 3281.4154535830021 1427.0509516596794 649.66563268005848 143.89446318894625 9852.3036412447691 18.319959133863449 50.88522382825613 30.832387819886208 271.02807911485434 3187.0081566944718 66.923591464757919 140.15652318298817 1142.2564595118165 36.868238113820553 15165.832585580647 135.480080075562 6584.5073856189847 3407.3590269684792 69.573400013148785 244.20033428072929 263.67723746597767 53.517760083079338 389.65553216636181 9855.409860253334 111.19174405187368 2274.4574848264456 3556.4055045470595 54.114794857800007 1180.9152335748076 6242.1585509032011 119.81984032690525 4518.4770554676652 4195.9138467162848 5853.046578541398 187.3498557806015 99.04584863036871 33.168954066932201 809.65544620156288 12161.389713689685 54.826404400169849 960.7638620659709 1274.0456558912992 808.89098760485649 338.97241594642401 30.710504718124866 12025.00179798156 4527.6635465323925 695.81487967073917 656.89148760586977 2562.8943635448813 6737.7748692631721 18.05092415958643 20.441455073654652 48.351340241730213 245.14162715524435 217.03251054883003 1982.5282855629921 5134.9579586386681 103.24363297224045 239.47497048974037 2684.7929717823863 43.792171366512775 160.46586289256811 19.099486172199249 102.7582161128521 9471.8375819176435 28.274744853377342 35.16744239628315 38.945430353283882 80.987699635326862 155.68714069575071 2268.5802571475506 567.73796516656876 57.602544270455837 64.520569413900375 21.45720998942852 5367.2917087674141 134.89244849979877 109.33925895392895 2392.2073239982128 39.90978629142046 144.17355483025312 12881.218408226967 2132.1027970612049 1489.399474799633 31.525860786437988 127.85080774873495 263.9400981888175 413.97914119809866 255.05371793359518 202.79307944327593 24.183665879070759 5874.3406502828002 4390.4629169106483 10717.914426758885 132.88724489510059 37.969572208821774 4941.8533293306828 207.94388747215271 48.159266412258148 806.09755063056946 1564.7865753993392 47.198376335203648 50.338901899755001 27.25614770501852 41.089808791875839 47.809875093400478 77.018326409161091 259.64548142999411 3503.7930860593915 440.58451862633228 2631.4618282690644 117.93188156932592 26928.391100466251 1456.4912906885147 2593.082929931581 27.390250913798809 413.85469223558903 151.9857252985239 91.386993318796158 7782.222687445581
leaf_count=148 65256 101 8501 29348 27072 25784 11030 4900 1046 78297 108 289 245 1223 24545 477 1117 9005 197 120047 801 50682 27204 438 823 1959 195 2979 73324 822 17694 27635 368 9394 46374 715 34855 31879 45495 1233 490 120 6160 93967 336 7493 10109 5474 2707 227 95076 34579 5305 4067 19658 51952 102 105 362 1762 1589 15225 39683 450 1552 20999 159 872 46 440 73321 152 148 254 488 1026 17588 4154 325 353 49 41688 776 729 18508 283 1004 101077 16418 10834 97 696 1465 3296 2033 1580 179 45246 33104 83069 707 154 38012 1402 328 6182 9544 203 203 153 155 229 268 1430 27785 3370 20673 943 208312 11628 20722 120 2969 1080 632 57977
internal_value=6.49911e-06 -0.0010119 0.00187848 -6.85706e-05 -0.00208694 -0.00139339 -0.00259941 -0.000705027 -0.00305501 -0.00308603 -0.00182697 -0.00391055 -0.00262331 0.00297008 0.00116592 -0.0126614 0.000406291 -0.00169789 -0.00368877 0.0013424 4.46087e-05 0.00241718 0.00188034 0.00809754 0.016025 0.00144448 -0.00142089 -0.00394018 0.00168283 0.00158912 0.00213304 -0.00153861 -0.00073333 -0.00283129 0.00119011 -0.00113346 0.00444865 -0.00282528 -0.00170817 0.000751081 -0.0016344 0.00760419 0.000421353 -0.00126005 0.00426282 -0.00114676 -0.00138929 -0.00207106 -0.000238148 -0.00531029 -0.00216346 -0.00152404 -0.00562615 0.000325202 -0.00172352 -0.00090883 0.000656901 0.000309523 -0.00449983 -0.00187554 0.0038514 -0.0032974 0.000460989 -0.00254538 0.00190025 -0.000751917 0.00293537 0.000109581 0.000842604 0.00256331 -0.00010706 -0.001012 0.0143058 0.00744868 0.00181747 0.00372398 -0.00491648 -0.00165905 0.00275453 0.00299113 -0.0108141 0.00573351 -0.00345998 0.0125696 0.00224241 0.00160112 -0.000624472 -0.000264329 0.00319128 -0.00341202 0.00473692 -0.00315762 -0.0170545 -0.0049046 -0.00182145 0.000840301 0.00316654 0.00348049 0.0012544 0.00175056 -0.00524704 -0.0129569 -0.00029662 0.00582988 0.00371364 0.00286635 -0.00381819 7.00537e-05 -0.0016861 0.000654543 0.00263816 -0.0102775 0.00581552 0.00252946 -0.000954781 -0.00172704 -0.0021238 -0.000622309 0.00101772 -0.000498867 -0.000838828 -4.9267e-05 -0.00550513 0.000249228 -0.00724325 0.000482962
internal_weight=270554 175227 95327.3 93332.2 81895 47714.7 17336.7 30378 34180.3 34148.7 13515.2 20633.6 10750.5 37648.2 57679.1 349.184 69076.2 13359.5 4358.83 54492.1 51230.6 27404 20819.5 639.628 368.6 17845.6 24256 4321.96 20179.9 17581.9 23314.6 13166 9000.62 3195 16772.5 13377.5 10244.2 10610.4 6366.11 31177.4 3133.66 280.507 5805.62 13242 124.4 13122.2 22515.9 14139.8 8376.14 9883.01 15735.6 4930.08 3977.23 10530.4 13330.9 8785.46 9873.46 181.461 4244.27 6315.22 462.174 4545.42 37853.2 2853.16 634.769 9609.56 4705.85 29435.4 14728.7 5237.72 9490.94 4591.11 63.4422 230.999 626.33 545.343 3695.63 7329.7 4662.06 4583 79.0598 5538.33 171.037 140.172 13392.2 3446.06 14706.8 13025.4 2172.01 1681.39 191.992 161.02 282.26 2052.74 871.826 616.772 591.922 8148.8 7862.06 11000 282.049 170.857 4995.97 395.294 192.054 1455.76 2218.39 653.601 606.402 503.159 452.82 88.8997 363.92 286.902 9378.56 6693.77 6253.19 3621.72 28043.8 4189.73 4049.57 8520.36 441.245 8079.11 243.373 7835.74
internal_count=2079792 1354288 725504 721689 632599 366541 134245 232296 266058 265957 105083 160874 82350 282926 442578 2050 534292 103156 33308 418033 395606 204573 153891 2820 1597 138686 187397 33111 151071 136727 182987 103033 69848 25308 123867 102976 78353 81376 49135 235046 18233 1411 44540 102175 774 101460 172120 107724 64396 78524 124424 37586 31089 77493 102250 67367 73426 921 32241 48846 3351 34883 292630 16822 4187 75398 35741 227374 113490 40123 73367 34879 300 1628 4493 4005 28618 56285 35582 35208 374 42612 924 974 103260 26810 113884 102081 16701 11803 969 816 1573 16303 6909 4876 4333 62940 60176 84752 1683 861 38380 2635 1374 11082 12635 3091 2888 2438 2235 384 1851 1583 73770 52771 49401 28728 216813 33467 32350 62973 3089 59884 1712 58172
is_linear=0
shrinkage=0.02


Tree=26
num_leaves=127
num_cat=0
split_feature=10 10 10 32 29 55 19 8 46 28 32 34 5 39 15 32 4 29 55 29 49 47 26 29 47 20 54 34 40 39 16 26 38 38 18 38 19 45 40 35 29 19 45 39 18 33 5 55 17 39 46 39 29 17 39 4 18 15 33 39 8 34 4 34 46 4 26 16 16 29 20 52 4 24 28 56 34 4 34 33 16 20 38 18 29 40 55 33 47 34 13 12 39 38 15 29 55 24 39 38 35 20 55 31 54 52 40 26 55 46 55 15 55 55 40 28 19 26 6 15 54 20 18 38 56 47
split_gain=1232.77 351.551 244.068 164.432 106.876 106.086 114.234 87.1171 83.7087 79.27 78.3529 115.096 91.474 69.9224 65.6377 64.9085 68.8929 63.0115 62.1749 60.2769 88.7166 60.7648 80.8011 59.7843 58.0523 90.5525 56.2454 53.8285 52.5599 52.2447 50.662 50.5073 49.7333 49.6318 48.9864 48.5825 47.9751 47.8749 47.8417 47.3833 47.2072 46.0843 45.5721 46.0974 45.4218 45.2939 44.5303 43.8349 43.8046 43.7388 44.1261 43.2167 55.9946 53.7134 51.1517 59.7005 43.1184 42.5231 42.3669 41.9524 43.7093 43.6329 41.8279 43.4931 41.2994 40.7381 40.6795 40.1234 39.5351 39.1303 39.0502 38.7079 38.5176 37.8626 37.2989 37.2763 37.0574 37.0559 36.545 36.1514 38.8125 38.0731 36.1296 36.1258 37.1405 52.7566 41.1699 36.1131 82.1713 35.991 35.8188 35.6046 35.4424 44.5782 35.1435 35.0068 44.3545 34.8735 34.7466 34.6876 37.4216 34.6269 34.4961 34.3447 34.0146 33.9653 40.7708 41.5966 33.5825 42.4866 33.5644 37.5339 35.3144 33.4524 33.3373 33.3027 46.4679 53.7988 37.6774 34.7076 34.6456 38.1605 37.5811 32.9881 40.8138 48.7208
threshold=-0.38777749240398401 1.039692282676697 -1.5038450360298155 0.00047811375407036399 5.5065631866455087 0.05693452991545201 8.7590279579162615 0.84333458542823803 0.007144253235310317 0.81174489855766307 0.081870529800653472 0.029166667722165588 0.083985876291990294 0.655208319425583 8.7330217361450213 0.0023700647288933401 0.082598369568586363 0.23095607757568362 0.44935074448585516 2.9492139816284184 -0.13621347397565839 0.0014817233895882966 0.12940952181816107 6.3523948192596444 0.006924655521288515 0.89025038480758678 0.056943560019135482 0.095833335071802153 -0.3415063470602035 0.055208332836627967 -3.9388328790664668 0.78656607866287243 0.050359895452857024 -0.12578463554382321 -0.47448290884494776 0.012373070232570173 2.8557778596878056 -0.0051465497817844144 1.2246467864107191e-16 0.27500000596046453 -5.3529233932495108 3.0100259780883794 0.0026307142106816177 0.046875000000000007 0.086862340569496169 -0.025335526093840596 0.256399616599083 0.15561070293188098 2.0381331443786626 0.35520832240581518 0.028140695765614513 0.4760416597127915 1.0274529457092287 2.0381331443786626 0.79270833730697643 0.17576956003904345 -0.16053961962461469 6.0397744178771982 0.03880951181054116 0.68854168057441723 -0.1390680521726608 0.037500001490116126 0.47378799319267279 0.10416666790843011 -0.0077257652301341287 0.1689805090427399 0.60355338454246532 -0.47124326229095453 -3.9388328790664668 8.4523501396179217 0.87760344147682201 1.1844644546508791 0.25875037908554083 3607.9787597656255 0.81174489855766307 -0.032002868130803101 1.0000000180025095e-35 0.47378799319267279 0.054166667163372047 -0.0070646677631884805 -0.65309405326843251 0.55661350488662731 0.14000282436609271 0.92592501640319835 -3.1516283750534053 -0.12500000000000003 0.067089814692735686 -0.012082885950803755 0.067559268325567259 0.16250000149011615 0.49044154584407812 0.85987707972526561 0.31770832836627966 0.097963448613882079 1.8659770488739016 -0.76174437999725331 0.16856966912746432 -11045.611328124998 0.15520833432674411 0.019631491042673591 0.075000001117587103 0.53780430555343639 0.22390533983707431 0.18999999016523364 0.16909300535917285 2.0449229478836064 0.46650633215904241 0.78656607866287243 0.13031413406133655 0.039487374946475036 0.31536227464675909 4.2332231998443612 0.089165236800909056 0.16581352055072787 -1.0000000180025095e-35 1.0000000180025095e-35 3.7590260505676274 0.78656607866287243 1.5059599280357363 0.88992714881896984 0.082847300916910185 1.0672901272773745 0.20399922877550128 -0.11773394793272017 0.039485996589064605 -0.038136847317218774
decision_type=2 2 2 2 2 2 2 2 2 2 2 2 2 2 2 2 2 2 2 2 2 2 2 2 2 2 2 2 2 2 2 2 2 2 2 2 2 2 2 2 2 2 2 2 2 2 2 2 2 2 2 2 2 2 2 2 2 2 2 2 2 2 2 2 2 2 2 2 2 2 2 2 2 2 2 2 2 2 2 2 2 2 2 2 2 2 2 2 2 2 2 2 2 2 2 2 2 2 2 2 2 2 2 2 2 2 2 2 2 2 2 2 2 2 2 2 2 2 2 2 2 2 2 2 2 2
left_child=2 3 10 13 27 42 8 15 23 14 12 -12 41 19 59 18 -17 82 31 21 49 76 26 24 30 32 94 28 36 77 -7 37 -26 -6 -18 48 46 47 65 66 -38 -1 -3 -44 71 -31 -5 -4 -33 50 -21 52 89 -54 -53 101 -57 74 -28 60 -10 115 63 102 -25 -8 73 70 -30 -67 -19 -16 -39 91 99 -29 83 114 104 -9 81 -81 -15 84 85 86 -2 88 -11 123 98 -32 93 -88 -23 -37 -97 -41 -48 100 -24 -56 -13 -103 -58 106 107 -22 -63 -110 111 112 -86 -102 -14 116 119 120 -119 -62 -118 122 -122 124 125 -47
right_child=1 5 7 4 33 6 38 79 9 87 11 62 29 17 44 16 34 67 -20 20 105 22 57 64 25 -27 58 75 68 45 39 35 -34 -35 -36 95 40 72 -40 97 -42 -43 43 -45 -46 51 90 -49 -50 -51 -52 54 53 -55 55 56 78 -59 -60 -61 61 108 -64 -65 -66 69 -68 -69 -70 -71 -72 -73 -74 -75 -76 -77 -78 -79 -80 80 -82 -83 -84 -85 110 -87 92 -89 -90 -91 -92 -93 -94 -95 -96 96 -98 -99 -100 -101 113 103 -104 -105 -106 -107 -108 -109 109 -111 -112 -113 -114 -115 -116 -117 117 118 -120 -121 121 -123 -124 -125 -126 -127
leaf_value=0.0028851464099062603 0.01447789396031216 -0.0025432944923794508 0.0039154015360151305 0.0025221384262020469 -0.00021648055858684324 0.027066744942501452 0.0024089107722307362 0.0043715303807459463 0.0002093194066300936 0.003835653449952322 -0.010806154211304682 0.017086071493494882 0.0024752886302623514 0.0017764354193728256 0.00059100246672130947 0.0027809375641004472 0.0030762267220517336 0.003946958759930899 0.017398715920529852 0.0036769723979446353 -0.0034313953284081655 -0.0035221901880895822 -0.0036674290203845433 0.012802317761678866 -0.0018103287713870416 -0.0054414830514300993 -2.7062314401463868e-05 0.0022300634756574045 0.017234276934528073 -0.0080030582773472064 -0.00042512815768396331 -2.4951006018915295e-05 0.0043891279867120624 0.014100421521438523 0.00026524918262863661 0.003408504891616624 -0.01620699680338716 0.0006037914150149083 2.85027444191999e-06 -0.018684870366108278 -0.00018544327144834452 0.0047761794576388402 -0.0094035359467300912 -0.004011131244682717 -0.0049972638528373641 0.012364233712206376 0.018819844119614716 -0.0016809574619884033 0.026000001477492912 4.8842214218812337e-05 0.012403580569785879 0.0042318377489007691 0.0050197853144542028 -0.027925455260911471 -0.0078440960330379735 -0.0084765294214297644 0.012780036665908141 0.0088202863158819596 -0.013672260859836631 -0.0011328432598953896 0.00085970514299345345 -0.0022366478291454533 0.018974635271208788 0.024682628779907775 0.0018948548398758278 0.015124255460312855 0.001123517501073713 -0.0018843437016614929 0.00022011004159670861 -0.016088559794988685 -0.0011504155434992741 -0.023837822204124386 -0.010379767489353075 0.001857827907775685 -0.00072859524937212176 -0.0092526088238802824 0.00065540024706196615 -0.014860134043970104 0.011208923892888713 -0.0090005056439282326 -0.00028589757084747098 -0.0022143159013946075 0.014488715575508989 -0.0051202931261203934 -0.0013298105170857499 -0.012660218277437182 -0.003934285139365337 -0.0015083050258154719 -0.016210151459350734 -0.017602086342246765 0.024986577325663988 -0.0028504519087212137 -0.017418018316665868 0.019614239872143186 0.0051965758636272922 -0.0037167317620650847 -0.01650996072614409 -0.0042350105842137208 -0.0025199843240123658 -0.0056262091945182445 0.0034192772769157265 0.0042937679989194025 -0.010427414276003258 -0.0081757099668534703 -0.010440667446425952 -0.01004687349571334 0.0059158611906141483 0.0022818229201073438 0.014802164278145874 -0.016048308844957667 0.014680717505121161 -0.0099440725167213202 0.0016048833633826726 -0.021018155656656559 0.0088669638380364166 -0.0055556412716446704 -0.0050850189442629345 -0.00088230228976252946 -0.012477864702417669 -0.0045148797638266871 0.0049980163451016826 0.0050612280644223174 -0.0069494549604268508 -0.00022559758662014931 -0.014992099073442684 0.0015557540689919963
leaf_weight=11978.051002278924 57.724016107618809 11932.227353349328 3250.8909268602729 6761.1284636855125 134.3438331335783 25.540022388100624 222.43222299218178 491.09284271299839 1150.2955280169845 1277.1872672587633 81.840466812252998 24.652059607207775 588.90764877945185 5141.6012201532722 31.836509443819523 15741.030834309757 3164.512474425137 1136.8401610478759 86.371681310236454 1409.3198060020804 2064.1565156877041 3844.5355034843087 4692.7532619908452 183.94954326748848 2399.6423645988107 2821.6601658165455 7625.287680439651 162.50631980597973 53.73936765640974 200.79630064219236 5290.04831174016 4469.8036824464798 658.85505848377943 344.55077273398638 11453.967027433217 252.12156216800213 75.826001480221748 19315.636338405311 411.69312422722578 86.335173331201077 1736.3504495248199 9065.8537606820464 683.06887017935514 8868.6759728714824 193.68638759106398 248.29792046546936 50.626114465296268 675.40427898615599 25.020426690578461 1142.3567990213633 277.03976111114025 3880.5223457366228 1302.0275940820575 19.11127482354641 116.69461887329817 419.92106878757477 32.6646344140172 108.18768069148064 91.119650609791279 3646.7136441022158 517.73726760596037 192.10665491223335 300.32643198221922 31.28222494572401 560.2491355240345 308.97805031388998 4777.8458642214537 5023.2395708486438 27534.769794769585 16.121826522052288 1273.3834056183696 136.24256607890129 127.55599556863308 1518.9529268220067 1433.6265406757593 367.42421600967646 5260.5509064495564 33.904599420726299 101.36481758207083 385.72817527502775 5820.7485716491938 2298.5949530526996 90.062316477298737 947.16314788907766 6843.1737732738256 257.91063778102398 217.11674956232309 2440.7377866059542 86.392562828958035 44.740443266928196 60.299940444529057 4465.9562244266272 60.244790464639664 36.713915400207043 193.31617830693722 1719.4525744020939 114.89713357388973 289.65256074815989 73.99847037345171 3899.7465582415462 452.94904142618179 1304.9605524986982 62.001004077494144 93.801563277840614 100.11791963875294 186.47614444047213 284.82843285053968 675.80911722034216 125.10254029929638 19.927561588585377 55.319713681936264 175.34921442717314 2155.9206853061914 22.57092048227787 735.70526345074177 4002.83858948946 294.2102430537343 221.1622373983264 227.02791403234005 6594.9685433357954 173.03842477500439 823.54183349758387 265.70876033604145 7451.8991926014423 41.633260644972324 506.08473742753267
leaf_count=94724 461 94692 25352 52928 871 46 1729 3601 8734 9249 228 134 4041 40458 180 124644 23887 8434 348 10514 15516 30458 36948 1178 18434 21830 58940 1125 128 1187 41046 34976 4937 2509 80814 1958 454 152244 2951 543 13658 72147 5390 70135 1139 1448 284 4667 149 8534 1941 28011 9597 61 834 2714 234 683 617 27825 4079 1498 770 141 3930 2094 37049 39706 212900 106 9848 573 768 11185 11289 2590 41123 133 656 2322 45977 17139 588 7430 54361 1712 1647 18563 532 277 363 34664 427 193 1486 13564 828 2218 384 30719 3545 9902 243 625 535 1402 2076 5099 827 114 349 1170 16565 161 5148 30404 2286 1629 1727 49978 1266 6062 1973 54158 220 3357
internal_value=-6.99998e-06 -0.00110856 0.0016473 -0.000319573 0.000712222 -0.00220582 -0.00166829 0.000937146 -0.00181234 -0.00268271 0.00291839 0.0107773 0.00281538 -0.000994175 -0.00322028 0.00121065 0.00186281 0.000316783 0.000551408 -0.00136755 0.000489589 -0.00165945 -0.00233353 -0.000966679 -0.0011526 -0.00285815 -0.00119111 0.000590141 0.000682499 0.00173425 -0.000542906 0.000502211 -0.00047353 0.0100899 0.000873988 -0.00104525 0.00203226 0.000938076 0.0051583 -0.000587534 -0.000864945 0.00370005 -0.00336802 -0.0043978 -0.0116468 0.00141161 0.00278828 0.00295227 0.000125445 0.00307177 0.0051177 0.00153286 0.000699228 0.00452169 0.00285705 0.000396752 -0.00464845 -0.00359886 -0.000190073 -0.0030526 -0.00353167 -0.00385151 0.0150186 0.00486118 0.00460584 0.00902582 -0.000422846 -0.000866566 0.000253911 0.0135287 0.00125411 -0.0192286 0.000531153 -0.00107826 -0.00372772 -0.00573193 -0.000721049 0.00549742 0.00221944 -0.000898839 -0.00120375 -0.00319283 0.00199819 -0.00139118 -0.00103235 -0.0057282 -0.000895834 -5.17299e-05 0.00255393 8.96627e-05 0.0124474 -0.00153564 -0.00376153 -0.000460713 -0.00310334 -0.00356659 -0.00452716 -0.00759644 0.00622172 -0.00420163 -0.00312563 0.00257654 -0.00248302 0.0034516 -0.00466805 -0.00178492 -0.00127209 -0.00202155 0.00324374 0.0104755 -0.000711281 -0.00080579 -0.000626532 0.00221556 0.00603006 -0.00403414 -0.0033655 -0.000675032 -0.00677289 -0.00412345 0.00108341 0.00252481 -0.00223454 0.000187874 0.00405527 0.00512625
internal_weight=270594 162434 108160 94492 37355.6 67942.3 46458.4 69392.8 45499.2 22420.5 38767.2 500.102 38267.1 57136.4 18616.1 60396.7 30359.5 12665.1 30037.2 44471.3 6039.99 38431.3 22364.1 23078.7 22334.5 5880.16 11754.3 36876.7 36346.7 17223.2 16454.3 29950.8 3058.5 478.895 14618.5 6581.3 8758.23 23369.5 959.225 16428.8 1812.18 21043.9 21484 9551.74 361.765 15864.6 6946.05 3926.3 4494.82 2828.72 1686.36 15663.8 9613.79 1321.14 6050.05 2169.53 654.068 10609.8 7716.41 18254.4 14607.7 13457.4 418.262 117.935 744.199 547.532 16052.8 7433.46 27588.5 325.1 2410.22 168.079 19443.2 11275 10501.6 529.931 16067.2 1358.52 234.147 8996.16 8505.07 2684.32 5231.66 10806.6 9859.47 629.71 371.799 3804.32 1363.58 8292.66 184.925 9756 314.075 253.831 4037.85 2086.47 1834.35 375.988 124.625 9068.02 5168.27 1515.46 86.6531 1398.76 132.783 3211.27 3024.79 2739.97 337.137 145.03 9229.76 9174.44 8999.09 475.52 1324.61 13120.2 9117.4 2004.69 448.19 7112.71 1556.5 1262.29 438.747 8247.92 796.016 754.383
internal_count=2080152 1255389 824763 732594 288194 522795 352578 533238 345698 168638 291525 1516 290009 444400 140294 464199 229345 99034 234854 345366 45082 300284 174846 177060 171952 45201 91501 284814 281099 123138 126751 234506 23371 3380 104701 51475 68071 183031 6880 126705 14112 166871 170217 75525 1892 113816 53959 30019 35125 20989 12455 112629 69118 9658 43511 15500 4139 83345 59557 138402 110577 101843 1288 518 5108 3929 123944 57988 213028 2200 18282 753 153012 86895 82662 3715 125438 9322 1425 69039 65438 19461 41046 84315 76885 4440 2728 28344 9781 59460 1031 75710 2267 1840 31944 16350 14392 2761 668 71373 40654 11361 377 10527 769 24093 22691 20615 2439 941 72445 72096 70926 3706 9189 99404 69000 14943 3356 54057 11587 9301 3239 59183 5025 4805
is_linear=0
shrinkage=0.02


Tree=27
num_leaves=127
num_cat=0
split_feature=10 53 10 16 9 2 29 8 8 45 27 28 27 45 34 5 25 14 26 40 5 53 4 45 34 26 19 24 55 40 29 55 4 2 2 46 38 10 27 4 35 2 35 48 16 16 38 40 27 33 18 17 2 55 35 26 48 55 29 2 5 48 57 18 26 2 4 46 6 48 48 34 26 53 48 5 33 16 34 45 7 57 21 29 5 38 19 38 38 2 29 23 38 14 38 18 35 21 35 19 5 33 34 26 29 34 48 34 57 51 48 29 4 19 26 7 29 26 2 18 21 48 29 14 19 25
split_gain=1184.07 382.012 234.51 162.622 139.534 90.0813 96.7292 83.6743 81.9232 77.7868 75.9357 79.7165 75.3478 75.2897 104.692 69.4018 65.331 65.9818 64.9263 69.8153 64.541 62.5207 61.5651 58.7 56.3181 55.5243 53.8345 56.6306 53.2938 53.2729 52.3501 53.7255 52.102 49.8713 47.9239 47.4678 46.2945 45.9762 45.7007 45.6831 44.6984 44.2178 46.6607 43.0426 44.6351 42.2578 44.6865 41.6526 41.3514 54.792 63.4963 41.0153 40.2661 40.0628 39.6528 38.5957 38.5366 38.523 79.8083 62.1549 48.0234 38.3963 38.2825 38.2051 38.1578 37.7611 36.5588 36.2805 36.0866 40.6382 36.6218 36.0229 35.9769 40.3006 35.1104 34.8349 34.7249 37.2775 34.5097 34.7014 34.2662 50.5519 34.0852 33.7116 33.629 36.5266 33.3722 40.5853 33.3079 34.997 33.2161 57.6389 35.0928 32.8043 36.8556 38.4527 32.7023 32.6101 32.4959 32.488 39.5733 33.9979 32.3314 32.677 32.2504 44.468 39.5762 38.6402 32.1399 32.1154 31.9743 31.7883 31.6884 31.619 36.5058 34.5886 31.5366 31.2814 31.2168 31.0827 31.048 34.7966 30.9082 30.6294 30.6132 30.5848
threshold=-0.38777749240398401 0.67389261722564708 -1.5038450360298155 -0.12772977352142331 1.374651372432709 0.0036297647748142485 6.3523948192596444 0.84333458542823803 -0.98410275578498829 0.014947524759918453 0.87837970256805431 0.81174489855766307 -0.87837970256805409 -0.047965487465262406 0.070833336561918273 0.29290214180946356 -0.91597560048103321 -4.4924082756042472 -0.12940952181816107 -0.3415063470602035 0.080832485109567656 -0.25382421910762781 0.082598369568586363 -0.005524435779079794 0.087500002235174193 -0.6035533845424651 8.7590279579162615 136951.38281250003 0.063119281083345427 -1.0000000180025095e-35 1.0274529457092287 0.20717659592628482 0.47378799319267279 0.00062130464357323955 0.049493947997689254 -0.0094818514771759493 -0.30078926682472223 0.62070336937904369 -0.87837970256805409 0.014394846279174091 0.17500000447034839 -0.027838751673698422 0.37500000000000006 -0.015666046179831025 -0.77965557575225819 -2.7364373207092281 0.16890875250101092 0.46650633215904241 1.0000000180025095e-35 0.049849597737193115 0.54872700572013866 4.3563842773437509 -0.0040487248916178933 0.21547056734561923 0.075000001117587103 0.98296290636062633 0.0096536194905638712 0.19532658904790881 -3.1516283750534053 0.01308485819026828 0.47547437250614172 -0.013185076881200073 0.0023003207752481107 1.2442019581794741 0.98296290636062633 -0.06544069945812224 0.10942834615707399 -0.036901498213410371 2.279007196426392 -0.0099179539829492552 0.08287480473518373 0.095833335071802153 0.12940952181816107 1.2708559036254885 0.046535041183233268 0.034616377204656608 -0.0070646677631884805 -0.65309405326843251 0.17916666716337207 -0.0025221826508641239 0.046802049502730377 -0.023044249042868611 1.3234595656394961 0.4191815853118897 0.15753742307424548 -0.043302260339260094 3.0100259780883794 -0.03588882461190223 0.0048675974830985078 -0.015264251269400118 -1.8902391195297239 -0.16154631227254865 0.11327730864286424 -1.8509179353713987 -0.082434814423322664 0.64796391129493724 0.17500000447034839 0.67338648438453685 0.22500000149011615 1.9339163303375246 0.47547437250614172 0.035838998854160316 0.037500001490116126 -0.91597560048103321 -3.2653272151947017 1.0000000180025095e-35 -0.056816913187503808 0.13750000298023227 0.092805281281471266 3.0322937965393071 -0.00042841648973990226 6.3523948192596444 0.070347417145967497 3.5956908464431767 -0.98296290636062611 0.035817051306366927 7.5160503387451181 0.98296290636062633 -0.00092122660134918977 -0.35398323833942408 1.6494719386100771 0.014289398211985828 -1.0371774435043333 -1.2190550565719602 2.2592754364013676 -0.7865660786628722
decision_type=2 2 2 2 2 2 2 2 2 2 2 2 2 2 2 2 2 2 2 2 2 2 2 2 2 2 2 2 2 2 2 2 2 2 2 2 2 2 2 2 2 2 2 2 2 2 2 2 2 2 2 2 2 2 2 2 2 2 2 2 2 2 2 2 2 2 2 2 2 2 2 2 2 2 2 2 2 2 2 2 2 2 2 2 2 2 2 2 2 2 2 2 2 2 2 2 2 2 2 2 2 2 2 2 2 2 2 2 2 2 2 2 2 2 2 2 2 2 2 2 2 2 2 2 2 2
left_child=2 4 12 8 5 6 18 21 9 -3 11 16 25 14 29 96 72 -18 37 -20 86 22 52 66 32 75 27 33 -28 -14 31 63 41 56 -29 -7 51 -2 118 -39 113 42 43 44 117 -37 111 62 57 104 119 71 -4 -46 -48 82 -19 -38 -59 60 64 -43 -35 78 -60 -31 123 -32 -13 -70 -71 -24 108 -74 -57 -1 -9 97 79 -22 81 -42 99 -25 85 -49 -15 -88 124 -90 91 -27 -92 -63 -95 -96 -16 -78 -45 100 -12 -101 109 -104 105 -50 -107 -106 -10 -40 -91 -47 -84 -33 -115 -116 -58 -21 -5 -51 -89 -122 -64 -23 -6 -113
right_child=1 3 7 38 88 35 -8 76 10 -11 55 68 13 20 15 -17 17 26 19 24 30 23 36 83 -26 90 28 34 -30 65 67 40 -34 47 -36 45 48 39 102 -41 80 61 -44 98 53 46 54 84 49 50 -52 -53 -54 -55 -56 74 116 58 59 -61 -62 93 122 -65 -66 -67 -68 -69 69 70 -72 -73 73 -75 -76 -77 77 -79 -80 -81 -82 -83 112 -85 -86 -87 87 120 89 110 92 -93 -94 94 95 -97 -98 -99 -100 101 -102 -103 103 -105 107 106 -108 -109 -110 -111 -112 125 -114 114 115 -117 -118 -119 -120 -121 121 -123 -124 -125 -126 -127
leaf_value=0.014278277761928446 0.00051898713660410492 -0.00054729744139620081 0.0034277277521735988 7.7028092083533312e-05 0.00013961341529877361 0.0052745342088238766 0.010704169661832628 0.0042847317201403232 -0.00050493523903530617 0.0045750768861307278 0.0021499474953653869 -0.00076750274354901509 -0.0079102290906632351 0.0024668690684423204 -0.0041333357595576894 0.020920263427719639 0.023055298040124066 0.0014369937801896378 0.0031642777386563727 -0.0026301853916088657 0.0019736920829329374 0.0073808342016423636 0.0020322801658382199 -0.00059499312469207864 -0.0080854773070225573 -0.013761219139478977 -0.0029075942344543079 0.013476999149413976 0.0068321497272331175 0.015812851005086018 -0.0091777905578906711 -0.0026193882859367737 0.018880512312022996 -0.0025115836894617494 -0.017624159901717635 -0.01641429982292112 0.00023153057114370866 -0.009707644802398439 -0.0035048678149968886 -0.0011171912251969343 0.010771284921491542 0.0023547334042276109 0.01834231575220658 0.010504809530658542 -0.006468735831556157 -0.0015194889542480918 0.013633659240333433 0.0028726383263762523 -0.0075939947249392516 0.0038265419604996214 0.019075761251951165 0.020691118289658063 0.0016253113054644133 -0.019940211691692526 -0.011294237405542749 -0.0099679464948289054 -0.0031752198490770074 0.00050712195681947697 -0.01108862908711941 0.017711510062988819 -0.03021339281858693 0.0042851454049988276 -0.0006005257311535693 -0.010056604755498943 0.007565565692824492 -0.0014267719431164333 7.8182048294904999e-05 0.0046095736466428422 -0.014638507988493053 0.0058446508105979558 -0.017113188143388344 0.025734986461135066 -0.0018462598692668031 0.005314464752841537 0.0085965328358450985 0.0067750175793235903 -0.0084492465312400421 -0.00028017959039629449 -0.017776452100609092 -0.0012250097867557645 -0.014672445643738952 -0.019288065328797177 -0.0016251112525511935 0.00098728523260184498 -0.0072446173614213729 -0.0024466865168231381 0.0077957783216906062 0.0029524970415509061 -0.0069692849472117457 -0.0010104143057371375 0.0049794167313448167 0.0024103914530229113 -0.0083655782855050938 0.0061088465935168817 0.00046890088115486588 -0.0025469999179258854 0.015357737699119642 -0.0022139586488727652 -0.01352585013756652 -0.00095799094123907619 -0.027320911586218737 -0.019410104644857526 -0.0090177398360514315 0.0020092538613629895 0.0030255199113022515 0.0056417475433500298 -0.0013566373524495901 -0.016589588339481879 -0.0060684907415787213 -0.00031051813026285006 -0.0034511134414824778 -0.0027874303412031326 0.0072505345058354398 -0.017645338986765954 -0.015241977496133352 0.012029345094706758 0.018019462916613226 0.021207654782425759 -0.0060154736699587798 -0.013622034627911471 0.0056998803827284193 0.019766679790489919 -0.0045374562026712206 0.0024337725528384394 -0.0019995273069055362 0.0073078367458422238
leaf_weight=317.91903830319643 13930.066672347486 7219.97056312114 9268.1729670390487 370.81028470396996 5838.5257989093661 454.87129634618759 384.43963238596916 491.04118744283915 2246.0136076882482 1417.8070060759783 2077.3476701229811 6423.458598613739 159.8945294842124 9743.4026913791895 84.275566354393959 287.2461666688323 37.982917621731758 1615.5187023505569 6192.7519119232893 233.88476496189833 10442.124570414424 880.41816426068544 268.16471805423498 12915.271951712668 283.93204015493393 106.93258707225323 460.79186856746674 21.674777217209339 436.71943801641464 104.24109141528606 77.963408395648003 856.04352452605963 63.037555277347565 7404.6532615944743 167.90384677797556 72.461644701659679 6382.8598861247301 255.11043860018253 17065.951960980892 7526.19888304919 61.419021427631378 5874.0966651588678 35.620564348995686 106.85162138938904 259.61525698751211 13170.752249114215 136.71194834262133 961.72540251910686 279.57523576170206 50.332238905131817 32.593342736363411 76.494678750634193 10673.612763293087 134.39078786969185 30.485857166349888 253.23859561979771 1740.9628923609853 800.21270485967398 412.19698432087898 30.851153418421745 47.016559645533562 825.59875044226646 850.94803599268198 114.54106798022985 48.304228149354458 97.800830088555813 1125.6043571010232 2343.5864032506943 44.045731842517853 700.57812121510506 27.969387292861938 27.407615393400192 518.76170996576548 794.76984805613756 47.672347106039524 1135.9710893183947 392.58222371339798 5820.7694783061743 36.037461332976818 1558.0785112604499 191.2606688439846 33.886720858514309 237.21507320553064 9237.4402651116252 289.63002017885447 1112.7063657790422 1102.8108449205756 4970.1776465326548 644.36530258506536 4645.9805448129773 3026.9652630612254 480.13093078136444 79.99961493909359 404.55332492291927 10487.760072231293 2015.0699692219496 56.799520790576935 2291.7596767097712 27.499075129628181 4445.7447859123349 17.386359140276909 39.313603267073631 122.92107068002224 809.58404412120581 5016.9832860603929 499.59153741598129 911.05682465434074 39.502251356840134 508.77756095677614 1360.1783492043614 3994.9966290816665 190.300457008183 496.0172192081809 22.170104458928108 20.05983579158783 164.86641708016396 27.547085218131542 23.296219237148762 3587.8648661971092 205.4399790763855 1006.9912058189511 74.956883884966373 12960.693647161126 1164.3183114677668 4937.9684048369527 321.64835669100285
leaf_count=2563 107724 56404 73260 2962 44855 3042 2674 3601 17421 10534 15832 49193 767 77057 519 981 168 12671 48241 1403 76518 6892 1263 101446 1987 583 3624 118 3151 296 425 4759 175 56707 855 308 47568 2039 133858 58412 367 45432 258 792 2013 101968 873 7305 1824 347 142 321 84864 975 203 1963 13440 4629 2745 188 143 6224 6436 840 307 573 8021 17342 325 5151 187 131 4109 6046 346 8696 2364 45977 214 11702 892 149 1883 72136 2033 8797 8742 39558 4683 36331 23963 3287 553 3108 83229 16013 372 17097 166 33961 67 241 969 6338 37830 3013 6589 282 3938 10395 31433 1391 3619 119 120 970 203 145 28474 1050 7997 601 99740 9208 37582 2246
internal_value=-6.85929e-06 -0.00108645 0.00161454 -0.00208412 -0.000143475 0.000316264 0.000724237 0.000918453 -0.00149615 0.000293807 -0.00182536 -0.00217907 0.00286067 0.00251536 0.0086127 0.0152925 -0.00260487 -0.00294793 0.000645182 0.00130054 0.00236826 0.00118651 0.00173331 0.000429145 0.000744816 0.00511407 -0.002984 -0.00314331 0.00183288 0.000684646 0.00145432 0.000968358 0.000867608 -0.00306635 -0.014011 -0.00107587 0.000771067 -0.000168821 -0.0034861 -0.00140017 -0.00281557 0.000811053 -0.00373274 -0.00475706 -0.00688314 -0.00128379 -0.00120337 -0.00339219 0.000595045 0.00170413 -0.00681798 0.00772928 0.00246318 -0.0111051 0.00904238 2.79254e-06 -0.000795203 -0.000415414 -0.00349891 -0.00944508 -0.0111294 0.00100158 -0.00367279 0.00138896 -0.00911758 0.00749695 0.00297407 0.00416166 -0.000276012 0.00380474 0.00493967 0.0043129 -0.000235838 0.00248642 -0.00700479 0.00842511 -0.000880881 -0.0011797 0.00149878 0.00155823 -0.00981164 0 0.00029219 6.47694e-05 -0.000873056 1.91148e-05 0.00322921 0.00426671 -0.00159729 -0.00247522 0.00380872 -0.00055193 0.0046329 0.000422588 0.000175136 -1.7254e-05 0.00375996 -0.00312904 0.0055152 -0.000163723 0.00189194 -0.00112425 -0.00308528 0.000546522 0.00206949 -0.000321546 0.00112342 0.00286884 -0.00153465 -0.00326915 -0.00213921 -0.0013293 0.00437942 -0.000921405 0.00607135 0.00899965 -0.00283452 -0.000393231 -0.00544466 -0.010183 0.0036223 0.0066927 -0.00429503 0.00456692 -0.000840578 0.00355518
internal_weight=270574 162426 108148 78922.9 83502.8 63441 49063.8 69389.6 55605.5 8637.78 46967.8 39353.8 38758.6 33610.6 790.258 428.321 32157.8 28089.5 48679.3 26968 32820.4 60393.4 35070.4 25323.1 20775.2 5147.92 28051.5 27154 897.511 361.936 15922 13500.5 20491.3 26964.4 189.579 14377.2 15128.6 21711.4 23317.3 7781.31 1349.71 20428.2 821.158 785.538 651.187 13922.4 13849.9 23580.4 14756.5 7035.07 288.366 372.067 19941.8 394.006 167.198 7613.94 3384.03 7721.44 1338.58 538.369 507.518 19607.1 21216.3 12150.8 460.501 202.042 3170.34 2421.55 7196.05 772.593 728.548 295.572 4068.32 1313.53 300.911 1453.89 8996.15 8505.11 12036.2 12000.2 286.566 95.3057 7313.02 22152.7 2364.06 2074.43 16898.3 7154.94 20061.8 9285.34 3694.03 587.064 3106.96 13733 12907.4 12502.8 141.075 2684.34 134.351 6579.79 2094.73 4485.06 19358.6 932.505 6746.71 1690.22 1410.65 5056.49 2754.79 18426.1 8640.98 13682.7 733.232 1063.14 207.096 184.926 1768.51 257.181 3958.68 255.772 6052.13 1081.95 13811.6 2044.74 10776.5 511.949
internal_count=2080152 1255389 824763 609464 645925 491041 381010 533238 426468 66938 359530 301618 291525 251880 3508 1872 246762 215248 378336 210161 248372 464199 266496 197703 161920 39645 215080 208305 6775 1636 114417 96650 159933 207332 973 110031 108372 168175 182996 60451 7376 159758 5752 5494 4536 106989 106681 181018 106657 51077 1539 1715 158124 2988 1076 57912 26314 55580 8012 3383 3195 154006 162883 89274 3052 869 24121 17767 54856 5663 5338 1394 31514 10155 2309 11259 69039 65438 88434 88220 1408 516 55603 173582 18135 16102 133955 56898 154884 72447 28386 3870 24516 108574 102350 99242 891 19461 958 50101 15899 34202 151560 7307 49538 11426 9602 38112 21359 144253 67764 105605 5502 5968 1209 1090 13643 1548 31436 1397 48156 8598 106176 16100 82437 3637
is_linear=0
shrinkage=0.02


Tree=28
num_leaves=127
num_cat=0
split_feature=10 51 53 16 12 53 27 40 29 51 46 8 25 54 40 45 39 26 28 48 27 17 26 29 29 40 48 5 55 26 48 53 29 16 5 25 18 12 34 27 34 57 55 29 34 25 39 39 33 34 6 26 26 35 48 55 25 10 55 39 40 49 27 40 39 29 48 29 29 29 24 53 27 55 7 54 5 18 46 18 29 18 48 19 46 5 24 5 48 48 34 55 21 14 31 0 21 44 27 48 48 25 0 6 39 55 25 40 29 18 33 26 29 33 40 48 19 53 46 54 29 54 27 31 39 5
split_gain=1127 312.821 238.616 168.057 107.386 88.0984 85.8054 83.3564 80.4244 80.2721 79.9394 79.7003 70.1027 68.6176 65.342 61.41 55.4043 55.9625 64.5359 53.7953 55.7535 53.1856 71.332 57.7726 51.8794 50.1025 48.7144 48.4846 48.1939 48.1568 47.7458 47.3728 47.2693 82.1371 62.3377 47.1198 46.9725 77.6931 49.7016 46.2148 45.9902 45.6205 45.1733 44.8199 44.0529 44.0308 44.0248 43.8136 44.8965 43.318 43.2809 42.9166 42.5353 41.6159 41.1528 40.9699 58.4624 40.4968 40.4737 40.3105 39.816 39.7149 39.6621 58.3491 48.6211 47.2084 38.0468 37.9921 37.5678 37.419 37.2797 37.0814 36.928 36.8758 47.8671 40.1926 39.2449 36.5924 36.4782 36.4416 36.1314 35.8437 35.8114 42.3518 39.6939 39.9162 35.8052 35.7793 36.3337 35.4915 34.6529 34.5302 36.8411 34.5119 34.3428 38.9259 34.2499 47.7498 34.1234 34.1051 33.9566 33.7784 33.7584 33.6033 33.4538 46.7368 36.6154 35.4523 35.279 36.0431 33.2178 33.128 33.0308 32.822 35.4708 32.644 32.5417 32.4438 32.2089 48.5905 37.0241 36.6062 54.2541 34.6045 39.974 37.5687
threshold=0.098405275493860259 -1.3775745034217832 0.19856426119804385 -0.45722424983978266 0.099189169704914107 -0.11910527944564818 -1.0000000180025095e-35 -1.0000000180025095e-35 -4.0514318943023673 1.4047575592994692 -0.033857321366667741 0.30726042389869695 -0.37940952181816096 0.08335141092538835 -0.12500000000000003 -0.047965487465262406 0.68854168057441723 -0.6035533845424651 -0.56174489110708226 -0.12250675633549689 -0.60785761475563038 2.457821369171143 0.12940952181816107 -5.3529233932495108 0.010150671005249025 0.34150634706020361 0.0059644405264407405 0.045931249856948859 0.076571207493543639 0.78656607866287243 0.010451376438140871 -2.1015141010284419 5.5065631866455087 -3.9388328790664668 0.47547437250614172 -0.37940952181816096 0.30355429649353033 0.34000599384307867 0.062500001862645163 -0.60785761475563038 0.062500001862645163 0.038438139483332641 0.050703870132565505 0.99874138832092296 0.037500001490116126 -0.6035533845424651 0.94270834326744091 0.75104168057441723 -0.029555650427937504 0.054166667163372047 -1.137870132923126 0.91597560048103344 0.60355338454246532 0.42500001192092901 0.0081633832305669802 0.11935264989733697 -0.98296290636062611 2.8752673864364628 0.19532658904790881 0.34687499701976782 0.46650633215904241 -0.035705290734767907 1.0000000180025095e-35 0.12500000000000011 0.27187500894069677 -2.634656429290771 0.063375711441040053 -7.5872063636779776 -4.0514318943023673 10.240769386291506 67.225067138671889 1.3623043894767763 1.0000000180025095e-35 0.064307626336812987 0.30790181457996374 0.10984706878662111 0.15753742307424548 -0.57449766993522633 0.029715087264776233 0.73003199696540844 3.7036716938018803 -0.68870174884796131 -0.10024167969822882 2.0329164266586308 0.061052018776535995 0.29290214180946356 847.36770629882824 0.27242179214954382 -0.036703575402498238 -0.067276004701852785 0.12083333358168603 0.1401498764753342 0.58453950285911571 -0.56799054145812977 0.12999999895691874 -0.017165736295282837 0.80844616889953624 0.022128808312118057 0.87837970256805431 -0.017758373171091076 -0.086653765290975557 0.12940952181816109 -0.00042378943180665368 -1.9777523875236509 0.33854167163372045 0.11104521527886392 -0.98296290636062611 -0.4665063321590423 -3.6808788776397701 -1.0051246285438535 -0.050719259306788438 0.78656607866287243 5.5065631866455087 0.021015209145843986 1.2246467864107191e-16 -0.039252595975995057 8.7590279579162615 0.68898880481719982 -0.021995655260980126 0.10485007986426355 3.2381713390350346 0.11850013583898546 0.6078576147556306 0.12999999895691874 0.48437500000000006 0.27242179214954382
decision_type=2 2 2 2 2 2 2 2 2 2 2 2 2 2 2 2 2 2 2 2 2 2 2 2 2 2 2 2 2 2 2 2 2 2 2 2 2 2 2 2 2 2 2 2 2 2 2 2 2 2 2 2 2 2 2 2 2 2 2 2 2 2 2 2 2 2 2 2 2 2 2 2 2 2 2 2 2 2 2 2 2 2 2 2 2 2 2 2 2 2 2 2 2 2 2 2 2 2 2 2 2 2 2 2 2 2 2 2 2 2 2 2 2 2 2 2 2 2 2 2 2 2 2 2 2 2
left_child=1 4 9 14 15 8 12 43 19 32 62 78 26 31 28 40 17 45 86 20 -3 79 23 59 27 35 46 99 -4 102 -26 54 33 -2 -34 49 47 -38 101 -17 -1 -28 -20 67 -31 66 58 48 -22 -13 -35 55 -11 96 -6 60 69 93 104 -23 -16 -47 65 -64 -65 -10 117 -7 -42 -57 -14 -69 91 76 -75 -76 -72 -52 81 94 -33 -12 83 -30 89 -86 -19 88 -37 -84 -66 -53 -93 -44 112 113 97 111 -29 -18 -98 -39 -9 -58 105 -5 108 -107 -106 -110 -67 -21 -15 114 -96 -62 -91 -8 121 -120 -121 122 -79 124 125 -123
right_child=2 5 3 6 13 7 16 29 10 52 11 25 70 21 51 39 24 18 42 53 36 22 -24 -25 30 -27 41 98 82 44 -32 80 34 50 -36 87 37 38 -40 -41 68 -43 57 -45 -46 61 -48 -49 -50 -51 77 72 -54 -55 -56 56 103 -59 -60 -61 115 -63 63 64 90 110 -68 71 -70 -71 73 -73 -74 74 75 -77 -78 118 -80 -81 -82 -83 84 -85 85 -87 -88 -89 -90 116 -92 92 -94 -95 95 -97 100 -99 -100 -101 -102 -103 -104 -105 106 107 -108 -109 109 -111 -112 -113 -114 -115 -116 -117 -118 -119 119 120 -122 123 -124 -125 -126 -127
leaf_value=0.0027722093182793099 0.025205505219773112 0.020573002957295545 -0.0016352349617704037 -5.8796719753160037e-05 0.0043897881654216741 -0.010460518274035196 -0.0059942341296570813 0.00052185663791265457 0.00055331210128155446 -0.0029645671295394391 0.0039763336957951284 0.0041643274603140107 -0.0027481677418398388 0.0018819310297578577 -0.00025378895577386518 0.0060762718585187806 -0.020827817566338086 -0.0032028182931994409 -0.0041786376553706274 -0.0032326999730612118 -0.014365801507596993 0.02319052876154731 0.019580607686834332 -0.015300861330341031 0.0008561095338935732 -0.0013725955583894808 -0.0014872774543347581 0.0060639724400283045 0.029191861686346118 -0.0030031228645743539 -0.0027919786680432796 0.002208048159793244 0.006649530201016312 0.0012641581027812774 -0.016842686021702701 0.0052637349528919346 0.020084077639494633 0.018439813610898626 -0.016898212138525461 0.0032395229216387734 0.020320715933176504 -0.0050206974108540359 0.00032114736176713213 0.0021714384716809078 0.0029268012701135749 0.0010415558411255613 0.0069704280077674818 -0.027054739945007383 0.0060277034200656113 -0.0016231194585890679 0.002062942320179101 -0.0041366386608947597 0.00035363324250583237 0.013647372299251179 0.01271983651539667 0.0074479460047790803 0.010275910457504971 0.0036626224212009972 -0.016330052964816162 -0.0031025268817919931 -0.024383846442072227 -0.0021483168977037463 -0.0040156650722436181 0.019893913482680218 0.0048239744083715735 -0.029250424318174734 0.014371218949298069 0.00071320827627498792 0.0028529487186266449 -0.021518186027093985 -0.0057964026193602124 -0.0026635672970593128 -0.0072388450134457062 -0.003782798008133781 -0.0047477927961871707 0.015777773431526865 0.027340345615267454 -0.0121878560755595 0.024898743714876194 -0.003635114048535643 0.0085368456376397322 0.0019239739585130062 -0.012258770014684235 -0.004488500281279624 0.00064908238307470113 -0.015750175309853884 -0.0068061465947301713 -0.011004194471921644 7.0646884044644673e-05 0.0023359111808101737 -0.022627677725083738 -0.0071444174449026426 0.0086226116154251888 -0.0024363398270279431 -0.023876758359483965 0.00039304067548021272 -0.007765840142875232 0.02174443218142955 -0.0015519597847429836 -0.0009420547519748254 0.00028797956121270245 -0.0089435911221090892 -0.0012214535867979062 -0.0032289569950771785 0.020896044762761506 -0.0051299546414324869 -0.0035268686445154643 0.01347471291818142 0.024705631250157883 -0.00027598781087733403 -0.0078155918826549667 -0.010404664791885895 0.011151832527636144 -0.0018674553532845326 0 0.0050040664448984919 0.012004320165666006 0.0024773862121919735 -0.0007886033107468121 0.0010700797546206653 0.0092074016895376913 0.0025722517146257334 0.0015769848920779638 -0.0039441668210527412 -0.0036758557545741905 0.017265738734380393
leaf_weight=153.86776082217693 51.209009222686291 76.121291860938072 1707.3486741855741 2320.295240290463 3072.9043697565794 131.54362895339727 209.74377274513245 9097.5292954072356 322.60455106943846 5409.9703397899866 3936.0906617641449 2818.6207203119993 6673.6518140509725 6319.4708303287625 4365.4575094878674 3096.8790879324079 35.522720001637936 2316.2451958209276 3409.2217090949416 1860.2998782843351 64.74612008035183 44.679557032883167 141.62507365643978 59.67849288880825 2504.6800170689821 4338.4968108609319 2938.3620948046446 1140.4142280369997 40.273645393550396 5210.0162083283067 3357.1341399475932 13465.599743112922 713.87395711988211 9518.6183781698346 47.263783998787403 581.72281987965107 115.03907775878906 46.367272727191448 54.09101839363575 8931.3184419944882 218.39573235064745 2911.6332556679845 2330.3500595539808 7233.5366452261806 553.4660027474165 1931.9374690875411 286.64435570687056 28.847469218075275 124.78874739259481 632.70457562804222 2390.8364622220397 572.06400503218174 2161.9770982638001 67.410840533673763 256.66582974046469 314.04068976640701 74.307159043848515 565.55796775221825 67.540836006402969 47.115366488695145 14.410823516547678 8115.7762232497334 439.00708935409784 87.379795528948307 188.79088740795851 29.69077530503273 93.426324971020222 10758.436801761389 64.14953787624836 17.939456023275852 5995.5000889673829 1478.6398535221815 797.04612132161856 5637.284700371325 63.808466486632824 92.368971660733223 13.349919870495794 340.80216081440449 27.367869101464748 692.16982232779264 370.03850122541189 25248.810169965029 64.020654551684856 22.954318813979626 151.68332523107529 96.355903215706348 2113.7388959974051 109.42316798865795 7174.5076782777905 4861.4896817728877 19.36790207773447 80.956547893583775 213.730079613626 8203.6206732988358 71.404112629592419 6408.5165155157447 229.79560913145542 27.697698973119259 295.74773401021957 628.14264414459467 2256.7265446931124 28.250063225626945 8682.1232272684574 3483.9804887622595 36.094635598361492 52.168902330100536 2249.6198265627027 181.33640974760056 23.107512556016445 551.75647265464067 572.27109415084124 298.69397214800119 156.69444302469492 185.03487803041935 37.938931919634342 835.04574463516474 142.49041686952114 1272.0654324144125 18314.725294940174 4591.5699106231332 234.19098064303398 240.17390124499798 171.76811408251524 844.94717023521662 250.3071328997612 97.396640203893185
leaf_count=752 111 373 13386 18401 24224 799 1620 70650 2209 41860 30981 22037 52921 46774 33471 23617 284 18374 26999 11790 195 142 580 253 19645 33791 22948 8818 168 40799 26149 106592 4919 74231 129 4385 418 206 224 66526 864 22814 17899 55999 4286 15072 2259 127 607 4882 18722 4415 16798 438 2040 2281 504 4159 450 189 110 62581 2950 561 1385 116 652 84665 385 119 47636 11619 5931 43580 484 657 94 2644 100 4869 2918 196399 382 104 1030 517 16290 689 56334 35883 141 540 1511 63620 285 46827 1368 141 2291 5015 16217 127 68101 24421 260 408 17741 1353 185 4398 3921 1851 1058 896 185 6467 1001 9775 144638 33967 1625 1731 1336 5451 1763 559
internal_value=1.18976e-05 0.00127014 -0.00131211 -0.00192845 0.00266847 0.000625167 -0.00237821 -4.23661e-05 0.00118112 -0.000137603 0.00144656 0.00160601 -0.00317845 0.00204361 -0.000199962 0.00423866 -0.00175297 -0.00214009 -0.00281057 -0.00115807 0.00482755 0.00101302 0.00942986 -0.000120541 -0.00026676 0.000454443 -0.00196076 0.0024298 0.00129131 -0.000844517 -0.00123315 0.00289386 0.000238828 0.000137367 0.00516925 0.00115501 0.00219301 0.00821435 -0.00246011 0.00397042 0.0116034 -0.00324664 -0.00216506 0.000920998 -0.00243309 -0.00104736 -0.000656211 -0.00452996 -0.000972412 0.00310291 0.00010196 -0.00118143 -0.00201709 -0.00183877 0.00503585 -0.000641371 -0.00219444 -0.00154618 -0.00105638 0.00979637 0.000517205 -0.00153484 -0.00286315 0.000604948 0.0074624 -0.00561723 0.00206038 0.000189507 0.0163824 0.00581976 -0.00394399 0.000304917 -0.00413413 -0.00461979 -0.00347971 0.00740855 -0.00571808 -0.00030065 0.00222308 0.00083443 0.00237799 0.00220093 0.00222049 0.0170694 0.00204052 -0.00575519 -0.0049235 0.000299887 0.000460889 0.00242331 0.00216901 -0.0012729 0.00427819 -0.00182625 0.00106951 6.57654e-05 -0.00206524 -0.0038905 0.00449494 -0.00203768 -0.000458747 0.00807808 -0.000329398 -0.00294385 -0.000862688 0.000800725 -0.00234782 0.00930971 0.00199061 0.000767607 -0.00892125 -0.00422975 0.00210806 -0.00703274 -0.0156684 0.00447625 0.00261377 0.00127436 -0.000526027 -0.000318127 0.00146701 -0.00299706 -0.00757907 -0.00135308 0.00236973 0.00685308
internal_weight=270598 138745 131853 86473.4 43794.1 94951 68617.8 43145.3 51805.7 45379.6 46526.9 44867.7 30094.5 31329.5 17855.6 12464.6 38523.3 30561.7 18938.7 5278.88 538.251 14164.3 293.098 151.473 7961.64 15655.5 11618.6 2099.83 7086.62 23543.1 5861.81 17165.2 37807.7 37046.5 761.138 11317 462.13 243.747 128.708 12028.2 436.413 5850 14508.8 19602.2 5763.48 11622.9 5768.56 218.382 189.535 3451.33 36995.3 10769 7571.95 4740.62 3329.57 9105.18 3890.27 11099.5 5481.92 91.7949 5214.91 10047.7 1659.11 734.546 295.539 924.566 1575.24 12368.6 282.545 331.98 18476 12237.1 1663.8 11802.3 5793.46 156.177 6008.85 27476.7 29212.3 13871.2 13835.6 29184.9 5379.27 63.228 5316.04 248.039 4429.98 7865.65 7756.23 5068 208.159 866.751 294.687 10534 13179.1 6702.89 4673.21 2186.69 1436.16 663.665 2486.52 74.6173 17779.7 3558.29 5414.38 2553.8 2860.58 233.505 610.959 574.864 601.962 2158.99 6476.17 294.378 109.343 849.457 5003.98 1481.81 25085.9 23140.5 4825.76 1945.4 512.57 1432.82 587.878 337.571
internal_count=2080414 1061857 1018557 668073 329976 731881 535832 336918 394963 350484 360881 349598 236589 237832 132241 92144 299243 237041 147341 34082 2277 102058 1164 584 62202 122118 91217 16408 52471 183836 45794 135774 291826 286778 5048 88327 1904 975 557 90143 2001 45762 112677 153082 45085 89700 45455 929 802 26919 286667 79770 58658 31805 26264 67373 27325 85678 43196 331 40048 77653 11283 5037 2087 6246 12047 97083 1249 2400 145372 96284 12397 92451 44721 1141 47730 212436 227480 100894 109510 227380 39085 272 38813 1547 34664 61408 60719 37266 1526 6466 2051 81519 96025 48193 31367 13782 11109 5299 17585 333 138751 24925 42746 20162 22584 1761 4843 4583 4037 13641 47832 1366 470 6577 36884 11395 193714 180230 35592 13484 3980 9504 4053 2290
is_linear=0
shrinkage=0.02


Tree=29
num_leaves=127
num_cat=0
split_feature=10 10 53 16 53 12 10 16 40 8 40 5 38 39 1 55 18 29 32 47 31 38 18 29 39 33 54 38 15 40 25 21 39 5 29 3 48 29 39 53 45 55 16 40 53 47 39 54 5 38 18 39 48 47 19 5 19 5 34 54 29 39 39 29 29 28 55 55 35 20 55 34 29 25 55 20 38 19 1 39 38 5 34 15 39 18 18 29 38 39 48 55 31 47 33 25 54 23 0 29 47 20 32 14 1 35 48 55 47 48 14 49 29 33 39 38 57 19 38 48 25 48 29 15 5 15
split_gain=1082.62 294.895 235.38 162.409 100.619 85.6491 79.8412 74.4479 73.2644 69.107 65.751 61.5418 59.9646 58.6195 52.9556 47.545 47.4193 47.8731 76.6374 56.3767 58.6168 46.6432 45.8734 44.5963 44.241 44.1974 44.0938 56.9207 56.7983 54.2002 68.5573 41.9688 52.852 63.7368 51.8706 40.9603 40.2885 40.2184 39.9535 39.322 39.1419 46.9774 39.1342 62.066 43.0198 40.6031 43.7762 37.6422 40.2467 36.8882 42.4194 41.8423 35.6383 55.1274 40.31 40.0204 39.7297 39.7228 51.0133 46.6549 35.4154 35.3329 71.2307 78.0177 56.5973 51.625 43.1833 43.6832 37.5052 35.1822 35.1732 35.1497 38.5112 34.8519 37.7548 43.7492 42.7793 34.4236 34.2899 34.2124 34.1703 33.7376 46.1127 70.9172 50.4655 42.985 38.14 36.0166 59.1436 38.8735 40.7675 47.0429 43.9753 50.9263 37.1356 36.6144 33.5611 33.3907 33.1485 33.4534 38.976 37.2659 32.6891 38.8334 34.5904 34.2619 32.5457 32.422 32.0475 39.0356 34.9042 32.0332 32.0299 39.5547 31.9547 31.9368 31.9165 35.4342 31.8901 34.1027 32.3551 39.266 32.6645 36.303 32.0393 38.9764
threshold=0.065579991787672057 -1.3989488482475279 0.19856426119804385 -0.46201050281524653 0.05119667015969754 0.05964170768857003 1.3319191932678225 -0.10055303573608397 -1.0000000180025095e-35 1.2113838791847231 -0.12500000000000003 0.079315956681966795 -0.30078926682472223 0.17604166269302371 0.0020269464002922182 0.076571207493543639 -0.54984274506568898 -4.0514318943023673 0.081870529800653472 -0.063357133418321596 0.14999999850988391 8.8176956989785231e-17 -1.4556682705879209 2.2304356098175053 0.055208332836627967 -0.00073320959927514185 0.46424406766891485 -0.12578463554382321 3.5768628120422368 0.12500000000000011 -0.37940952181816096 0.80554097890853893 0.60104167461395275 0.3716790527105332 -8.7872056961059553 -0.55222213268280018 -0.067276004701852785 -1.0000000180025095e-35 0.83020833134651195 1.9241834282875063 -0.028515934944152829 0.26933655142784124 -2.0023554563522334 0.34150634706020361 -1.3831096887588499 -0.052480589598417275 0.055208332836627967 0.10733442753553392 0.3716790527105332 -0.049505541101098054 0.23198147863149646 0.75937500596046459 -0.10024167969822882 0.07979548349976541 2.0329164266586308 0.29290214180946356 8.7590279579162615 0.47547437250614172 1.0000000180025095e-35 0.29625809192657476 3.4564971923828129 0.35937500000000006 0.65937501192092907 0.26906132698059088 -2.9260724782943721 0.81174489855766307 0.045481167733669288 0.092355132102966322 0.075000001117587103 1.258339583873749 0.028014404699206356 1.0000000180025095e-35 -11.102008819580076 -0.98296290636062611 0.11935264989733697 0.97676631808280956 -0.020062663592398163 2.5771967172622685 -0.0031411460367962714 0.36354167759418493 -0.23981512337923047 0.47547437250614172 0.070833336561918273 4.455047845840455 0.56354168057441723 -0.010294646490365265 0.87836280465126049 5.1798641681671151 -0.17418100684881208 0.48020832240581518 -0.020112548954784867 0.36077880859375006 0.12999999895691874 -0.072709828615188585 0.0039786067791283139 0.37940952181816107 0.093234676867723479 -0.050947848707437508 -0.017165736295282837 -2.3906737565994258 -0.036279529333114617 0.76321324706077587 0.015946136787533764 -4.2115211486816397 -0.010883242357522247 0.22500000149011615 0.015654669143259529 0.18187887966632846 -0.0072354299481958142 0.0024667220422998075 -1.3229280710220335 0.20859195291996005 5.9036970138549814 -0.043641407042741769 0.54687500000000011 -0.069922968745231615 -0.056802798062562936 5.3743658065795907 0.14000282436609271 0.10765703395009042 -0.37940952181816096 0.030686050653457645 3.4564971923828129 2.3984372615814213 0.020118338987231258 0.72507262229919445
decision_type=2 2 2 2 2 2 2 2 2 2 2 2 2 2 2 2 2 2 2 2 2 2 2 2 2 2 2 2 2 2 2 2 2 2 2 2 2 2 2 2 2 2 2 2 2 2 2 2 2 2 2 2 2 2 2 2 2 2 2 2 2 2 2 2 2 2 2 2 2 2 2 2 2 2 2 2 2 2 2 2 2 2 2 2 2 2 2 2 2 2 2 2 2 2 2 2 2 2 2 2 2 2 2 2 2 2 2 2 2 2 2 2 2 2 2 2 2 2 2 2 2 2 2 2 2 2
left_child=1 5 6 10 9 12 37 13 23 16 15 22 -1 14 -5 -4 -3 19 26 20 49 70 -7 36 -13 -11 27 38 -28 30 -29 32 33 78 -34 80 -6 42 60 73 -32 -42 43 44 -2 46 -44 -25 -49 50 51 -18 54 56 -17 115 57 59 -59 112 -19 64 -63 -64 -15 68 -67 -68 -66 -39 -8 -51 97 -12 76 -76 -75 -14 -21 -78 -27 86 83 85 -84 -83 87 89 -89 90 92 94 93 95 -92 -26 -70 -73 -91 -100 -101 -102 103 104 -10 -104 -81 108 109 116 -111 -41 -54 -114 -62 -55 117 -31 119 120 121 -105 123 124 125 -122
right_child=2 4 3 7 8 11 21 -9 102 25 39 24 77 61 -16 52 17 18 -20 31 -22 -23 -24 47 81 35 28 29 -30 107 40 -33 34 -35 -36 -37 -38 69 -40 111 41 -43 45 -45 -46 -47 -48 48 -50 71 -52 -53 53 55 -56 -57 -58 58 -60 -61 114 62 63 -65 65 66 67 -69 96 -71 -72 72 -74 74 75 -77 79 -79 -80 106 -82 82 84 -85 -86 -87 -88 88 -90 98 91 -93 -94 -95 -96 -97 -98 -99 99 100 101 -103 105 118 -106 -107 -108 -109 -110 110 -112 -113 113 -115 -116 -117 -118 -119 -120 -121 122 -123 -124 -125 -126 -127
leaf_value=0.01989937731777432 -0.02424637788742658 0.0027245839036879847 -0.0015947744238243781 -0.00075239061906960507 -0.014064797630530718 0.0069966702455902634 -0.0071249930810138922 -0.0032449331536239558 0.0015302122666317206 0.002180077128913353 0.0031111125271807249 0.0048256449827827862 0.0029363017113307401 -0.0084403725344820574 -0.0039029797052888538 0.028584628206770334 0.0029714383969368613 0.00037948699564032795 -0.021035085542996629 -0.0075790152722933178 0.010062534047464053 -0.0028810853258990983 0.0027337829250858149 0.004107263309805132 0.024276339845421397 0.0091013183759097501 -0.003313370155922063 0.0039766937716974255 0.025767200060418802 -0.00023279158947562151 -0.0069789849802039932 6.6269448742925575e-05 0.014984533700094744 -0.019962144816271496 -0.0021506816864844997 -0.00081608117103431342 0.00032551023214150946 0.0017135544005771654 -0.010270231302633277 0.0032684795216488226 0.0014690903110786966 0.018315162515747586 0.010858712379776463 0.023097229843630142 0.0055592946838940831 -4.8094209277680015e-05 -0.0052990526146819541 -0.0014134658099076828 0.018620240548019022 -0.018046263269434603 0.011578421257955227 -0.021323925106094863 0.0012823845911442856 -0.011206501398708955 -0.0042180562053865086 -0.021273656358304915 0.012646062084262652 0.0079622040968623242 -0.026995108285499985 0.012852678246211075 0.00028563673715790137 -0.0028693061748333222 0.0017876671759687256 -0.0018966053982830968 -0.0013777292149650716 0.010258105875106945 -0.0013065954521979961 0.0059243353824084315 0.0042208117702528568 -0.0010765503227106333 -3.9315944112172025e-05 -0.0042019011007899043 -0.0053018543379442576 0.0012919485535852497 -0.0025064239106295061 -0.0078394104305930662 -0.0056419746701532941 0.0054429430426993419 0.00054484984735241439 0.0020540054556535191 -0.0063340048204511643 0.0032538873663565315 0.021728337123136491 0.025648024509496832 -0.0013789172086703138 -0.01634862967237612 -0.0051016412133074885 -0.0088944095640089583 0.011062775001363781 -0.0054859168465134934 -0.0018721729764859371 -0.028791859876014306 -0.0036093827486863932 -5.9533414550239446e-05 0.0021132623220309365 -0.00073393136141381853 -0.0025244398723089645 0.024533744875115789 0.0046375926673116108 -0.0067773655465916353 -0.0010961458079442477 0.0034122574101250283 0.0086888564999240622 0.00075818960146291966 -0.023246565755356826 -0.017060533185377074 -0.0044177411912858615 -0.0034187297954293579 3.0861861387778795e-05 0.0098634921616435733 0.0020784356949867617 -0.00094177765365882876 0.020916361718426046 0.0043729962852844051 -0.016615216147331566 0.0071004483984825851 0.0024438748485726223 -0.016171663719497006 0.0077277590777006504 -0.011058964866817365 -0.0067416471637307676 -0.0030269865534424891 0.0049776806645630452 -0.0063137860656737052 -0.0013185923518956053 0.027195865647001809
leaf_weight=97.406661443412304 22.661316566169262 8811.1158687546849 1703.9974212571979 2856.5779886171222 77.30579399317503 1074.1860879510641 292.787971816957 23020.374956227839 36.031780458986759 1511.0099110454321 516.08603052794933 1327.3069518432021 4388.0792300626636 352.24149407446384 8451.1712775975466 41.095061600208282 117.22037935256958 974.36687190830708 60.164529703557491 693.34333317726851 329.26891564577818 5495.2001714110374 16814.503042951226 2480.1783324405551 60.279921367764473 60.253292299807072 44.852600067853928 5961.9873595461249 65.030272409319878 2101.3961950317025 217.60754846036434 1530.1751662865281 87.374364048242569 130.98089224100113 351.5488173738122 3933.0478695556521 12535.946315541863 10840.946356646717 228.47052836418152 1228.0658592432737 13800.352143138647 65.553000681102276 71.254023388028145 73.545076385140419 105.79371032863855 20351.66545137018 940.70779695361853 924.91044081002474 40.925572231411934 62.333625927567482 170.81744888424873 36.308865308761597 3960.3949465975165 77.022849388420582 22.833027720451355 62.089781865477562 148.1264955252409 27.347819976508617 40.315248541533947 163.42355071008205 79.197958596050739 13236.905953578651 3474.9308842048049 6788.7729578539729 8327.0902141258121 269.14884351193905 853.42215550690889 547.81614045798779 968.27401824295521 2168.3325929045677 6077.6919772550464 28.252759076654911 244.58216910809278 1825.7250824943185 2395.3692667633295 828.32360500842333 976.44084095954895 4392.2366150468588 296.10454163700342 738.46639358997345 923.01732165366411 115.93229620158672 119.06612999737263 37.099871687591076 54.898879773914814 71.548042193055153 414.04504070430994 73.036255940794945 301.79032415151596 214.92369963228703 1186.4546844437718 19.903780341148376 1946.4504159167409 1556.4266687557101 4399.7670084312558 37.675842210650444 423.18969485163689 35.903873823583126 1905.2159121334553 220.45210914313793 1105.7361753955483 2172.8214950412512 218.32945244759321 5585.2955256327987 58.350756458938122 21.869677945971489 535.14209935814142 756.52072440087795 8787.4420700743794 428.1165768802166 499.72901590913534 1753.6705537065864 62.059912487864494 717.50629620999098 101.43440478295088 73.532281443476677 3449.8407938703895 56.319517105817795 162.54342103004456 136.71750453859568 608.04030469805002 1362.8775904551148 284.75663117319345 689.87072978168726 10295.305286206305 12.865760207176207
leaf_count=316 76 68673 13363 22422 552 8579 2340 180863 232 11492 3905 9208 32957 2648 65055 170 636 6862 197 4522 1796 42886 133635 19458 356 362 247 46799 231 16162 1472 10825 481 459 2444 30629 98471 83700 1487 9217 107438 438 504 266 499 158892 6171 6763 198 327 837 165 29741 501 103 325 1043 171 158 1000 541 103265 27296 53002 64914 2146 6726 4119 7644 17177 46184 87 1465 14003 16463 6231 7611 32594 2088 5711 6664 488 432 116 221 183 2901 396 2266 1119 8955 86 13133 11099 33335 228 3233 138 13480 1499 8268 16726 1534 43651 259 138 4152 5248 69258 3334 3951 12690 342 5155 663 482 26867 426 1145 984 4865 10449 2195 5194 81371 103
internal_value=1.16701e-05 0.00126391 -0.0012664 -0.00187739 0.000622579 0.00260973 -0.000115608 -0.0023145 -0.000212798 0.00114306 -0.000178161 0.00216714 0.0043655 -0.00185428 -0.0031073 0.00131661 0.00139118 0.00110998 0.00133367 -0.000938167 0.00312466 -0.00153111 0.00299019 0.00078718 0.0013179 -0.000810234 0.00137003 0.00133273 0.0139651 0.00148524 0.00217907 -0.00228656 -0.00459458 -0.00689761 0.00128438 -0.00172975 0.000236126 0.000370178 -0.00264696 -0.00116117 0.00141778 0.00155012 -0.000159582 0.0085802 0.000146742 -0.000242664 -0.00415077 0.00280323 -0.000545158 -0.000168599 0.00474905 -0.00286863 0.00223635 0.00205638 0.0169687 -0.00789769 0.00247152 0.00216565 -0.0129414 0.00237692 -0.00113056 -0.00145213 -0.00189976 -0.00064909 -0.000556017 -0.00031136 0.00293541 0.00152184 -0.000869749 0.00124839 -0.000366199 -0.00447091 -0.00167744 -0.00190664 -0.00226192 -0.00387904 -0.000981985 0.00419081 -0.00514874 -0.00282729 -0.00537885 0.00102681 0.00676611 0.000760749 0.0144644 -0.00426876 0.000879841 0.00104316 0.00715807 0.000888022 8.7799e-05 0.00115442 -0.00157241 0.00082431 0.00126644 0.0147366 0.0021683 0.0119938 0.00219876 0.00250552 0.00134332 0.00189156 -0.00103753 -0.00112928 -0.0138603 0.00627926 -0.000665827 0.000620125 0.000819807 0.0018803 0.00567836 0.000792449 0.00201289 0.00571638 -0.00923878 -0.00227079 0.00125078 -0.000656581 -0.00106573 -0.00114151 -0.0010689 1.52582e-05 -0.00170243 -0.00186683 -0.00158516 -0.00599422
internal_weight=270578 136670 133908 87467 92563.2 44107.2 46440.6 69569.9 35532.1 57031 17897 35229.5 8877.72 46549.5 11307.7 7099.74 50603.7 41792.6 37678.4 4114.22 1024.69 11865.7 17888.7 16059.3 17340.8 6427.33 37618.2 37508.3 109.883 36124.9 20045.5 3089.53 1559.35 1120.43 438.923 4916.32 12613.3 34574.9 1383.47 10797.3 14083.5 13865.9 21565.6 202 128.455 21363.6 1011.96 3446.01 965.836 695.419 324.347 153.529 5395.75 5331.82 63.9281 212.645 5119.17 4971.05 67.6631 4903.38 1155 35241.8 23500.6 10263.7 11741.2 11388.9 1670.39 1401.24 9718.55 13009.3 6370.48 371.072 308.739 7815.55 7299.47 3223.69 4075.77 8780.32 989.448 2250.05 983.271 16013.5 398.545 224.58 173.965 187.48 15615 15200.9 374.827 14826.1 9206.96 5606.13 3600.83 1654.38 5586.22 97.9558 1391.46 64.1566 5619.15 5404.23 3499.01 3278.56 19472.9 19232.7 94.3825 240.199 1273.61 16079.4 15322.8 6535.4 927.846 2981.74 4739.96 779.566 180.632 150.555 5607.56 2157.72 19138.3 18975.7 18839 6948.17 11890.8 11606.1 10916.2 620.906
internal_count=2080414 1045849 1034565 675870 713273 332576 358695 543333 277562 435711 132537 266709 65867 362470 87477 52554 386564 317891 291621 26270 5451 91410 142214 125442 124495 49147 291424 290946 478 281393 156147 20819 9994 7069 2925 37655 99023 267285 9553 79983 109348 107876 166408 841 575 165567 6675 26419 6961 3655 1638 801 39191 38918 273 1308 37610 36567 329 36238 8066 274993 183563 80298 91430 88782 12991 10845 75791 100877 48524 2017 1690 58076 54171 22694 31477 65551 6610 17474 7026 115287 1440 787 653 671 113847 110946 2662 108284 67192 42376 24816 11683 42290 584 10877 225 41092 39973 26493 24994 152120 150448 491 1672 9863 125246 119998 50740 7285 21907 35238 5497 1204 983 43455 16588 149957 148812 147828 54100 93728 91533 86339 4968
is_linear=0
shrinkage=0.02


Tree=30
num_leaves=127
num_cat=0
split_feature=10 10 53 27 51 53 27 16 39 29 15 55 29 8 32 26 6 48 39 39 28 48 26 40 25 16 21 48 6 2 26 13 48 26 47 15 38 51 2 44 40 47 18 16 13 14 2 18 4 47 8 15 25 54 18 24 5 14 48 1 26 47 55 35 1 21 5 51 39 35 13 47 54 29 55 1 50 10 18 50 29 38 15 55 27 39 16 1 6 39 38 55 6 4 29 37 32 48 54 5 26 39 17 39 18 4 38 38 47 15 21 31 27 55 55 6 55 23 52 47 55 31 54 57 6 38
split_gain=1027.2 280.988 224.005 131.81 97.907 89.1904 84.9401 82.5802 86.1555 73.6297 69.8864 65.8386 77.2913 60.2837 59.9792 65.1998 64.1749 57.9982 70.0342 107.926 57.7355 80.1755 63.8301 57.5522 55.5474 53.2922 52.6427 52.5503 51.4729 50.6993 57.9266 49.5491 48.8599 47.9016 47.5037 65.4673 47.177 46.0244 44.8789 44.7881 44.4715 68.3183 52.1223 48.8946 44.4248 42.7556 42.7446 47.3784 41.7929 41.4996 41.0909 61.3651 40.7872 40.5739 47.2779 43.611 39.9563 46.275 39.5867 39.1702 38.8226 38.6137 46.18 41.7493 46.1513 38.4461 51.9264 41.6255 37.7542 41.7307 41.5474 49.6193 37.98 37.4541 37.2532 43.9218 37.2236 36.8839 35.4584 35.4123 35.2072 40.1045 34.9955 34.7097 41.2069 39.2555 34.5921 39.0815 38.6077 53.1754 34.1949 33.9063 33.6754 38.1744 33.4233 33.3584 38.7892 33.2843 54.0854 32.6277 32.2146 31.6197 31.5921 59.9034 37.849 34.6589 35.271 31.552 41.8872 31.5276 43.7944 35.8561 32.0073 31.4979 30.9597 30.9149 37.3923 31.0668 30.8786 42.33 40.7681 75.749 44.3871 53.2401 30.7649 33.2453
threshold=0.065579991787672057 -1.2098548412322996 0.70274224877357494 -0.60785761475563038 1.5009110569953921 -0.034129980951547616 -0.60785761475563038 -0.13701617717742917 0.17604166269302371 3.8446962833404545 3.7088334560394292 0.20717659592628482 -7.5872063636779776 1.2728968858718874 0.081870529800653472 0.91597560048103344 1.0088843703269961 0.0076973338145762691 0.46770833432674414 0.059374999254941947 -0.56174489110708226 -0.10024167969822882 0.37940952181816107 -1.0000000180025095e-35 -0.37940952181816096 -3.9388328790664668 1.1459077000617983 0.0057626706548035153 1.4407978653907778 0.0050485040992498407 -0.12940952181816107 0.1071552373468876 -0.0034359258133918043 0.78656607866287243 0.018598492257297043 1.0881841182708742 0.16890875250101092 -1.7390132546424864 0.03954890929162503 -0.022534041665494439 -0.3415063470602035 -0.052480589598417275 0.64796391129493724 -0.96780955791473378 0.76011517643928539 -1.9168525934219358 0.0046907155774533757 -0.20778037607669828 0.47378799319267279 0.07979548349976541 0.40575715899467474 8.7330217361450213 -0.91597560048103321 0.10021496564149858 0.35529071092605596 -7291.0297851562491 0.47547437250614172 -2.7968764305114742 0.0233808932825923 0.022140992805361751 -0.98296290636062611 0.0023374001029878859 0.065118405967950835 0.12500000372529033 0.0073734412435442218 0.65073302388191234 0.063974682241678252 0.67891085147857677 0.33854167163372045 0.22500000149011615 0.23524077236652377 -0.091461442410945878 0.37009254097938543 1.8397390842437746 0.059203358367085464 0.005442030495032669 1.9191856980323794 2.8752673864364628 -0.57449766993522633 0.28476768732070928 7.5160503387451181 -0.23981512337923047 0.51680207252502453 0.16059045493602755 -1.0000000180025095e-35 0.11354166641831399 -0.33490359783172602 0.013393490109592678 2.4111101627349858 0.26770834624767309 -0.18789444863796231 0.10316971316933633 -1.3149664998054502 0.24550954252481463 -2.2492468357086177 0.88122129440307628 0.014501185622066261 0.10765703395009042 0.32327935099601751 0.035473017022013671 -0.12940952181816107 0.80937498807907116 2.0381331443786626 0.52187499403953563 0.39002148807048803 0.17576956003904345 -0.05986365303397178 0.092068232595920577 -0.036279529333114617 0.23950934410095218 0.88838791847229015 0.30999998748302465 -1.0000000180025095e-35 0.060396440327167518 0.05540141090750695 2.4612660408020024 0.060396440327167518 0.029873748309910301 -0.13325434178113935 -0.091461442410945878 0.19532658904790881 0.14999999850988391 0.37009254097938543 0.013582729268819095 0.19881147146224978 -0.05986365303397178
decision_type=2 2 2 2 2 2 2 2 2 2 2 2 2 2 2 2 2 2 2 2 2 2 2 2 2 2 2 2 2 2 2 2 2 2 2 2 2 2 2 2 2 2 2 2 2 2 2 2 2 2 2 2 2 2 2 2 2 2 2 2 2 2 2 2 2 2 2 2 2 2 2 2 2 2 2 2 2 2 2 2 2 2 2 2 2 2 2 2 2 2 2 2 2 2 2 2 2 2 2 2 2 2 2 2 2 2 2 2 2 2 2 2 2 2 2 2 2 2 2 2 2 2 2 2 2 2
left_child=1 6 4 10 9 13 31 8 45 25 24 60 -13 78 17 26 -17 18 19 95 21 -10 56 44 27 -2 68 34 -15 30 65 -1 -20 39 35 -4 38 -19 -31 -25 74 73 43 -43 -7 -5 47 80 52 115 -22 -52 58 55 -55 -33 57 -23 -11 61 -12 -26 -63 91 -65 66 -27 -67 72 70 71 -70 -16 102 82 124 109 -9 -3 -50 81 -21 -32 -39 85 -85 87 88 -29 -90 -77 -64 93 -68 -35 107 114 -59 -99 -83 -37 -44 105 104 -104 -42 -107 -8 -109 110 -45 -111 -112 -6 -97 116 -47 -118 120 -120 -80 -122 -123 -124 125 -76
right_child=2 5 3 7 113 23 14 77 20 48 11 12 -14 28 15 16 -18 37 32 46 50 22 -24 33 59 29 -28 86 -30 36 40 53 -34 94 -36 100 -38 83 -40 -41 41 42 101 76 -46 49 -48 -49 79 -51 51 -53 -54 54 -56 -57 -58 97 -60 -61 -62 62 63 64 -66 67 92 -69 69 -71 -72 -73 -74 -75 75 90 -78 -79 118 -81 -82 99 -84 84 -86 -87 -88 -89 89 -91 -92 -93 -94 -95 -96 96 -98 98 -100 -101 -102 -103 103 -105 -106 106 -108 108 -110 111 112 -113 -114 -115 -116 -117 117 -119 119 -121 121 122 123 -125 -126 -127
leaf_value=0.0056517987268957619 0.021630024495621285 0.0026571309563477997 0.0010804516994768491 0.0057409196667896909 -0.0036840893346283365 0.00036324709657530832 0.0030979782228515926 -0.0030182341276785885 0.029509093882110794 -0.0061403110261610593 -0.015583851781470037 0.020342173836714775 -0.012328126955766636 0.00031250358037410441 0.0047481642688906199 -0.024819682279814556 0.010270781381470777 0.0048681724002377288 0.0033168070008721628 0.017777238023245819 0.0013806739868225165 0.020118491523940719 -0.0041096162194573507 -0.019175565120284177 -0.0028514725069028087 -0.0015909935996658404 -0.0075707967335870542 -0.0048718101739667462 -0.0039471232464074208 -0.0015391439287537161 0.002799107843185968 0.016626788811901199 0.00032604981399277105 0.023814852622052567 0.0092071147641912023 -0.0084882823500120348 0.010441242314714366 0.0025657171144916587 -0.012580414419570078 -0.00039253710555684721 -0.0089363097840604172 0.010802229281118134 -0.0027600012535686815 -0.011119869294029002 0.0051874018736106486 -0.0058843121666836478 0.0039324837927107656 -0.001544498049448999 -0.023856385404688134 -0.013897072697164725 -0.00041337164783159398 -0.014085344874312296 0.004872316907259415 0.0019400145243466049 -0.0054770755210734878 0.003485006934109516 -0.020372979505557099 -0.00049438689489608788 0.004855386475390056 0.0035450482159472764 0.0036632260354967773 -0.0072009741705136229 -0.00324810442646465 0.010838371951085184 -0.0058127813174305831 -0.00044209704837316194 0.0064563363207945368 -0.0027038201297443186 0.021788193539842085 0.029826968282763239 -0.012732940277397345 -0.00056889450928000989 0.027810131662500199 0.02249641230910775 0.010409926658075139 0.014726907770238256 -0.0040485883897452271 0.00024617140855082875 0.0010541270829984013 0.0019813887927352752 -0.027971487801340591 0.0048110905459280949 -0.0025282722637155848 0.017795704889012713 0.00036169857780583674 -0.015034635277162567 -0.0052703259490857338 0.0056293338879711561 -0.0088125211145986364 0.017916938310118161 -0.0011783741471128606 -0.0074409992247314264 0.0017215572686900124 0.032104491191135419 -0.0029244209473627092 0.0087254922251072623 0.012025154405445613 -0.024969455200897901 0.013966297429450044 0.00025236843221621225 -0.0018927745317792464 0.0035261295058296705 -0.014372671037423353 -0.027254441930754492 0.020532675295621975 -0.016186675348043786 0.013265526346299692 -0.028269253418507938 5.5438550919201691e-05 0.0012850321326388916 0.0037587086779921498 -0.014801404934705276 -0.0083465225102053574 -0.001363243342259588 0.00072009284845482363 0.00049038725219171869 -0.0009594413997977033 -0.0039423064758088372 0.021748088471328014 0.0023931266476190692 -0.0036405703702012955 0.00080308272934797448 0.015505531065982457 -0.013772036787218144 0.000989832352551625 0.0045333078069891572
leaf_weight=3648.2249891161919 43.629908047616482 6577.9806833341718 1956.8223321139812 233.65337458252907 3593.4389020875096 14691.300111159682 1081.515121884644 14051.778153643012 32.10771369189024 298.60741555690765 42.590821892023087 32.231887087225914 227.55066330730915 3950.8204895481467 38.872276075184345 41.512893334031105 40.041015073657036 3622.8568649590015 8343.3035697788 54.453651703894138 8042.8648219183087 42.24182965606451 2994.3657047450542 49.965748928487301 2720.9899981990457 2055.175554484129 49.212313763797283 740.26235713809729 1590.7084496617317 9263.178697489202 989.6439945474267 101.33868424594402 2961.4701997637749 17.779101870954037 185.73980506509542 536.99950685352087 128.45170952379704 6068.8426544964314 148.68514531105757 14166.018008753657 234.67447370290756 197.24345100671053 2576.0181356072426 198.21619068086147 804.49443945288658 1610.8344692215323 981.09701588004827 7054.8212006986141 40.509090825915337 134.5268824622035 7919.6688876077533 132.53948255628347 2089.8214491903782 2305.833972454071 402.9278020709753 8526.7293338179588 39.735234506428242 6866.8565040156245 231.65503165125847 223.9708292260766 1097.2499414160848 3761.9150183945894 2318.689842030406 150.50443148612976 117.84550162404776 8546.6792242601514 354.06938604265451 5257.8109627813101 74.880216285586357 32.234297931194305 38.945566281676292 83.016857378184795 113.13714461773634 15.316859655082224 544.05987183749676 56.753934599459171 605.53141973912716 1535.0080374851823 28187.061150610447 42.98283875733614 16.011454112827778 695.63650716096163 981.25100416690111 15.489520832896231 565.78720950335264 131.83230576664209 2674.9870352074504 263.93611348420382 48.8599843531847 73.212773866951466 845.84304960072041 1158.8093172237277 2259.1829949840903 23.980169035494328 4546.6991410180926 349.09124041348696 391.25402709841728 50.608599618077278 18.944164492189884 6382.3819888830185 661.93807377666235 364.46526725590229 27.577104285359383 80.05223260819912 20.983541905879974 20.752427339553833 63.886962614953518 29.385674715042114 66.547389633953571 13271.085683017969 300.72048968076706 54.653387807309628 121.97655215859413 6710.3975044488907 432.40977611392736 1038.4690595492721 2845.4042004421353 2745.8121534958482 44.683037891983986 4560.7905869781971 1919.3896539732814 544.69741436839104 183.35149838030338 27.886644519865513 585.52500479668379 1328.2836534976959
leaf_count=27431 106 51343 15602 1469 28634 114883 8022 110083 113 2292 274 188 1431 30366 155 70 131 27825 62173 344 61997 241 23172 259 21664 16329 151 5779 11902 71218 7892 783 23254 111 1411 4213 876 47673 887 110634 1826 1279 20245 1585 6163 12717 7422 52235 122 879 60105 789 14995 16827 2725 67737 146 52594 1748 1734 7855 29977 18269 1192 911 67013 2655 41126 245 135 127 327 243 79 4120 336 4748 11549 219077 118 41 5562 7805 95 4022 915 21151 1996 374 579 6514 8913 16474 97 35611 2771 2555 300 113 48154 5161 2853 175 396 113 106 404 127 488 104482 2406 419 975 51369 3274 7612 21364 20972 170 35429 11367 3458 818 87 4426 10580
internal_value=1.13166e-05 0.00123152 -0.00123349 -0.00202294 -0.000385845 0.000489749 0.00234076 -0.00148715 -0.000944506 -4.64705e-05 -0.00344254 0.000857641 -0.00820834 0.00105001 0.00185695 0.00865328 -0.00766327 0.00176806 0.0013061 0.00051461 -0.000372917 -0.00156266 -0.00166533 -0.000288068 -0.00378468 -0.000215197 0.0117587 -0.00242446 -0.000910543 -0.000234135 6.49341e-05 0.00362406 0.00253352 -0.00103248 -0.000594111 -0.00117404 -0.00155014 0.00304815 -0.00171499 -0.000459969 0.000724267 0.000252503 0.000451287 0.00093608 0.000614086 -0.00267975 -0.000102737 -0.000381798 0.00317018 -0.00291545 0.000369582 -0.000640258 0.00361571 0.002971 0.000834741 0.00364139 -0.000621907 -0.000506402 -0.00133466 -0.00471375 0.00293014 -0.00489502 -0.00563504 -0.00406061 0.0035279 -0.000772125 0.000791556 -0.00130374 0.0142707 0.00907153 0.00553405 0.0100977 0.0219888 -0.00732096 0.00233008 0.00361012 0.00080155 -0.00269669 0.00130845 -0.0106769 0.000765583 0.000834146 0.000146317 0.00207518 -0.00209581 -0.0114794 -0.00403258 -0.00108989 -0.00315175 0.00722559 -0.000161976 -0.00464733 0.00264854 0.00816628 -0.00281486 0.00450199 0.00688877 -0.000635031 -0.0143027 0.000701163 -0.00485232 -0.00197958 -0.00839064 -0.0167297 0.000800062 -0.00498698 0.00592788 0.00212005 -0.00881263 0.00101248 -0.00338891 0.00121788 0.00025172 -0.00217301 0.00430391 -0.00273439 -0.00319952 -0.00242493 0.00105822 0.00258581 0.000830154 -0.00152875 0.00382976 0.0115891 0.00499524 0.0062461
internal_weight=270508 136605 133903 69330.5 64572.8 81863.6 54741.1 50335.4 34748.6 54268.9 18995.1 1399.62 259.783 47587.4 39756 511.853 81.5539 39244.2 28839.4 17534.6 26139.9 10044.9 10012.8 34276.3 17595.5 51565.4 430.299 7142.76 5541.53 51521.7 41981.4 14985.1 11304.8 18780.5 3341.5 3155.76 9540.32 10404.8 9411.86 14216 23484.5 18153.2 17689.9 14749.4 15495.8 8608.7 15184.4 14203.3 2703.58 8375.05 16095.1 8052.21 2620.08 11336.8 2708.76 8628.07 7018.39 6978.65 530.262 10452.7 1139.84 10228.8 7507.76 3745.85 268.35 18496.9 4692.41 13804.5 381.086 229.077 196.843 157.897 152.009 463.244 5331.36 3360.47 14552.2 15586.8 42045.8 83.4919 7148.48 7132.47 1970.89 6781.95 713.109 147.322 3801.26 1126.27 862.335 122.073 902.597 3477.5 2637.23 378.05 4564.48 2350.2 1172.76 6936.41 69.5528 7078.02 1198.94 2940.48 447.927 128.613 48.5606 319.314 84.6394 1177.45 95.9331 13946.7 620.913 13325.7 422.697 10303.8 781.501 8240.52 7202.05 5591.22 35467.9 4605.47 30862.4 2675.33 755.936 211.238 2457.87 1872.34
internal_count=2080429 1045717 1034712 534889 499823 631678 414039 386215 264583 419820 148674 9748 1619 364017 298536 1584 201 296952 216422 130995 199570 76679 76566 267661 138926 400545 1383 56266 42268 400439 327458 115503 85427 146615 26387 24976 72981 80530 72105 110893 183764 142091 138992 115894 121046 65013 113758 106336 19275 63544 122891 60894 19035 88072 19552 68520 53394 53248 4040 82660 8129 80926 59262 29285 2103 143694 35555 108139 1232 834 699 572 398 3099 41673 25976 114615 121632 321749 240 54101 54060 15697 52705 5032 1010 29879 8728 6732 953 6850 27182 19226 2752 35722 17237 8600 53007 413 53716 9374 23098 3020 684 288 2336 510 8637 615 109867 4966 104901 3381 80003 6045 62665 55053 42336 270406 35599 234807 15730 4363 905 19126 14700
is_linear=0
shrinkage=0.02


Tree=31
num_leaves=127
num_cat=0
split_feature=10 10 53 27 50 32 27 16 40 26 15 55 55 55 19 32 34 26 14 48 39 39 31 39 48 54 26 25 4 48 48 13 27 40 34 10 26 34 25 20 17 33 55 12 55 48 18 2 44 12 13 39 27 35 19 40 55 27 49 39 16 11 16 15 26 26 1 7 26 32 7 9 55 21 1 33 21 21 54 34 35 18 40 26 48 56 3 53 19 14 40 39 39 1 26 54 32 34 10 39 18 40 53 39 39 25 40 39 54 45 33 32 34 48 12 55 48 22 57 14 55 4 34 25 39 16
split_gain=986.629 269.959 215.174 126.639 88.5512 85.7239 81.6235 80.1018 69.9878 75.6053 67.1338 64.1817 63.2403 63.0574 61.6293 57.8843 75.1305 65.2051 56.9552 55.8527 68.6011 103.068 55.3407 55.3082 55.0018 54.7782 61.0247 53.3799 52.676 50.4845 48.6103 46.3806 45.8845 45.4498 44.7495 44.5712 43.7794 47.4891 44.6815 47.4764 43.4167 51.5165 50.7189 42.4332 42.1955 43.3509 41.9041 41.2621 41.1399 52.7656 40.9766 40.9484 40.2163 40.1025 46.8943 40.0038 46.5761 43.7571 39.9942 38.7021 38.5462 38.2285 38.1969 37.9481 48.5172 37.9323 37.6334 37.478 37.3325 37.072 36.9402 36.9178 36.6492 35.9811 35.9655 34.5639 34.3521 41.1453 33.8547 33.8288 37.9179 35.036 51.958 37.6095 33.8503 33.745 35.7486 33.5766 33.4433 33.0292 32.937 32.8824 64.6452 37.1973 34.1321 32.747 32.644 33.8098 32.4761 33.5407 41.8799 32.4215 32.4029 50.5224 32.3769 48.188 32.2002 32.147 32.0806 40.9076 35.3214 31.9266 32.8019 31.9217 31.9197 31.8178 31.7629 31.7113 43.5946 31.638 31.5371 34.8014 34.9439 31.3872 30.9314 30.8861
threshold=0.065579991787672057 -1.2098548412322996 0.70274224877357494 -0.60785761475563038 1.1783051490783694 0.0025765086757019167 -0.60785761475563038 -0.29667317867279047 -1.0000000180025095e-35 0.78656607866287243 3.7088334560394292 0.089165236800909056 0.20717659592628482 0.17146713286638263 2.9915102720260625 0.081870529800653472 0.029166667722165588 0.12940952181816107 -4.4924082756042472 0.0066007738932967195 0.46770833432674414 0.059374999254941947 0.14999999850988391 0.25104166567325598 -0.040700217708945267 0.37009254097938543 0.98296290636062633 -0.37940952181816096 0.22476208209991458 0.0057626706548035153 -0.0034359258133918043 0.69683146476745617 1.0000000180025095e-35 0.46650633215904241 0.12083333358168603 2.8752673864364628 -0.12940952181816107 0.079166669398546233 -0.37940952181816096 1.1359292864799502 4.3563842773437509 0.014078754466027023 0.44935074448585516 0.17675799131393435 0.44935074448585516 -0.067276004701852785 -0.20778037607669828 0.0058224841486662635 -0.026372435502707955 0.27958312630653387 0.74647781252861034 0.83020833134651195 -0.60785761475563038 0.27500000596046453 2.1850019693374638 1.2246467864107191e-16 0.15346919000148776 -1.0000000180025095e-35 -0.61137098073959339 0.14687499403953555 -0.40565729141235346 0.62500756978988659 -2.1207273006439205 1.0881841182708742 -0.12940952181816107 0.37940952181816107 0.022140992805361751 0.13509276509284976 -0.98296290636062611 0.014501185622066261 0.28417511284351354 0.89597120881080639 0.14914490282535556 0.96564731001853954 0.00049560904153622698 0.049849597737193115 0.38953554630279547 0.63737794756889354 0.080831561237573638 0.095833335071802153 0.47500000894069677 -0.10073276236653327 -1.0000000180025095e-35 0.91597560048103344 0.03638518042862416 -0.080798387527465806 1.544076204299927 -0.9204449951648711 2.9560028314590459 -2.5109529495239253 0.12500000000000011 0.34270833432674414 0.55520832538604747 0.0050935151521116504 -0.6035533845424651 0.061584781855344779 0.058384967967867858 0.15416666865348819 1.5578722953796389 0.063541665673255934 -0.1962383762001991 0.34150634706020361 -1.2977723479270933 0.11354166641831399 0.26354165375232702 0.60355338454246532 0.46650633215904241 0.85937500000000011 0.12064260244369508 -0.024055339395999905 0.035838998854160316 0.014279930386692287 0.12083333358168603 0.0096536194905638712 0.90175458788871776 0.061155095696449287 -0.043857380747795098 -0.049416610971093171 -0.047645369544625275 -0.31110644340515131 0.44935074448585516 0.11989605426788331 0.12916667014360431 1.0000000180025095e-35 0.22604166716337207 -3.1497329473495479
decision_type=2 2 2 2 2 2 2 2 2 2 2 2 2 2 2 2 2 2 2 2 2 2 2 2 2 2 2 2 2 2 2 2 2 2 2 2 2 2 2 2 2 2 2 2 2 2 2 2 2 2 2 2 2 2 2 2 2 2 2 2 2 2 2 2 2 2 2 2 2 2 2 2 2 2 2 2 2 2 2 2 2 2 2 2 2 2 2 2 2 2 2 2 2 2 2 2 2 2 2 2 2 2 2 2 2 2 2 2 2 2 2 2 2 2 2 2 2 2 2 2 2 2 2 2 2 2
left_child=1 6 4 10 11 8 14 18 50 58 27 31 68 36 79 19 17 -17 -5 20 21 67 32 -20 -13 120 -27 29 90 63 -22 -2 33 40 -34 59 37 -7 39 60 41 51 52 75 45 -25 96 -48 49 73 -3 76 104 54 114 -21 -57 125 -10 119 88 -61 -30 -4 -65 -50 98 69 -12 -8 -31 101 115 -18 -33 -16 -15 117 -56 80 81 82 83 -1 108 86 -47 -35 -38 -55 -26 93 94 -63 -93 -96 97 -23 99 100 -29 -14 103 -59 105 -43 -100 -54 110 -110 -83 -45 -113 -94 -6 -60 -40 118 -78 -9 121 -24 -123 -116 -98 -58
right_child=2 5 3 7 53 13 15 35 9 -11 12 24 71 22 43 16 48 -19 23 55 30 46 25 44 28 26 -28 66 62 70 -32 74 34 87 -36 -37 38 -39 116 -41 -42 42 -44 111 -46 85 47 -49 65 -51 -52 -53 107 89 78 56 57 102 72 61 -62 91 -64 64 -66 -67 -68 -69 -70 -71 -72 -73 -74 -75 -76 -77 77 -79 -80 -81 -82 84 -84 -85 -86 -87 -88 -89 -90 -91 -92 92 113 -95 95 -97 124 -99 106 -101 -102 -103 -104 -105 -106 -107 -108 -109 109 -111 -112 112 -114 -115 123 -117 -118 -119 -120 -121 -122 122 -124 -125 -126 -127
leaf_value=0.0019874722490588631 0.00019344609597797679 0.00052619832360119724 0.0011803324617826506 0.018862062151849789 0.00025902912782234855 0.0010112107083580387 0.0044334205367498776 -0.0012860718519376053 0.00091896038133973108 -0.0027953176376297336 -0.015291118927262369 -0.0010994086222419293 0.005811025551187593 0.022822127662517681 0.0061727768392446638 0.0069854417317572453 0.024037078900388874 -0.027362799254854454 -0.0019350922175754427 0.0040884469437796299 0.0032511015092136575 0.00085225300586096707 -0.0064286115002418218 -0.014150148667477876 0.0023178602537362305 0.012551861985362152 -0.019040367622288782 0.00010255157360585392 -0.0066598024613588706 -0.004512664258102839 0.00018382491232165824 0.0017058363961921386 0.00099337853108567636 -0.018600966797116921 -0.018798596815804664 0.00068316426375623495 0.0021046090619119711 -0.0039448102350675184 0.0054247820249639532 0.0068583834549154404 0.0098244776012087563 0.017357699875857939 0.015683604774950819 0.0042541475330608539 -0.013114758269480796 0.0023581716974988834 -0.0015677890380068919 0.0046039635255667758 0.012358247951530866 -0.0025755664827990018 0.0042236784931047175 0.0082120524309305699 -0.011612244621285954 -0.01597752475467375 -0.0033249231008449626 0.0024609548437946735 0.0080455556739712428 -0.021075004058156703 -0.0018309041040932008 -0.00050276245731410338 0.0045475344968037316 0.00043132420726975422 0.0085569769633274638 -0.0075735068420829648 7.5982241657841706e-05 -0.010802822461774185 0.0034741941685556012 0.0011987540639644388 0.0035898343883114833 0.011699079080823493 0.0029806046759855093 -0.01496667457576926 -0.0046228555580767189 0.0072604930253987411 -0.0018787608940907003 0.019609805422574872 0.017426683965855078 -0.00059415610335303596 -0.00073622797606690351 0.016483435069180173 -0.029271705221016502 0.0011754615658141562 0.0057886800644611517 -0.008406980185552344 0.0096039460141054273 9.298811503984385e-06 0.015770418845676405 -0.00021261157416844998 -0.0036071347514443405 -0.0041388166293888631 0.00023457032051319874 -0.0028394225707885617 -0.00025460284991138111 -0.0028098415762500516 -0.0090803503477179873 -0.0045541005293265688 0.023212270852162761 -0.020946199857849904 -0.0068990459940699847 -0.0035256602040870133 -0.010794431059124025 -0.018694191420485933 -0.0023772776870454515 0.01548053280703587 -0.0093829328814718366 -0.019159780191898138 0.0016021728852372971 -0.028235479931381455 0.005456806679720593 -0.0063925594719085712 0.021141521168503735 -0.0016902858892240743 0.018754546961274057 -0.0030863440419856632 -0.00012673333173988897 0.00042545120233426201 0.0011413147430110451 -0.012979163577243484 -0.0091369410747440729 -0.0047442961395334328 -0.015370056400073495 0.0037242430276788808 -0.016664049628351107 -0.0041737379639922014 0.0020328126160747894 -0.014023731495880806
leaf_weight=1484.0296825543046 16894.421748884022 19488.005080379546 1983.9097492769361 59.583235889673233 7547.4873223900795 13870.591063298285 1024.507574826479 1434.4938955232501 7590.0827797725797 5906.631076708436 42.557530142366886 3559.1190699264407 92.286794006824493 19.303266763687134 3401.0025256574154 49.219805806875229 186.77483706176281 38.629574500024319 7446.9486333653331 5785.9154621437192 8341.7214295044541 7286.6501127406955 197.32991182804108 81.31100270152092 6885.9074747189879 285.68497189134359 25.831018961966038 188.88769024610519 72.75798599421978 3516.9828995019197 2748.4095038697124 1262.3492823243141 1517.8191246017814 138.03207093477249 46.11085332930088 2102.4796318784356 2050.0878220871091 817.99088285118341 743.96009112149477 1374.2584366723895 96.338628880679607 52.977083869278431 30.858084544539452 3026.4309783279896 93.209643989801407 1650.8089481890202 7039.1924338713288 460.69516192376614 59.628192730247974 52.099283620715141 1276.6614205986261 149.22874216735363 291.02432355284691 122.75933076441288 5727.8463071137667 4366.0418106466532 28.953015059232712 17.095968320965767 4594.4885473623872 5413.0017203092575 2258.7294181734324 2815.5160491168499 638.92418357729912 573.45033043622971 784.05782753974199 52.015501759946346 223.98802004754543 892.84246469289064 1097.3086203113198 387.8260048404336 283.59535972774029 140.27219118177891 996.47146514058113 72.082623027265072 9834.522351257503 77.654692389070988 36.811285436153412 686.05653420835733 3124.8050921708345 65.981195852160454 14.280121125280855 3215.1535954475403 2057.9888364523649 152.63097992539406 173.31109115481377 11240.745086841285 82.601795382797718 55.793743461370468 511.45531818270683 402.41675122827291 5430.7701630368829 1917.4849834963679 2968.7205150946975 2847.6792523786426 1056.465894587338 1632.7324422001839 49.686484344303608 27.570648476481438 3149.3205663487315 6145.744440741837 554.02363552153111 27.101035252213478 454.90118067711592 93.123062126338482 114.60322963446379 18.800171792507172 188.34737712144852 55.557260647416115 152.90128736943007 479.70333188772202 34.848659582436085 612.91446784883738 32.07917308062315 3436.1150020286441 1526.3495739623904 5480.128786303103 9877.6285319849849 243.84319131076336 70.334873087704182 4052.2470686584711 47.608050242066383 809.65697152912617 34.08730236440897 1540.1434028372169 61.228327371180058 173.33470498025417
leaf_count=11507 134027 152680 15815 259 58586 107759 7932 11028 59121 46234 274 24733 612 114 26441 190 514 61 55576 44900 62173 55332 1511 536 52654 1358 110 1481 374 27661 21595 10000 10123 782 264 15726 15577 6233 5586 10843 400 375 119 24050 481 12808 52106 3466 256 158 9826 969 1830 790 45401 34218 167 95 36556 42846 17855 22143 3871 4487 6085 164 1734 6426 7855 2536 2218 824 7123 241 77785 378 229 4633 23167 457 50 25250 16169 1114 1336 84861 592 405 3820 3118 41587 14864 23318 21850 8416 12531 299 196 24834 48731 4384 183 3292 676 762 131 1496 242 908 3154 248 4273 168 26763 11684 43004 77501 1467 454 31617 288 5169 225 12046 345 1198
internal_value=1.11016e-05 0.00120702 -0.00120891 -0.00198268 -0.000378131 0.00047998 0.00229441 -0.00145751 -0.000100972 -0.000823439 -0.0033743 0.000117843 0.000840465 0.00120096 0.00355261 0.00182012 0.00850599 -0.00824506 -0.000501049 0.00173291 0.00126424 0.000474402 -0.00087971 -0.000558028 0.00110363 0.00249561 0.00987648 -0.00370968 0.00170558 -0.00237622 0.00249113 -0.000466313 -0.00218462 -0.00414511 0.000397554 -0.00212314 0.00153279 0.000734898 0.00222959 0.00357959 -0.00318259 -0.0038965 -0.00888155 0.00489521 0.000221904 0.000318195 -0.000133551 -0.00118798 0.0120018 0.0157311 0.000753769 -0.00155886 -0.0103324 -0.00148408 -0.00133667 0.00294813 0.00166214 -0.0028786 -0.000199131 -0.00233716 0.00264338 -0.00196346 0.00699274 -0.000582243 -0.00315784 0.00155838 -0.00462059 0.00440942 0.00287124 0.00643614 -0.00395262 -0.0080473 -0.000965772 0.0194152 -0.00147078 0.00647857 -0.00294659 -0.00344873 -0.00241147 0.00232613 0.00220359 0.00226548 0.00367424 0.00101296 0.000981366 0.000410031 0.0030066 -0.0133412 0.00096281 -0.00693311 0.00139945 -0.00243752 -0.0030745 -0.00119849 -0.00488135 -0.00633535 0.000931376 0.000767096 -0.00479831 -0.00401225 -0.00802608 0.000130959 -1.431e-05 0.00966294 -0.00281324 0.00764732 -0.00641868 -0.0143534 0.000593841 -0.00352288 0.0013963 0.00339335 -0.000644443 -0.0017742 -0.000440002 -0.000603531 0.00144192 -0.00900799 5.68008e-05 -0.00384073 0.000375607 0.00111067 0.00288062 -0.00216036 0.0116521 -0.010836
internal_weight=270486 136592 133895 69324 64570.6 81860.9 54731.1 50332.1 45332.5 24567.8 18991.8 44578.8 1399.53 36528.4 14980.9 39750.1 510.45 87.8494 20655.2 39239.7 28320.3 17230.2 5023.69 20595.6 16587.5 1400.2 311.516 17592.3 13028.4 7142 11090.1 27991.3 3623.49 2059.56 1563.93 29676.9 31504.7 14688.6 16816.1 6194.53 1865.74 1769.4 563.82 7150.08 13148.7 13055.5 14925 7499.89 422.6 310.957 20764.7 1205.58 532.962 19991.8 19466.6 10919.4 5133.45 767.408 18661.2 27574.5 4820.27 22087.7 711.682 3341.42 1357.51 111.644 10450.3 2305.18 1139.87 1412.33 3800.58 259.66 11071.1 258.857 11096.9 3478.66 1056.35 1037.05 8852.65 7830.83 7764.85 7750.57 3694.65 1636.66 4055.92 12974.2 1733.41 193.826 2561.54 525.176 12316.7 16674.7 11011.5 5663.2 4606.68 2689.2 7425.14 7314.22 10226.3 6888.66 742.911 119.388 565.12 110.219 186.38 71.7773 3337.67 346.582 3882.61 632.605 3250 3671.42 644.994 6404.84 10614 10074.6 10621.6 350.989 107.146 5486.74 1088.68 1041.07 843.744 3066.49 110.915 202.288
internal_count=2080429 1045717 1034712 534889 499823 631678 414039 386215 354544 192038 148674 345031 9748 277134 115503 298536 1584 251 155113 296952 212406 128638 31960 154854 123219 8661 1468 138926 98486 56266 83768 221812 23299 12912 10387 231102 245174 113992 131182 48095 11725 11325 3459 55310 99278 98797 111744 55572 1333 913 162506 7866 3340 154792 150884 84546 39646 5428 145804 215376 37252 172731 4245 26387 10572 420 82660 16894 8129 10468 29879 1619 86683 755 87785 26819 6897 6783 68568 60193 59736 59686 28790 12621 30896 98261 13400 1187 19397 3908 94241 129885 85892 43993 35811 20947 56172 55528 80926 54596 5865 795 4063 771 1268 506 26330 2072 29560 4062 25498 28491 4441 50081 82316 79560 83087 2150 683 42645 7193 6905 5394 23730 644 1365
is_linear=0
shrinkage=0.02


Tree=32
num_leaves=127
num_cat=0
split_feature=10 53 51 16 9 29 39 2 1 17 4 39 1 28 20 52 19 8 38 14 40 16 39 38 24 25 29 39 29 14 39 48 38 1 39 39 48 11 48 21 14 39 16 16 21 4 38 39 4 29 20 53 52 33 1 38 25 39 39 5 52 48 38 15 39 29 20 48 28 5 14 32 32 28 48 29 13 4 19 40 1 28 29 13 5 33 46 44 5 46 45 28 21 45 40 22 13 15 48 4 8 19 38 40 12 31 24 10 39 20 39 57 21 48 33 28 6 5 15 21 33 14 46 5 21 2
split_gain=974.601 349.804 170.62 155.821 124.488 86.6065 83.3816 82.4118 79.3051 80.897 76.0889 74.8708 74.1956 73.7447 71.3929 76.0317 60.6586 55.9746 68.0412 53.3178 75.335 52.0388 45.6627 70.8995 45.439 44.0232 60.6092 48.0617 41.3152 61.0466 45.9367 50.5991 57.9177 45.1444 45.0643 41.499 41.1681 40.5891 48.9011 39.98 49.0752 51.1216 63.0498 44.8044 44.0537 39.9508 39.6669 38.5809 44.1678 38.2322 37.9419 37.7936 37.4244 44.336 37.1356 37.7822 36.9956 39.9281 36.8484 53.5299 36.3926 51.4145 36.3323 36.1561 38.0576 35.7195 35.6483 35.1004 34.6985 34.6469 34.5128 34.4748 34.4561 37.8149 39.0042 34.1345 34.1124 33.8729 85.3348 48.4382 33.254 34.9832 33.1476 33.1456 32.8858 32.8393 47.8355 33.3521 40.6732 32.4738 32.2508 38.6962 57.1264 62.9224 45.6366 41.3328 32.024 32.3212 32.0055 31.8582 31.791 31.5631 32.6774 41.356 31.4555 31.1794 34.7644 30.8551 30.5795 30.3394 32.1823 30.15 29.9912 29.9803 47.0945 54.6283 32.7748 56.9121 41.0243 34.0877 36.6404 29.9147 29.9138 39.1251 35.2256 46.7869
threshold=-0.60228100419044484 0.67389261722564708 -1.5012531876564024 -0.16026198863983152 1.3933618068695071 6.3523948192596444 0.18437500298023227 0.0036297647748142485 -0.047858271747827523 0.11563897132873537 0.12593126296997073 0.36770834028720861 -0.0048852192703634492 0.81174489855766307 1.1359292864799502 -2.4636052846908565 9.5613522529602069 -0.66447648406028736 -0.022150675766170021 -0.40099918842315668 -0.3415063470602035 -2.1207273006439205 0.22604166716337207 -0.23981512337923047 -2499.705444335937 -0.7865660786628722 4.3172717094421396 0.43437500298023229 3.572928905487061 -7.3473365306854239 0.48437500000000006 -0.021121894009411332 0.065320111811161055 -0.0032198656117543574 0.17604166269302371 0.86770832538604747 0.10765703395009042 0.66826146841049205 -0.0069229158107191316 0.43165683746337896 -2.5109529495239253 0.19270832836627963 -3.9388328790664668 -0.87471306324005116 1.140258312225342 0.1176615171134472 0.020650206133723262 0.592708319425583 0.13013536483049395 -5.3529233932495108 0.70618268847465526 -1.1059260368347166 -0.24879817664623258 -0.065504912286996828 0.010387642309069635 -0.18789444863796231 -0.37940952181816096 0.93020832538604747 0.62187498807907116 0.04027360491454602 0.033906562253832824 -0.086653765290975557 0.080602381378412261 1.5034019947052004 0.81354168057441723 0.77272057533264171 0.49850368499755865 0.0514799002557993 0.81174489855766307 0.060814103111624725 -2.2393941879272456 0.043712705373764045 0.031054942868649963 0.81174489855766307 -0.078094564378261552 -6.1939508914947501 0.72040686011314403 0.47378799319267279 3.2840923070907597 0.12500000000000011 -0.00020252730610081923 -0.56174489110708226 -0.96222460269927967 0.62091958522796642 0.3716790527105332 0.016523092985153202 0.028140695765614513 0.00095723272534087311 0.058065008372068412 -0.033857321366667741 -0.010515712667256592 1.0000000180025095e-35 0.68295741081237804 -0.047965487465262406 -1.0000000180025095e-35 -0.056192977353930466 0.56156429648399364 0.13450980186462405 0.024466126225888733 0.32880382239818579 -1.1086764335632322 2.602561473846436 1.9710640316703559e-17 0.12500000000000011 0.8976142704486848 0.12999999895691874 13503.132324218752 1.2979462146759035 0.68437498807907116 0.87432250380516063 0.042708333581686027 0.031242078170180324 0.65073302388191234 -0.10024167969822882 0.013391725253313782 1.0000000180025095e-35 -1.0594085454940794 0.17912405729293826 3.0761182308197026 0.6798129975795747 -0.014485856518149374 -3.3042937517166133 0.061052018776535995 0.29290214180946356 0.82327997684478771 0.06114312261343003
decision_type=2 2 2 2 2 2 2 2 2 2 2 2 2 2 2 2 2 2 2 2 2 2 2 2 2 2 2 2 2 2 2 2 2 2 2 2 2 2 2 2 2 2 2 2 2 2 2 2 2 2 2 2 2 2 2 2 2 2 2 2 2 2 2 2 2 2 2 2 2 2 2 2 2 2 2 2 2 2 2 2 2 2 2 2 2 2 2 2 2 2 2 2 2 2 2 2 2 2 2 2 2 2 2 2 2 2 2 2 2 2 2 2 2 2 2 2 2 2 2 2 2 2 2 2 2 2
left_child=2 4 8 6 5 7 24 19 14 109 12 -7 49 16 15 50 17 54 36 20 46 -13 23 -12 62 27 67 -15 30 -30 31 32 34 -33 105 66 99 51 -39 43 41 -41 -43 52 113 -37 -2 -9 -49 -4 -1 -14 53 -22 55 -8 57 96 82 -60 -24 -62 111 64 80 -18 -31 -27 -51 -58 -50 -52 -48 74 -74 -53 -23 90 -79 -80 -61 -82 98 -38 -63 87 -87 88 -6 -65 91 94 95 -94 -25 -93 -5 -98 -42 -19 -64 102 103 -89 -104 106 -11 -101 -70 -10 -111 -3 -59 114 -44 -116 117 118 -115 120 -118 -110 123 -26 125 -125
right_child=1 3 10 56 85 11 13 47 9 28 22 21 37 25 -16 -17 65 18 -20 -21 39 76 60 77 122 26 -28 -29 29 35 -32 33 -34 -35 -36 45 83 38 -40 40 58 42 44 -45 -46 -47 72 48 70 68 71 75 -54 -55 -56 -57 69 112 59 63 61 84 100 89 -66 -67 -68 -69 108 -71 -72 -73 73 -75 -76 -77 -78 78 79 -81 81 -83 -84 -85 -86 86 -88 101 -90 -91 -92 92 93 -95 -96 -97 97 -99 -100 107 -102 -103 104 -105 -106 -107 -108 -109 121 110 -112 -113 -114 116 115 -117 119 -119 -120 -121 -122 -123 -124 124 -126 -127
leaf_value=0.022434740324800792 0.0035740311272024674 0.0016582102880128033 -0.0043431357141069269 0.00057995501345864181 -0.0015566648106779511 0.010771274477325026 -0.020590231303485484 -0.0017138761545221245 0.0027959399518341864 0.002863908086198731 0.018648711995351997 -0.015008447358506996 0.0025707762099070513 -0.0098633211230388634 -0.0076277257852312794 0.0037878041376410007 -0.0012774887007419989 -0.00030628520097060122 -0.0027048270704240021 -0.00039774210370153355 -0.017049830936112731 0.0069039404875993306 -0.0019937822020928185 0.0017205820355652923 -0.003016363779592089 0.0020153242773427648 0.0079403931815486186 -4.9736994856441456e-05 -0.02741020902589774 -0.0055715420597813019 0.0028804145256834074 0.0025471986399840654 -0.0056325838116625653 -0.00086398942444942939 -0.0015402680567119754 0.011264714016264662 0.0092833107177638513 0.0026156081242720243 -0.0026751057592329054 0.0037242517164096235 -0.00140299431924136 0.015867489690627505 -0.014047673416883174 0.002480205581507829 0.0038295149333819997 -0.013772273513921301 0.0014471062043522115 -0.00028476817527638241 -0.0073650747520506311 0.0029634538638829439 -0.010179733052598365 -0.011615107409838808 0.026129000936282266 0.013158683016490209 0.0025792450618899315 -0.0004323743500280568 -0.0041350158146056647 -0.0058136413018524558 -0.0021452584621980534 0.005034142087315811 0.021767445696147972 0.0017187299130830022 0.016450831880218845 -0.021715359381198677 -0.00027977193183232322 0.0079321019080475872 0.010238369434684822 -0.005006859762611727 -0.00063855985799269644 -0.0022969435423203424 0.0073481220465696885 0.013331002520103909 0.012984790685416775 -0.020218083067697443 -0.0084528796239902535 0.00070826465008846668 -0.0035493062967835161 -0.020679102222480199 -0.0088064745717040642 0.026226722232603403 0.0052819018652052628 -0.00092051718753982919 0.00070177643109572605 -0.016143423806683054 -0.016699991492498317 -0.0074171407605772323 0.018190215741657537 0.001280229566031968 0.0017358785401922856 0.0063354214306015682 -0.0003713258925923769 0.007937405220529728 -0.022244831279727602 0.0053517445394733318 0.011436706118344611 -0.017712561624752446 0.019695867228223328 -0.0028791645744869906 0.0079485023304315169 -0.020179738180336759 0.0020949078710540379 -0.0033548347063982941 -0.0010231834792297496 -0.0026803890617180547 -0.0045425198891545348 0.00026666279618084172 0.013007795728698049 -0.0021841990147439365 -0.018228441613029559 0.0098340642493794789 0.0043091324034359793 -0.0040984218462347391 0.004919910024677566 -0.00050898593900748819 -0.017466918679413489 0.015460700450565504 -0.0035270471750062584 0.014468204540388104 -0.026792190861231503 -0.0021832672434068025 -0.01191088648446444 0.0061587252086910335 -0.011257191526458236 0.00599751089018898 0.014535581108800072 -0.019851383730262639
leaf_weight=203.16942358762026 5653.2409900948405 867.66325412690639 326.70176058262587 1280.3954415842891 3384.3967948406935 585.44102692604065 36.406451970338821 10784.313960440457 6860.6829982027411 361.48471830040216 91.33855251967907 72.823482699692249 5068.8258312270045 226.53790640085936 96.684628374874592 371.18116374313831 262.73187551647425 10907.629295393825 12821.392932385206 16010.104871705174 23.962072767317295 326.24472971260548 6346.7078840509057 386.0138146057725 11505.928355641663 3218.3614942878485 673.10923542827368 1628.7527532726526 20.129315972328186 61.955914236605167 7227.695702560246 6656.6441290900111 836.84912394732237 2022.4705038592219 2065.6607372015715 39.604806408286095 24.376750104129314 953.44806735217571 2607.3969424068928 581.38959416747093 5278.4273932427168 70.623191684484482 242.4625156596303 976.2589558660984 328.9046840518713 67.626794122159481 4293.2459968477488 3823.4670817255974 71.708562798798084 13392.483559399843 27.461908541619778 89.264252349734306 60.205263666808605 87.415383748710155 1970.5251640304923 6616.4436008930206 12618.470719158649 129.38349426537752 1159.8648827672005 1794.5226509943604 49.024223022162914 1001.7191052138805 95.14131673425436 15.803501687943934 2071.485085055232 466.38484804332256 635.41099162399769 311.33103582262993 2058.2904623523355 6089.3349969163537 523.93532902002335 212.36066617816687 49.305669121444225 59.226081363856792 103.38831725716591 22356.983683146536 200.99094577878714 89.76982718706131 29.211465127766132 32.327561482787132 538.61760284006596 1114.816508680582 13757.159867614508 110.5945717394352 39.331300631165504 562.4474836140871 29.815679550170898 3076.8654469251633 2694.7185894176364 1043.6920258924365 1894.4389914423227 32.426712982356548 34.859961651265621 421.38630484044552 387.86906646937132 102.9916727617383 24.448917753994465 8476.3030752465129 149.55701165646315 62.11588391661644 173.78225934505463 4055.9046531617641 2403.5769746601582 1603.1880404800177 1760.7273785695434 640.48312605917454 215.90363731235266 97.276614867150784 20.108219541609287 449.9015509262681 6766.1046518087387 625.23518021404743 516.53977090865374 458.59165834635496 31.075113847851753 53.251910284161568 448.23111214488745 102.47163156419992 24.06079888343811 1191.2419942840934 391.62710804492235 440.76889519393444 171.0715159997344 99.040731362998486 95.212272748351097 37.897665664553642
leaf_count=707 43681 6454 2412 10181 26965 3978 204 82758 52928 2720 430 298 40068 1731 511 1564 2056 83483 98977 127693 91 2312 42969 2597 88512 25042 4807 12368 56 423 54380 50916 5321 15877 14824 311 170 7557 20716 3826 40845 133 1214 7578 2527 452 33424 30174 411 105056 127 668 267 478 14705 52004 100620 1022 9272 14129 221 7078 709 116 16266 3437 4691 2401 16014 46523 3707 904 283 296 735 177223 1425 205 157 109 4264 8793 107801 710 157 4099 147 23829 20470 7962 13544 192 204 3031 2736 536 196 66133 1133 319 1286 31160 18688 12158 13722 4366 1405 593 143 3505 53255 4770 4017 3393 156 254 2988 613 168 8554 2650 3444 1092 512 512 189
internal_value=4.25921e-07 -0.000876504 0.00164411 -0.0018294 -4.39096e-05 0.000328752 -0.00118451 0.000242048 0.00272991 0.00257777 0.000976044 0.00568908 0.00132361 -0.000717817 0.00855364 0.0104834 -0.00108631 -0.00121381 -0.00170996 0.00058476 0.000957938 0.000719354 -0.000527091 0.00135533 -0.00253045 0.00131201 0.00244468 -0.00125322 0.00178671 0.0061717 0.00160578 0.000885766 -0.000938968 0.00175218 0.000258304 0.00704607 -0.000571045 0.000751009 -0.00125785 0.000481461 0.000344982 -0.00174424 -0.00269654 0.00414493 -0.00310227 -0.00449726 0.00245839 -0.00106896 0.00050467 0.00241923 0.0160703 0.00101106 0.0135417 0.00655675 0.000168317 -0.000545913 -0.00300474 -0.00204956 0.000649559 0.00181445 -0.00141389 0.00196024 0.000466643 0.00251292 0.00186238 0.00461492 0.00882638 0.00139442 0.0025584 -0.00353694 0.00556577 0.0106036 0.00105775 -0.00679518 -0.00148459 0.000658697 0.00291792 0.000886673 -0.0083319 0.0097062 0.00314936 0.00110133 0.000179549 -0.0115093 0.00100655 -0.00146346 -0.00609784 -0.00131848 -9.69534e-05 0.00589599 0.00131727 0.00365918 -0.000190382 0.00319697 0.00660006 -0.01155 -0.0023677 -0.00281181 -0.00114373 -0.000436525 0.00721966 -0.00189398 -0.00122363 -7.65797e-05 -0.00251218 0.00330849 0.00667469 -0.00928546 0.000404331 0.00374929 0.00465505 -0.000753163 0.00276269 -0.00387833 -0.00958408 0.00325242 -0.00316186 0.00100608 -0.00187399 -0.00436296 -0.00744715 0.00505538 -0.00297392 -0.00285216 0.00525979 -0.00124097
internal_weight=270458 176365 94093.2 82239.8 94124.8 74553.2 53104.9 73367.7 35839.5 34928.6 58253.7 1185.5 47314.3 39434 910.858 814.173 33375.9 32646.8 24023.4 58164.2 42154.1 600.059 10939.4 3502.63 13671 6058.09 4202.8 1855.29 20851.9 824.728 20027.2 12799.5 4120.38 8679.11 3283.53 804.599 11202 31075.9 3560.85 31995.7 30847.9 3923.93 3342.54 1147.84 3271.92 107.232 10158.4 15203.4 4419.11 16238.4 442.992 27515.1 171.583 111.377 8623.38 6652.85 29134.9 10427.1 26923.9 7738.8 7436.78 1090.07 1761.82 6578.94 5519.44 729.117 697.367 3529.69 15911.7 18707.8 595.644 239.823 4505.17 211.92 152.694 22446.2 527.236 3411.3 151.309 61.539 3447.96 1653.43 19185.1 134.971 1041.05 19571.6 592.263 18979.4 6079.12 1059.5 3259.99 1365.55 591.665 456.246 773.883 135.418 9781.15 8500.75 5427.98 11067 268.924 12900.3 8844.36 4680.05 4164.3 1217.87 577.388 159.392 2519.17 14076.7 7216.01 1492.9 645.923 2943.01 326.79 84.327 2616.22 585.124 482.652 2031.1 839.858 460.877 11909.2 11738.1 232.151 136.938
internal_count=2080329 1363619 716710 635735 727884 576646 407043 568633 269243 265430 447467 8013 373301 303007 3813 3302 256658 251165 184252 451583 323890 4035 74166 23741 104036 46349 32250 14099 155742 5933 149809 95429 28636 66793 23315 5877 85275 246232 28273 245471 237057 26476 22650 8414 22517 763 78419 117050 34292 127069 1738 217959 836 569 66913 52208 228692 81549 210581 60802 50425 7456 13219 51530 43452 5493 5114 27443 124657 147143 4118 1031 34738 1314 1018 177891 3737 23311 471 266 27186 13057 149779 880 7235 151238 4246 146992 47435 8078 22840 9296 3963 3235 5333 728 76510 66329 41978 84395 1995 99557 68397 35987 32410 8491 4125 912 19601 109688 56760 11224 5039 19990 1624 410 18366 4174 3561 14192 5638 3587 90817 89725 1213 701
is_linear=0
shrinkage=0.02


Tree=33
num_leaves=127
num_cat=0
split_feature=10 10 51 2 54 29 8 1 54 47 4 1 20 52 2 28 48 4 40 33 12 38 4 51 27 38 2 34 47 48 15 55 54 55 12 47 35 12 18 20 0 55 38 26 47 2 27 40 38 20 40 20 29 40 5 26 56 55 26 27 4 48 26 20 56 29 48 27 29 48 54 18 29 29 38 55 34 26 52 26 35 38 45 38 20 38 28 26 32 7 34 40 7 7 48 55 27 48 34 26 29 10 48 47 55 34 29 47 42 18 40 47 43 38 24 48 23 29 9 38 29 33 51 52 2 27
split_gain=936.113 300.678 163.945 141.024 103.028 86.8458 78.3775 76.4009 86.4582 76.1877 73.0782 71.2708 68.7204 73.4979 67.1181 62.0899 68.7593 78.5058 72.3118 63.2487 61.1073 58.4682 58.16 63.431 59.8277 54.3403 52.61 51.6509 55.3077 50.9747 50.6354 50.592 49.5415 78.5246 48.3631 48.0094 46.8017 46.5413 48.5302 45.6725 45.5111 42.8692 41.9198 41.2868 41.2847 40.8138 40.7856 45.7189 95.125 42.979 39.9603 39.8676 44.5251 39.5487 58.9121 58.1392 45.177 45.2077 38.357 37.9404 37.2316 36.8332 40.6662 36.832 36.7887 36.723 36.7196 36.7042 45.3643 51.185 45.0984 39.2922 37.1735 36.6293 35.5504 64.8791 48.651 35.335 35.0907 35.9734 34.7806 33.6716 41.484 33.3694 33.3552 34.8866 33.3357 38.6433 33.2091 33.0592 32.8988 32.8809 47.957 32.2558 31.9415 31.9111 34.1571 31.89 31.8884 31.873 31.8059 31.1567 30.8413 30.7001 44.331 32.8784 42.6498 30.5881 41.5232 31.995 31.7277 29.9992 44.3427 31.352 29.7806 29.7559 29.6695 34.8888 31.8798 29.3944 29.3922 36.3191 29.2842 29.0292 28.3772 29.0208
threshold=-0.60228100419044484 1.0076557397842409 -1.5012531876564024 0.00055411012726835917 0.079809013754129424 5.5065631866455087 -0.98410275578498829 -0.047858271747827523 0.078318905085325255 0.067559268325567259 0.12593126296997073 -0.0048852192703634492 1.1359292864799502 -2.4636052846908565 0.06114312261343003 0.81174489855766307 -0.036703575402498238 0.12224093079566957 0.12500000000000011 -0.015301282051950691 0.88954687118530285 0.024590377695858482 0.17207407206296924 1.6731938123703005 -0.87837970256805409 -0.23981512337923047 0.025675381533801559 0.095833335071802153 -0.0061580364126712075 -0.049539962783455842 8.7330217361450213 0.36077880859375006 0.19244474172592166 0.13568499684333804 0.18877699971199038 0.0053366399370133885 1.0000000180025095e-35 0.74704849720001232 0.77919718623161327 0.52717566490173351 -0.00032296033168677235 0.36077880859375006 -0.12578463554382321 0.78656607866287243 0.0024482017615810041 -0.040810843929648392 0.6078576147556306 0.34150634706020361 -0.15535781532526013 0.44179761409759527 0.46650633215904241 1.0719923377037051 1.4356791973114016 0.12500000000000011 0.47547437250614172 0.78656607866287243 0.077305655926466002 0.058437820523977287 1.0000000180025095e-35 -0.60785761475563038 0.37818126380443579 -0.010201542638242243 1.0000000180025095e-35 0.70618268847465526 -0.033023715019226067 -5.3529233932495108 -0.029002619907259938 -0.87837970256805409 -0.33213794231414789 0.0068014839198440322 0.021610095165669922 -0.21400140970945356 3.0410528182983403 1.9435107707977297 -0.30078926682472223 0.36077880859375006 0.095833335071802153 -0.6035533845424651 -2.221673727035522 0.78656607866287243 0.12500000372529033 -0.079579647630453096 0.022166787646710876 -0.090599585324525819 0.74844077229499828 -0.073285628110170351 0.81174489855766307 0.91597560048103344 0.043712705373764045 0.066590916365385069 0.029166667722165588 1.2246467864107191e-16 0.29966124892234808 -0.33649428188800806 -0.056816913187503808 0.44935074448585516 0.6078576147556306 -0.042122520506381982 0.15416666865348819 -0.12940952181816107 -0.42296350002288813 2.4748647212982182 0.0233808932825923 0.036830056458711631 0.15346919000148776 0.020833333954215053 -0.72144865989685047 0.0086761419661343115 0.00817704387009144 0.76248359680175792 0.46650633215904241 -0.091461442410945878 -0.023976485244929787 0.14000282436609271 65059.337890625007 0.037302408367395408 -0.079466309398412691 -6.1939508914947501 -2.02665102481842 0.19358208030462268 -7.5872063636779776 0.029314755462110046 1.1497757434844973 2.5345009565353398 -0.0073357718065381041 -1.0000000180025095e-35
decision_type=2 2 2 2 2 2 2 2 2 2 2 2 2 2 2 2 2 2 2 2 2 2 2 2 2 2 2 2 2 2 2 2 2 2 2 2 2 2 2 2 2 2 2 2 2 2 2 2 2 2 2 2 2 2 2 2 2 2 2 2 2 2 2 2 2 2 2 2 2 2 2 2 2 2 2 2 2 2 2 2 2 2 2 2 2 2 2 2 2 2 2 2 2 2 2 2 2 2 2 2 2 2 2 2 2 2 2 2 2 2 2 2 2 2 2 2 2 2 2 2 2 2 2 2 2 2
left_child=2 3 7 5 22 27 26 12 67 15 11 65 13 63 -11 20 19 123 81 -17 32 34 23 35 -25 -21 43 28 29 46 101 58 84 -34 39 61 116 38 53 -10 41 -30 80 -5 -38 -35 -2 49 -49 -48 74 77 114 56 55 -55 57 -8 -31 100 98 62 124 -1 -29 -4 78 71 69 70 -69 -9 102 -28 75 76 120 -20 -23 -80 -7 -19 103 -64 115 -86 -67 -88 -65 -24 -77 92 -47 -93 -51 96 -62 -66 -41 -61 -37 122 -70 105 -105 -83 -107 109 110 -87 -109 -15 -113 -114 -53 -6 -13 -118 -119 -68 121 -12 -22 -18 125 -3
right_child=1 4 10 6 9 42 37 8 21 14 50 36 -14 111 -16 16 17 18 51 25 30 66 89 24 -26 -27 73 64 40 31 -32 -33 33 45 -36 59 44 -39 -40 60 -42 -43 -44 -45 -46 91 47 48 -50 94 -52 52 -54 54 -56 -57 -58 -59 -60 99 95 -63 83 88 97 86 119 68 72 -71 -72 -73 -74 -75 -76 90 -78 -79 79 -81 -82 82 -84 -85 85 107 87 -89 -90 -91 -92 93 -94 -95 -96 -97 -98 -99 -100 -101 -102 -103 -104 104 -106 106 -108 108 -110 -111 -112 112 113 -115 -116 -117 117 118 -120 -121 -122 -123 -124 -125 -126 -127
leaf_value=0.022087495031221805 -0.0023971412978993877 0.0011705949178018782 -0.0042560388082417949 0.00066625788601565252 0.0014981694239065758 -0.0044941888969283654 -0.0017495538206356443 0.0079493869086356226 -0.0016763282178187491 -0.0040724192641738042 0.0014844268074946563 0.0012400166613307968 -0.0074732897227294216 0.01279213214280831 -0.017964695766236032 -0.012785003535447283 -0.0011018725418101922 0.0032539458064540683 0.010871569244103563 0.031983773046591779 -0.0005952408690745244 -0.0045568162675878659 -0.01049735596965325 -0.0067053351979836249 -0.0031096527882041682 -0.0013250134426735947 -0.00048887030317621631 0.0013817555654703352 0.0011497356863208823 0.00080098166896023051 -0.012537324075365612 0.01661884194678143 0.015423148462448766 0.015764889187923244 0.0007396915317810581 0.0030289992863794042 0.002549751345382544 0.00034889102469536922 -0.0039426153106709629 0.0042727171333037427 -0.00055871587682983844 -0.020840930057466522 0.011295442044264289 -0.002105030852286516 4.8506595770161032e-06 0.0017453153097164514 -0.012623326260140004 0.030292187198333039 0.0023932583094728407 0.0053932451020365811 -0.0042084333799381167 -0.010016011770862417 0.0008482480320302359 -0.0014518626784877629 -0.023510970604616165 -0.004745448696032062 -0.0026922937856644941 0.0005381822471802614 0.0027225802697956663 -0.00069009607758417104 0.0082296550189716374 -0.0019206016341258808 -0.016346372669261248 -0.0099805411355267087 -0.015607308785063714 0.002904576547012296 0.0008338532635870624 0.012282707774459896 0.0013120154830414715 0.0087560925152700125 0.0032835953630167918 0.0032492571833406259 0.0076538702843599021 0.0068815331617754303 -0.00036693419456799759 0.0037044201125587795 0.021967395297594311 -0.00076412471511438864 0.0021628165863309457 -0.0074000165023616858 0.019518500174331384 0.012368918361891496 0.018459881136946583 0.0020714750862250476 0.00051321948898345928 0.00050043222464650591 0.0013890852911630411 -0.0057796390021229594 0.01309451412026783 0.010557517780362463 0.022140554853615414 -0.015723977650300515 0.017620065630073761 -0.0011219137444458958 -0.005070670365659953 -0.027825872993922585 -0.017799331881102037 -0.0045591721031007773 -0.01583518774556841 -0.0036640550743924278 -0.0062136109308058487 -0.0002299712099682839 0.006204092829260207 -0.018982650612339669 0.013959275965714014 -0.022820870883403482 0.011114654075846598 -0.0045892955155120889 0.002898974024861843 -0.0038498483954219971 0.0024611764043336697 -0.013238903965569225 0.011042938845949235 -0.005527423046521992 -0.037400084033562701 -0.0027984287711433705 -0.017178749360964082 0.0025608315414323212 -0.00069595075758494842 0.011619138830640958 0.001374206585609949 -0.025866624777028308 -0.003822396908080308 0.0053186484401970373 -0.0012049247999885934 -0.01406128734029435
leaf_weight=202.26112546771765 2246.6439388021827 75.292545020580292 326.73981080204248 9529.4175629541278 3274.9328499287367 140.87664090096951 5353.0985345393419 1420.8290889039636 632.48790453374386 807.48961064219475 33.59399475902319 6450.5556811243296 96.72917602211237 103.64420158416033 167.43162189424038 247.8050749450922 1989.5152570232749 289.67707225680351 194.56231961399317 20.956405684351921 1483.8990365192294 1132.2735165581107 34.207645617425442 2188.1240419447422 12049.287254221737 180.92704168707132 405.15830194950104 263.56295574456453 10460.698603846133 8593.2219128012657 197.90545024722815 90.831565588712692 172.37265215814114 73.492916621267796 4344.9156797304749 160.05127195268869 7955.8268223106861 5750.1789857372642 3192.4385769590735 6054.2263629063964 19461.690599247813 34.577663399279118 441.52786319702864 2775.8748861476779 3753.3892053216696 772.80735103040934 93.398129902780056 66.154414921998978 180.77508629858494 360.58066790550947 1058.1911041811109 89.374984927475452 196.24089989811182 10912.059482336044 50.61550971865654 2668.1687324792147 3881.8905465528369 9739.6723714396358 8049.8327712416649 2440.1981945037842 51.52778385579586 13703.749608933926 38.969807013869286 27.469670422375202 147.97794839739799 13390.715460136533 3873.3192624673247 230.65580706298351 6621.2362136915326 887.67578226327896 5969.6190987825394 1430.707722350955 443.70019948482513 803.61899013072252 9482.2931442856789 62.602748245000839 30.661877311766148 223.35886827856302 892.10414081066847 189.99028719216585 28.069961853325367 343.70905379951 224.2988555803895 2526.8440362215042 2545.9130493178964 2309.9904433637857 2170.9795434847474 348.11262971907854 211.89477973431349 198.21873140335083 103.13495916873217 65.292391873896122 83.510584019124508 699.44298779219389 171.28921160101891 23.387648083269596 31.731532238423824 356.23669215291739 30.734916716814041 3526.3738345056772 2018.6869947463274 2117.7616032063961 558.29108060896397 36.734165079891682 27.858989529311657 25.39693858474493 32.790290199220181 3324.15565674752 379.59249839186668 954.89942780137062 275.73541470617056 71.289658054709435 125.49940331280231 70.620504662394524 18.776210360229015 801.6481005102396 48.506558328866959 1341.1975464522839 11525.285070516169 102.81850149482489 123.92310354858637 44.483190253376961 4661.4276619702578 327.09824711084366 1359.2551714330912 146.61845897883177
leaf_count=707 15133 580 2412 74418 24883 926 42609 11344 4408 5541 154 51298 511 333 983 1613 15492 2071 1335 82 11141 7610 238 17390 94934 1346 2910 1808 82142 66434 1078 584 1254 304 32035 1269 62956 44439 25068 44256 153328 187 3253 21787 29615 5068 527 231 1256 2489 7263 673 1412 84730 152 20897 30326 74473 62576 19095 286 108584 293 127 903 105056 29444 1852 52575 7083 46825 11420 3480 5844 64996 317 150 1626 5963 1300 173 2355 1425 20035 19161 17807 16928 2673 904 1422 350 435 492 4697 1285 66 132 2703 205 27796 16013 15518 4461 289 176 131 225 25598 2830 7390 2127 211 668 352 44 6059 334 10607 91422 685 748 188 35347 2489 10744 1138
internal_value=4.16626e-07 -0.000859028 0.00161143 -0.000188209 -0.00187569 0.000567483 -0.000890746 0.00267593 0.00252669 -0.000979704 0.000956578 0.00129721 0.00839669 0.0102937 -0.00647525 -0.000792534 0.00137298 0.00220329 0.00546218 -0.00603472 -0.00119261 0.00152551 -0.00253187 -0.00258959 -0.00366277 0.00226826 0.000432241 0.000476873 0.000556282 0.00137492 -0.00256317 0.00181244 -0.000455403 0.00260222 0.00238957 -0.00200168 0.000736012 -0.00132109 -0.00158937 0.00343964 1.37059e-05 0.00107521 0.00805975 4.08985e-05 0.00173414 0.00128913 -0.000972094 0.002696 0.00996367 -0.000183862 -0.000516551 0.000656854 -0.00483811 -0.00135881 -0.00218064 -0.00209934 -0.000768295 -0.000273227 0.00173058 -0.00327411 0.0039626 -0.00142086 0.000230378 0.0157992 -0.00466752 0.00237109 -3.34224e-05 0.00351608 0.00311299 0.00426492 0.00362046 0.0055935 0.00204139 0.00441193 -0.000120675 0.00572427 -0.00109108 0.00466348 -0.00209709 0.000477603 -0.000407295 0.00899699 0.0113957 0.00178509 -0.000867285 -0.00150023 0.00250751 0.000396144 0.0104117 0.00742276 0.0152468 0.000622916 0.00331338 -0.00238884 0.00201826 -0.00770037 -0.00177208 -0.00782806 0.0041684 -0.00244826 -0.00553311 -0.00232267 0.00169338 0.00796467 -0.00476336 0.0100196 -0.00381558 -0.00220793 -0.00338494 -0.0007724 -0.00404845 0.00371354 0.000156524 0.0050733 -0.0150784 0.000652531 0.000132393 -0.0004208 -0.000356215 0.00111585 -0.00468706 -0.0142158 -0.00304353 -0.000192981 -0.00229142 -0.00890668
internal_weight=270437 176355 94081.8 106250 70104.7 51187.9 55062.2 35831.6 34922.2 29638.8 58250.2 47311.3 909.409 812.679 974.921 28663.9 4469.08 4019.39 1702.78 449.689 24194.8 17359.5 40465.9 40233.5 14237.4 201.883 13514.1 50577.5 49809.7 19852.7 8460.99 16733.9 15733.8 1866.92 11169 25996 31074.8 41548.1 35797.9 6824.1 29957 10495.3 610.474 12305.3 11709.2 1694.55 3118.84 872.198 246.93 625.268 10938.9 722.313 304.392 32605.5 13630.8 13580.2 18974.7 15092.8 16643.1 8145.31 6191.61 17850.7 4146.98 441.626 767.778 16236.5 6190.51 17562.7 14711.2 7087.95 6200.27 2851.54 7623.23 1208.78 9880.69 398.4 232.662 417.921 2214.37 1082.09 168.947 980.465 690.788 2565.81 13866.9 9790.29 15909.8 2519.09 239.364 232.426 165.738 1621.05 856.318 764.735 531.87 106.647 83.2593 504.215 6084.96 5966.57 2178.74 8263.09 7179.53 466.489 64.5932 401.896 58.1872 7244.37 3979.48 3264.89 3599.89 371.054 267.41 196.12 108.151 4076.58 19365.5 12915 12866.5 3976.14 202 78.0772 6145.33 2316.61 1581.17 221.911
internal_count=2080329 1363619 716710 823591 540028 395938 427653 269243 265430 220497 447467 373301 3813 3302 6524 213973 32784 29743 11762 3041 181189 126390 319531 317871 112324 1428 104959 391586 386172 150515 63084 129594 118105 12250 81388 205547 246232 322694 278255 49353 235657 82329 4352 96205 92571 10996 20921 5788 1487 4301 74166 5090 2129 253187 105779 105627 147408 117082 129010 64173 44945 141374 32790 1738 5414 127069 45002 139040 116276 55760 48677 22764 60516 8754 66903 1907 1240 2961 14873 7263 1099 6672 4601 20328 105855 74913 124657 19601 1031 1660 667 10692 5560 5132 3774 484 418 3606 44461 46891 17282 62006 57036 3176 465 2711 356 55752 30555 25197 27725 1564 1231 1020 717 30942 153661 102363 102029 30129 1090 342 46488 17981 12462 1718
is_linear=0
shrinkage=0.02


Tree=34
num_leaves=127
num_cat=0
split_feature=8 53 34 12 12 16 26 53 40 25 1 40 53 9 2 27 27 28 25 2 32 18 1 4 33 55 4 32 18 38 21 17 17 5 2 1 40 25 38 4 27 55 48 28 13 14 23 33 27 1 21 48 14 26 40 2 38 5 51 16 55 23 38 41 32 14 33 38 27 57 56 19 48 55 48 33 47 8 33 4 38 24 46 48 18 48 48 34 9 25 48 25 52 26 23 12 31 57 4 18 28 19 46 57 48 27 34 19 55 44 48 5 19 19 2 5 46 37 34 55 55 43 21 40 27 21
split_gain=823.086 341.325 253.638 109.007 106.407 87.9356 84.0044 78.3727 75.9755 72.9602 122.494 63.2175 60.7078 59.8198 58.5712 55.1922 53.0501 62.627 52.7435 48.8703 48.2178 47.4519 46.2951 65.6746 44.5935 44.5141 44.4142 50.5124 45.0038 43.5017 42.7603 42.3475 42.3417 53.5891 40.3579 40.2746 39.7099 39.6546 55.6768 49.4226 55.9165 59.8941 46.5663 45.2236 48.3018 39.9906 39.1159 38.4341 38.3347 38.2786 58.8253 50.1886 38.1667 37.6552 37.3103 48.2839 36.9995 36.6025 36.4543 35.9163 35.2901 35.2777 34.9726 34.9092 34.664 34.23 42.1626 34.1122 33.5338 33.0869 32.2369 32.2101 33.7776 31.9172 31.823 37.3501 68.1841 31.6036 31.4775 56.0792 31.4235 32.2152 31.3948 31.3449 31.3161 41.7059 30.9795 34.9549 30.9325 30.8925 30.8752 45.2384 47.0824 30.5952 30.4939 30.3319 30.1007 46.8044 29.9061 29.7885 29.4833 29.4066 29.3818 33.5164 35.3523 29.1562 29.0704 45.9695 29.0389 30.0759 28.6336 28.5145 37.4857 39.3345 34.4929 29.6067 30.2004 28.4374 28.2644 27.9422 27.9094 27.8417 43.8354 38.1831 27.7157 27.699
threshold=-0.20760563015937802 0.70274224877357494 1.0000000180025095e-35 0.86704677343368541 0.1242494396865368 -0.10726749897003172 0.78656607866287243 0.80259865522384655 0.12500000000000011 -0.37940952181816096 -0.025688625872135159 -0.12500000000000003 -1.0385457873344419 -1.6612749695777891 0.013801442924886944 -0.60785761475563038 0.87837970256805431 0.81174489855766307 -0.6035533845424651 -0.00042134460818488145 0.081870529800653472 3.1157795190811162 -0.047858271747827523 0.37818126380443579 -0.0097409593872725946 0.058827288448810584 0.089029323309659972 0.081870529800653472 0.42708332836627966 -0.30078926682472223 0.40625245869159704 2.1487176418304448 2.9665052890777592 0.3716790527105332 0.0072006592527031907 -0.0081016202457249147 0.46650633215904241 -0.91597560048103321 -0.30078926682472223 0.13462676107883456 -0.60785761475563038 0.18590094149112704 0.014289398211985828 -0.56174489110708226 0.40534590184688574 -7.3473365306854239 -0.047943187877535813 0.06234401464462281 -0.87837970256805409 -0.014645731542259453 0.60890042781829845 -0.051891120150685303 -0.387313961982727 -0.91597560048103321 1.0000000180025095e-35 0.017841097898781303 -0.23981512337923047 0.18738394975662234 1.6731938123703005 -3.9388328790664668 0.03303234092891217 -0.12136098742485045 -0.18789444863796231 -0.0098880655132234079 0.081870529800653472 -3.3042937517166133 0.011079847346991302 0.19358208030462268 -0.87837970256805409 0.27524119615554815 -0.028059829026460644 2.7781149148941044 -0.12250675633549689 0.44935074448585516 -0.037958402186632149 -0.013380386400967835 0.067559268325567259 1.0868311524391177 0.0022493600845336918 0.25875037908554083 0.0848820134997368 86220.742187500015 0.0086051635444164293 -0.020112548954784867 0.32866582274436956 0.057856995612382896 -0.019632639363408085 0.10416666790843011 -1.2793340086936948 -1.0000000180025095e-35 0.0059644405264407405 -0.91597560048103321 -3.8278392553329463 1.0000000180025095e-35 0.02079103980213404 0.35815408825874334 0.10999999567866327 0.001518948585726321 0.025738053955137733 -0.54984274506568898 -0.56174489110708226 2.5173239707946782 -0.021995655260980126 -0.023849003016948696 -0.12250675633549689 -0.60785761475563038 0.037500001490116126 2.0819001197814946 0.16313930600881579 0.032192854210734374 0.022906517609953884 0.17229292541742328 5.2645373344421396 2.176346063613892 -0.0038349459646269675 0.3716790527105332 -0.040776468813419335 1.1602764129638674 0.095833335071802153 0.062711581587791457 0.14355764538049701 0.0082195056602358835 1.0313712954521181 1.2246467864107191e-16 1.0000000180025095e-35 1.3425797224044802
decision_type=2 2 2 2 2 2 2 2 2 2 2 2 2 2 2 2 2 2 2 2 2 2 2 2 2 2 2 2 2 2 2 2 2 2 2 2 2 2 2 2 2 2 2 2 2 2 2 2 2 2 2 2 2 2 2 2 2 2 2 2 2 2 2 2 2 2 2 2 2 2 2 2 2 2 2 2 2 2 2 2 2 2 2 2 2 2 2 2 2 2 2 2 2 2 2 2 2 2 2 2 2 2 2 2 2 2 2 2 2 2 2 2 2 2 2 2 2 2 2 2 2 2 2 2 2 2
left_child=2 3 6 8 15 16 13 24 9 25 59 60 22 14 -1 78 17 18 -3 -20 47 56 23 62 30 34 35 28 -28 63 -6 88 33 -32 -2 93 90 45 -39 43 41 -41 82 119 -45 -27 54 84 53 50 57 67 64 101 55 -15 -21 -24 -5 -11 83 -25 -10 -17 -48 66 -58 -52 -7 -70 -33 72 -8 -51 -19 76 121 -61 79 -4 81 -38 106 -12 96 -86 87 111 -29 99 -31 92 -92 -26 -34 -85 97 -14 -46 -74 -35 -37 103 104 -62 -56 -42 -108 109 -67 -101 -30 113 114 -113 116 -115 -63 -82 -40 -53 -76 -123 -124 -59 -18
right_child=1 5 4 58 7 68 71 -9 12 10 11 -13 20 46 -16 29 125 74 19 21 -22 -23 49 61 26 37 27 31 86 36 32 70 94 100 -36 48 80 38 39 40 42 -43 -44 44 98 -47 52 -49 -50 73 51 120 -54 -55 105 -57 65 124 -60 77 102 117 -64 -65 -66 108 -68 -69 69 -71 -72 -73 89 -75 75 -77 -78 -79 -80 -81 118 -83 -84 95 85 -87 -88 -89 -90 -91 91 -93 -94 -95 -96 -97 -98 -99 -100 110 -102 -103 -104 -105 -106 -107 107 -109 -110 -111 -112 112 -114 115 -116 -117 -118 -119 -120 -121 -122 122 123 -125 -126 -127
leaf_value=0.0016112310967611294 0.00045115052337028937 -0.0010952364067732109 0.0029604788696293289 -0.0012123868739589364 0.012505461614390468 -0.0051421639006888403 -0.024709819312423102 -0.00083558653158072348 0.015882270209541464 -0.020285528142336848 -0.016823589163875597 0.0015580526573126857 -0.00061514053264415472 0.0021656297316252375 0.0072914074559299828 0.02358148732868643 -0.00048101381584528578 -0.010182844258638905 -7.8880349492225433e-05 -0.028479365115406951 0.019632417173837451 0.005111322681982995 -0.00089391892139712879 -0.0028679995603045657 0.0028165290424238395 -0.026227790649879294 0.001467660124150493 -0.011846750515568043 -0.0016281174839561086 0.0023267244364107292 -0.0005518700833997489 0.021376827249497566 0.020724180295566205 -0.028527280138449837 -0.0079033616476494387 0.0037710683977867023 2.2079332443150157e-05 0.015159007899697796 0.011482935839560655 0.00054055359181641232 0.00075393906747970945 0.018537771727797223 0.0068240418696814608 0.0084943248041504694 -0.014992089833403511 0.0011105493218108475 0.00035562470265500939 -0.01834914208030311 0.0018563435292551697 0.0010231447797149045 0.0090365372198852427 -0.0046498626204617517 -0.001394757232049593 0.0032862585881114808 0.0025479189660339526 0.010578859503040099 0.024372264103478807 -0.022966308946995584 -0.0035406256185323776 -0.0037476359344022644 0.019983050789917651 0.024120407580170294 -0.017839649098749286 0.0038523769819615301 -0.02446696166319931 -0.003214709271907582 -0.0050246912377874551 -0.0080433238032723547 -0.0028002779869162327 -0.010916918792684202 -0.0001313530181755568 -0.0029806822373960144 0.0059957340498272152 -0.017200184266716975 0.002047214360496926 -0.00082910974127821239 -0.013286311531824191 -0.01480320872382233 0.0061484743445639686 -0.027128760035657545 -0.010966126497618609 0.025348917487731742 -0.017182980279739142 0.0018227814622400608 -0.0028237203601929558 0.0089002157775162245 0.00073203827487762984 0.010733680203805581 0.01249330775214319 -0.0015838233630739082 -0.031331462500506765 0.0056075014151495631 0.00012491738430223874 0.0069293678678731662 -0.002927635934812925 -0.0034104796410038543 -0.00038134280235691871 -0.0057228552055254281 0.0038271562988563528 -0.00078024025927508379 -0.005632949326743907 0.01343093354214735 0.00011002258456557319 -0.0075579133813821744 -0.0014212534213711393 -0.00083938574566608303 0.0062422655334718816 -0.0093137078791191933 -0.0059899342355522571 0.01070895185885856 0.0039348701327139978 -0.0068436221448634508 0.011291019863525872 0.0027897289364247754 0.015272762088373871 -0.025231810542204282 -0.01444841526358114 0.0023160990641944716 0.014378516610589453 0.00045365264819328103 0.0018180689999773892 0.013125698000519936 0.0096663070345471367 -0.010109157865696652 -0.0057738717914532327 0.00366943428755031
leaf_weight=6939.5246969461441 4121.011835642159 9131.3475564643741 1072.206702798605 8578.7804983779788 101.3595391958952 3225.889634154737 22.267631992697716 4943.7411684989929 16.010886050760746 92.119440406560898 59.702728912234306 9076.3929400667548 1835.8257705196738 4110.1256753131747 810.34766426682472 70.331703625619411 6249.4815449342132 124.32587546110153 2153.5771763473749 22.51294220238924 42.944203361868858 265.4803758636117 90.164092227816582 34.272638194262981 1534.3363189399242 20.496342100203037 12109.304351508617 46.991909801959991 500.29565795511007 8836.3189549148083 3500.6692401021719 119.17265544831753 61.705013737082481 40.475677475333214 244.03253130614758 229.36581288278103 1029.2240170612931 155.5851820781827 97.327950939536095 192.82150276005268 459.26078423857689 119.18119320273399 197.32427684217691 1235.581253759563 33.340456090867519 4855.9882498607039 20006.567248851061 52.012848906219006 17436.519638359547 8336.707154430449 273.04120735824108 859.31604236364365 6923.9722934439778 3240.625206798315 1452.7614004537463 291.4642355889082 38.547298550605774 104.06939554214478 3920.605591610074 381.92556915432215 31.878288559615612 114.49264059960842 44.106604538857937 73.398560158908367 21.527655065059662 16029.891548492014 37.879248812794685 55.525864236056805 15693.624456636608 202.71884056925774 36.156753912568092 3254.2212392315269 399.03790307790041 37.619141310453415 947.72468837350607 5011.4480723291636 97.365095660090446 141.60924428701401 3546.4861379936337 24.362672239542007 168.36295721679926 19.490675956010818 64.428365871310234 564.33414754271507 5530.5847653150558 123.10364811122417 1049.9008850976825 58.865497194230556 35.970818124711514 5034.2385258898139 18.924200013279915 2699.8467917963862 423.92228144407272 1374.0453909933567 32.980346828699112 2046.9489445239305 12208.089159138501 1177.9875355288386 2113.9174340888858 2478.590071670711 50.848485812544823 282.73906438052654 14301.896409578621 440.09437990933657 503.10383328050375 3377.5995554476976 93.651946134865284 387.18035578727722 1597.0174599438906 61.314525611698627 649.25164552032948 123.6261570006609 35.065125025808811 52.158805765211582 35.458287142217159 72.719871029257774 177.37777530401945 30.594779022037983 18.744411073625088 1407.5286304578185 385.93965996056795 266.51748829334974 76.810130722820759 77.407881893217564 59.927273623645306 715.95207718759775
leaf_count=53922 32886 70378 8357 66238 631 25666 83 38685 100 339 478 70135 14282 32324 6004 234 47589 857 16750 49 97 1988 698 117 12087 94 88264 162 3748 64892 25620 361 258 90 1927 1838 7919 749 773 1383 3295 729 1430 9757 267 37055 153285 289 138403 64819 1884 6526 55133 25870 11491 2149 181 458 30310 2450 165 409 297 318 80 124728 233 335 122883 1592 125 25577 3123 150 7213 38793 602 872 26921 73 1024 114 393 4511 42687 907 7751 366 165 39363 67 21016 3230 10773 156 16370 94924 9192 16632 19204 226 2268 111490 2964 3717 26357 644 2633 10866 410 4994 717 221 302 214 248 1085 148 99 11083 2706 1815 536 484 362 5386
internal_value=-2.64689e-05 -0.00101975 0.00119919 -0.000214116 0.00204533 -0.00215427 0.000208689 0.00154702 7.4596e-05 0.000616453 -3.2151e-06 0.00019786 -0.000674677 0.000611615 0.00220616 0.00335396 -0.00165142 -0.00196102 -0.00235705 -0.00292714 -0.00129509 -0.00326684 0.000571225 0.00924506 0.00182527 0.00170057 0.00202873 0.00115192 0.000998369 0.00270056 -0.000245084 0.0102651 -0.000599208 -0.00094899 -1.73917e-05 0.0025545 0.00258082 0.00235647 0.00337218 0.00308323 -7.37803e-05 0.00745573 -0.00203387 0.00406106 0.00534399 0.000990085 0.000270017 -0.00133902 0.00225129 0.000366641 -0.00225452 -0.000809069 -0.000114816 0.00408512 0.00139351 0.00272524 -0.00339223 -0.0111629 -0.00194298 -0.00881712 -0.00048999 0.0152902 -0.00872933 0.0136096 0.000327673 -0.00335878 0.00991263 0.00613146 -0.00328232 -0.00290453 0.0163951 -0.00128657 -0.000643886 0.000939119 -0.000200808 -7.51486e-06 0.00279937 -0.00676245 0.00523266 0.00226696 -0.000831322 0.000517439 -0.00377993 -0.00261051 -0.00129571 -0.00256674 -0.00169963 -0.0041176 -0.00125842 -0.000578295 0.00293295 0.00463589 -0.00128462 0.00476167 0.0125309 -0.00227885 -0.000823426 -0.00261312 0.00352764 0.000856747 -0.0159898 0.00912212 -0.000119032 -0.00347637 -0.000109054 0.000179477 -0.00284302 -0.00627512 -0.00341673 -0.00316093 0.000199109 -0.0050056 -0.00839742 -0.00991723 -0.00184325 -0.0141434 -0.0105319 0.0195767 -0.00835884 0.0011748 -0.00264462 0.00395345 0.00822993 -0.000254487 -0.016763 -5.3795e-05
internal_weight=270433 149377 121056 87350.4 65284.1 62026.8 55771.5 47282.5 74851 43438.7 27640 27024.4 31412.3 43933.9 7749.87 18001.6 42904.6 35939.2 29337.6 20206.2 20970.5 18052.6 10441.8 239.478 42338.7 15798.7 38550.7 14453.1 14214.8 13358.6 3788.04 238.292 3686.68 3591.99 4365.04 24097.6 13214.8 11433.6 6557.13 6401.54 1513.85 312.003 1201.85 4887.7 3382.84 4876.48 36184 20927.6 21189.2 10202.3 1827.98 1573.82 26952.1 3752.73 9231.95 4401.59 17787.2 254.161 12499.4 615.654 17948 179.36 60.1175 143.73 20028.1 17764.7 76.4265 328.567 19122.2 15896.3 155.329 11837.6 8583.39 8374.33 6601.6 6477.27 1465.83 523.535 4643.06 1096.57 1235.82 1048.71 1004.52 2670.99 20875.6 5653.69 2105.47 1055.57 82.9627 8561.12 11979 3142.69 442.846 2908.38 94.6854 2611.28 15221.9 3013.81 2147.26 3526.88 91.3242 512.105 15277 975.077 534.982 4830.36 940.093 480.832 17688.2 16091.2 3127.84 996.702 496.406 461.341 159.084 302.256 229.537 145.087 187.107 1504.86 1245.26 1368.46 420.736 154.218 163.997 6965.43
internal_count=2080142 1152155 927987 673156 494898 478999 433089 360634 576608 335221 213491 209830 241387 340745 59926 134264 328858 275883 225583 155205 162378 138455 79009 1071 321949 121730 294968 103729 102916 98913 26981 813 26350 25936 34813 191239 98361 86917 49768 49019 10507 2112 8395 38512 26656 37149 280819 162281 168379 77938 12969 11451 208498 29976 72321 34473 136467 1518 96548 3661 139695 674 397 552 153365 136418 414 2219 150141 124475 486 92344 66767 64969 50300 49443 10650 3322 35351 8430 9156 8033 6965 21359 161992 43594 14652 6901 327 66684 89205 24313 3297 22860 414 20881 118398 23474 16899 27321 316 4106 118336 6846 3882 37848 6572 3277 136004 125138 24198 6535 2787 2566 931 1635 1387 557 1123 11856 9232 10048 2835 1020 820 52975
is_linear=0
shrinkage=0.02


Tree=35
num_leaves=127
num_cat=0
split_feature=10 10 2 10 29 6 8 8 20 15 27 17 5 12 15 46 40 38 2 48 38 33 47 32 40 55 45 38 45 57 31 46 44 57 38 44 48 45 48 26 46 20 14 55 16 47 26 29 57 16 40 46 15 55 34 45 29 38 6 13 47 35 29 15 26 33 38 55 29 47 46 19 29 13 52 20 5 45 57 21 16 38 19 35 27 0 38 20 29 46 48 29 47 15 29 27 19 15 52 38 47 27 40 47 54 47 47 2 12 57 47 55 6 52 52 54 6 20 38 55 6 14 40 35 29 40
split_gain=878.605 283.141 150.353 128.795 94.1407 82.175 77.0833 70.0593 66.1111 64.0861 62.3395 61.4609 62.9313 60.5609 59.0101 55.4347 49.3754 60.0181 49.0942 47.8425 46.8848 87.3953 55.6973 46.8429 45.9001 49.023 45.8374 44.1553 44.9243 50.0495 43.6604 62.0778 44.5589 42.3697 42.3364 42.181 41.8254 40.849 41.9969 68.6536 46.2285 43.8435 40.7362 39.5147 39.3437 38.4518 38.0731 82.0766 40.6704 38.0043 61.1116 79.776 63.3636 49.3362 41.6216 53.1218 45.2715 53.0469 47.2197 46.7823 39.7979 37.8055 37.6352 37.3481 37.2788 37.2041 41.4829 36.9963 59.5844 48.6023 48.7723 59.3108 45.215 44.2979 43.0199 38.9427 37.0567 39.2243 38.0274 35.956 35.9468 35.8704 36.0123 35.5199 40.0034 38.3426 35.075 35.0119 34.9617 49.965 37.911 34.8744 34.364 33.8926 46.2941 70.8459 33.7496 39.1081 35.1809 33.6132 36.145 42.1109 38.5888 36.5409 33.5442 33.33 33.3178 33.294 33.645 33.0273 32.7822 32.6694 32.4079 31.7577 31.0578 30.985 45.5686 47.5083 30.4882 32.8223 30.4151 30.1682 30.1553 30.0906 29.9921 29.738
threshold=-0.60228100419044484 1.2293046712875368 0.000825124268885702 -1.6650545597076414 5.5065631866455087 2.4612660408020024 -0.98410275578498829 0.84333458542823803 0.89025038480758678 1.2437462806701662 -0.87837970256805409 2.9665052890777592 0.078358698636293425 0.92238047719001781 8.7330217361450213 -0.013879489619284867 -0.3415063470602035 -0.0054773634765297166 0.025675381533801559 -0.0076211253181099883 1.5140788378425751e-17 0.029314755462110046 -0.091461442410945878 0.0050390453543514022 0.46650633215904241 0.13434259593486789 -0.047965487465262406 -0.18789444863796231 -0.03212266415357589 -0.03043224103748798 0.12999999895691874 -0.045773355290293687 -0.022534041665494439 -0.070052985101938234 -0.12578463554382321 4.0147926483768977e-05 0.014289398211985828 0.00097111990908160817 0.057856995612382896 0.60355338454246532 0.026764605194330219 1.0281977057456972 -0.387313961982727 0.060026926919817931 -0.90455412864685047 0.0076673973817378291 0.78656607866287243 4.3172717094421396 -0.054696749895811074 -1.7228513956069944 0.34150634706020361 -0.065853759646415697 8.7330217361450213 0.20717659592628482 0.070833336561918273 -0.0034847627393901344 0.17305612564086917 0.049542371183633811 -0.65456542372703541 0.32178233563899999 -0.0058281712699681512 0.32500000298023229 -0.39507746696472162 0.96045136451721203 0.78656607866287243 -0.0086921025067567808 0.087113134562969222 0.19532658904790881 -11.102008819580076 -0.063357133418321596 0.014879326801747085 1.2424235343933108 -11.102008819580076 0.23131399601697925 -1.6592805981636045 0.55661350488662731 0.29290214180946356 -0.0046784072183072558 -0.078568164259195314 0.46126505732536321 -3.1497329473495479 -0.30078926682472223 1.1572025418281557 0.12500000372529033 -0.60785761475563038 -0.00044382527994457627 -0.044039530679583543 1.228960454463959 -3.52599024772644 -0.033857321366667741 -0.013523500878363846 -7.5872063636779776 0.050663504749536521 5.4615795612335214 -6.1939508914947501 -0.87837970256805409 2.9915102720260625 4.2332231998443612 0.44417455792427069 -0.049505541101098054 0.026963259093463424 -0.60785761475563038 0.34150634706020361 -0.0063453710172325364 0.18339820951223376 0.0053366399370133885 -0.016085216775536534 0.0046907155774533757 0.62473487854003917 -0.050591444596648209 -0.063357133418321596 0.11847622692584993 0.82509717345237743 -1.4501355290412901 0.28351029753685003 0.37009254097938543 -0.45782895386219019 0.67419764399528515 0.062950223684310927 0.19532658904790881 0.25252224504947668 -0.72779357433319081 -0.4665063321590423 0.12500000372529033 -11.102008819580076 0.46650633215904241
decision_type=2 2 2 2 2 2 2 2 2 2 2 2 2 2 2 2 2 2 2 2 2 2 2 2 2 2 2 2 2 2 2 2 2 2 2 2 2 2 2 2 2 2 2 2 2 2 2 2 2 2 2 2 2 2 2 2 2 2 2 2 2 2 2 2 2 2 2 2 2 2 2 2 2 2 2 2 2 2 2 2 2 2 2 2 2 2 2 2 2 2 2 2 2 2 2 2 2 2 2 2 2 2 2 2 2 2 2 2 2 2 2 2 2 2 2 2 2 2 2 2 2 2 2 2 2 2
left_child=3 2 4 11 16 10 18 8 67 -7 19 12 87 43 -15 -8 17 93 64 91 21 27 -23 99 88 -26 -13 28 29 -14 31 -29 -32 -24 123 -21 -22 -11 40 104 44 -42 118 63 -39 -45 48 107 113 50 51 80 -52 60 56 -56 81 58 -58 -60 -51 -37 -46 -12 -4 -9 -67 68 -5 70 71 -69 73 75 -75 -73 77 110 -78 -35 -18 -55 -83 85 -85 -62 96 -1 90 -90 111 -3 -64 94 95 -2 98 -98 -47 -10 101 102 103 -101 -40 -20 -79 108 -48 -97 -70 -25 -112 -17 -84 116 -111 -118 119 -19 -119 -49 -95 -6 -81 -86
right_child=1 5 6 7 34 9 15 65 23 37 13 26 20 14 -16 46 49 42 105 35 36 22 33 24 25 -27 -28 30 -30 -31 32 -33 -34 79 -36 61 -38 38 39 -41 41 -43 -44 45 62 86 47 121 -50 53 52 -53 -54 54 55 -57 57 -59 59 -61 83 -63 92 -65 -66 66 -68 69 76 -71 -72 72 -74 74 -76 -77 78 106 -80 124 -82 82 114 84 125 -87 -88 -89 89 -91 -92 -93 -94 122 -96 109 97 -99 -100 100 -102 -103 -104 -105 -106 -107 -108 -109 -110 115 112 -113 -114 -115 -116 -117 117 120 -120 -121 -122 -123 -124 -125 -126 -127
leaf_value=0.0029105113157043561 0.025558871739836873 0.02069256750657027 0.00055236173280472892 -0.018309376403656263 -0.00414754630110554 -0.0030115637538123689 0.0080256298790067921 0.0073059498006229863 0.0036624695249187354 0.0099017348299482253 -0.0016577063886163968 0.023769389035973081 0.012617074306894425 -0.0029771539680333334 -0.013780223704905416 0.0071018998691564084 -0.033081863057962319 0.002198335244231419 -0.0018382324978688173 3.0244176939035764e-05 -0.00039228168021049136 0.021100332422858657 0.009461586963249535 -0.0026930406651678781 0.00083671652235938127 -0.012184386783864017 -0.0039665324422067001 0.019485109936044475 -0.0082148913367429827 -0.021238668479738938 -0.0065280176239183793 0.0031682265830480657 0.0011880402055619698 -0.024110824423313422 0.010731374222595158 -0.00567317151378179 0.0040355364077167147 0.010151503558811694 -0.0095292303846077741 -0.018617536548733264 -0.0019055581366433302 0.011041706953692665 -0.0024061145470230211 -0.0001384667192021468 -0.0087792500134815342 0.0047443545010184872 -0.0031509107819082185 8.6454686634901724e-05 -0.0014610453752519001 0.00088960851581378498 0.0054428467302315223 0.0045323832963620123 0.027370376835914138 -0.013552382396167713 -0.013374204550274483 0.016457200082083279 -0.018401407591984435 0.0072678537119564325 -0.026752624019922847 0.00017517854971414349 0.00055348109492678538 0.019604237002976095 0.0011646728263658109 -0.0042407639707012093 -0.0020796467515338097 -0.00087015701547603287 -0.0066624530724347687 -0.016202146175404841 0.012009542998032238 -0.0029974992215079806 0.024259710627226844 0.02791362757691054 -7.985875545702267e-05 -0.014645418655153444 0.0098186742371588562 0.0052215562228229186 0.0026780774321124197 0.003099521874425794 -0.014878461535507316 -0.012785695447038782 -0.0053589578574373244 0.008265522274630897 -0.0024272029730663725 0.0040110263309130825 0.00063256070721014884 -0.0013008434894677232 -0.0028163090832544584 0.0051695244036352849 -0.0051220725015079871 0.0044202274268169009 -0.01137521449110594 -0.0012645089425845826 -0.02386297004284527 0.025530474258683898 0.0028601112123645385 0.0034632974115352284 0.0034186297532250217 -0.0055155588530697913 -0.0027947184037159616 0.0065134188278984095 0.0068467365339982171 -6.4416659126455308e-05 0.0052041640553029123 0.00056408080908114204 0.0060639704415541328 0.0058208396319273546 3.6501578636218857e-05 -0.0038638906659128605 0.00063395749633569519 -0.019672064051005588 0.0024622219580355802 0.0050872285172893997 0.00023193562559751084 -0.00011014015062818447 0.0055032189988969598 -0.030762791311673785 0.015803512502696081 0.0070094870132134572 -0.0012564054090872445 -0.021322923778668151 -0.021835259562771277 0.0080748893065559803 0.0039467267831037583 0.016354837715080072 0.0042985978578620474 -0.0058609075319705339
leaf_weight=11961.815315000713 26.90116786211729 28.541194349527359 9465.1624309048057 63.820548214018345 154.26735691726208 1596.4500868469477 249.47431372851133 198.95915488153696 2175.6779065728188 231.52275083959103 6479.3936341926455 91.316122241318226 92.699737057089806 12917.583383753896 204.61160730570555 250.61917436122894 34.492928996682167 3501.4392309933901 294.22187113761902 610.14009585231543 5363.1709089130163 101.07317464053631 687.66530606150627 406.60225898772478 747.23592892289162 135.79230240732431 31.702179037034512 94.949009940028191 328.82734922319651 20.503740280866623 328.05750162154436 3434.1881018206477 3315.2873082384467 18.520370230078697 506.78901118040085 4800.5423158928752 1013.7290575131774 169.9116569980979 83.995376035571098 106.70389490574598 144.68369344621897 373.18442671000957 1943.2562445774674 10114.769387684762 171.5438029691577 280.96036110073328 2126.9874779209495 399.13920549303293 30029.166770800948 15219.813515596092 156.28497752547264 303.09286389499903 79.190236873924732 76.923440299928188 237.99832952767611 25.648775994777679 171.31043376773596 78.529424056410789 29.542430892586708 165.91439857333899 6405.1798566803336 22.815746389329433 2207.4620971530676 3424.094908349216 2785.0152582526207 4668.7468494772911 552.34708428382874 69.579712390899658 124.20986604690552 2284.377650745213 38.000282444059849 71.712152354419231 609.66430376470089 42.227430760860443 84.853966489434242 52.960141539573669 83.552912384271622 1566.446023017168 118.32990852743387 42.499353289604187 40.768810980021954 198.66990263015032 1010.3893029168248 1418.4048050418496 2385.8872685059905 14680.793560765684 6185.74832059443 3566.4768339768052 225.87366184592247 6836.87972728163 102.58212312310934 1403.4417536109686 21.163019962608814 47.500175051391125 6571.3332093134522 76.436326541006565 1234.4454436153173 231.93291188031435 2029.772336229682 465.37231681495905 408.81714338809252 8414.6739606410265 1297.7478677779436 3613.0593350529671 156.30104820430279 989.09813176095486 15158.605961963534 6109.8843186423182 1680.8809919953346 83.013466730713844 7817.5955272614956 457.90084725618362 3910.9427158161998 8307.0612443760037 244.45140834897757 28.870532363653183 43.752013653516769 22.524011194705963 1646.3446679860353 22.892581097781658 38.510005198419094 358.81482515484095 56.7662463337183 34.106453418731689 750.33410926163197 318.91411950439215
leaf_count=95063 127 167 73919 313 1017 12594 1559 1414 16925 1554 51592 272 483 99566 1121 1944 85 27738 2009 4775 37403 336 4393 3026 5856 986 136 648 1898 96 2107 25879 24497 103 3722 37699 7654 1109 595 737 990 2560 15525 77205 1257 2089 16777 2922 232740 118310 944 1525 226 385 1410 130 1218 550 205 1106 50424 181 16590 26971 21871 36025 4065 293 923 14107 134 242 3362 137 345 227 515 11901 610 191 183 1398 6744 11223 18795 116021 47160 28491 1624 53391 714 10990 137 254 51656 540 9268 1573 15214 3664 3197 66705 10373 28842 997 7294 119073 47151 13306 563 60085 3240 29473 65007 1643 89 322 170 12137 181 238 2729 351 213 4933 2485
internal_value=-2.59442e-05 -0.000858445 -0.000317313 0.00153519 0.000416753 -0.00204519 -0.000993656 0.00101312 0.00121842 0.000331653 -0.00229555 0.00258457 0.00252844 -0.00201349 -0.00314672 -0.00135928 0.000328053 0.00135545 0.000343887 -0.00406573 0.00163059 0.0025429 0.00679068 0.00198321 0.00315002 -0.00117606 0.0166393 0.00164937 -0.00447822 0.00634399 0.00202772 0.0036129 0.000491389 0.00581174 0.0077273 -0.00492274 0.000311969 0.00178805 0.00123816 -0.00534842 0.00198012 0.00742583 6.17349e-05 -0.00151737 0.000879967 -0.00100726 -0.00140699 -0.00246411 -0.00111443 -6.86958e-06 0.0049301 -5.20465e-05 0.0129059 -7.80304e-05 -0.002967 -0.0104171 -0.00196756 -0.00757253 -0.0107639 -0.00400521 8.20352e-05 -0.00554936 0.00021925 -0.00255123 -4.60512e-05 -0.00116014 -0.00148428 0.000615795 0.00084387 -0.00140558 0.0023455 0.00142489 0.00286698 0.0099793 0.0016309 0.0184004 0.000887013 0.00094748 -0.00763005 0.00270924 -0.0183448 -0.000332203 0.000375591 -0.000405506 0.00129192 -0.000737518 -0.0018891 0.00342972 0.00362596 0.00411423 5.84403e-05 -0.000812045 0.000915966 0.00267071 0.00249809 -0.00491855 -0.000370011 0.00200206 -0.00187596 0.00134792 0.000992981 0.000818896 0.00220138 0.00124461 0.000592335 0.00406403 0.000323608 -0.00294902 -0.00148019 -0.00779655 0.00182762 0.00142789 0.00171869 0.000101759 -0.000878355 -0.011771 -0.00869864 8.90386e-05 0.000989687 0.00203926 -0.0112329 0.00387515 0.0139382 -0.000363399 0.00336659 -0.000134576
internal_weight=270412 176364 121132 94048 58086.9 55231.7 63045.5 62805.1 57385.1 5262.92 49968.8 31242.8 31119.8 43103.3 13122.2 49512 57391.7 14109.5 13533.5 6865.48 15591.5 9214.61 1600.09 25288.2 8912.87 883.028 123.018 7614.51 442.031 113.203 7172.48 3529.14 3643.34 1499.02 695.163 5433.5 6376.9 3666.47 3434.95 347 3087.95 517.868 7113.93 29981.1 2570.08 20077.6 49262.6 10675.7 38586.8 43282.2 613.83 378.355 235.475 42668.4 2239.38 263.647 1975.73 445.297 366.767 195.457 40429 4823.36 2400.17 9903.49 12250.2 5420.05 5221.09 32096.9 28843.5 3253.38 968.998 930.998 861.418 251.754 127.081 124.672 28779.7 28577.8 201.883 811.354 75.2617 1530.43 1453.51 25209.2 4123.21 21086 9962.86 15528.3 8029.84 7062.75 967.085 1431.98 2228.63 6995.61 6891.34 320.008 3777.11 1466.38 2310.73 16375.3 14199.7 13790.9 5376.18 4078.43 240.296 1283.32 16725.1 9917.75 3807.87 293.106 11852.7 864.503 11728.5 8557.68 1254.84 216.67 187.799 104.786 5170.68 3524.33 61.034 757.954 104.266 188.374 792.833 2704.8
internal_count=2080142 1363772 939081 716370 449853 424691 489228 481787 440283 39120 385571 234583 234175 331759 100687 384135 444901 109891 105093 53812 110621 65564 9956 198543 68837 6842 408 55608 2477 579 53131 26527 26604 9620 4952 42655 45057 26526 24972 2329 22643 3550 55581 231072 19093 152509 382576 82885 299691 335010 2963 1793 1170 332047 14789 1540 13249 3079 2529 1311 317258 37880 17984 78563 95790 41504 40090 241740 222893 18847 4740 4606 4313 951 482 469 222580 221455 1125 5227 268 10170 9785 198948 32503 166445 75304 123554 61995 55015 6980 11157 16727 54310 53705 2049 28144 10841 17303 129706 112781 109584 42879 32506 1592 9303 130974 77234 30083 1922 90481 6266 89558 66951 8387 1382 1293 730 40056 27919 408 5651 605 1230 5124 21280
is_linear=0
shrinkage=0.02


Tree=36
num_leaves=127
num_cat=0
split_feature=10 10 14 12 47 27 4 47 40 26 14 39 27 37 1 47 55 4 51 20 27 20 48 40 14 38 48 39 39 48 46 38 6 26 34 15 18 39 14 15 25 55 38 13 48 55 48 39 39 2 14 38 15 27 38 39 14 55 39 43 21 55 27 25 55 55 14 40 27 46 44 39 48 38 48 39 55 4 55 48 4 34 56 24 55 14 15 38 52 46 16 55 6 39 26 51 39 49 20 18 15 14 49 38 35 7 27 55 44 25 47 27 28 40 26 4 26 39 51 2 18 48 26 6 27 25
split_gain=816.58 228.245 170.528 89.7397 77.4422 75.404 71.9036 69.65 67.0497 67.8384 68.8235 59.6555 62.3398 59.5839 60.9958 67.7205 56.0965 52.2147 48.7993 47.9458 47.521 50.0052 58.4598 44.5849 43.9195 43.6132 42.6842 57.7648 70.5961 44.7536 43.6264 41.4783 60.2042 39.7206 39.6297 39.5611 38.8296 38.2998 36.7076 43.4669 38.5889 52.7892 36.577 55.0591 36.5588 36.2461 36.0553 44.7803 71.02 64.6104 50.1861 46.8339 45.4163 63.1775 44.1891 73.7445 54.1167 41.4256 40.8287 40.038 51.4205 45.2261 44.5237 40.0951 38.8822 38.1818 37.6621 46.1813 36.8717 53.857 44.9236 45.4191 36.6176 35.741 35.5634 46.4846 35.7704 35.0858 50.5947 38.3767 34.5737 33.6367 33.5623 35.7263 39.7863 36.8477 45.2868 33.2505 53.4389 33.1702 37.3299 55.1822 39.9641 33.6541 33.6055 33.0318 32.9851 32.931 32.6812 32.5811 45.2772 35.6376 32.1891 32.1239 37.676 37.4718 35.4087 39.828 33.4572 33.2115 31.8058 45.7601 60.7324 31.7718 32.2926 31.4479 37.0366 61.4892 33.9859 31.8143 31.2689 31.2304 31.174 32.9054 36.1136 31.3031
threshold=0.065579991787672057 -1.3393839001655576 -0.37383139133453364 0.88954687118530285 -0.0040637287311255923 -0.60785761475563038 0.05338657088577748 -0.00067477655829861749 -1.0000000180025095e-35 0.12940952181816107 -1.3386249542236326 0.15520833432674411 -1.0000000180025095e-35 0.96813085675239574 0.016978508792817596 0.067559268325567259 0.1453463360667229 0.24550954252481463 1.3151564002037051 0.91995146870613109 1.0000000180025095e-35 0.36924536526203161 -0.12250675633549689 -0.3415063470602035 -0.15871226787567136 -0.041736213490366929 0.0066007738932967195 0.45520834624767309 0.059374999254941947 -0.0032711540115997191 -0.065853759646415697 -0.23981512337923047 1.6356582641601565 0.37940952181816107 0.17916666716337207 0.1277267932891846 1.3547970652580263 0.58437499403953563 -3.9570987224578853 8.7330217361450213 -0.37940952181816096 0.14914490282535556 0.0090861264616251009 0.54388129711151134 0.047933317720890052 0.24310465902090075 0.0024667220422998075 0.4760416597127915 0.29270832240581518 -0.0012152424897067247 -2.3918420076370235 -0.20755711197853086 5.0540745258331308 1.0000000180025095e-35 -0.11773394793272017 0.54687500000000011 -1.2462496757507322 0.31536227464675909 0.18854166567325595 -0.0058511223178356877 0.80246937274932872 0.25390139222145086 0.6078576147556306 -0.91597560048103321 0.12119448184967042 0.054192604497075088 -1.3712614774703977 -0.12500000000000003 1.0000000180025095e-35 -0.045773355290293687 -0.022534041665494439 0.39270834624767309 -0.086653765290975557 0.1087079979479313 -0.025983294472098347 0.21770833432674411 0.31536227464675909 0.069874882698059096 0.13031413406133655 0.042670872062444694 0.27726514637470251 0.029166667722165588 0.19283685833215716 -11045.611328124998 0.17831543087959292 -0.68180859088897694 1.8659770488739016 -0.30078926682472223 -0.62830615043640126 -0.065853759646415697 -3.9388328790664668 0.31536227464675909 -0.644690841436386 0.22604166716337207 1.0000000180025095e-35 -1.857242166996002 0.43020834028720861 1.1925677061080935 0.63982269167900097 -0.078751113265752778 4.0360629558563241 -0.42467415332794184 0.034645514562726028 0.24217850714921954 0.32500000298023229 -0.022694026120007035 -1.0000000180025095e-35 0.084296744316816344 0.0017308060778304937 0.98296290636062633 0.00489110709168017 0.87837970256805431 0.81174489855766307 -0.12500000000000003 0.91597560048103344 0.061851026490330703 -0.6035533845424651 0.61354166269302379 -0.66450652480125416 0.0097317681647837179 -1.0410322546958921 0.0031524866353720431 1.0000000180025095e-35 1.3463259339332583 -0.60785761475563038 -0.91597560048103321
decision_type=2 2 2 2 2 2 2 2 2 2 2 2 2 2 2 2 2 2 2 2 2 2 2 2 2 2 2 2 2 2 2 2 2 2 2 2 2 2 2 2 2 2 2 2 2 2 2 2 2 2 2 2 2 2 2 2 2 2 2 2 2 2 2 2 2 2 2 2 2 2 2 2 2 2 2 2 2 2 2 2 2 2 2 2 2 2 2 2 2 2 2 2 2 2 2 2 2 2 2 2 2 2 2 2 2 2 2 2 2 2 2 2 2 2 2 2 2 2 2 2 2 2 2 2 2 2
left_child=1 5 3 13 6 35 120 18 82 16 17 42 -13 14 19 20 -10 37 122 115 36 -22 -23 25 121 44 27 28 30 -29 -7 32 -30 102 46 -1 89 77 -17 40 -40 -42 43 -9 -15 -32 47 48 49 51 59 74 -53 -54 55 80 98 -51 -55 60 62 -62 72 -64 -57 -58 -52 -68 69 70 -50 -72 -49 -71 75 -8 -77 78 79 -11 -48 -19 83 96 85 -85 -87 88 -18 -16 -91 92 113 -93 -95 -28 -6 -5 -56 100 101 -33 -24 106 105 109 108 -108 -61 -105 -21 112 -112 114 -92 -2 118 119 -117 -118 -3 -12 -4 124 125 -124
right_child=2 4 7 97 8 26 34 11 9 10 24 12 -14 23 15 38 87 81 -20 110 21 22 33 -25 -26 -27 95 29 31 -31 45 99 -34 -35 -36 -37 -38 -39 39 -41 41 -43 -44 -45 -46 -47 54 50 68 57 66 52 53 58 56 64 65 -59 -60 103 61 -63 63 -65 -66 -67 67 -69 -70 73 71 -73 -74 -75 -76 76 -78 -79 -80 -81 -82 -83 -84 84 -86 86 -88 -89 -90 90 91 93 -94 94 -96 -97 -98 -99 -100 -101 -102 -103 -104 104 -106 -107 107 -109 -110 -111 111 -113 -114 -115 -116 116 117 -119 -120 -121 -122 -123 123 -125 -126 -127
leaf_value=0.0052669135281183457 -0.0016068558261546728 0.007510649227096493 -0.0011688892695963288 -0.00098876614431335302 0.010284495467995543 0.01969697246709828 0.020592622052669571 0.0067921546663599428 0.0007465503846343012 0.0056262958033098465 -0.00097028817809018694 -0.0028364258173473695 -0.0011165794131677009 0.0042244646980966688 0.029036215098916653 0.016619549358071167 0.021115328466386692 -0.0015743774805692732 -0.0022477114508273059 -0.00081532259944625441 0.023252730021469183 -0.022824626291465436 0.0043084004580350469 0.00015378772727693663 -0.010573049419852119 0.00093018319647525903 0.0045660133797093879 0.0032000218897950058 -0.0086539561231177356 6.2041440050504795e-05 0.003950910317504548 0.00024892975054825869 0.018172111747880245 -0.0032318450503135577 -0.02188415809217183 0.0028128318282314817 0.0084037097971637262 0.0072836340984903086 -0.011929241739235293 -0.019692077814039092 -0.026322160021562683 0.0039993121650664506 -0.0056615697342176806 -0.0032659318945823237 0.016885254949693264 -0.010478629394337228 0.00028580607118204777 0.018947809763076334 0.0049427169579945576 -0.0028823679680671072 0.0044921397231172666 0.0016467886286211078 -0.023839003331824357 -0.0095863181606214761 0.0012033475290698203 0.0058335954111712121 0.0083070964336714199 0.020898504982887745 0.024815336493480944 -0.0019600579220801118 0.0014086876915826183 -0.019428058984293287 -0.015904408654795716 0.0078853502507575477 -0.0155596208839848 -0.00065757745649724876 0.0045025721052663684 -0.00073928073144585466 -0.00034902397774638159 -0.0024713470626595594 -0.026950362264633758 -0.0047847891539691077 0.0050568710406670219 -0.013948339316083511 -0.01274506191537746 0.014537650137425653 -0.022727950914498939 -0.00056038276859225148 -0.0092293841726788558 0.023220024060591215 0.019548535754338254 -0.021509958366648447 -0.0034260767510256606 0.0017716138498218962 -0.0036391628652107598 -5.3696007634284971e-05 0.0089830485620160903 -0.0036002116272365811 -0.012339124338174721 -0.015854141220243416 -8.5709563083221301e-05 0.023362769881500815 0.0030326358567680056 -0.005246548081865217 0.016102119774911494 0.0020331818526895069 0.00034846126591072058 -0.0040432232610028065 0.0068391625195972161 -0.0014023494796586351 0.022379880821372093 0.0067819810961653381 -0.00071228153923691656 -0.026752213617422919 0.016988551136643198 -0.0010798637059974575 -0.0097357774635485391 0.0019402712908233549 -0.011133393197023587 -0.00012841065652470268 -0.0039626393254210204 0.0006011634299674329 0.00049772793633523461 -0.0071003596933814977 0.02318135898979545 0.0073912478327341118 -0.00051610411647136758 0.001542435038661884 0.0010962737207499838 -0.0033026776680218531 0.0024918678393111532 -0.0030766035713119507 -0.005041535882209576 -0.0048680782587999221 0.0001167162645296909 0.0041553676702739632
leaf_weight=3680.9062958359718 5368.3750439584255 528.28290800005198 5878.4621434882283 2361.6650392785668 308.57613211125135 67.255593478679657 125.4773356616497 224.38658148050308 13617.292719662189 398.65305283665657 5218.5307815521955 16015.261842109263 17809.632441848516 1603.4621617719531 17.575676321983337 26.47366689145565 53.143088676035404 72.393424935638905 6638.6037227883935 8764.0364134162664 35.21380802989006 44.759307973086834 930.93239951878786 14814.892020523548 249.70185984671116 2962.7900351062417 3095.2076214030385 7712.7993089407682 47.093638859689236 2379.4537631496787 1890.5441795065999 7281.2475732117891 110.24455969035625 1042.594126611948 30.03441746532917 9213.9457221105695 505.00407493114471 419.21567240357399 158.20836672186852 89.335591927170753 24.702771812677383 214.68723149597645 2772.7544770687819 6405.393490113318 95.969526149332523 71.319632723927498 145.56336792558432 154.87913644313812 40.198217868804932 1836.5519567281008 2527.2130954414606 6447.4542929530144 65.371897771954536 31.453439816832542 568.69578811526299 41.139481708407402 216.68439959734678 28.777448453009129 23.048473730683327 720.9023155644536 170.99537732452154 54.011789098381996 49.263999335467815 63.975450277328491 181.21176957339048 1494.9699545055628 1051.4421456754208 1859.9431343749166 2294.5486786514521 2370.1607137396932 97.757814563810825 60.115865558385849 150.36887560039759 112.86654336005449 20.522777259349823 19.578340731561184 19.660307228565216 1862.8310320675373 81.037355557084084 55.941957637667656 49.163490429520607 63.073657512664795 727.65636863559484 11213.637857094407 775.03049167245626 10592.897128142416 225.56417985260487 1721.5705902576447 28.653795041143894 44.024698413908482 208.83209627866745 73.770535163581371 2041.4955334886909 54.904200203716755 61.672581218183041 6170.2116993740201 235.66984277963638 3516.428212992847 1497.6879415437579 5120.7096608504653 37.194310151040554 349.08273409307003 1129.1787693351507 75.228904165327549 18.490041688084602 69.376415997743607 126.47562809288502 1400.8907633498311 203.43772598356009 24.964851796627045 6389.8915132656693 1596.3512589633465 1508.7348062321544 320.50680768489838 25.925282157957554 368.26648525893688 4022.8541183173656 3735.6953660324216 4860.6225818991661 2766.2126209512353 8173.7377404421568 6122.1888801679015 160.12391302734613 377.57802753895521 4005.1806898713112 1829.9875435829163
leaf_count=29030 42655 4227 46536 17873 2173 224 508 1775 107093 3166 41464 126632 138839 12116 29 113 253 473 52168 68410 139 225 6662 113707 1999 23176 23710 56940 174 18697 14078 54575 510 7643 140 70357 3618 3231 1042 442 172 1506 21735 49751 719 367 1031 692 192 13844 19321 47522 278 187 4164 306 1720 174 114 5097 1220 265 290 361 1147 11750 8260 14610 17060 17905 492 387 983 762 124 124 78 14253 647 413 278 305 5760 87708 5219 84427 1739 12412 192 127 1506 393 14730 330 386 47926 1656 26605 11451 37431 163 2799 7988 380 118 375 937 10018 1396 162 49858 12286 11695 2332 170 2692 30645 28311 36244 20627 65059 48582 1264 2939 31788 14510
internal_value=-3.18368e-06 0.00108529 -0.00111288 -0.000448926 0.000490497 0.00220973 0.00121988 -0.00188014 1.48203e-05 -0.000616655 -0.00159652 -0.00232286 -0.00193097 -0.00023771 -0.000627198 0.00108592 0.000307455 0.00112861 -0.000866903 -0.000933917 0.00163568 -0.000114638 -0.000383692 0.00069071 -0.00229098 0.00239624 0.00171982 0.00129092 0.000502592 0.00246036 0.00397018 -4.1113e-05 0.0101324 -5.23896e-05 0.000702496 0.00351379 0.00329658 0.00171351 -0.00590093 -0.00715892 -0.00429803 0.000769783 -0.00373219 -0.00292439 0.00494954 0.00342077 0.000728947 0.000409044 -0.000308544 0.000789805 0.00152747 0.00170006 0.00141918 -0.0107267 0.00242989 -0.00374047 0.00311215 -0.00250395 0.00512887 -0.000424791 0.00404421 -0.00365247 0.00818369 -0.00250408 -0.0115886 0.000480896 0.00270609 0.00115436 -0.00221088 -0.0038032 -0.0138159 -0.0185996 0.0121471 -0.00299884 0.0115915 0.0146883 -0.00421003 0.000736893 0.00524308 0.00783977 0.00522928 -0.0109533 0.00080067 0.000932565 0.000811522 0.000968288 0.00013544 -0.00300619 0.00937653 0.00238823 0.00221225 0.00250357 0.00173862 0.0128703 0.00607992 0.00287981 0.00599235 -0.00281657 0.00528993 -0.000167142 0.000657728 0.000548793 0.00155699 -0.0015157 -0.00946003 -0.0124326 -0.000902302 0.000967029 -0.00398995 -0.0201952 -0.00168447 -0.00248643 -0.00311057 -0.0030141 0.00256696 -0.000285003 0.000165455 -0.000517999 0.00154114 -0.00165196 0.00279749 -0.00210762 -0.000118482 0.000850308 0.00121137 0.00341272
internal_weight=270416 136513 133903 71786 89285.8 47227.2 35242.6 62117.4 54043.3 29964.2 14543.6 43227.4 33824.9 65908 46430.8 7049.8 15420.7 2953.15 18889.9 39381 6536.39 3182.68 3147.46 19477.1 11590.4 4662.22 34332.4 25066.9 14974.7 10092.3 2029.12 12945.6 157.338 3102.71 26540.6 12894.9 3353.71 2817.68 513.408 486.934 397.598 239.39 9402.53 6629.78 1699.43 1961.86 26510.5 22315.4 13593.5 8617.9 8721.86 6752.57 6567.33 119.874 4195.12 417.078 3778.04 1865.33 54.5019 3283.26 643.495 225.007 418.487 113.239 222.351 1711.65 5438.6 2911.39 4975.65 2681.1 198.072 157.874 305.248 2483.03 185.239 164.716 39.2386 2398.46 535.632 454.595 194.727 135.467 24079 23351.4 22807.1 22032.1 10818.5 1803.37 81.7969 2848.71 2831.13 2787.11 2596.76 190.347 116.577 9265.42 544.246 5878.09 2066.38 12788.2 7667.52 7630.33 2060.11 2639.77 188.06 169.57 2451.71 1527.37 924.34 100.194 18259 9494.98 7898.63 555.264 234.757 21122 15753.7 10524.8 5228.89 6789.07 8702.02 11340.7 12251.3 6372.87 5995.29 1990.11
internal_count=2080764 1045655 1035109 547172 688674 356981 265509 487937 423165 234483 114533 338732 265471 502694 352976 49553 119950 22488 149205 303423 46278 22657 22518 149718 92045 36011 257594 185958 110321 75637 14669 95652 684 22293 196223 99387 23621 21710 3275 3162 2720 1678 73261 51526 12835 14445 196083 164236 99751 62953 64485 48935 48101 579 31847 2762 29085 14018 301 22294 3811 1485 2326 651 1453 13470 42191 22870 36798 19738 1071 879 1675 18667 834 710 202 18479 4226 3579 1309 778 188682 182922 179093 173874 86166 12857 445 20003 19974 19847 18738 1109 716 71636 3829 44478 15615 94968 57537 57374 14650 18483 1035 917 17448 10955 6493 542 142249 73839 61553 4008 1676 161174 118519 79583 38936 51272 69286 90046 97037 50501 47562 15774
is_linear=0
shrinkage=0.02


Tree=37
num_leaves=127
num_cat=0
split_feature=10 10 53 16 27 47 27 4 11 51 29 26 25 46 24 18 26 29 29 38 34 39 39 6 39 29 17 19 34 55 27 39 39 4 29 16 21 47 18 29 14 29 18 2 19 4 17 26 54 34 33 19 46 13 18 39 29 19 48 33 16 6 17 38 20 47 14 48 8 39 24 34 39 39 18 39 14 39 29 38 4 34 14 29 16 48 21 16 54 21 54 27 16 34 53 19 33 25 39 32 2 19 39 17 2 53 48 48 31 44 34 46 25 4 18 15 39 16 19 39 38 29 44 16 38 1
split_gain=784.309 219.288 173.545 143.358 81.4294 74.3813 72.4657 69.0697 63.2385 57.7107 57.2409 65.1862 51.3742 61.3573 49.0222 51.4991 48.8659 48.3277 46.915 72.8838 94.6107 54.3897 52.9325 59.2735 51.9651 49.1711 53.7435 45.0304 44.9694 44.9433 43.9374 48.8028 42.9948 42.2336 49.8011 40.835 47.6249 46.0228 43.0177 48.083 39.2999 39.1713 64.8268 44.2986 41.7629 41.2099 41.15 38.2911 55.7422 38.1798 38.1391 39.8688 45.9741 39.5768 38.0078 37.9478 39.973 39.1349 45.3948 38.3442 37.5902 46.6647 37.2077 37.1417 36.7237 36.7042 36.6931 36.6834 36.646 36.5136 36.4361 44.4786 36.3867 36.0082 35.6208 35.7514 46.6776 45.874 57.3329 48.32 48.7715 103.808 48.0394 48.3953 44.1757 41.7929 50.6747 39.477 39.4021 54.7975 73.8042 45.8664 36.7831 36.7494 35.2269 34.8871 34.8866 34.8355 34.4392 33.9349 33.6079 35.5711 33.4369 33.7342 33.2545 32.913 32.5582 32.5415 34.1714 55.075 50.7934 49.7716 49.7872 47.6495 42.6118 69.9163 45.9786 48.5068 41.4032 33.6843 32.4153 32.3938 54.9589 38.4255 32.3409 44.3643
threshold=0.065579991787672057 -1.3393839001655576 0.21431446820497516 -0.46201050281524653 -1.0000000180025095e-35 -0.0040637287311255923 -0.60785761475563038 0.05338657088577748 0.64050328731536876 1.7724516391754153 3.572928905487061 0.78656607866287243 -0.6035533845424651 0.0045511077623814353 43.075330734252937 3.1157795190811162 0.37940952181816107 8.4523501396179217 2.1118044853210454 -0.23981512337923047 0.070833336561918273 0.4760416597127915 0.530208319425583 2.9224898815155034 0.034375000745058067 -0.34494996070861811 0.75468420982360851 2.9915102720260625 0.020833333954215053 0.17466532438993457 0.6078576147556306 0.85937500000000011 0.063541665673255934 0.048973949626088149 -0.35681426525115961 -0.90455412864685047 0.40625245869159704 -0.040148062631487839 0.815861076116562 4.5002102851867685 -0.7211238145828246 -8.7872056961059553 0.27893562614917761 -0.040810843929648392 2.1502330303192143 0.47378799319267279 2.9665052890777592 1.0000000180025095e-35 0.11066434532403947 0.17916666716337207 -0.0090973558835685236 8.7590279579162615 0.061052018776535995 0.78928503394126903 -1.0826300382614134 0.81354168057441723 0.4191815853118897 2.7216446399688725 0.0031524866353720431 -0.025335526093840596 -0.39756894111633295 -1.7360469102859495 2.1487176418304448 -0.17418100684881208 0.71236461400985729 -0.0056662498973309985 -1.4064878225326536 0.060406710952520377 -1.0313362479209898 0.45937500894069677 17638.997070312504 1.0000000180025095e-35 0.059374999254941947 0.52604165673255932 -0.40158104896545405 0.4760416597127915 -2.5753796100616451 0.29270832240581518 2.7000904083251958 -0.20755711197853086 0.47378799319267279 0.087500002235174193 -2.3918420076370235 -7.5872063636779776 -2.7364373207092281 -0.045624408870935433 0.8323025405406953 -3.9388328790664668 0.19244474172592166 0.67338648438453685 0.2577687948942185 1.0000000180025095e-35 -0.77965557575225819 0.020833333954215053 0.29373988509178167 1.1295440196990969 0.06234401464462281 0.37940952181816107 0.53437501192092907 0.0039948346093297013 0.03954890929162503 9.5613522529602069 0.94270834326744091 1.6572892665863039 0.06114312261343003 3.0659930706024174 -0.024596503935754296 0.0027998413424938921 0.12999999895691874 -0.011632639449089764 0.11250000074505807 -0.045773355290293687 0.60355338454246532 0.25875037908554083 -0.084228426218032823 2.2395193576812749 0.40104167163372045 -3.9388328790664668 7.7228174209594735 0.23437500000000003 0.19358208030462268 -6.7438991069793692 -0.02012723125517368 -2.7364373207092281 0.10492047667503358 -0.022044007666409012
decision_type=2 2 2 2 2 2 2 2 2 2 2 2 2 2 2 2 2 2 2 2 2 2 2 2 2 2 2 2 2 2 2 2 2 2 2 2 2 2 2 2 2 2 2 2 2 2 2 2 2 2 2 2 2 2 2 2 2 2 2 2 2 2 2 2 2 2 2 2 2 2 2 2 2 2 2 2 2 2 2 2 2 2 2 2 2 2 2 2 2 2 2 2 2 2 2 2 2 2 2 2 2 2 2 2 2 2 2 2 2 2 2 2 2 2 2 2 2 2 2 2 2 2 2 2 2 2
left_child=1 6 9 50 14 7 27 -3 10 35 11 29 13 -12 -5 102 55 28 19 20 30 24 62 96 -21 26 94 124 32 40 31 -8 66 34 -26 36 73 72 47 65 -7 42 -38 44 -43 -45 -44 48 -39 74 51 52 64 -54 -28 -6 59 -58 -59 -57 -13 67 -20 69 95 -40 -18 -62 -29 -50 71 -19 -37 -2 -9 77 84 79 88 87 82 -82 -81 -84 85 86 -77 -76 -79 91 93 -90 -85 -91 98 -4 -24 -42 121 -63 101 -31 -16 -104 -55 -60 -89 108 111 110 114 112 -35 -112 115 -110 117 -116 -115 -114 -92 -23 -123 -124 125 -1
right_child=2 5 3 4 16 8 18 49 -10 -11 12 60 -14 -15 15 -17 17 70 22 21 -22 25 23 -25 33 -27 54 68 -30 100 -32 -33 -34 107 -36 37 41 38 39 -41 97 43 46 45 -46 -47 -48 -49 63 -51 -52 -53 53 104 -56 56 57 58 105 -61 61 99 -64 -65 -66 -67 -68 -69 -70 -71 -72 -73 -74 -75 75 76 -78 78 -80 80 81 -83 83 92 -86 -87 -88 106 89 90 120 -93 -94 -95 -96 -97 -98 -99 -100 -101 -102 -103 103 -105 -106 -107 -108 -109 109 -111 113 -113 119 118 116 -117 -118 -119 -120 -121 -122 122 123 -125 -126 -127
leaf_value=0.011255062680360533 0.022956898912912634 0.0027418695096416658 -0.01566575772082331 -0.0016680118568261268 -0.0011847447943850416 0.001655792316199177 0.01448778337537078 0.0020910571436931744 -0.0010968846643029247 -0.0025258186483912144 0.0048608304365319113 -0.002700445141790834 0.0057856919239024978 -0.0036023679998238994 -0.0036492366421466459 0.005597125122492142 0.016149482652951196 0.017268030988425172 0.0068777769985498716 0.0043042694136752446 0.020974758203830095 0.023461439885971175 0.0011429784043006251 -0.022646987531266986 0.0052243673498006309 0.00072451158107413136 -0.012202118576353432 0.0058280706716365887 0.00073081163300406469 -0.0046871622999098963 -0.0036488863583450095 -0.010717913451259949 -0.0024359962851415195 0.013839381899982323 0.0003838520835402722 0.0057555590921329241 -0.013872075668633518 -0.00083337855308617925 -1.7392931785690004e-05 0.013575291506320102 0.0011069508967284131 0.0048169110040525561 -0.0095522064856022951 0.0030984155467066276 0.027363152744652296 -0.01359338760160979 0.012554003488418683 0.00098994584430803483 -0.018378177803202823 -0.021502687273869395 -0.00089024628018488606 0.0071974655398769852 0.0028343806426243479 -0.002845033030261645 0.00046046547076795832 0.019341182025434455 -0.0030168902255874679 0.010314295527347231 -0.0022613176903043836 0.0030836110010046148 -0.0083040382229814785 -0.00014655801809127314 -0.017822358917939249 0.0029725358574721364 0.00020452977605307592 -0.0036774766709017038 -0.0063714144668268555 0.021265787413501946 0.0026994883028171168 0.00011633041417535514 -0.003575348861962209 -0.01398632981449196 -0.0038341379842258246 -0.0040306475141221364 -0.0057815858863827811 0.015648854799370733 0.0024106874215319217 -0.0015561775275636123 0.0093491182627527779 0.0030611933521502862 -0.022018887333271186 0.01451967798098963 -0.016716878458086365 -0.0029861301739397385 -0.0016607597111650177 -0.0080338919596710731 -0.013044472384332848 0.022257481971825727 -0.020318008095490208 0.0039165705951351741 0.0044312579473860013 -0.0050113929727726193 0.00077967516379341413 -0.014466457883939339 -0.0016851729855007329 0.0039369244419083576 0.026182183769078996 -0.00083748992716221513 0.0035563887259597235 0.0050862852677010231 0.012427549683714172 0.018766707945157418 -0.00062896196174299247 0.014551120207857732 -0.020176420778277443 0.011479231825304064 -0.0065335861982802638 0.001515150309960023 -0.0040166259995771322 -0.00024562279920280601 -0.0029915648170640075 7.5019122427200113e-05 0.0095479515701899827 0.025001190444848241 -0.021949875504844157 0.020225626561763292 0.0060343149519969178 -0.008131834367382431 -0.0058699343392193525 -0.017170992300040735 0.028511132072786733 -0.0083596726543730682 -0.022224339340055858 0.0087039063521911868 -0.0042621712951095535 0.0022498928493260473
leaf_weight=226.26014158129692 76.476006157696247 8701.071229711175 36.127512514591217 10073.296542182565 20879.057362921536 12518.55783418566 161.17286252975464 5856.357435926795 14849.563566483557 3649.7245341986418 648.45504177361727 4123.5731442496181 1459.0434295758605 724.31661479175091 19262.792869843543 251.72453491389751 28.534752413630486 124.83991362899542 1593.8230175450444 1464.7548178732395 170.86965434253216 47.738566271960735 996.25251092761755 40.612766049802303 1428.4172323420644 4381.3010931238532 133.13211780041456 3950.9108043238521 1554.4864622727036 1012.5558026507497 192.22247889637947 37.088184863328934 11289.901353187859 204.69573027640581 2099.7484200298786 172.33563868701458 146.96411421895027 14237.76679341495 2013.3166926428676 79.617467127740383 7348.4542398005724 78.913984708487988 50.762256249785423 1383.2263732105494 56.146256133913994 60.808821991086006 95.664157330989838 17939.179845832288 63.914730504155159 29.974242828786373 9459.0266980901361 390.22467608749866 99.521157629787922 77.669265598058701 322.7890623062849 59.959373883903027 1158.0546052530408 225.62933790683746 483.37260352820158 1244.2063386589289 338.779137596488 2939.2221244201064 23.823009237647057 2472.8233540654182 5964.6301565244794 2405.7580784633756 1555.3720073774457 16.695476345717907 2418.5548641383648 124.4305492863059 85.942703060805798 20.487626500427723 1824.0022945925593 26.113643020391464 37.997905798256397 167.43038000911474 5478.2291751280427 3747.4424633830786 172.49977947771549 2212.1093527376652 102.25307194143534 43.661344885826111 71.070877276360989 1409.9776704609394 2396.0466017574072 55.654871426522732 28.015751071274281 95.211812674999237 161.332384288311 59.623076044023037 142.08743531256914 153.36437710374594 3918.3955259248614 155.5752948820591 434.37050061672926 1689.3255225867033 21.776197336614132 7391.2914873808622 5524.2544596865773 595.18902215361595 50.735261775553226 25.559673793613911 676.04719506949186 63.096795164048672 103.66577475517988 80.452687300741673 18.248298287391663 3697.4159662276506 1083.3620752617717 3705.2602385729551 120.82140117883682 4508.1683607771993 33.378878615796566 61.418523751199245 126.34943778067827 48.776917941868305 70.813947282731533 520.3406725898385 23.558964014053345 40.958800368010998 25.708385854959488 87.39225797355175 15.412734672427176 905.25741289556026 288.27465103566647 6006.8355716317892
leaf_count=1306 318 69286 234 79909 161746 97778 827 44715 116334 28301 4940 31996 10988 5505 151161 1940 203 840 12045 10900 728 231 7531 222 11378 34427 885 30423 12182 6881 1030 178 88258 1207 16773 1289 602 112257 15679 563 58529 462 275 9485 200 234 383 140690 383 140 71267 2671 633 555 1965 412 9024 1717 3814 9836 2698 23406 78 18521 44456 18966 12141 112 18822 891 580 163 13231 130 118 647 42331 28694 1230 15021 260 174 458 10376 16429 317 118 433 793 407 909 805 30622 1013 3417 11586 112 58851 42083 4716 354 77 5338 431 549 603 110 28513 7491 27961 857 33794 193 298 423 214 490 3328 118 200 103 579 94 7024 1831 47005
internal_value=-3.11254e-06 0.0010637 -0.00109068 -0.00161986 -0.00203224 0.000480704 0.00216598 0.00119557 1.4527e-05 -0.000110934 0.000435671 0.000222296 0.00317401 0.000395287 -0.00280866 -0.0033758 -0.00142513 -0.00233589 0.00168571 0.00147057 0.00860701 0.00134141 0.00422823 0.000749088 0.000684698 0.00240718 0.00339369 0.00344462 -0.00248149 0.000672565 0.00315276 0.00973747 -0.00286947 0.000386119 0.0023448 9.26067e-05 0.0029013 -4.16475e-05 0.000108705 -0.00173155 0.000831801 0.00216915 -0.00452967 0.00341648 0.0143292 0.00238591 0.00487076 0.00034641 -0.000336698 0.000688466 -2.03358e-05 0.000963668 0.000657496 -0.00727563 -0.00325352 -0.000871728 0.0011376 -0.000676684 0.00275438 0.00384607 -0.00137027 3.98993e-05 0.00650262 0.00231958 0.000948267 -0.00201056 -0.00595513 -0.00685668 0.00464088 -0.00621839 0.0067147 0.0127896 -0.00300333 0.0161051 0.000714407 0.000323893 0.00135705 -0.000346239 -0.00193004 0.000578463 0.000359143 -0.0110544 0.000579496 -0.000437428 -0.000823153 0.00714035 0.0114853 0.0117291 -0.00236997 -0.00673111 -0.00163834 -0.0129011 -0.000217006 -0.00937405 0.00382629 0.00351707 0.00170473 0.000131846 0.00419047 0.000735551 -0.00330992 -0.00409123 -0.00348905 0.000683439 -0.0128149 -0.000282045 0.0176015 -9.90512e-05 -0.000665071 -0.00170271 -0.00432746 0.000583465 0.00876494 0.00507711 -0.00537657 -0.00295437 -0.00918772 -0.0108628 0.0164622 -0.00519297 0.00827357 0.00750072 0.00672138 0.00816151 0.00227553 0.00257869
internal_weight=270395 136500 133895 86937.4 69117.3 89281.3 47218.4 35239.3 54042 46957.9 39192.4 36360.6 2831.82 1372.77 30327 20253.7 38790.3 14659.6 34327.5 31651.2 561.353 31089.9 2676.29 1058.64 19238.2 11851.6 7470.35 12890.8 14428.3 28347.2 390.484 198.261 12873.8 17773.5 3528.17 43308.2 1975.08 41333.1 39336.8 4498.69 27258.3 1872.49 293.391 1579.1 135.06 1444.04 146.426 34838.1 16898.9 26538.3 17820.2 8361.16 7970.94 280.856 455.921 24130.7 3251.67 1947.51 789.455 1304.17 8013.46 3889.89 1617.65 2661.17 7690.08 4419.07 1583.91 355.475 6369.47 188.345 231.27 145.328 1996.34 102.59 26508.3 20651.9 8125.38 12526.6 4617.63 7908.93 7757.47 145.914 7611.55 5399.44 2647.15 251.101 195.446 151.458 4445.13 697.691 382.994 314.697 5328.37 215.198 7014.43 1725.45 1018.03 14739.7 6580.06 3534.41 1088.85 1038.12 20001.9 739.144 181.335 563.825 113.46 14245.3 10547.9 5760.7 2055.44 4787.2 279.033 205.799 1849.64 1132.14 717.504 646.69 84.9775 74.3377 167.796 1055.8 1008.06 920.67 6521.37 6233.1
internal_count=2080764 1045655 1035109 672249 540298 688674 356981 265509 423165 362860 306831 285398 21433 10445 238779 158870 301519 114367 257594 237606 2763 234843 19988 7865 144138 90705 56278 99387 112784 222470 2035 1005 100602 133238 28151 334559 12089 322470 307950 35208 215158 11641 1260 10381 662 9719 658 272742 132052 196223 131951 60684 58013 1737 2850 187152 25406 15158 6134 10248 62928 30932 12123 19795 56276 34645 12344 2810 49245 1274 1583 1003 14520 448 196083 151368 59842 91526 33954 57572 56911 434 56477 41456 17511 1082 765 661 32724 4030 2432 1598 40998 1420 53428 11820 7643 117380 50011 28122 7312 6958 156930 5769 1104 4417 543 105087 76574 41180 13219 35394 1600 1273 11946 7705 4241 3751 416 393 1012 7928 7697 7118 50142 48311
is_linear=0
shrinkage=0.02


Tree=38
num_leaves=127
num_cat=0
split_feature=10 10 51 32 29 39 17 15 54 32 34 38 32 29 49 29 0 4 29 32 26 31 9 40 26 39 49 38 52 21 39 1 52 39 39 21 52 19 5 48 27 34 16 11 45 40 39 38 0 39 14 19 19 46 23 38 48 1 39 33 55 55 35 44 21 4 29 23 46 14 38 48 52 14 39 4 27 55 29 52 33 40 38 14 32 54 33 37 55 23 27 29 48 54 29 45 34 5 39 39 39 15 29 27 57 48 46 38 39 39 14 55 48 29 40 15 54 29 5 38 34 9 22 16 55 21
split_gain=762.33 272.672 142.665 121.12 101.693 84.1722 75.2082 70.9751 67.0494 77.0531 92.4076 65.4388 63.031 60.5973 71.2189 60.4355 59.6007 59.2836 73.7631 88.2265 52.9921 49.6179 49.5178 49.1715 48.5388 47.9289 45.7197 44.8302 43.7536 42.2795 41.6226 41.6109 49.3189 41.2452 49.2484 41.211 45.9739 40.9918 67.9102 40.718 40.5656 40.394 41.9819 40.3524 41.2782 40.2624 40.1201 40.0397 39.6297 39.2069 40.2135 39.0692 53.3644 43.3274 51.2508 59.7804 38.9586 37.9537 39.4672 37.9363 37.5263 37.5035 37.4341 37.2828 39.7587 37.1279 36.9759 36.9435 36.6018 36.2915 36.2361 36.0589 35.9994 35.858 54.4525 40.0206 39.8891 36.1907 35.8281 35.7042 41.1296 35.6503 35.6039 38.2671 35.4338 37.4599 53.2424 48.0382 36.2506 34.9129 34.8706 41.488 45.6118 43.1853 38.2559 34.5427 44.2457 42.5658 44.6054 40.3137 34.4453 34.3724 39.4184 63.9726 37.495 34.2932 34.2665 44.1365 35.2542 34.1321 51.0569 55.9569 39.5055 38.3419 35.4114 34.0998 34.0705 33.9957 33.6451 44.2887 49.1317 36.5822 33.5244 33.4814 41.5537 33.3935
threshold=-0.58524423837661732 1.1955745220184328 -1.5012531876564024 0.00013608667359221729 5.5065631866455087 0.655208319425583 0.94925761222839367 8.7330217361450213 0.078318905085325255 0.081870529800653472 0.029166667722165588 0.020152709446847442 0.049569150432944305 2.9492139816284184 -0.13621347397565839 0.49850344657897955 0.013118273112922909 0.12224093079566957 -5.3529233932495108 0.0064526516944170007 0.78656607866287243 0.12999999895691874 1.9484479427337649 -0.3415063470602035 0.78656607866287243 0.94687500596046459 0.93740475177764904 -0.14083460718393323 0.23484013229608539 0.83822590112686168 0.54687500000000011 0.015007978305220606 -0.48099674284458155 0.46770833432674414 0.92187500000000011 1.151724696159363 -2.4636052846908565 3.5079098939895634 0.17229292541742328 -0.030685300938785073 -0.87837970256805409 0.095833335071802153 -1.2485057115554807 0.82357996702194225 -0.0053947151172906152 0.46650633215904241 0.43020834028720861 -0.12578463554382321 -0.00024533303803764278 0.076041668653488173 -1.5006303787231443 3.3062925338745122 2.8404917716979985 -0.027873160317540165 -0.02114000357687473 -0.30078926682472223 0.092069741338491454 0.0026181609136983757 0.81354168057441723 0.033202571794390685 0.11847622692584993 0.063533887267112746 1.0000000180025095e-35 -0.033500030636787408 0.40625245869159704 0.051891727373003967 -1.0371774435043333 0.046455709263682372 0.026764605194330219 -7.3473365306854239 -0.042507160454988473 0.0233808932825923 2.7196593284606938 -2.7968764305114742 0.25937499105930334 0.18395568430423739 0.6078576147556306 0.25390139222145086 3.0410528182983403 -0.34846292436122889 0.026556543074548248 0.46650633215904241 -0.0054773634765297166 -0.40099918842315668 0.066184654831886305 0.21563432365655902 0.017927890643477443 0.78115358948707592 0.25390139222145086 -0.083601072430610643 -0.87837970256805409 -0.33213794231414789 0.0066007738932967195 0.021610095165669922 3.0410528182983403 -0.047965487465262406 0.070833336561918273 0.087846845388412489 0.43854166567325598 0.32604165375232702 0.54687500000000011 5.4615795612335214 -6.1939508914947501 -0.87837970256805409 -0.050591444596648209 -0.12250675633549689 -0.040776468813419335 -0.18789444863796231 0.78854167461395275 0.50520834326744091 -1.3553082942962644 0.15129722654819491 0.0088895927183330076 -0.96222460269927967 0.12500000000000011 2.0051240921020512 0.29625809192657476 10.240769386291506 0.24386817961931231 0.19358208030462268 0.095833335071802153 -0.89264181256294239 -0.04049138352274894 -0.42160451412200922 0.26933655142784124 1.1941996216773989
decision_type=2 2 2 2 2 2 2 2 2 2 2 2 2 2 2 2 2 2 2 2 2 2 2 2 2 2 2 2 2 2 2 2 2 2 2 2 2 2 2 2 2 2 2 2 2 2 2 2 2 2 2 2 2 2 2 2 2 2 2 2 2 2 2 2 2 2 2 2 2 2 2 2 2 2 2 2 2 2 2 2 2 2 2 2 2 2 2 2 2 2 2 2 2 2 2 2 2 2 2 2 2 2 2 2 2 2 2 2 2 2 2 2 2 2 2 2 2 2 2 2 2 2 2 2 2 2
left_child=2 3 8 5 22 13 28 16 90 11 -11 21 30 20 27 68 25 18 60 24 48 49 23 82 43 26 122 -15 -3 59 117 32 -17 39 37 36 -12 38 -35 95 -30 42 63 44 -20 51 -41 -6 -2 50 -10 52 -19 54 55 -54 -32 72 -59 105 125 -50 -43 -25 -65 66 -26 -34 -7 -16 -18 -60 -42 74 75 77 -76 -44 -67 -63 81 -81 101 -84 85 -31 88 -88 -87 100 -1 92 93 -92 -93 96 -13 -97 99 -99 -46 102 103 -5 -105 -23 107 108 -51 113 116 112 -112 -75 -114 -79 -111 -9 -53 120 -120 -121 -8 124 -22 -4
right_child=1 6 17 4 47 15 7 12 9 10 35 33 -14 14 69 31 70 45 19 -21 123 29 -24 41 65 -27 -28 -29 40 84 56 -33 67 34 -36 -37 -38 -39 -40 46 57 62 73 -45 89 -47 -48 -49 61 106 -52 118 53 -55 -56 -57 -58 58 71 -61 -62 79 -64 64 -66 78 -68 -69 -70 -71 -72 -73 -74 109 76 -77 -78 115 -80 80 -82 -83 83 -85 -86 86 87 -89 -90 -91 91 94 -94 -95 -96 97 -98 98 -100 -101 -102 -103 -104 104 -106 -107 -108 -109 -110 110 111 -113 114 -115 -116 -117 -118 -119 119 121 -122 -123 -124 -125 -126 -127
leaf_value=0.0053265823293149848 -0.00023126358278178951 -0.00099160854802963811 -0.014445173428559211 0.025684070218304496 0.00041096565299216523 0.0015426996414823447 0.0034193345905612045 -0.0092161450103669003 0.01165823101042078 -0.010985373317639028 0.022532165600049441 -0.0081281425379839504 0.016147901113074792 -0.0045002976488684931 -0.030543456397755697 0.0032344765367687879 -0.00013027472524019238 -0.00010875868713561394 0.0032497437223974221 0.002638117665350354 -0.0043217440437478246 -0.022705024605640646 -0.0032215555551264115 -0.015217177533155102 0.0082914741788493347 0.0041317372646998167 -0.0021244571710926741 0.0033719019125361166 -0.0045642526486981694 0.0027305732019645606 0.0027060877363964415 0.0035394804216717303 -0.00086099592785619501 0.0029834983977083001 -0.0049223939564625408 -0.0027529898359147588 0.0079882515710423506 -0.00091872914918220432 0.014613287556029537 0.00075288564953793213 -0.0016314255105557935 -0.016850990087866974 0.003052080698419364 -0.0026800054801941657 0.0032699104495392179 -0.0040028963447695121 -0.0077571137510620862 0.01168826733610805 -0.0026161079569446705 0.0079030555140659209 0.00138133704450543 0.00061054691376824499 0.021652412664589393 -0.0024793545571459032 -0.023661106240790403 -0.0096248861611267066 -0.02461567000115783 -0.0034155516569177912 0.00050045910555242506 0.0048933508699682939 -0.0003555314503692545 0.0023024732207431835 -0.002857693334143787 0.018907552087258878 0.0036274398963411793 -0.0026763180960496171 0.00014582574175690539 -0.0043057487031422639 0.0093757553285042511 -0.0011784746940083904 0.0060841010887628198 -0.005666394747406686 0.0045201954607480702 -0.0020112231476518325 -0.0055067606241915312 0.011384272356150449 0.00047840203009103031 0.0069398821365128415 0.0053922587673724647 -0.0015804594119644755 -0.008239201114385853 0.0019699776881219274 0.001386381201780928 -0.0025561301724240666 0.017008209261887459 -0.016405841829900295 -0.0081800537960768239 0.008310771287183414 0.0088362848695234669 0.00037456153742939746 0.011956352878449957 0.0015365387736872038 0.0081821314058762168 0.0030657248740574841 0.0076282089185737371 0.0035091093106693911 0.014654042509512551 -0.0049998520169042141 0.0073456229881873267 -0.013434401613744068 0.00047608125827612282 0.014603845571647896 0.0029170844548528831 0.0047384011036060592 -0.011965050453430912 -0.0021960615744454144 0.0025416242942818568 0.014279036894108074 -0.014436926107153053 0.003371466935492189 0.00080604169729529113 0.0078123572215363568 -0.0001342542329869653 0.00020528426772685178 -0.0046635549694750483 -0.023052571422058937 -0.016484949590380899 -0.02216430027854413 0.0048845447901968058 0.013382193910926685 0.01895289664493716 -0.0094290248155068108 -0.00061907263901670503 -0.0017837418850839902 0.0050656462651423621 0.0030700576475501773
leaf_weight=2853.5722088366747 14443.53378893435 6252.8790608942509 233.07786886394024 24.551150821149349 175.40475979447365 7201.3577608317137 925.19860702008009 300.92029216885567 446.03965225815773 74.009563356637955 185.82082207500935 57.005886279046535 40.659371219575405 318.3583550453186 15.911200344562529 860.02105561643839 741.32100016623735 5791.9316787421703 3546.063353523612 12773.831312656403 4324.0795561671257 32.313615687191486 1465.1939751878381 38.240174315869808 237.14949981868267 671.70060651004314 11292.68126116693 3082.5393617898226 4580.0864781066775 3246.3246853426099 149.68687332421541 814.76884692907333 4188.0318569168448 1092.3793824985623 359.75670543313026 55.618635646998882 166.25710359215736 673.80741969496012 245.43903759866953 2523.2945059984922 6708.9373081848025 92.964771375060081 248.5609211102128 1090.3490254431963 4107.8092367127538 1148.9424793124199 241.92156010866165 447.87613415718079 8384.4271986633539 70.962955221533775 231.80873658508062 2778.808663956821 26.778735108673573 952.38300483673811 90.386589102447033 204.22358272224665 23.231390826404095 14636.272182144225 1988.4924744740129 320.9344227463007 230.47836927324533 1293.1988631114364 415.73458780348301 71.953373312950134 1056.4639472216368 3457.0180025696754 3488.6809144765139 1772.399208381772 245.91180074214935 3981.4415396600962 758.48913592845201 467.5627596154809 402.36754556745291 4095.990219309926 1406.2341120839119 176.48810324072838 651.02870389074087 21.844355516135693 234.10796023160219 6744.5411445274949 324.27066583931446 1358.0813342854381 4475.0940888822079 1261.4725592434406 62.827249281108379 140.00463850051165 116.17999821901321 176.96504212170839 26.421929754316807 14955.813008226454 226.12109591066837 7197.3668894469738 913.56687228381634 5949.7619690746069 436.64907835423946 192.61165596544743 81.932402424514294 686.68422190099955 83.290876813232899 339.50699868053198 3097.0208429023623 95.05396831035614 5502.5981377661228 73.131033606827259 196.49213848263025 1615.3403389453888 4438.3692232370377 224.52561707794666 45.516873262822628 3303.8381910994649 8029.8109661266208 387.09319394826889 1752.1993605569005 13111.199850022793 1139.058279722929 45.599891565740108 33.939937599003315 112.01240880787373 504.23525803536177 35.57110271602869 123.16636563837528 121.03597459942102 7323.4364081919193 8545.2217163965106 196.31006368994713 52.995487675070763
leaf_count=22821 112536 49409 1691 113 1137 56727 6937 1725 2996 231 509 349 136 2054 35 6667 4670 38265 27937 100032 33315 117 11342 77 1892 5065 84785 23175 36528 23971 769 6036 32727 8342 2572 189 572 4948 1544 19122 53382 652 1845 8650 32746 7983 1715 3289 66737 399 1820 21051 110 6812 406 1259 128 115326 15705 1886 1720 9938 2947 278 6182 27181 27826 13933 1789 29917 4987 3669 3174 31660 9876 1091 4721 154 1839 52274 2258 10557 34606 10081 293 862 663 1108 179 118564 1818 57235 7299 46725 3419 1504 479 4395 601 2095 24709 561 43184 510 1259 11813 33072 1525 219 25638 63774 2969 13869 103056 9045 355 214 473 3168 185 649 708 54470 67582 1298 409
internal_value=-1.71471e-05 -0.000799474 0.00142444 -0.000249121 0.000500518 -0.00079732 -0.00193024 -0.00102327 0.00242077 0.00157155 0.00945646 0.00135726 -0.00765465 -0.00117239 0.000506464 0.000520891 -0.000831534 0.000822195 0.00113711 0.00121982 -0.00144471 0.00228747 0.00039865 0.000509923 0.000690204 -0.00111704 -0.00129771 0.00263358 -0.00250844 0.000988359 -0.009333 -0.000729314 -0.00123985 -0.000225834 0.00188276 0.0131875 0.0157092 0.00310212 0.00512719 -0.00141501 -0.00283788 0.000145345 0.000225474 0.00108653 0.00124642 -0.000447929 5.47135e-06 0.00852193 -0.0010127 0.00365264 0.00815245 -6.32022e-05 -0.000924319 -0.00462895 -0.0109684 -0.00591708 -0.00107924 -0.00251097 -0.00302187 -0.0013864 -0.00637197 -0.00163602 -0.00544497 0.00395504 0.00461854 -0.000741511 0.000666651 -0.00188605 0.00180271 -0.00130322 0.00301377 -0.000674955 -0.00128263 9.88581e-05 -0.00218281 0.00378433 -0.00361293 -0.000479582 -0.00216298 -0.000790323 -0.00126528 -0.000985077 0.00164086 0.000518953 0.00222911 0.00197377 -0.00336431 0.00176609 -0.0123636 0.00092568 0.00330249 0.00290979 0.0040116 0.00339329 0.00188605 -0.0041396 0.00530816 -0.00515178 -0.00665806 -0.00780169 0.00206934 0.00273277 0.00253545 -0.00458537 -0.00743004 -0.00261242 0.00301266 0.00911522 -0.000866816 0.000281594 0.000991208 0.000349451 8.41479e-05 -0.00032236 -0.00191999 -0.0133643 0.00316438 -0.0127759 0.00164405 0.00530042 0.00767369 -0.0041894 -0.000165629 -0.00252067 -0.00391282 -0.0111976
internal_weight=270378 175265 95112.8 117890 49795.1 68094.4 57375.9 22339.3 35830.9 18253.9 481.706 17772.2 626.51 53011.9 7398.25 15082.5 21712.8 59281.9 47504.4 46987.8 45613.7 11194.5 49171.8 47706.6 34214 20213 19541.3 3400.9 35036.6 5737.31 585.851 7635.22 6820.45 6577.63 2371.38 407.697 352.078 2011.63 1337.82 4206.25 28783.7 36078.2 35569.5 26797.1 25706.7 11777.5 2765.22 623.281 32548.1 5457.22 677.848 10628.5 7065.7 1273.77 321.389 231.002 172.918 24203.6 17092.3 1968.59 516.552 18104.5 508.699 1166.66 1128.42 7416.96 3725.83 5960.43 7447.27 3997.35 1499.81 2456.06 7111.3 34402.9 2549.76 492.493 2057.26 316.005 3691.13 9720.09 8426.89 8102.62 11628.4 5736.57 3768.72 3705.9 459.572 293.145 166.427 22160.6 17577 14723.5 7089.45 6175.88 7634.02 1441.03 138.938 1302.09 1109.48 1026.19 7204.83 5891.83 5796.77 294.174 269.623 1647.65 4779.37 341.005 116.48 31853.1 14645.9 11308.2 10921.1 17207.2 2891.26 67.4442 3337.78 412.933 3562.82 784.009 627.402 156.607 8248.64 13065.6 4520.39 286.073
internal_count=2080577 1355378 725199 914040 384485 529555 441338 164145 269407 130090 1501 128589 3231 411676 55181 117879 160914 455792 375196 371376 356495 80923 380059 368717 271344 151257 146192 25229 277193 40892 3095 59363 53327 47666 17406 1270 1081 14834 9886 30260 227784 278403 274804 212606 203956 80596 20837 4426 254300 40031 4816 72613 46852 8587 1775 1369 897 191256 134700 13816 3820 141764 3599 6537 6460 58738 29718 46660 58516 29952 9657 19374 56556 268267 18042 3445 14597 2354 29020 75027 65089 62831 90314 44687 27076 26783 2812 1771 1041 176019 139317 116496 55842 48543 60654 9423 828 8595 7091 6490 57455 45627 45066 1882 1769 11930 35215 2143 618 250225 115509 89657 86688 134716 22914 509 25852 2198 25761 4710 3817 893 61407 102195 34613 2100
is_linear=0
shrinkage=0.02


Tree=39
num_leaves=127
num_cat=0
split_feature=10 53 51 16 10 39 28 27 54 32 34 38 29 39 15 4 29 32 29 8 25 39 18 17 6 39 44 34 19 12 55 55 54 32 35 15 55 55 11 50 24 27 55 11 39 39 27 48 38 38 39 31 22 19 5 55 38 54 23 48 33 29 34 57 29 47 10 33 23 38 4 27 53 45 23 39 31 53 29 55 4 53 29 1 44 47 54 25 29 55 55 1 6 48 15 53 54 33 25 0 19 12 5 37 54 29 39 39 1 22 38 29 27 53 48 38 34 43 55 55 12 19 6 27 6 55
split_gain=732.243 291.147 137.095 129.67 102.347 81.9258 76.3074 72.47 64.4153 74.3546 89.104 62.8636 59.8542 64.9448 66.7879 56.9391 70.8459 84.7514 56.4693 54.9545 54.4981 53.2643 55.5492 53.8001 76.3909 76.1487 59.4145 53.086 51.634 50.5429 49.4854 49.2402 47.7902 45.8423 45.8377 56.0241 44.9345 43.9332 42.6474 42.4677 42.2051 41.3407 40.6369 40.2711 39.6187 47.3049 40.4962 41.8614 39.5556 39.5008 39.4941 46.0812 60.5975 39.3918 65.4091 39.1189 39.1624 39.0921 77.6105 61.0623 41.9569 41.0196 41.3232 51.0467 39.354 39.017 44.1193 38.8489 52.065 38.0699 37.8981 37.6437 37.5017 37.342 40.0615 44.9125 37.1681 36.986 39.3378 36.0313 35.6933 35.571 35.4171 34.411 34.0247 45.5403 33.9378 33.855 57.0573 57.0988 45.7414 46.7649 44.4976 34.4898 34.9389 33.4684 33.1984 33.0306 32.8604 50.422 32.8419 46.6247 40.37 35.6423 33.3062 37.3907 41.7965 39.6039 49.823 38.182 32.8189 32.6827 36.3315 34.9313 32.6571 32.5473 32.379 34.4396 32.3503 32.174 32.0877 32.0117 52.2077 31.1374 31.1204 30.6651
threshold=-0.58524423837661732 0.67389261722564708 -1.5012531876564024 -0.12772977352142331 1.3643335700035097 0.18437500298023227 0.81174489855766307 0.87837970256805431 0.078318905085325255 0.081870529800653472 0.029166667722165588 0.020152709446847442 5.5065631866455087 0.36770834028720861 1.2576162815093996 0.12224093079566957 -5.3529233932495108 0.0064526516944170007 6.3523948192596444 -0.81223356723785389 -0.37940952181816096 0.63020834326744091 0.87836280465126049 3.420794010162354 0.098253805190324797 0.50937500596046459 -0.026372435502707955 0.095833335071802153 9.5613522529602069 0.14324601739645007 0.36077880859375006 0.05766949616372586 0.094526749104261412 0.02195136342197657 1.0000000180025095e-35 6.9606721401214608 0.29020999372005468 0.44935074448585516 0.31248734891414648 -0.39036887884140009 -2636.218872070312 -1.0000000180025095e-35 0.17466532438993457 0.82357996702194225 0.46770833432674414 0.92187500000000011 -0.87837970256805409 -0.086653765290975557 0.24217850714921954 0.24217850714921954 0.071874998509883894 0.18999999016523364 -0.009626767132431267 3.5079098939895634 0.16881521046161654 0.44935074448585516 0.080602381378412261 0.46424406766891485 -0.059126371517777436 -0.078094564378261552 0.06234401464462281 -0.010207295417785643 0.087500002235174193 -0.10150307416915892 0.26906132698059088 0.07979548349976541 2.6402411460876469 0.049849597737193115 -0.055991148576140397 -0.17418100684881208 0.20964992046356204 1.0000000180025095e-35 1.1235748529434206 -0.0053947151172906152 -0.083601072430610643 0.38854165375232702 0.16999999433755877 -0.77518579363822926 0.28188824653625494 0.11847622692584993 0.045275418087840087 -2.1015141010284419 -2.464404702186584 0.0020269464002922182 -0.033500030636787408 -0.072709828615188585 0.12172874435782434 -0.7865660786628722 4.3172717094421396 0.08050990849733354 0.12338050827383996 0.018610275350511078 1.9710999727249148 0.10765703395009042 4.7212004661560067 0.23063097894191745 0.15757473558187488 0.06234401464462281 -0.37940952181816096 0.0033009944017976527 3.2364467382431035 0.1644113436341286 0.3716790527105332 0.97296652197837841 0.37009254097938543 -5.0284919738769522 0.81354168057441723 0.18437500298023227 -0.031772451475262635 -0.045976843684911721 -0.015277856495231388 -8.7872056961059553 -1.0000000180025095e-35 -2.7636328935623165 -0.12250675633549689 -0.064755525439977632 0.13750000298023227 0.0047707918565720328 0.071613363921642317 0.10386160761117937 0.85987707972526561 1.7648766636848452 -0.17976458370685575 0.87837970256805431 -1.4756708741188047 0.20717659592628482
decision_type=2 2 2 2 2 2 2 2 2 2 2 2 2 2 2 2 2 2 2 2 2 2 2 2 2 2 2 2 2 2 2 2 2 2 2 2 2 2 2 2 2 2 2 2 2 2 2 2 2 2 2 2 2 2 2 2 2 2 2 2 2 2 2 2 2 2 2 2 2 2 2 2 2 2 2 2 2 2 2 2 2 2 2 2 2 2 2 2 2 2 2 2 2 2 2 2 2 2 2 2 2 2 2 2 2 2 2 2 2 2 2 2 2 2 2 2 2 2 2 2 2 2 2 2 2 2
left_child=2 4 8 5 12 40 7 19 81 11 -11 29 21 -14 -15 16 79 43 86 49 125 22 23 26 -25 41 -2 31 114 -10 42 -23 -30 -33 35 -16 48 -31 -28 -35 55 -26 -24 73 46 53 70 67 76 -7 51 77 -53 54 -46 56 -3 60 61 -60 71 62 69 -64 -61 66 83 82 -69 -59 119 95 -67 -18 -75 80 121 78 -17 110 -76 -1 -48 -42 -73 -86 -6 90 -89 -90 96 92 93 94 -92 100 -8 -80 120 -100 102 -102 104 -104 105 106 109 -107 -109 -52 -4 112 -12 -113 -22 -62 117 -87 -85 -13 -5 -9 124 -47 -123 -21
right_child=1 3 15 98 18 6 87 36 9 10 111 44 13 14 34 50 17 -19 -20 20 28 27 30 24 25 -27 38 -29 32 37 -32 33 -34 39 -36 -37 -38 -39 -40 -41 65 -43 -44 -45 45 123 47 -49 -50 -51 57 52 -54 -55 -56 -57 -58 58 59 64 115 -63 63 -65 -66 72 -68 68 -70 -71 -72 84 -74 74 75 -77 -78 -79 97 -81 -82 -83 -84 118 85 116 -88 88 89 -91 91 -93 -94 -95 -96 -97 -98 -99 99 -101 101 -103 103 -105 -106 107 -108 108 -110 -111 -112 113 -114 -115 -116 -117 -118 -119 -120 -121 -122 122 -124 -125 -126 -127
leaf_value=0.0049408290385221766 -0.020775604159378597 -0.001121363077783756 -0.014427347986759556 -0.00048289314521394181 -0.0019980867572248488 6.9556780715211212e-05 0.00054518000260920846 0.0029511888809196259 0.003668138234188083 -0.010777562307260645 0.024975181424566398 0.0077323902719051265 0.0085400014200599835 0.012083585265883594 -0.0036889499705124191 0.0093602940287958077 0.0024706506254394342 0.0025857136807523207 0.0059525557262485587 -0.00057037372224684989 0.02514111332113194 -0.0001218655321382412 -0.0019751491623763132 0.020564731345664361 0.017026488723201953 -0.015711697807619551 0.0011567600110214083 -0.0092184877868500669 -0.0014830171677305323 0.0011612486267038996 0.0095699274562342958 0.0023773363960356837 0.014056532532559356 0.005455637898006631 0.0051680923938666147 -0.02551185646937348 -0.014130526605435597 -0.014940472001677781 -0.00025673137847110125 -0.003925706567452272 -0.0011819539865928169 0.0011547411598893766 -0.0087246136815279374 -0.0026386474619237007 0.0028419677773754331 -0.0018787676962217922 -0.017449059264474293 -0.0014742059695037426 -0.02703942933905721 0.021991445100211351 0.005091824178998069 0.0029728923206328861 -0.025668154620662895 -0.00090033159623735233 0.013994225567517971 0.026234457300777704 0.007314819453361222 0.00071512821494645917 0.021421663563312331 -0.013566208579018172 -0.0018483528068924443 0.023625534633381812 -0.01197435918127372 0.017168139495799758 0.014109803736575253 0.005149311054606801 0.002868648776149911 0.026856249176226688 -0.014382469939933371 -0.019902877953244424 0.016944498813232553 -0.015236923410394121 -0.016485944695183163 0.0016222710941339524 0.00053835641055020151 0.0010154802390308906 0.0045320051667578536 -0.00022977725505752742 0.00076139606545107654 -0.0003484486592603836 -0.0019356658253853259 0.0027613384913220528 0.0014580953969323763 -0.0050667470714817224 0.010622545329651357 -0.0001138555519276367 0.00063155558160908458 0.0012592032391219696 -0.0052207043681226665 0.0099531434334472289 -0.0055854530499662627 -0.016596339604888686 -0.033015805999492519 0.017953491873797297 0.011884507289196641 0.001426605323848421 0.024622455041440325 -0.030301634673993012 -0.0040913230755961951 -0.0013599026634113242 0.0092555362239655024 -0.0017486816191797992 -0.028303209546526244 -0.0058490482091768225 -0.019581158718780075 0.0017188814505795004 0.014287707247294905 -0.017239029085472035 -0.0048441725007066175 -0.0060613986660921857 0.0022144570737239432 0.014447254838414168 0.010593608187883227 -0.0079556101024493876 -0.00300074035565717 -0.014168747688223578 -0.014009897180766933 0.0062632282230180164 -0.0026192346957267447 -0.0040663307444399159 -0.0029781321364253776 0.0054030450801883971 0.0011924751025486206 -0.016593014778798293 -0.0042277556219809456 -0.0054867536754155391
leaf_weight=3835.3601801246405 53.875317052006721 1422.9341564252973 226.7096391171217 3632.919445283711 13910.979855820537 6131.5340735316277 1427.9879314824939 1479.8843285217881 5264.966627240181 73.947774633765221 118.65934337675571 177.19064068049192 725.31256987154484 149.70398468524218 357.93679286539555 556.1720901504159 4689.110391408205 12772.098812639713 401.93390691280365 9640.409984447062 15.518702976405619 6953.3826584815979 4101.9272367060184 119.11039090156555 101.4724148735404 74.677628204226494 10868.225625872612 195.82950228452682 185.65938830375671 5859.9565908834338 137.60762020200491 11073.504431858659 136.65972328186035 246.45922136306763 195.27207325398922 53.311458766460419 79.063550144433975 67.570086240768433 39810.249300822616 876.20785727351904 3360.0803267210722 183.51041096448898 390.1084148734808 1404.466388553381 1076.5402003452182 288.84575137495995 171.66094098240137 3490.6176639050245 19.153215624392033 32.056407324969769 221.9310353025794 71.858938917517662 48.909752868115902 673.84465781599283 260.83436208218336 22.376666009426117 259.3473551645875 59.970278590917587 139.4472554475069 42.276296645402908 173.53962762653828 20.958687297999859 39.991845950484276 57.256699301302433 38.134203873574734 40.275547325611115 549.83992279320955 24.001699700951576 23.073669791221619 87.37982339411974 77.307533286511898 53.872108124196529 147.41683057695627 9234.7809167504311 3913.5047234147787 9200.586458273232 1025.4631123542786 445.6418085694313 93.661637000739574 230.48018892109394 5770.1364673450589 13737.071246534586 51.121722258627415 3484.8335086330771 173.70066609233618 4067.5698100477457 2284.5473145619035 3936.7409973591566 118.39733507484198 591.43509116768837 310.91562788933516 124.31390950083733 17.437530890107155 33.291023120284081 52.684667967259884 896.97766095399857 22.284743703901768 15.017529129981993 11679.792480491102 3520.6949740797281 173.78502706438303 1294.5489560589194 49.75840487331152 65.696545824408531 50.418702438473701 321.42623375356197 81.966868564486504 142.12219206988811 1420.5297747924924 272.24888440966606 59.427383817732334 56.305819891393185 178.01659677177668 53.185832150280476 13078.322774097323 169.66207025945187 62.110555715858936 368.49196257442236 5701.9572275280952 191.10476697981358 4769.3259986639023 146.96707350760698 2809.7555352151394 71.006911501288414 1447.9165463298559 534.77665073424578
leaf_count=30382 178 10679 1634 28803 109389 47859 11202 11322 37564 231 315 1400 5077 1157 2561 3584 36916 100032 2576 74542 55 55517 32234 517 532 405 84572 1451 1461 43122 706 86087 972 1678 1268 211 421 237 309444 6072 26284 992 2679 11137 8233 2083 838 25527 133 150 1417 464 199 4948 1653 93 1948 286 500 233 1041 109 179 260 186 249 3903 112 133 331 494 286 916 73618 31293 73018 7858 3191 665 1720 45362 108935 349 27421 993 29105 16186 30630 931 4132 2356 828 93 208 353 6552 156 59 93022 26700 1291 9608 146 299 275 2230 514 896 10075 1673 466 224 523 208 101270 927 411 2611 42763 1407 36952 1141 21365 489 11187 3531
internal_value=-1.67988e-05 -0.000783536 0.00139616 -0.00165295 -1.92074e-05 -0.00114719 -0.000706847 -0.00106315 0.002373 0.00154054 0.00929927 0.00133034 0.000289049 0.00426864 0.000164694 0.000805809 0.00111445 0.00119551 -0.00144311 -0.00149411 -0.00193343 0.000210562 -0.000102748 8.69138e-05 0.00675285 0.0021316 2.38545e-05 0.00111495 -0.00277057 0.00224218 -0.00220049 0.00122115 0.00512558 0.00198687 -0.00279058 -0.00657537 0.000766363 0.000975041 4.63953e-05 -0.00186231 -0.00242194 0.00684939 -0.00256334 0.000676441 -0.00022131 0.00184546 -0.0013868 -0.00206273 0.0009385 0.000187282 -0.000438965 0.00294896 -0.00873369 0.00304088 0.00502662 0.000539921 0.000182172 -0.000834857 0.00470252 0.0134643 -0.00110258 -0.00257099 -0.0049068 0.0051737 -0.000416646 -0.00280209 -0.00267167 -0.00963811 0.00674385 -0.0115565 0.00430709 -0.000859293 -0.0118354 0.000818462 0.00054283 1.48495e-05 0.0010201 0.00422709 0.00721184 -0.00624417 -0.00093577 0.00323735 -0.0131189 -0.00291475 0.000419844 0.000603821 -0.00162707 0.00126694 0.00220151 0.00741701 -0.000915933 -0.00588725 -0.0026395 -0.00122277 -0.00302571 -0.00207039 0.000932549 -0.00375898 -0.00290393 -0.00345888 -0.00283689 -0.000440181 -0.00417591 -0.0156948 -0.00363976 -0.00330484 0.00115094 -0.00466782 -0.00598242 -0.00105042 -0.0109719 0.0129745 0.0164136 0.00358245 -0.00296539 -0.00796533 0.000214442 0.000416939 -0.00354821 0.00161301 -0.00189956 0.000407259 -0.000447707 -0.00482292 -0.00333683 -0.000829376
internal_weight=270356 175256 95100.5 81990.4 93265.1 58387.7 43398.6 36763.1 35822.2 18249.8 480.115 17769.6 76667.7 1481.54 756.224 59278.3 47501.3 46984.7 16597.5 29754.9 23591.3 75186.1 55840.8 51211.1 478.771 359.66 50732.4 19345.4 13416.2 11192.5 4629.64 19149.6 322.319 12196.2 606.52 411.248 7008.2 5927.53 50678.5 1122.67 14989.1 284.983 4492.04 34212.6 6577.15 2371.07 4206.08 3760.48 6929.14 6163.59 11777 1231.26 120.769 2011.22 1337.37 1704.66 1682.28 10545.8 485.415 219.858 10060.4 265.557 244.599 97.2485 80.4105 13284.4 13096.7 269.858 47.0754 147.35 445.603 9717.16 187.692 32808.1 28119 18884.2 6909.99 1110.49 664.851 516.617 9683.64 17572.4 222.783 12546.9 4725.75 4671.87 16195.5 6635.49 4646.57 709.832 1988.92 538.643 414.329 396.891 363.6 4991.41 1450.27 108.679 23602.7 15200.5 4094.43 1468.33 2626.1 115.455 2510.64 2460.22 576.147 1884.08 1562.65 494.18 286.137 406.168 296.676 109.492 13093.8 343.202 4498.17 4436.06 9186.79 368.295 8402.25 5884.52 4404.64 359.853 1594.88 10175.2
internal_count=2080577 1355378 725199 633889 721489 448412 334156 283267 269407 130090 1501 128589 593338 10274 5197 455792 375196 371376 128151 229840 181831 583064 432259 396640 2446 1929 394194 150805 103758 80923 35619 149354 2433 93837 4040 2772 53427 43359 394016 7750 114256 1524 34913 271344 47666 17406 30260 26959 53006 48009 80596 8162 663 14834 9886 12720 12627 72434 2084 919 70350 1165 1056 439 419 101536 100371 1432 245 617 3301 68382 1165 260207 223291 149673 52873 7499 4308 3820 76655 139317 1187 96468 33406 33120 125575 50889 35693 5063 15196 3838 3010 2917 2709 34976 11358 724 185477 119722 28424 10899 17525 445 17080 16805 3604 13201 10971 3090 2100 1270 838 432 101325 1968 32127 31716 70184 2807 65755 45015 33693 2572 12328 78073
is_linear=0
shrinkage=0.02


Tree=40
num_leaves=127
num_cat=0
split_feature=10 10 2 12 54 29 20 47 2 34 47 4 39 47 27 40 38 7 28 50 29 1 4 45 38 12 2 33 39 29 29 47 38 7 38 39 39 54 28 4 17 11 5 34 39 19 21 29 39 5 15 18 29 38 15 16 39 32 17 8 39 47 34 45 47 54 35 15 57 4 40 5 24 39 54 22 19 45 35 38 34 39 29 28 5 22 4 27 16 52 47 31 39 28 18 38 38 22 29 47 27 5 47 12 19 38 14 14 39 29 29 21 47 43 39 31 44 9 20 22 5 40 15 12 31 39
split_gain=709.687 245.86 121.303 120.607 87.8422 86.6821 81.6184 73.7037 63.2135 58.4889 58.8847 57.7819 57.2978 58.0062 63.4546 62.4111 53.5102 53.3833 53.9878 52.1298 65.8878 55.5582 64.1973 51.2014 50.9531 50.8716 50.1814 60.2726 49.9101 48.3701 47.3345 47.284 46.6368 45.5374 44.9741 53.9551 44.4831 47.1532 69.5061 43.7225 42.8807 42.6267 42.1747 85.2043 56.4206 101.122 96.2634 81.9915 68.5797 51.8333 47.45 46.7813 47.3036 42.3545 42.0477 41.993 41.5208 41.504 43.2166 41.253 41.6175 41.1532 40.9377 40.8825 46.8504 41.1381 39.1322 39.9916 38.0597 37.7443 37.6143 41.8039 37.2411 37.2032 37.3499 36.8818 36.7059 36.6934 36.4846 36.3824 47.7213 40.5151 48.5047 36.8913 36.8867 37.5487 35.9592 35.8392 35.5108 64.0607 53.9126 45.536 35.3312 38.7969 34.9253 34.8739 34.528 38.6075 34.3815 34.186 34.1147 45.8115 42.6348 37.9603 34.1048 33.9523 34.1434 33.9281 36.9384 40.0721 38.7503 33.6679 33.3815 33.2965 32.7046 32.1502 31.6784 31.4808 31.3633 37.9279 31.1936 30.9306 37.9798 31.1043 30.7255 30.6859
threshold=-0.60228100419044484 1.039692282676697 0.0018625785596668722 0.071413747966289534 0.079809013754129424 7.5160503387451181 0.89667195081710827 0.059817936271429069 0.06114312261343003 0.095833335071802153 -0.0059929108247160903 0.18806184828281405 0.021875000558793548 0.02283493056893349 -0.60785761475563038 0.12500000000000011 0.15202475339174273 0.30790181457996374 0.81174489855766307 1.1621168255805971 2.622836828231812 0.020798331126570705 0.47378799319267279 0.0027046543546020989 -0.0054773634765297166 0.8937092423439027 -0.052778756245970719 0.0018074109684675934 0.26354165375232702 4.5002102851867685 1.7045497894287112 0.0088880318216979521 0.094803072512149825 -0.19696854799985883 -0.135331355035305 0.88854166865348827 0.28020833432674414 0.17265223711729052 -0.56174489110708226 0.17576956003904345 1.6572892665863039 0.61349874734878551 0.47547437250614172 0.095833335071802153 0.29687500000000006 5.0730237960815439 0.81149742007255565 -3.1516283750534053 0.48854167759418493 0.12758415937423709 8.7330217361450213 -1.1275594234466551 -5.3529233932495108 -0.13031536340713498 6.0397744178771982 -2.1207273006439205 0.038541667163372047 0.015687537379562858 1.3572394847869875 0.052466342225670821 0.91770833730697643 -0.024324118159711357 0.029166667722165588 -0.0043528792448341838 -0.0080327293835580332 0.048600643873214729 1.0000000180025095e-35 0.2059280872344971 -0.010582678020000456 0.47378799319267279 1.2246467864107191e-16 0.19681609421968463 -29818.074218749996 0.33854167163372045 0.040602877736091621 -0.091414030641317354 5.9325246810913095 0.0033071440411731605 0.12500000372529033 0.24217850714921954 0.062500001862645163 0.084375001490116133 -1.8412858247756956 -0.56174489110708226 0.15753742307424548 -0.10964450612664221 0.10581482201814653 -1.0000000180025095e-35 -1.3147860765457151 -0.33172655105590815 -0.029188862070441243 0.2099999934434891 0.65937501192092907 1.0000000180025095e-35 0.66017848253250133 -0.12578463554382321 -0.1640888303518295 0.045519372448325164 -3.1516283750534053 0.0091120647266507166 -0.60785761475563038 0.14271300286054614 0.0040491188410669574 0.65666276216506969 1.5412042140960696 0.15202475339174273 -2.1436959505081172 -0.29779374599456782 0.48020832240581518 -7.5872063636779776 -0.40835440158843989 0.40625245869159704 0.0037825236795470123 -0.016113630495965477 0.94479167461395275 0.24999999254941943 -0.010579044930636881 2.3939176797866826 0.74844077229499828 -0.13847875595092771 0.017702751792967323 -0.12500000000000003 4.2332231998443612 0.72666668891906749 0.12999999895691874 0.55104166269302379
decision_type=2 2 2 2 2 2 2 2 2 2 2 2 2 2 2 2 2 2 2 2 2 2 2 2 2 2 2 2 2 2 2 2 2 2 2 2 2 2 2 2 2 2 2 2 2 2 2 2 2 2 2 2 2 2 2 2 2 2 2 2 2 2 2 2 2 2 2 2 2 2 2 2 2 2 2 2 2 2 2 2 2 2 2 2 2 2 2 2 2 2 2 2 2 2 2 2 2 2 2 2 2 2 2 2 2 2 2 2 2 2 2 2 2 2 2 2 2 2 2 2 2 2 2 2 2 2
left_child=3 2 5 26 11 9 42 17 36 10 88 23 -8 14 41 16 40 18 25 20 28 34 -23 73 59 31 27 124 32 57 66 55 -4 -29 35 61 39 -38 -39 -9 -16 -14 49 44 45 47 53 78 -48 51 125 -5 -53 98 114 -6 104 58 -20 113 -61 -22 69 65 -65 -54 67 -26 -18 94 71 -19 -7 74 86 -36 -13 -11 -44 81 83 82 -64 -81 -83 -86 -3 -84 89 -2 91 -90 -82 -94 118 -96 97 -31 -46 -75 101 102 103 -58 -25 121 -107 108 109 -17 -110 -91 -69 -12 117 -77 -67 -27 -51 -120 -115 122 -30 -123 -1 -45
right_child=1 4 19 6 7 72 12 8 -10 77 24 76 13 -15 15 107 68 70 29 -21 21 22 -24 56 30 54 -28 33 105 96 -32 -33 -34 -35 75 -37 37 38 -40 -41 -42 -43 43 50 46 -47 48 -49 -50 62 -52 52 63 -55 -56 -57 100 -59 -60 60 -62 -63 79 64 -66 116 -68 112 -70 -71 -72 -73 -74 99 -76 115 -78 -79 -80 80 92 84 87 -85 85 -87 -88 -89 90 111 -92 -93 93 -95 95 -97 -98 -99 -100 -101 -102 -103 -104 -105 -106 106 -108 -109 110 -111 -112 -113 -114 120 -116 -117 -118 -119 119 -121 -122 123 -124 -125 -126 -127
leaf_value=0.00891903287159348 0.0011679278192804692 -0.0021563901880629101 -0.0022489024709792947 0.0046318297933739972 0.016677061031208053 -0.014697371761352714 0.0060877100322813283 -0.0031994498431046525 -0.015719702182054884 -0.0056782667779066952 -0.023425724071928906 0.0014246039266756149 0.0032634169336170915 0.0058158735102617999 0.0018604372687064206 0.017432463882244672 -0.010081888908463265 0.0035688566852881856 -0.0010212273933892552 -0.0024650381008118052 0.021277787256986404 0.005986891495159392 -0.014162175530639826 0.0046212352672851216 -0.0045136971391324335 -0.003075863102490705 0.0030618713663605906 -0.013610352664176767 0.00028033134376908675 0.0092170022782513111 0.0034585537942261424 -0.0016369729502720954 0.0048343597732359786 0.014287853668095062 0.0041738922418586358 0.014429615992449348 -0.0063051855705597709 0.016859525479521006 -0.001330358830235815 -0.01606427860080906 0.012079193020640826 1.3100565076301152e-05 0.0064804985149450808 0.025283379848594224 -0.0010822506156373095 0.023884770818624796 0.017900320400686204 -0.027130756360601617 -0.015492173974545772 -0.0025973967261251475 -0.0030785182507175744 -0.0053640673776851619 0.0056839244908001556 0.02793311018905496 -0.0077273482906991854 0.00051398832888138713 0.0095860552539184761 -0.0084815093635729599 0.0037436351806105811 -0.00043859558075733085 0.0052256281024054916 -0.0086258731544071685 0.012354969882363221 0.0022879965031580175 -0.00025963026745691025 -0.0010426360349760368 2.1471304413983816e-05 -0.00015034130250156773 0.015584242486817109 -0.019201754704278994 -0.00037304878969662332 0.014620414224998298 0.013939979978265378 -0.0018926214045199966 0.00071170076715835269 -5.2612831887761412e-05 0.022273346004959556 0.022124721715049853 -0.016471711345029293 0.02794474809544209 -0.019814621913040668 -0.0024664037518961728 0.0088788485228186408 -0.0020925473090124768 0.0054056228012818123 0.00022610152462632761 0.021660582642326766 -0.0051749565526217406 -0.0011710430566411851 0.030563690803816296 0.0016468815689630492 0.011857833335889878 0.012258594871757008 -0.020464148332827725 -0.017845884719482279 -0.0035108220411834605 0.007898037412136117 -0.020169803466576743 0.02285674851317825 -0.0050576411562241116 -0.0022860886668003072 0.012230242676889656 -0.0062045434438274165 -0.0030869814185740621 -0.0078648996525743538 -0.0067471485851904999 0.012873034471592753 -0.0075708110676164135 0.0036421434860510371 -0.0010845718385135423 -0.00070623462675951281 0.0096394887658036495 -0.002703459969754345 0.0090805154996684949 0.0053194243066863782 0.02168735502168874 0.0017995995369984447 0.00016439189027082733 -0.009276068225253899 0.0022289474953045827 0.0017890556380979966 -0.0014797455157898986 0.00855011114546032 0.0012673666282037204 -0.01292144617077875 0.0071345672475254919
leaf_weight=42.129995226860046 649.07301975786686 3841.1172640174627 11807.828649818897 1272.1801006048918 63.899620056152344 18.77355070412159 1223.997781381011 251.54169841110706 200.86549419909716 771.93007721751928 19.604855179786682 76.752833917737007 9908.43352086097 1313.9717675670981 13301.984916418791 46.086708351969719 220.35756853222847 561.03925029188395 1879.5488703176379 7191.3909023851156 18.235185213387012 1176.9725300818682 65.879064694046974 94.96420119702816 1717.789063423872 5325.9780008494854 10692.342305131257 24.038255892693996 7265.8895989432931 31.912007197737694 1067.8943436592817 7241.3097525015473 382.89939911663532 402.98432831466198 1058.0986725986004 49.019022293388844 316.50225014984608 117.68628036230803 287.02944561094046 182.34261037409306 165.38913856446743 1928.7065834775567 80.425319783389568 128.20285041630268 64.221260003745556 36.560954391956329 32.506089113652706 82.147521257400513 91.963769614696503 3036.0570356994867 43.957303881645203 501.68426348268986 950.66714009642601 71.999086752533913 573.10734655708075 7000.1943584531546 96.999826148152351 199.24369002878666 1278.2723632603884 8172.1061866730452 553.03280733525753 452.96192467957735 251.1322787553072 3560.4429713636637 15252.569033227861 1851.1062892526388 10150.762512631714 5133.4620807766914 24.880116522312164 50.259563788771629 626.34820165485144 180.74181206524372 245.6830772086978 9105.287356287241 4283.4631773084402 4983.93368268013 59.692617386579514 18.485938362777233 40.983759008347988 20.043178834021091 110.00567904859781 1473.177732847631 120.06565967202187 72.687034912407398 711.08570327609777 2621.4387120902538 24.525428622961044 180.22026926279068 4291.6039942204952 33.316118165850639 16433.439463943243 109.04506824165583 35.847691729664803 22.886864088475704 103.93037273734808 194.81386777758598 581.7415516898036 38.342534892261028 37.165348872542381 1606.2144386991858 13575.399926438928 66.410255648195744 2602.7699933126569 2687.5448012128472 1018.8909777626395 46.427395306527615 141.79907122254372 246.51503302156925 1787.3759372532368 6433.5586462318897 1512.397391051054 333.13651617616415 3408.7300487309694 242.01000947505236 229.06258905678988 26.358898937702179 10240.517953157425 1546.9770018905401 125.9537515938282 1177.5778079107404 6988.9250921532512 11223.793975912035 228.16470538079739 1931.3014950230718 63.11072152107954 54.026102788746357
leaf_count=232 3509 30561 91795 10105 219 87 9479 1861 1186 5461 104 522 78094 10224 103807 219 1488 4267 14672 55813 88 8473 238 756 13741 40656 81382 138 57065 191 8222 54476 2762 1764 8188 336 2362 679 2023 1124 1088 15245 194 459 241 179 175 216 417 20177 146 3628 7555 210 3609 52796 775 1316 9179 63931 4328 2976 1561 27856 120638 14174 80365 40744 175 194 4501 1129 1652 72276 33620 38236 422 103 145 118 538 10949 798 400 4663 16652 167 1212 31627 104 128291 802 224 121 630 1300 3957 246 133 12690 106837 427 20708 21310 8076 284 941 1969 13946 49702 11993 1848 26866 1937 1726 202 80302 11385 882 8342 54750 88068 1509 15073 272 216
internal_value=1.25028e-05 -0.000736026 -0.000145069 0.00141553 -0.00168016 0.000451832 0.00115179 -0.00083991 -0.00538968 0.000401435 0.000473521 -0.00229653 0.00183176 0.00169036 0.00153779 0.000941204 0.00181804 -0.000614178 -0.000816953 -0.000894876 -0.000618445 0.00103072 0.00490753 -0.00234211 -7.80837e-06 -0.00120627 0.00336099 0.00935104 -0.00100954 0.00131709 -0.000644018 -0.000501356 -0.00202596 0.0126869 0.00029863 -0.00533901 -0.00358044 -0.000531832 0.00398509 -0.00863278 0.00198689 0.00273395 0.000571966 0.00522725 0.000886524 -0.00631057 0.00669354 -0.0118291 -0.00669038 0.000490859 0.0154977 0.000871175 0.000723148 0.0162906 -0.00251977 0.000662676 -0.00304337 0.000347906 0.000907826 0.000847474 -7.8903e-05 -0.00742388 -0.000749862 0.000819211 0.000222562 0.0016797 -0.000858874 -0.00172986 -0.00742121 -0.00212948 0.00323486 0.00627908 0.0118556 -0.00159299 -0.000574343 0.000782885 0.0106485 -0.00499962 -0.00133052 0.000401396 -0.00686861 0.000757633 0.00588721 0.00461807 0.000167742 0.00133288 -0.00199946 0.000451786 0.00129862 0.00494918 0.0011204 -0.000845349 -0.013177 -0.000604732 -0.00194018 -0.00854409 0.00629764 -0.00686526 0.00782085 -0.00236774 -0.0028233 -0.00415966 -0.00436412 -0.00264187 -0.00679628 -0.00041477 0.00801821 -0.000258014 -7.28185e-05 -0.000950045 0.00164922 0.0116225 -0.00116947 0.00196225 -0.00209837 6.58654e-05 0.00136435 -0.00234648 -0.00148346 0.00111025 0.00203445 -0.000492073 0.000533354 -0.0010763 -0.00416719 0.0199765
internal_weight=270302 176263 108410 94038.8 67853.7 60358.8 82814.2 28713.7 1355.97 60094.3 59303.9 39140 38113.7 36889.7 35575.7 23738.5 13712.6 27357.7 25989.6 48051 40859.6 7831.46 1242.85 39003.6 37454.3 21980.5 11224.6 532.263 33028.1 4009.06 21478.6 14305.4 12190.7 427.023 6588.61 520.216 1155.1 721.218 404.716 433.884 13467.4 11837.1 44700.5 764.159 537.973 240.118 297.856 203.557 124.47 43936.4 226.186 33629.2 32357 173.386 7675.12 7064.09 20143 3357.06 3157.82 15975.7 8725.14 471.197 10307.2 31855.3 18813 13042.3 20410.7 10260 245.238 4688.59 1368.13 741.781 264.457 18860.6 8149.11 6068.39 136.445 790.416 121.409 5618.59 261.47 5357.12 551.418 92.7302 4805.7 3332.52 3865.64 300.286 21849.6 1015.53 20834.1 4400.65 168.74 58.7346 4638.33 298.744 651.996 70.2545 101.387 10711.5 19029.1 5453.72 5387.31 2784.54 1113.86 20837.4 188.226 10025.9 9779.42 6479.65 3299.77 366.453 8542.19 7250.54 7102.02 5010.29 12091.6 6872.96 4339.59 1303.53 7230.94 20649.1 7494.05 13155.1 105.241 182.229
internal_count=2080193 1363226 840519 716967 522707 468472 633179 213560 9235 466733 461169 309147 297429 287950 277726 184387 106558 204325 194428 372047 316234 58737 8711 308203 294988 164867 83788 2406 257497 29561 169938 107491 94557 1902 50026 3400 8049 5064 2702 2985 104895 93339 335750 2731 1910 734 1176 555 592 333019 821 264258 254153 584 57376 53015 158889 25167 23851 125050 68259 3064 68761 250525 148494 102031 161716 81351 1663 31525 9897 5396 1739 149314 64348 46626 944 5564 339 37236 1401 35835 3571 518 32264 21315 30728 2010 166181 5461 160720 32429 883 345 31331 1930 4394 437 374 84966 150057 43220 42793 22085 8832 162940 1225 77829 75860 49921 25939 1952 67610 56791 53767 38438 94476 52041 29401 9224 56687 161715 58574 103141 504 675
is_linear=0
shrinkage=0.02


Tree=41
num_leaves=127
num_cat=0
split_feature=51 53 51 16 9 32 17 26 40 26 55 40 42 26 48 53 26 18 29 19 47 21 29 38 26 5 45 26 28 33 19 2 54 6 29 16 46 14 52 40 18 40 48 5 38 28 48 47 0 5 45 13 5 3 52 55 22 19 46 28 38 27 48 18 38 13 29 9 53 54 29 21 46 47 48 54 29 7 47 53 27 29 25 21 47 28 38 29 47 26 7 25 24 33 29 48 2 16 55 54 7 54 29 38 47 46 48 47 6 27 54 48 45 36 56 55 18 38 18 48 21 20 5 38 17 55
split_gain=617.496 223.525 174.107 120.164 116.053 79.4115 82.4569 66.8778 64.6077 60.5998 59.1738 58.3679 63.1664 56.009 55.1581 55.1407 70.17 61.6128 56.0358 58.6102 53.7642 52.6622 52.3006 50.9769 76.2744 68.1843 49.6854 69.3841 48.6434 48.624 48.6544 48.5219 49.9068 48.1973 47.5662 45.7189 45.65 43.9724 43.2793 42.8561 46.9793 42.8089 55.3661 54.0965 62.3991 42.7778 46.112 43.3114 42.3334 41.7678 43.8708 40.8087 52.3411 40.1962 48.3561 40.0092 39.095 38.7387 38.6102 38.5033 46.224 38.4782 47.4996 63.723 44.6042 44.1208 37.9442 37.8947 37.5074 43.213 37.1359 37.113 43.9817 36.9809 40.7444 39.0636 36.595 40.3496 36.2775 45.9254 35.7441 35.7305 37.9679 42.4516 35.4849 35.1916 34.4495 34.2428 34.6126 35.4115 34.2314 34.0983 40.974 40.8363 33.944 43.3237 33.9417 33.6373 33.6005 32.9937 32.8533 38.3982 32.7649 37.7093 59.7543 43.5677 33.0726 32.4952 32.495 32.4075 31.9275 38.9337 31.8542 31.8364 31.8193 34.6541 40.5786 31.7421 31.5802 31.4083 34.6662 33.5367 44.3896 31.1119 31.0511 31.0335
threshold=-0.20363371819257733 0.70274224877357494 -1.5012531876564024 -0.12772977352142331 1.3933618068695071 0.081870529800653472 0.10553002357482912 1.0000000180025095e-35 0.12500000000000011 0.37940952181816107 0.067911803722381606 0.46650633215904241 -0.0003642029187176376 0.12940952181816107 0.049626935273408897 -1.1429356336593626 0.78656607866287243 0.39737132191658026 -0.80329477787017811 1.6684920191764834 0.0093370806425809878 1.175309479236603 3.572928905487061 0.022565160878002647 0.91597560048103344 0.47547437250614172 -0.047965487465262406 -0.7865660786628722 -0.56174489110708226 -0.033429021015763276 1.2240274548530581 0.0040331112686544665 0.46424406766891485 2.4111101627349858 1.9987583160400393 -1.0661393404006956 0.061052018776535995 -6.0120375156402579 -0.34846292436122889 -0.3415063470602035 0.18726931512355807 0.46650633215904241 -0.015272806864231823 0.47547437250614172 -0.13031536340713498 0.81174489855766307 0.013039196841418745 0.0050395734142512092 0.0001535893898108043 0.17229292541742328 -0.011215351056307553 0.51899284124374401 0.13021569699048999 1.3656556606292727 1.7588012218475344 0.17146713286638263 -0.076873827725648866 3.2364467382431035 0.0017658736906014385 -0.56174489110708226 -0.17418100684881208 0.87837970256805431 0.055536573752760894 1.1522355079650881 -0.061772359535098069 0.79577594995498668 -5.3529233932495108 -1.2451228499412534 1.1235748529434206 0.23384509980678561 4.3172717094421396 1.0397555828094485 -0.033857321366667741 -0.0052038757130503646 0.018811387941241268 0.1345753222703934 1.6603171825408938 0.064855702221393599 0.067559268325567259 2.3688066005706792 -0.87837970256805409 -4.507643222808837 0.37940952181816107 1.4218181371688845 -0.0042017493396997443 0.81174489855766307 0.078808881342411055 -5.0284919738769522 -0.063357133418321596 0.60355338454246532 -0.34662316739559168 0.12940952181816109 -1806.7927246093748 0.017425624653697017 2.4803817272186284 -0.10024167969822882 0.0017145471647381785 -2.4680107831954952 0.036770699545741088 0.32327935099601751 -0.042214896529912942 0.11960789933800699 2.0530283451080327 -0.014578222297132013 0.0013751427759416404 0.011779582593590023 -0.013864614535123108 -0.048719732090830796 -0.89082896709442128 1.0000000180025095e-35 0.035049855709075935 0.011286797467619182 0.0020465002162382011 1.0000000180025095e-35 -0.133698895573616 0.078767910599708571 0.26705254614353185 0.065320111811161055 -0.0051584567409008733 0.063375711441040053 1.3234595656394961 0.71856445074081432 0.23321673274040225 -0.024861725978553292 2.457821369171143 0.077025845646858229
decision_type=2 2 2 2 2 2 2 2 2 2 2 2 2 2 2 2 2 2 2 2 2 2 2 2 2 2 2 2 2 2 2 2 2 2 2 2 2 2 2 2 2 2 2 2 2 2 2 2 2 2 2 2 2 2 2 2 2 2 2 2 2 2 2 2 2 2 2 2 2 2 2 2 2 2 2 2 2 2 2 2 2 2 2 2 2 2 2 2 2 2 2 2 2 2 2 2 2 2 2 2 2 2 2 2 2 2 2 2 2 2 2 2 2 2 2 2 2 2 2 2 2 2 2 2 2 2
left_child=2 4 5 9 7 6 -1 53 23 11 20 12 91 33 31 29 17 67 19 -18 96 26 71 24 36 102 -7 -28 -23 30 -10 35 110 56 -16 38 51 -24 87 114 124 43 -43 -31 -45 47 99 57 76 50 109 52 66 54 113 85 -14 -12 107 -40 -61 62 63 -49 -63 -64 84 112 -48 70 125 -8 81 75 108 -68 -25 -78 79 -71 -21 82 -73 -84 -4 -20 -65 88 89 -9 -55 93 -93 -3 -58 -96 118 -50 -98 -47 -13 -102 103 105 106 -26 -105 -42 -75 -44 111 -33 -17 -2 -37 -116 -117 -35 -11 120 121 122 -66 -62 -41 -70
right_child=1 3 8 -5 -6 21 22 14 15 10 45 100 13 -15 34 16 18 -19 55 80 -22 28 37 48 25 -27 27 -29 -30 41 -32 32 -34 117 -36 39 -38 -39 59 40 58 42 49 44 -46 46 68 61 97 -51 -52 -53 -54 90 -56 -57 94 -59 -60 60 123 64 65 86 119 -67 73 -69 69 78 -72 72 -74 74 -76 -77 77 -79 -80 -81 -82 -83 83 -85 -86 -87 -88 -89 -90 -91 -92 92 -94 -95 95 -97 98 -99 -100 -101 101 -103 -104 104 -106 -107 -108 -109 -110 -111 -112 -113 -114 -115 115 116 -118 -119 -120 -121 -122 -123 -124 -125 -126 -127
leaf_value=0.0033219739279371587 -0.0004783688425713765 -0.00018932426837156531 -0.0087075785310851989 -0.002806690041759308 -0.0014502904042312398 0.018390404740044275 0.00040458765276753499 -0.013151570824992643 -0.021688120660179888 0.0040987661700971536 0.0022311367800970407 -0.00024166559267411281 2.9789042224258126e-06 0.0012326685591839328 0.0031353281340882684 0.001237728243381046 0.01276997098940383 -0.0026638417453749667 -0.0025258562364593212 0.014568563678067328 -0.0059119081708273449 -0.022344565672124821 -0.012949755042283753 0.00049883826891134332 -0.0041574297577252201 -0.021111066616871975 0.026548306163660787 -0.0049069343903271135 0.011034772322093864 0.0015389453348656171 -0.002433537223646576 -0.003136671336840151 -0.021183346624972753 -0.00026142199367282595 0.014056784299474075 0.0071725103915685666 -0.022300353029107028 0.0063768051960534687 0.017207530174563751 0.0016796098305493308 -0.010227932191637985 -0.0044340613189717713 -0.012726425718087544 0.022409492050931814 -0.00090387863829806501 -0.0033335752288577124 -0.0035138485020796409 -0.0028388311202464035 -0.010514991522597527 0.014911183356914782 0.0023211843611975719 0.00083842205803416787 0.00026236335815892379 -0.0096216845525027399 -0.0067711882903768034 -0.01178954201867468 -0.0019862742020519387 -0.0049848823789868154 0.0033316290232747203 0.021382154344140404 -0.0058762642858600838 0.0054986704470154635 -0.0034886505726087064 0.0017712306598148143 3.4212485336522013e-05 -0.010591194232499572 0.0053885532124777983 -0.00013230592235847786 0.013772499228096605 0.01786960077295225 0.013105606219782072 0.0077180651890247278 0.0023661799769463814 -2.9514231458363454e-05 0.0054657124941304581 -0.0012160065375163636 0.0065127996016243715 -0.0022723417150473922 -0.01952832837990363 -0.018580661993707993 -0.0030803964234037435 -0.0053557046936321285 0.0033569699036147655 -0.018065012827386026 0.008037787278370517 -0.0085281188450014554 0.01458322097876728 0.0060497285711574927 -0.01316561320150546 0.020572207485996856 0.0051423224115123281 0.0051569947077753173 0.00070108987730660758 -0.0067775588777296185 0.023798020383227758 -0.0042944727677306747 0.00053268136750823805 -0.00093306979545395327 -0.0043451770933934626 0.023939654446578591 0.0061046418651853496 -0.00066673808363779845 0.0041026520144967814 0.0054095908469588899 -0.002571431981930427 0.0088041073541304145 0.00063522964098744429 -0.00095699614295553087 0.0028433059613030913 0.00022708569001003514 -8.2101589447846333e-05 -0.019170887589830474 0.0058410091049904125 0.0030891791929074965 0.00065103632159105816 0.001928525758517852 0.0075260035493474537 0.0056534300098046164 -0.0022554938112912186 0.0054811994185589097 0.0081158173342807966 -0.0059236450635315454 0.0353225904503007 0.0086197591891003893 -0.01199766714090475 0.002675538327681669
leaf_weight=13802.664344616234 23275.692971363664 5720.1961485221982 193.98672591149807 22455.954552337527 17238.48936085403 256.65908679366112 11939.974034368992 19.966759197413921 69.432105347514153 567.22411104291677 1688.1400143653154 1274.4208849146962 2776.4365288838744 2744.4404001682997 531.31276798993349 2669.8738036900759 169.41432389616966 3092.9794912934303 3502.2048634067178 50.950553514063358 2353.0404932275414 34.134598091244698 48.249677427113056 7931.2343375608325 1495.9339495524764 61.847169943153858 37.378948897123337 103.30332112312317 33.798635974526405 9677.1409532502294 207.9732424467802 428.75147251039743 46.674396395683289 1736.4894488677382 227.69182668626308 573.66609846800566 29.767845869064331 1101.1305178031325 179.63252572715282 9239.1146584898233 154.4388685002923 1144.55852779001 151.04142902046442 105.84059298038483 80.270179465413094 739.12129071354866 259.69675080478191 5388.8425328955054 149.21372503787279 84.859546907246113 1177.2686564326286 7371.4896020740271 3053.961139768362 67.313150487840176 473.59385031461716 228.69401399791241 10507.91539439559 360.19362089037895 860.52311940491199 57.199071161448956 116.05980712175369 486.94198669493198 975.00067947804928 614.96430899947882 317.17924079298973 546.65576008707285 4035.2498890385032 10814.740462690592 115.12495338171721 34.484991244971752 232.15005598217249 228.70974262058735 10557.061102204025 2313.775643363595 1585.0787444710732 392.47541014105082 848.55650468915701 276.64181320369244 49.981887131929398 21.665656372904778 392.96769189089537 559.98726250231266 92.943307630717754 60.142969869077206 67.434612840414047 439.35655138641596 96.352954737842083 202.55968532711267 101.31054461747408 29.864621542394161 785.28790827095509 1026.019404232502 4212.4034617394209 401.86967498064041 21.090298794209957 4029.0730400010943 725.72283664345741 6069.7361881732941 2538.7177059724927 17.180974498391151 1111.6006704568863 478.65266732126474 643.59748642146587 872.27155054360628 1713.9624016955495 110.48323364555836 1732.9479932039976 5643.0840411037207 4926.3125687837601 156.69006331264973 4446.7315996810794 69.724991761147976 775.77033171802759 1044.4572879523039 2650.3547441586852 1372.7208078280091 832.70661832392216 457.69082502275705 695.03773668408394 219.32724266499281 107.14569772779942 809.67745272070169 13.932741098105906 118.84905711561441 65.872300311923027 775.04017277061939
leaf_count=107726 180557 43582 1434 176514 133216 698 88318 127 357 4508 12934 9757 21687 21155 4131 20897 1280 23968 27684 388 18659 69 186 60737 11204 215 156 420 151 74054 1224 3409 162 12914 1641 4576 191 8063 954 72884 1120 8378 1163 441 394 5652 1997 41465 745 580 9341 57475 20484 421 3759 1658 81354 2785 6801 328 802 3637 7412 4706 2463 4040 31851 84019 905 241 1655 1387 80974 18465 12518 2993 6365 2084 350 147 2947 3917 546 291 534 3430 718 1302 532 123 5141 7779 32824 2920 73 30188 5720 47003 20103 89 8566 3408 4906 6464 13349 809 13528 44391 39220 1244 34322 558 5859 8139 21100 10599 6467 3394 5531 1668 799 6290 79 775 440 5966
internal_value=1.2275e-05 -0.000840193 0.00108428 -0.00156677 -2.28424e-05 0.00218456 0.00208483 0.000436114 0.000555579 -0.00108034 -0.00194338 -0.00058965 -0.000823104 -0.0014421 0.0011125 -9.16752e-05 -0.000696698 -0.000105387 -0.00284111 0.0027989 -0.00345983 0.0103897 0.0013902 0.00104929 0.00152031 -0.000377939 0.0131685 0.00357198 -0.00580377 0.000950093 -0.00731697 0.000963987 -0.000817548 -0.00181809 0.00642713 0.00136432 0.00204549 0.00555408 0.00598053 0.00118589 0.000663652 0.00113307 -0.00109057 0.00174518 0.0123979 -0.00119087 0.00133628 -0.00167897 0.000105593 0.00134774 0.000562479 0.00207674 0.00262754 -0.000301503 -0.000448434 -0.00367131 -0.00217159 0.000959919 -0.000618844 0.00993961 0.00542332 -0.00224358 -0.00288547 -0.00209601 0.000259596 -0.00604618 0.00316189 0.000449602 0.00337949 0.00483924 0.00599407 0.00118575 0.00199668 0.00331085 0.00256177 0.00480275 0.000978091 0.00435189 -0.00730526 0.00370879 -0.0010243 -0.00214233 0.00256986 -0.00511521 -0.00437007 -0.00319716 0.00352615 0.000684258 -0.00649245 0.00704698 0.00396562 0.000390413 0.00157485 -0.000622994 -0.00258635 -0.0041421 -0.00218396 -0.00116479 -0.00326064 -0.00268189 0.00215028 0.00406675 -0.000179407 -0.000645277 0.000327669 -0.00326044 0.00223561 -0.00120586 0.0019252 -0.00614817 -0.000620883 -0.00541537 0.00227582 -0.000324994 0.00272071 0.00219319 0.00404488 0.000973933 0.00060012 -0.00148098 -0.00270881 -0.00373258 0.001624 0.00145902 0.0015814 0.00412567
internal_weight=270281 150556 119724 79702.8 70853.6 38856.1 38390.9 53615.2 80868 57246.8 20748.5 36498.3 33633.6 22273.1 27968.8 34992 22137 17353.4 4783.59 613.333 6879.74 465.275 24588.2 45876 30600.6 6631.04 397.341 140.682 67.9332 12855.1 277.405 27209.8 4991.88 19528.7 759.005 22217.9 23969.5 1149.38 825.442 21392.5 15963 12577.7 2714.42 9863.25 186.111 13868.8 2244.45 11624.4 15275.4 1569.86 1485 23939.8 16568.3 25646.3 24793.7 4170.26 17334.5 2048.33 6658.05 471.74 292.108 9576.02 7621.82 6100.16 1954.2 1521.66 13514.3 14260.4 1488.14 1228.45 1122.32 23438.8 11498.8 13252.9 8825.17 4427.73 9056.43 1125.2 106.133 56.1506 443.918 941.783 381.796 153.086 261.421 3941.56 711.317 353.702 151.142 49.8314 852.601 11360.5 5238.42 6122.07 14558.1 4050.16 4526.7 6218.95 3264.44 756.302 2864.67 1590.25 6569.2 5925.6 4319.18 1606.42 2605.22 5797.52 7240.09 307.731 4945.21 498.476 3445.64 24320.2 5429.45 4855.78 2205.43 2194.18 1262.26 1467.26 1247.94 1140.79 331.112 234.909 9304.99 890.165
internal_count=2080193 1165411 914782 616634 548777 292902 291408 415561 621880 440120 160519 279601 257870 170765 217544 269306 172130 134743 37387 4615 54521 1494 183682 352574 235640 50475 1274 576 220 97176 1581 211772 38451 149610 5772 173321 185165 8249 4943 168378 125636 95595 20706 74889 835 105998 17002 88996 116934 12328 11748 184974 127499 198017 192455 32772 133302 15719 52312 2859 1905 73277 58341 46889 14936 11452 107015 110775 11261 9264 8526 175433 87115 105047 70203 34844 69186 8449 738 388 3335 6141 2224 837 1968 31114 5424 2084 782 250 5562 87105 40603 46502 111615 30261 35862 47748 25823 5741 21731 11974 50260 45354 33341 12013 19992 45511 57685 2407 38289 3967 26756 188696 42742 38166 17066 16308 10039 11299 9631 8832 2542 1577 73324 6871
is_linear=0
shrinkage=0.02


Tree=42
num_leaves=127
num_cat=0
split_feature=10 51 53 14 27 8 1 20 55 53 50 6 29 47 39 29 8 18 39 21 55 55 29 34 53 20 6 55 23 29 4 52 31 44 18 29 29 4 14 2 38 6 29 38 46 35 38 34 53 7 50 38 13 33 38 55 20 26 39 47 27 29 26 27 10 24 26 4 1 57 46 27 39 39 27 31 20 24 19 57 39 39 38 6 20 44 57 19 38 21 46 23 4 46 2 55 26 39 45 26 4 31 53 39 39 39 31 39 39 28 1 7 29 29 28 56 27 7 18 55 38 47 57 32 39 14
split_gain=668.177 194.411 154.02 100.877 85.6453 71.1966 69.0986 73.3341 71.5312 64.4459 61.3341 58.4684 57.6449 65.7196 55.8854 53.4097 52.0549 51.6977 51.0755 50.2514 75.116 72.6137 48.9123 64.9903 48.165 46.5829 57.1815 46.0269 45.4659 49.8488 43.9464 42.1553 42.0699 57.4672 47.5971 41.5766 41.3516 41.1641 40.9393 40.0006 39.5883 39.4186 50.1813 49.3231 43.3003 39.1644 38.6682 38.2973 37.8704 42.1722 37.1866 36.5964 58.5035 35.996 65.4024 50.0038 37.6219 52.9412 38.4369 35.3587 34.6873 34.6113 34.4877 44.7144 37.8649 39.2655 34.2657 34.1338 39.492 36.8942 34.0463 33.6387 33.6293 37.3807 37.036 33.3619 33.1129 32.7163 32.6753 39.7315 32.7285 32.5304 35.208 32.3389 32.238 31.8928 31.585 31.5164 33.7928 31.3438 31.3262 31.3109 31.1458 40.2613 35.0033 40.2874 34.4612 38.1719 37.0535 34.1593 33.818 31.4314 31.0174 30.9708 41.0625 48.4989 44.8056 39.6202 43.2771 37.9037 39.8488 38.1428 35.057 33.5263 32.6181 31.8578 31.6742 31.474 35.2961 30.8506 30.8198 30.8169 30.6265 30.4582 55.1534 43.6003
threshold=0.065579991787672057 -1.3577762246131895 0.19856426119804385 -0.37383139133453364 -0.87837970256805409 1.3548302054405215 -0.047858271747827523 1.0672901272773745 0.056541945785284049 -0.2193002179265022 1.3632015585899355 2.5151095390319829 -4.0514318943023673 -0.063357133418321596 0.15520833432674411 3.572928905487061 -0.90575629472732533 -0.031303714960813515 0.87187498807907116 0.77060699462890636 0.36077880859375006 0.26933655142784124 0.44956207275390631 0.037500001490116126 -2.015310406684875 0.73660734295845043 2.4612660408020024 0.20117400586605075 -0.044209580868482583 6.3523948192596444 0.23435815423727038 -0.46536378562450403 0.12999999895691874 -0.016636737622320649 0.95171043276786815 10.240769386291506 2.622836828231812 0.27726514637470251 -7.3473365306854239 0.049493947997689254 -0.18789444863796231 -1.1031375527381895 3.8446962833404545 0.16890875250101092 0.01575662195682526 0.27500000596046453 -0.12578463554382321 0.095833335071802153 -2.7636328935623165 0.10407812520861627 0.068691551685333266 -0.022150675766170021 0.50496187806129467 0.019682577811181549 -0.12578463554382321 0.29020999372005468 1.2149397730827334 -0.98296290636062611 0.092708334326744093 0.034095201641321189 1.0000000180025095e-35 -5.3529233932495108 -0.98296290636062611 0.87837970256805431 2.8752673864364628 60.696172714233406 0.60355338454246532 0.063433282077312483 0.00064620361081324529 0.14678458124399188 0.049374708905816085 0.87837970256805431 0.042708333581686027 0.3510416597127915 -1.0000000180025095e-35 0.2099999934434891 1.3754401206970217 -12541.688964843748 2.0572923421859746 -0.053659837692975991 0.63437500596046459 0.52604165673255932 -0.065739177167415605 0.75335732102394115 0.49850368499755865 -0.033500030636787408 -0.19131065905094144 8.7590279579162615 -0.057134738191962235 1.2336776256561282 0.0011663355398923161 0.035725677385926254 0.47378799319267279 -0.021130072884261605 0.0068689766339957723 0.035422317683696754 -0.6035533845424651 0.65104165673255932 -0.0033058600965887304 0.98296290636062633 0.13148766756057742 0.12999999895691874 1.6874560713768008 0.68437498807907116 0.35520832240581518 0.43854166567325598 0.2099999934434891 0.49687500298023229 0.56354168057441723 0.81174489855766307 0.005442030495032669 -0.18186300992965695 4.0003597736358651 -0.96222460269927967 1.0000000180025095e-35 -0.082260165363550172 0.6078576147556306 0.02899743523448706 1.3547970652580263 0.12231563776731492 -0.016648222692310807 -0.026066346094012257 0.071890410035848631 0.0040962139610201129 0.063541665673255934 -2.1014034748077388
decision_type=2 2 2 2 2 2 2 2 2 2 2 2 2 2 2 2 2 2 2 2 2 2 2 2 2 2 2 2 2 2 2 2 2 2 2 2 2 2 2 2 2 2 2 2 2 2 2 2 2 2 2 2 2 2 2 2 2 2 2 2 2 2 2 2 2 2 2 2 2 2 2 2 2 2 2 2 2 2 2 2 2 2 2 2 2 2 2 2 2 2 2 2 2 2 2 2 2 2 2 2 2 2 2 2 2 2 2 2 2 2 2 2 2 2 2 2 2 2 2 2 2 2 2 2 2 2
left_child=1 6 10 16 -5 9 7 11 24 12 41 40 13 47 39 32 36 31 38 20 21 122 85 28 72 -18 51 83 29 -24 -20 123 34 53 -10 -28 -4 -22 -17 67 48 43 92 -2 -44 66 -30 -3 -1 -50 -48 52 -27 78 -55 56 57 -56 -59 84 -42 -53 63 91 65 -64 -12 68 -6 -70 76 -58 -8 74 -74 -21 -35 -47 80 -80 -34 82 -23 -19 -40 -11 -78 103 -89 -36 -65 -16 93 99 95 -95 98 -98 -96 101 -99 -43 -87 104 106 116 109 -107 117 110 111 -67 -108 114 -105 -115 -106 -109 -119 -52 -112 -101 -15 -14 -125 -126
right_child=2 5 3 4 14 -7 8 -9 15 22 45 -13 17 19 62 18 25 27 30 75 37 81 23 -25 -26 26 35 -29 46 -31 -32 -33 33 70 89 -37 -38 -39 59 -41 60 42 44 -45 -46 77 50 -49 49 -51 119 61 -54 54 55 -57 71 58 -60 -61 -62 -63 64 90 -66 87 -68 -69 69 -71 -72 -73 73 -75 -76 -77 86 -79 79 -81 -82 -83 -84 -85 -86 102 -88 88 -90 -91 -92 -93 -94 94 96 -97 97 100 -100 121 -102 -103 -104 113 105 107 112 108 -110 -111 120 -113 -114 115 -116 -117 -118 118 -120 -121 -122 -123 -124 124 125 -127
leaf_value=0.022515248181099689 0.001274976323673883 0.0017754057406776131 -2.9422990874088262e-05 -0.0040839880259574855 5.9149037105521874e-05 -0.0014313713800441061 0.012568002437855923 -0.0069185842053836348 0.0021988017974414985 -0.023785237584467836 -0.0018916256754882175 0.015910085555836555 0.00052329693948803731 -0.0063758403242042336 -0.0026334573419394074 -0.024558381994797519 2.6849204887638288e-05 0.0013933380702603165 -5.858008818882118e-06 -0.00077977085138772361 0.00024879048537678589 0.011671898814069142 0.0015688422826313896 0.0060466593007535629 0.0024470652845020109 0.0031607694259925944 0.001823119057916135 -0.0036045526633612158 -0.0059964540031366732 0.010249955859569757 -0.025875395135579533 0.003938092085268379 -0.0014942949782150916 0.0007518551982617595 -0.0021416405515317658 -0.01601920223345879 0.0036556543855269562 -0.026290167298670866 -0.00641784557828358 -0.015588563186593163 0.0075301603932341355 -0.00067553490246729977 0.004746981717897422 0.01689039791051403 -0.019535645590511488 -0.018737263545128325 0.0008845085864066717 0.012430668660670184 0.013866698150190393 -0.0099860797969557446 -0.00075678235769013186 -0.021218387091089572 -0.0015807008068167948 0.0078032242975062029 0.025424957439398932 -0.018110370884167479 -0.0059814051392587889 0.012039536355827513 -0.0022859855031753316 0.015439848854690375 -0.0051159117903739797 -0.0026203696698044784 -9.2531340192516436e-05 0.016335117175417514 0.0014719441915662028 -0.0062044457359396324 0.00066939593005467101 -0.0016550700350665731 -0.0042571625172757128 -0.010197267908381363 -0.029214549779341736 -0.031885523131251273 0.0055159689254663802 0.0067003118115759831 -0.00046856510486921503 0.01536236674077915 0.015723750741675434 -0.0044050863020472907 -0.0035053204889061709 -0.011922795582188745 0.018208998306177886 0.017482889004263164 -0.017475627767863176 -0.00055497557386505441 0.0067695435511042189 -0.00035100734717515627 0.0033391835231177829 -0.011541645955495219 0.0065383356882869753 -0.016719793828090645 -0.00011781317745959951 -0.0084247050052249535 0.009188709322174653 -0.0018362590532717069 0.009204332400822449 0.00059233520774175851 -0.005651336653235345 -0.0019958328164985176 -0.0011744299396540423 -0.00018870982502486487 0.0094115484910262739 -0.0060794980073171747 -0.0039667262711295045 -0.0014985165833940231 -0.0076141820003179659 0.00046441499576092561 -0.010248084311913543 -0.0039379370441987643 -0.0017747804561093433 0.0021931711109522017 -0.0013655888085598318 0.00099908706923655969 0.009872669264503248 0.003491150312024694 0.0087042177801270187 -0.0017103158654483428 -0.0026755150393108825 -0.01275355147059712 0.0084233676426631564 -0.0056813244345301798 -0.0054291141658373097 0.025388165742311019 0.0087359243044835607 0.0073821970081823732 1.460045284454074e-05 0.0028829605070788788
leaf_weight=83.311798423528671 9889.8549069166183 951.80308417230844 5084.6634413897991 7478.6529214903712 736.65630210936069 7254.7147443369031 228.07963941246271 127.1079374179244 13680.951452411711 22.558307401835918 7456.0330372601748 331.87677206844091 5948.1384256780148 1025.2508478909731 761.58605403453112 15.520245410501955 10543.366972960532 13248.077122494578 134.24245049804449 2078.3499296605587 30.671272896230221 36.252677500247955 5695.6037978976965 918.7853692471981 10019.57370108366 1179.221196949482 2260.7265779823065 958.39663315564394 442.35565391927958 276.58573111146688 31.680105641484261 4073.6502501294017 126.87390354275703 10736.619265243411 286.69280753284693 52.472845837473869 1600.5014669150114 96.07908421754837 79.800158925354481 101.5053411051631 169.93234477192163 758.44982492923737 1076.8159994855523 80.597361125051975 29.211982980370522 85.48511029034853 6731.3218571692705 156.39453033357859 79.59862345457077 45.971879169344902 2569.4430811181664 39.207534283399582 8814.7154604420066 335.11769493669271 32.339065447449684 74.497912414371967 120.41783052682877 85.2064488530159 570.95124929398298 175.57537668943405 175.16094401478767 11113.693473652005 7037.9299787804484 54.376753717660904 2009.7033926099539 336.6326108276844 2902.0949455350637 3976.2867462486029 3400.35749591887 477.16923263669014 13.834619134664534 23.29219326376915 816.05259219557047 1722.3676634952426 836.91032768785954 51.504808016121387 88.272994659841061 246.79174715280533 912.48597242683172 297.3514571711421 44.829494066536427 83.360224790871143 28.863385707139969 4586.2783330455422 918.20150801539421 22730.215556874871 1094.5772062540054 46.867077894508839 304.1928726285696 73.485650755465031 281.28385914862156 735.48438256233931 137.60779672861099 3262.3302005976439 183.3004894182086 16785.243205741048 1277.5783364772797 505.22315307706594 541.8119990080595 48.71997357904911 129.80867622792721 996.97566018998623 989.47234831750393 223.67031037807465 1528.8672556877136 1367.6492210626602 333.45961429923773 580.60793759673834 1723.8398336693645 1188.8420953303576 1561.5398040115833 2275.2161418348551 37.793934918940067 523.1450105831027 282.94924172759056 4641.1698626130819 789.93409445136786 396.44604749977589 33.454681746661663 633.86475799977779 1432.6328408569098 29.633856721222401 55.701308958232403 794.45218875259161 3232.3159649893641 6161.305830553174
leaf_count=339 77177 5289 39432 59397 5850 55918 1817 666 103374 73 57657 1369 46859 6816 5977 44 78492 103778 1023 14714 216 223 44693 7103 79894 9221 16619 5992 3047 2019 146 31903 830 81397 2060 305 12002 271 572 596 725 5474 7505 448 106 567 52343 806 334 167 20308 300 67147 2171 211 394 837 529 3951 1298 779 86309 55901 423 15199 2683 22476 30352 27051 3819 78 101 6535 13755 6627 380 688 1914 6244 1804 287 460 142 35368 6890 178155 8443 360 2408 531 2064 5766 537 26052 1321 131208 9739 3974 4092 337 924 6914 7741 1734 11983 10715 2632 4559 13534 9196 11966 18058 288 4109 2172 36339 6129 3091 256 4774 11234 200 400 6131 24079 48667
internal_value=1.1174e-05 0.000995888 -0.000993249 -0.00148799 -0.00212268 0.00046991 0.00207945 0.00724148 0.00195927 0.000632964 -6.23413e-05 0.00927989 0.00116831 -0.000950359 -0.0017482 0.00141265 -0.000760085 0.00141792 0.00529136 -0.00229916 -0.00530691 -0.00378574 6.38104e-05 0.000873709 0.00316085 -0.00107728 -0.00157353 0.000662689 0.000582588 0.0019727 -0.00507662 0.00212008 0.00122866 0.000475125 0.00200969 0.0014112 0.00085309 -0.0199087 0.00674197 -0.00316291 0.00528455 0.000335266 -7.79527e-05 0.00140299 0.00408767 -0.00139136 -0.00021747 0.00328988 0.0121348 0.00511629 4.03254e-05 -0.00190012 -0.00102088 -0.00220437 0.000266125 -0.00252401 -0.00110748 0.000838376 -0.000408709 0.00717731 0.0011122 -0.00268774 -0.00134477 -0.00400417 -0.00117452 -0.0013742 -0.001174 -0.00301418 -0.00418456 -0.00499085 0.00106439 -0.0103781 0.00514409 0.00463856 0.00248689 -0.000381921 0.00110207 -0.00814049 -0.00442433 -0.00558311 0.00371983 0.00928434 -0.00130183 0.000892251 0.00570871 -0.000525206 0.00427676 -0.00183413 0.00409586 -0.00515678 0.00258518 -0.00548299 -0.000265009 -0.000318479 -8.79504e-05 0.00019701 -0.00225338 -0.00366057 0.00145689 -0.00316816 0.000345542 -0.00374694 -0.000502041 -0.00194249 -0.00246066 -0.00362226 -0.00141938 -0.00231405 -0.0037038 -0.00104892 -0.0017369 6.82454e-05 -0.00817607 -0.000700612 0.00420371 -0.00118264 -0.00593406 -0.00698853 -0.0110875 -0.00173302 -0.00331138 0.00967004 -0.00558885 0.00166083 0.00232475 0.00189618
internal_weight=270223 136451 133772 87348.5 46659.9 91861.8 44588.8 1012.96 43575.8 84607.1 46423.6 885.852 43596.8 4594.23 39181.3 29952.8 40688.6 39002.6 1355.02 3486.03 1356.18 1229.43 41010.2 17268 13623 34003.4 23460 18792.8 16349.2 5972.19 165.923 20209.9 28597.8 14556.7 14041.1 2313.2 6685.16 126.75 1189.1 8691.98 553.976 35733.2 25762.7 9970.45 1106.03 10690.4 10377 1108.2 208.882 125.571 9934.63 21146.8 9993.94 2623.36 1241.82 906.705 832.207 688.497 656.158 1173.58 345.093 11152.9 30489.3 1832.73 28656.5 26646.8 10358.1 8590.47 4614.18 3877.53 11933.3 143.71 3603.41 3375.33 1652.96 2129.85 11919.5 332.277 1381.54 1209.84 171.703 148.476 65.1161 17834.4 998.002 23742.2 1182.85 19608.9 351.06 360.178 335.661 1497.07 24656.7 24519.1 22685.3 20047.6 2637.72 1912.61 725.112 1833.78 635.032 1755.43 23719.7 19257.9 13586.9 6420.8 7166.12 4102 2734.35 6794.86 5606.02 2611.85 371.254 5670.93 506.62 5164.31 2318.8 1010.51 429.901 3203.31 2994.17 78.3538 1080.95 16136.2 10188.1 9393.62
internal_count=2079868 1045578 1034290 675668 365841 708668 336910 4379 332531 652750 358622 3713 332494 29717 306444 223903 309827 302777 9973 23622 8528 8041 320256 134287 108628 258393 179901 145138 127184 46712 1169 157639 213930 107965 105965 16924 51434 487 8804 67668 2344 276008 198383 77625 7611 82614 80472 6095 840 501 77425 162977 76368 17359 8194 6023 5629 4691 4480 8760 1504 86609 238776 14230 224546 209347 80133 67072 36720 30870 90606 938 28734 26917 13162 15094 90528 2481 9165 8048 1117 825 365 139146 7462 185969 9131 153446 2768 2591 2487 11743 190772 190235 177310 157260 20050 14637 5413 12925 4898 12388 185896 150678 106324 50267 56057 32155 21440 53137 43941 20741 2920 44354 3906 40448 18112 7906 3347 25082 23200 537 7216 125736 78877 72746
is_linear=0
shrinkage=0.02


Tree=43
num_leaves=127
num_cat=0
split_feature=8 34 53 53 26 29 32 6 27 38 12 40 55 39 40 5 1 39 38 38 55 55 6 53 8 39 15 51 39 29 48 29 26 5 54 39 29 14 39 24 17 38 39 34 18 5 33 29 55 32 45 6 23 40 25 55 33 48 32 14 18 19 27 29 39 29 48 6 51 33 23 18 38 27 29 20 33 27 27 34 55 34 48 55 38 48 29 48 18 39 39 38 34 24 46 51 18 40 38 34 39 48 39 39 39 18 33 56 26 27 39 16 55 38 55 5 18 23 29 12 12 20 29 37 1 46
split_gain=616.347 230.607 226.151 92.3153 82.3916 103.908 81.9973 79.7623 73.1847 72.4402 71.9523 72.157 93.277 71.8038 70.4186 67.8628 64.5411 61.8402 60.4839 60.1648 65.6524 64.1377 59.0249 58.0594 56.3358 52.328 66.2343 71.1094 61.6013 60.6134 52.6137 49.9682 49.4441 51.9043 49.205 49.0692 68.0598 63.563 52.1391 48.1877 47.2453 47.1559 67.4032 46.4292 45.5292 52.4234 48.2777 52.2517 51.5439 57.8528 46.1879 44.9577 45.9652 43.7249 43.0712 42.4732 45.9268 42.2006 41.7422 41.7324 41.3134 41.2011 41.0881 49.0454 51.48 44.8645 41.2531 40.8464 40.7551 40.5714 40.3608 39.632 46.2062 39.5861 39.4222 54.2398 42.6236 39.4181 38.7397 53.0158 56.8234 38.6757 38.2758 37.9074 37.3595 40.2115 38.6214 37.8345 37.3219 37.1009 37.0603 36.9563 38.2987 36.5444 46.1479 36.4135 36.3949 36.2969 40.4631 39.7123 37.3165 35.8868 44.0915 35.2814 51.1928 39.3031 35.1788 35.0012 34.9128 34.3634 36.7414 35.0287 46.5391 33.6785 33.0773 33.0406 33.0073 32.9838 35.2264 32.9689 32.8539 32.6745 32.6524 32.5848 32.4602 32.2115
threshold=0.035408999770879752 1.0000000180025095e-35 0.68898880481719982 1.2363823652267458 0.78656607866287243 5.5065631866455087 0.081870529800653472 -0.27425122261047358 -0.87837970256805409 -0.23981512337923047 0.86704677343368541 0.34150634706020361 0.31536227464675909 0.030208333395421508 0.12500000000000011 0.085073672235012068 -0.001461888605263084 0.50520834326744091 0.24217850714921954 0.070727899670600905 0.36077880859375006 0.31536227464675909 3.6421235799789433 -0.68033555150032032 -1.6959871053695676 0.56354168057441723 8.7330217361450213 1.2140090465545657 0.49687500298023229 -0.32000541687011713 0.0096536194905638712 4.3172717094421396 -0.12940952181816107 0.033363534137606628 0.15757473558187488 0.48020832240581518 2.9492139816284184 -7.3473365306854239 0.68020832538604747 -9851.4218749999982 2.2938132286071782 0.16890875250101092 0.21770833432674411 0.10416666790843011 -0.45490165054798121 0.32256756722927099 0.010828552301973106 -7.5872063636779776 0.26933655142784124 0.058384967967867858 0.013389351312071087 0.55053654313087474 0.015569341834634544 -0.4665063321590423 0.37940952181816107 0.16313930600881579 -0.020086760632693764 -0.078094564378261552 0.058384967967867858 -1.9861698150634763 -0.28284604847431177 2.7640004158020024 -0.87837970256805409 -0.33213794231414789 0.48020832240581518 0.86562037467956554 0.063375711441040053 2.7654128074646001 0.065585721284151091 -0.00829543638974428 -0.047943187877535813 -0.46428668498992914 0.041745269671082504 -1.0000000180025095e-35 -11.102008819580076 0.53780430555343639 0.06234401464462281 -0.60785761475563038 0.87837970256805431 0.070833336561918273 0.15346919000148776 0.012500000651925804 -0.12250675633549689 0.20717659592628482 -0.23981512337923047 -0.086653765290975557 -0.32000541687011713 0.026169897057116035 -0.65627217292785633 0.86354166269302379 0.10937500000000001 0.15202475339174273 0.037500001490116126 65059.337890625007 -0.021995655260980126 1.1817926764488222 0.50156676769256603 0.46650633215904241 -0.037316912785172456 0.020833333954215053 0.29687500000000006 -0.0091200689785182459 0.93437498807907116 0.43854166567325598 0.36770834028720861 0.44317428767681127 0.024338113144040111 -0.058565847575664513 -0.91597560048103321 1.0000000180025095e-35 0.30104167759418493 -2.2758096456527706 0.44935074448585516 -0.076997160911560045 0.29020999372005468 0.0311801927164197 -3.3163046836853023 -0.11155971139669417 4.0003597736358651 0.38004530966281896 0.30059328675270086 0.82270708680152904 8.4523501396179217 0.82643067836761486 -0.0070951164234429589 -0.013085801620036362
decision_type=2 2 2 2 2 2 2 2 2 2 2 2 2 2 2 2 2 2 2 2 2 2 2 2 2 2 2 2 2 2 2 2 2 2 2 2 2 2 2 2 2 2 2 2 2 2 2 2 2 2 2 2 2 2 2 2 2 2 2 2 2 2 2 2 2 2 2 2 2 2 2 2 2 2 2 2 2 2 2 2 2 2 2 2 2 2 2 2 2 2 2 2 2 2 2 2 2 2 2 2 2 2 2 2 2 2 2 2 2 2 2 2 2 2 2 2 2 2 2 2 2 2 2 2 2 2
left_child=1 4 10 6 24 61 13 14 54 -9 11 18 31 121 -8 16 62 41 32 20 -11 43 25 -20 39 26 28 53 97 -27 73 77 -2 101 68 36 44 -38 40 113 96 42 -14 -21 45 67 47 50 57 -50 -46 52 -42 -28 88 56 -56 -49 60 125 -26 82 108 64 66 115 71 -17 -32 -62 -71 -64 -73 -31 75 -40 78 83 -76 84 -81 -39 -6 -13 -80 -86 -87 89 -4 -88 -72 93 -93 -48 -95 -30 -37 99 100 103 -99 -34 -103 104 -10 -106 -77 -94 -15 110 -44 -112 -113 -1 -36 -65 -47 -35 -119 -53 -109 -3 -24 -63 -110 -33
right_child=2 3 8 -5 5 -7 7 9 22 19 -12 12 17 15 -16 35 -18 -19 23 21 -22 -23 122 -25 58 29 27 -29 95 30 34 59 33 117 114 38 37 81 74 -41 51 -43 109 -45 46 116 91 48 49 -51 -52 119 -54 -55 55 -57 -58 -59 -60 -61 69 123 63 65 -66 -67 -68 -69 -70 70 90 72 -74 -75 76 106 -78 -79 79 80 -82 -83 -84 -85 85 86 87 -89 -90 -91 -92 92 107 94 -96 -97 -98 98 -100 -101 -102 102 -104 -105 105 -107 -108 120 124 -111 111 112 -114 -115 -116 -117 -118 118 -120 -121 -122 -123 -124 -125 -126 -127
leaf_value=0.0023703126901300064 -0.00024944110917339443 0.0022998980415015642 0.0024529528874999255 -0.0017480834593485962 -0.024912653061956926 0.0084002274050109169 0.010531808215986321 0.021968912547388541 -0.0022121584751832427 0.014401349776190153 -0.0016458014441589678 0.00031740585218538968 0.025007398621956844 0.0097776773548108511 -0.021769465760997597 0.0021303319508696006 0.00092021321232988427 -0.016326255788878634 -0.011427851702172462 -0.0082440051912221288 -0.017628217488715427 0.020554871523816628 0.0036030788093072198 0.0091024866731311219 0.0013011048742396125 0.0024845249097765571 0.026110655621923641 -0.017228641460402028 -0.0022775311179431203 -0.0019272411387886588 0.001277466097325601 0.013552786336672952 0.0033173298697801589 0.0034067928938057578 0.003812489934107743 0.0044655817447850485 -0.022019946503762343 0.00088626494751730984 0.008606772690068926 0.0015029814921636131 0.023559743179925801 0.023525491015538774 -0.025473325362928883 0.015349946022511178 -0.013064832740189811 -0.0064772311754823586 0.00058731440026997084 -0.012888879128635183 0.011958672450899637 -0.019389743010737918 0.012892974610932764 0.0022723978301540187 -0.013572547161170569 -0.0041237994174951184 0.0066078413285148435 -0.018044105330248795 -0.0058623891352388713 -0.0016292004053597626 -0.01312704196282641 0.0099472391757615929 0.001051161528999547 -0.0043814031931271712 0.004557276095960747 0.0031100015561882533 0.0048730825002449565 0.0034721368650299823 0.023686790397276038 -0.0020877351918640826 -0.0034739525822187482 0.00077106972452976354 -0.0034370339540333271 0.0019222690348581336 -0.0037235859762861211 0.0017775552166367553 0.0014681352086358249 -0.00441969673197911 0.014725838372120435 -0.0021657876692098249 -0.014985061261246959 -0.019114779206393897 0.015366961647577868 0.0086385083805079806 -0.000865092858068785 -0.011203207287269163 -0.023942085704188303 0.0055931656874670648 -0.013737999751661276 0.0098940781167906472 -0.0032024623569340918 0.0027487819941252149 -0.00073756009937675439 -0.021546728851859515 0.0057294481140911018 0.010964951770318102 -0.0083062179499111561 -0.0065435198357016913 -0.00052868858559498475 -0.0014228056370704581 -0.0019345214331737764 1.1933838026512653e-05 0.0043552339563824247 -0.0026106549193196773 0.0093087999455759053 0.00041120602030014617 -0.0035971151777877985 -0.0092622251663935784 -0.030830874412216876 -0.014225129834277395 0.0082103740128327326 0.0097899949309209772 0.02064594730967715 0.0075798837699343506 -0.031611515140964101 0.011929947403829534 -0.0099944674910463389 -8.713328607685278e-05 0.015153411978125695 0.00090887463699315912 0.0045469724791560176 -0.021682378438127054 0.01282241869924992 0.0066607233035384959 -0.017570746137459087 0.00040377045880224497 0.0030984269673711468 -0.016551074820646109
leaf_weight=281.06379045546055 20961.303217560053 1152.4781693220139 517.55947725474834 2930.9463628381491 25.55606447905302 424.88083455711603 48.788278140127659 185.25877559185028 19475.413397364318 39.572022691369057 12237.95469108969 4546.342593356967 60.249008536338806 461.61487403512001 58.135783798992634 3849.3129625543952 10761.012499108911 34.900029979646206 299.31494764983654 79.188773699104786 68.519699230790138 150.084811642766 1046.9501012787223 66.633349932730198 9803.5084324032068 2047.6822501942515 22.345510423183441 232.32312898337841 1431.9529001936316 1858.389242388308 825.79060346633196 19.287411652505398 586.31196020543575 2847.6970424428582 700.66395811736584 4341.6731762439013 32.79832462221384 404.49579121917486 39.384930096566677 8227.0727498233318 30.356412418186665 91.418803721666336 29.535959050059319 56.126871839165688 254.65153584629297 33.260627053678036 4869.1372963562608 135.53444731980562 187.94821284711361 25.965353883802891 29.871815510094166 32.463498406112194 22.300889700651169 105.00562962889671 123.36461132764816 107.54252564162016 2401.7610521018505 5460.0432233139873 93.664166569709778 261.77520602196455 7889.6437462493777 2917.8945498168468 1937.6404641643167 1650.7867963090539 4905.2437777072191 3070.371521666646 34.646089680492878 1204.8222106173635 5708.4580161869526 6209.2103842049837 2362.0566342920065 4607.0738401934505 662.25279270857573 3038.1844111979008 4291.6341757103801 35.559580393135548 86.781686395406723 11017.904228970408 67.956290900707245 126.23793860524893 21.690529398620129 709.65032831579447 9260.6905812844634 116.18761979043484 25.041108913719654 379.85045258700848 147.89273028075695 60.781321637332439 4677.0924477651715 85.611560136079788 14644.915771648288 52.908592499792576 104.69099635630846 270.59732153266668 60.00182131677866 1820.7490144968033 673.64220836013556 725.54253038764 2028.1571997776628 3319.954586841166 1161.4707449227571 2848.7897861227393 128.79254447668791 1744.6351983174682 1559.2860272377729 715.66454717516899 47.127675451338291 107.53432516753674 594.32541011273861 90.13550977408886 22.821735791862011 28.166341841220856 19.852269500494003 311.1474242284894 76.031563468277454 5949.2089704349637 166.83075731992722 19331.975132040679 1125.9113618731499 75.670675948262215 20.675060026347637 1710.4075195416808 28.972651660442352 706.45103237777948 3036.2016717717052 47.059787638485432
leaf_count=1966 162386 8455 4106 22814 89 3119 226 592 150323 170 94612 35774 283 3715 201 29137 85810 168 1584 338 163 454 7532 354 76330 15776 99 1218 11045 14660 6466 132 4687 22220 4961 31876 125 2924 175 63980 140 291 135 232 1324 226 35002 857 1181 133 160 141 116 626 968 750 19121 40690 421 1771 59592 22928 15313 13253 38929 24302 249 8776 44530 48932 18399 36502 5229 23740 31309 196 451 85094 383 827 146 5273 72291 828 150 2833 1068 468 36704 673 114556 264 564 1462 293 13923 4911 5510 15927 25690 8755 22783 1029 13527 12059 5525 197 548 4745 469 96 190 104 2252 526 47269 1013 148706 8411 389 108 13109 152 5573 24208 327
internal_value=1.09465e-05 0.000960662 -0.000949783 0.00172849 7.65268e-05 -0.00131965 0.00187453 0.00875238 -0.00189832 0.0116827 -0.000239765 2.66763e-05 -0.00111981 0.00180615 -0.00706046 0.00167205 0.00222957 0.00869884 0.000416487 0.00679387 -0.00586861 0.0115969 -0.00161499 -0.00767226 0.000450268 -0.0017176 -0.00214043 -0.0106673 -0.00204984 -0.000698795 -0.00123301 -0.00135168 0.000478553 0.0010465 -0.00230746 0.000936909 0.000300686 0.00501252 0.00201676 0.00190029 0.00345193 0.0112943 0.0067555 0.00157588 -2.05667e-05 0.0015233 -0.000721255 -0.00194638 -0.00153536 0.00807636 -0.0103004 -0.00718742 0.00785534 0.00133556 -0.00369583 -0.00578003 -0.00525039 -0.00190436 0.000138321 0.00636054 0.000169038 -0.00164023 0.00275309 0.00242183 0.00329096 0.00143213 0.00221861 0.0011244 -0.00287322 -0.00018775 -0.000608844 0.002112 0.00121193 0.000371169 0.000644468 -0.0105452 0.000904643 -0.00151352 0.000671305 -0.00306226 -0.0139828 0.00582824 -0.000934056 2.77635e-05 -0.000939649 0.000443514 0.00138493 -0.00404403 -0.00263844 -0.00770311 -0.00111272 0.000639686 -0.00634914 0.00102517 0.00744983 -0.00466707 0.0037946 -0.00177264 2.59578e-05 -0.00203528 0.00213351 -0.00120096 -0.0020918 -0.00232459 -0.00254409 -0.005383 -0.0196733 -0.00281503 0.00459884 0.000877709 -0.00713307 0.00074788 -0.00891691 0.00740627 0.00244851 0.000607499 0.0115385 0.00139026 0.00110936 -0.0145267 -0.00979022 0.004907 0.00301619 -0.00344856 0.00393757 -0.00771361
internal_weight=270201 135880 134321 72722.3 63157.8 13335.5 69791.3 685.675 57500.9 578.751 76820.3 64582.4 16385.6 69105.7 106.924 66242.8 37670.4 377.08 48196.7 393.492 108.092 285.4 49673.6 365.948 49822.3 48597.7 34342.5 359.674 33982.8 14255.2 12207.5 16008.6 47830.8 26869.5 7310.94 28572.4 17980.7 1146.94 10591.7 8819.28 5176.11 342.18 250.761 135.316 16833.8 5254.23 11579.6 6094.01 5809.49 213.914 284.523 160.791 52.6573 127.351 7827.32 2632.67 2525.13 5595.58 41003 328.122 40909.3 12910.6 26909.4 22817.2 12146.9 10670.4 7241.61 5054.14 6534.25 31105.8 23216.2 7206.97 5269.33 4896.57 5415.55 122.072 5293.48 15680.4 5206.7 915.062 147.928 1114.15 9286.25 4662.53 767.133 699.177 674.136 294.286 5194.65 233.504 17007 5485.55 285.809 5199.74 330.599 3252.7 5015.32 30730.1 3915.17 26815 1887.01 3563.89 2977.58 23495 21750.4 2274.95 82.6873 232.9 4092.14 190.512 100.376 70.8403 48.0186 592.211 776.696 7600 200.091 23305.6 20457.9 108.134 128.209 2862.89 1075.92 3624.35 3630.53 66.3472
internal_count=2079868 1043215 1036653 552787 490428 104000 529973 2376 444219 1949 592434 497822 125662 527597 427 506033 299524 1736 372160 1357 333 1024 382570 1938 386428 374886 264227 1943 262284 110659 94883 123926 370222 207836 56483 206509 130060 8322 76449 68198 37573 1568 1277 570 121738 39152 82586 44345 42861 1314 1484 786 256 725 61649 20839 20089 41547 318230 2230 317809 100881 213714 181046 96222 84824 57293 37913 50996 241479 181887 57044 41731 38400 38876 568 38308 121696 37857 6548 973 8197 72380 36602 5575 5192 5042 2209 40810 1741 132955 38241 1484 36757 1755 24968 36787 237316 30192 207124 14265 28499 23812 181434 167907 17584 393 1220 32668 994 525 390 294 4218 5487 60522 1239 179337 157117 530 656 21564 7684 28501 28953 459
is_linear=0
shrinkage=0.02


Tree=44
num_leaves=127
num_cat=0
split_feature=10 10 53 5 40 39 27 39 20 5 2 20 51 40 2 25 4 8 48 53 17 2 38 54 47 25 53 20 39 8 39 39 39 52 26 34 27 48 54 27 14 39 38 38 35 38 39 57 14 53 5 34 48 53 38 46 6 26 4 38 48 48 39 48 15 4 48 27 47 48 6 9 13 40 35 48 17 39 4 45 2 28 38 57 47 38 27 3 23 54 34 54 13 6 39 10 19 15 26 5 26 6 38 25 53 38 3 54 53 25 32 43 52 19 35 22 8 45 7 54 37 4 20 39 47 14
split_gain=601.459 171.305 135.365 93.3863 76.6929 69.4612 65.7041 65.7797 64.5846 60.1037 58.526 57.6449 54.75 53.204 55.7126 51.1083 68.9739 71.0218 50.9694 50.4528 50.2241 49.7664 48.8502 47.2242 47.1925 46.9184 46.7061 48.3403 46.4683 49.5289 49.262 45.5863 60.6445 45.3061 46.5446 47.2638 44.2785 83.5204 50.3389 48.1952 52.8632 51.2611 44.0741 43.152 42.6831 41.8852 43.4987 40.5616 52.9934 44.0151 40.1356 39.8498 39.0175 38.6314 51.9171 39.0652 40.3282 38.2732 69.9588 38.2084 55.9348 48.5864 46.032 50.6192 44.7919 38.0566 37.7972 37.7806 37.5074 37.0654 36.7923 36.6191 36.1707 35.9624 45.8059 42.1358 38.4373 40.5723 36.5252 35.7456 35.695 35.6942 60.3441 47.5996 44.1577 61.7314 50.8712 44.1401 40.2859 51.2557 38.0682 37.6645 35.3916 37.0504 35.1594 35.1157 34.8666 43.9364 40.0962 34.7688 34.6099 34.4099 51.9135 34.3997 37.1116 34.3633 34.2327 34.0368 33.7242 34.9915 33.7 33.4356 33.3853 35.3119 33.3537 33.2706 33.1929 35.2896 48.1789 36.9511 54.1679 40.5047 38.7971 40.8982 33.1078 46.4794
threshold=0.065579991787672057 -1.3599657416343687 0.19856426119804385 0.062000945210456855 0.12500000000000011 0.93854168057441723 -0.87837970256805409 0.063541665673255934 0.74844077229499828 0.044831773266196258 0.004455223912373186 2.5189616680145268 1.4047575592994692 0.46650633215904241 0.015831494703888897 -0.37940952181816096 0.47378799319267279 -0.44705969095230097 0.010185357183218004 -0.2193002179265022 3.420794010162354 0.017294025979936126 -0.029708983376622197 0.21563432365655902 -0.0076308799907565108 -0.91597560048103321 0.52554404735565197 0.94444525241851818 0.33437500894069677 0.43861435353755956 0.41770832240581518 0.067708335816860213 0.45520834624767309 0.98462468385696422 -0.91597560048103321 0.087500002235174193 -0.60785761475563038 -0.078094564378261552 0.46424406766891485 1.0000000180025095e-35 -1.3386249542236326 0.084375001490116133 0.14000282436609271 -0.0096274362877011282 0.37500000000000006 -0.18789444863796231 0.16770833730697635 0.035251593217253692 -2.7968764305114742 1.4394258856773379 0.32256756722927099 0.037500001490116126 0.0099275950342416781 -2.4916338920593257 0.097963448613882079 -0.014316792134195564 1.3150832056999209 0.37940952181816107 0.18395568430423739 -0.11773394793272017 0.018390625715255741 -0.056816913187503808 0.15937499701976779 -0.10024167969822882 4.0360629558563241 0.01179134286940098 -0.031581556424498551 0.6078576147556306 -0.0044810147956013671 0.034573957324028022 -0.89082896709442128 0.65613290667533886 0.46246661245822912 0.46650633215904241 0.12500000372529033 -0.0076211253181099883 2.6714563369750981 0.38437499105930334 0.23435815423727038 0.0029241373995319013 0.026936091482639316 0.81174489855766307 -0.11438549309968947 0.088829301297664656 0.006924655521288515 -0.076997160911560045 0.87837970256805431 1.7924904823303225 0.0044736277777701625 0.12899048626422885 0.012500000651925804 0.026382093317806724 0.39478793740272528 -0.74431633949279774 0.48020832240581518 1.8866317868232729 3.1905772686004643 8.7330217361450213 -0.6035533845424651 0.29290214180946356 0.60355338454246532 -1.3609555363655088 0.1314416974782944 -0.7865660786628722 -1.6358996629714964 -0.073285628110170351 -0.20471513271331784 0.46424406766891485 1.9581884741783144 -0.6035533845424651 0.081870529800653472 -0.011723249685019253 -3.8278392553329463 2.4627292156219487 1.0000000180025095e-35 0.2205828279256821 -1.2423287034034727 -0.047965487465262406 -0.1654756888747215 0.20862982422113421 0.78115358948707592 0.1689805090427399 0.60308179259300243 0.35520832240581518 0.0030340580269694333 -0.093272328376770006
decision_type=2 2 2 2 2 2 2 2 2 2 2 2 2 2 2 2 2 2 2 2 2 2 2 2 2 2 2 2 2 2 2 2 2 2 2 2 2 2 2 2 2 2 2 2 2 2 2 2 2 2 2 2 2 2 2 2 2 2 2 2 2 2 2 2 2 2 2 2 2 2 2 2 2 2 2 2 2 2 2 2 2 2 2 2 2 2 2 2 2 2 2 2 2 2 2 2 2 2 2 2 2 2 2 2 2 2 2 2 2 2 2 2 2 2 2 2 2 2 2 2 2 2 2 2 2 2
left_child=1 9 12 6 15 8 51 -8 10 24 95 13 101 42 -15 26 21 -18 20 36 31 22 44 70 -1 -9 27 59 79 52 -31 53 -33 34 35 69 37 38 -6 41 73 106 72 -23 -17 46 -12 48 -47 -50 -49 124 -30 -11 55 56 -55 110 -59 61 -61 62 -3 64 -64 -21 -58 -44 -29 107 114 -67 -10 74 75 76 94 -78 -77 115 -32 84 88 -84 91 96 90 -85 -83 -90 -87 -74 93 -60 -41 -5 98 -98 -86 -7 -14 102 -2 112 -105 -97 -38 -24 109 -93 -34 -56 -20 -114 -16 -27 -43 118 -118 -119 -121 -122 123 -123 125 -4
right_child=2 4 3 5 19 99 7 25 11 18 45 -13 100 14 23 16 17 -19 103 65 -22 43 33 -25 -26 28 -28 68 29 30 80 32 57 -35 -36 -37 39 -39 -40 40 -42 116 67 -45 -46 47 -48 50 49 -51 -52 -53 -54 54 111 -57 66 58 92 60 -62 -63 63 -65 -66 71 -68 -69 -70 -71 -72 -73 81 -75 -76 78 77 -79 -80 -81 -82 82 83 87 85 86 -88 -89 89 -91 -92 108 -94 -95 -96 105 97 -99 -100 -101 -102 -103 -104 104 -106 -107 -108 -109 -110 -111 -112 -113 113 -115 -116 -117 117 119 -120 120 121 122 -124 -125 -126 -127
leaf_value=0.0067249749136530021 0.00131742495620771 0.017856517329526748 -0.00059140385159614614 0.0027617963976690053 -0.017085156959424953 0.0023491725533160484 -0.0049130541023242524 0.00083367668733124096 0.0020303827262816826 0.0078114807468418288 0.010599818685083051 0.0057203388483659601 -0.0025031445518735596 -0.0011835366113337924 -0.0088671658760414752 -0.0054851513480241934 0.0090984092795731598 -0.018340610108451835 -0.022648836864351037 -0.0095791857103998471 0.013310112157482765 0.014503818740316548 0.0021958968251756285 -0.010045095937171795 0.0027366524266835596 0.0008921027225058262 0.00014531902080159995 0.0057585365834298191 0.00030614481317538548 -0.0065611794518797397 -0.0028641284398373957 -4.2974326619069131e-05 0.00116973324320483 -0.0022610995551828068 0.0002779100965802744 -0.0091564560867951304 0.011497338810082585 0.0023089662484248215 0.010754503056751758 -0.0031565049110891426 -0.00081851830475778017 0.0013419243167481646 0.0061545757581690317 0.0030948687077639835 0.02533071673946621 0.016184174991930041 -0.0094854872233758377 -0.0017430126482352267 -0.0011288614419483543 0.0023728534409090123 -0.01487040735393641 -0.012513415740457721 -0.0034558606324945887 0.014332611180226303 -0.025164720779019718 0.001612784151213797 -0.0083101473136898904 0.005851091271210712 -0.029006621111963719 0.0014260724506576878 0.0070835683947226974 -0.0030760244073346518 -0.014731761692800976 0.0069418953353500411 0.0098363792914592518 -0.000669768116882654 0.012854169381582306 -0.0035742403888662602 0.0023575964428742867 0.0086429295835825076 0.006825277790835923 -0.0039511816886359961 0.014812701733645026 -0.0010370389085632551 0.0064864228229221544 0.0059936255092969118 0.022826903746797682 -0.0061579832882983519 -0.0098138476663714256 -0.0019888500347551891 0.016188739339670924 0.0049705132156156366 -0.00099188514334316922 0.0021530504495450159 -0.015129332991782991 -0.0047419283887260265 -0.0012286968597714925 0.013396012507297606 5.529586441655812e-05 -0.015504006497658636 -0.0010454409414404617 -0.0030231110791363904 0.024254749326391347 -0.0026901952966895937 0.0027946026272725817 -0.014035124416447685 0.0019984141062866214 -0.019128648137990863 -0.0017922515748545432 0.018360676553411195 0.00049998499907201975 -5.6662072032543207e-05 0.016054044146896599 0.0072098464062879206 0.0029603399450676472 -0.00033011767235731983 -0.00048649961425415762 -0.017205239696088264 -0.0047281207160819981 -9.5246267398765594e-05 0.012657848724436094 -0.0033996269002896829 -0.00175711224903578 0.0039933691536548225 0.020121043818117107 -0.0053249863893250196 -0.014430696798966237 -0.0022753459476008288 0.018201531300106041 0.01256149947747061 0.0011487130960761603 -0.027511611778176792 -0.0051367000322012548 -0.0092177895689875885 -0.0051714275221623786 -0.0060680688173331042
leaf_weight=1376.6424798369408 6404.7470358982682 82.328705668449402 2066.339352235198 3660.3543787449598 137.97484544664621 1894.3590712845325 2508.5271916240454 2991.9291157796979 898.46793238818645 651.22690223157406 48.242732763290405 437.46982610970736 5407.8274146839976 1874.5920177772641 107.77326888591051 716.49748049676418 49.982714705169201 146.27418287843466 23.68833651393652 206.24738152325153 133.7199479714036 152.84936675429344 5958.8427720591426 83.343819387257099 8619.824685305357 4550.7584323436022 5094.1238602995872 2362.2083849087358 3205.2882940843701 1699.2216781079769 6771.8203450739384 14364.377255879343 8365.5961000397801 2208.4421744123101 22409.75310344249 142.36477729678154 193.3713273704052 5600.1577771157026 31.182583697140217 1019.5675092935562 4482.9974074885249 1022.5636022090912 497.27924043685198 972.09908125549555 17.455352924764156 84.740784771740437 352.22737294435501 3666.3728426471353 3407.3320085704327 2479.83203984797 94.640689335763454 214.97383721917868 1679.704905860126 218.56458926945925 38.376129381358624 1421.8872601017356 80.130671970546246 1916.3147966191173 21.618986040353775 5302.2881742268801 804.52940960973501 1342.9196309670806 104.76510317623615 249.72945959866047 40.411484926939011 15599.651063665748 56.794335007667542 234.02261304855347 2884.0771573111415 364.2739273160696 960.09037969261408 1489.5961858406663 57.203956954181194 1084.0156957358122 1121.8555950522423 922.95963716506958 55.317843720316887 28.789924480021 61.487518198788166 4917.4702072814107 38.567627400159836 85.726849734783173 3229.7203796729445 1004.920301027596 93.107300892472267 8806.2844126001 2807.1243265420198 161.42919314652681 128.68409120291471 245.94617372006178 1277.4134569093585 2247.5443876683712 17.389129035174847 408.49868474155664 648.962113276124 91.654338292777538 1600.3634551018476 39.364404819905758 2184.8756732270122 54.902393355965614 2142.1476215273142 32339.596757605672 96.093754723668098 969.30012622475624 5427.2057845145464 349.20378441363573 186.70069021731615 35.391774594783783 1034.2016009166837 5964.9904696345329 102.43505178391933 101.68103802204132 969.65788003802299 761.73536052554846 17.610249988734722 371.46271198987961 23.716448284685612 4459.7192241698503 67.548009864985943 44.699426256120205 94.530937053263187 107.96389180421829 130.73050735145807 91.717332430183887 3213.0633588507771 884.93296714872122
leaf_count=11038 49989 400 16558 27767 879 14494 19970 23769 6957 4536 241 3342 41887 14686 817 4939 189 615 114 1651 481 1102 46216 611 69271 36151 39858 18323 25586 13564 54018 106009 62349 17379 174581 1045 1370 43856 173 7419 35396 7710 3361 7032 128 455 1998 27727 25404 18379 460 1727 13390 1475 195 10884 392 14894 91 41520 6315 9289 482 1458 190 121725 399 1724 22809 2781 7112 11643 391 8194 8248 7089 233 179 380 39024 293 614 24632 7764 589 67978 21467 1094 997 1626 9913 17403 87 2486 4930 683 11635 198 16555 287 16654 249442 585 7363 42131 2652 1438 113 7996 45992 394 664 7498 5720 125 2959 116 34561 249 262 705 341 858 504 25752 7104
internal_value=-1.29737e-05 0.00092152 -0.000965878 -0.00142945 0.000415526 -0.000893455 -0.00222715 -0.00181934 -0.001037 0.00191436 0.000103725 -0.00148707 -9.26935e-05 -0.00157572 0.000952757 0.000922311 0.00045445 -0.0113367 0.00153373 -0.000254388 0.0011271 0.000524993 0.000378875 0.00437796 0.00328661 -0.00152321 0.00177184 0.00240068 -0.00182677 -0.00259338 -0.00351481 0.00106791 0.000809029 0.000499253 0.000710218 0.00220004 0.000389702 0.00188977 -0.0119143 -0.000156364 0.000753964 -0.00149231 -0.00181183 0.00465742 -0.00471744 -0.000712061 -0.00704304 -0.000450767 0.000573718 0.000346138 -0.00207748 -0.00406335 -0.000987659 0.00360566 0.00217337 0.00309914 0.00902025 0.00193888 0.00418876 0.00141457 0.00217261 -0.00112797 0.00434667 0.00148967 -0.0078656 -0.0010595 0.000490776 0.00303928 0.00388991 0.00245587 0.00549452 -0.000956068 -0.00192328 0.0021802 0.00308425 0.00168757 -0.00017217 0.0129379 0.00499634 -0.000782955 -0.00275372 -0.00203808 -0.000463251 0.000258626 -0.0023309 -0.00294284 -0.003611 0.00372014 -0.00734443 -0.0101709 -0.0042739 -0.00122507 -0.00292461 -0.00407947 -0.00084098 0.00211932 -0.000743701 0.00147926 -0.00234421 0.00280984 -0.00165098 0.000210223 0.00153785 0.00292499 0.00360548 -0.00320697 0.00562213 0.00207833 -0.00132599 -0.000896914 0.0013103 -0.00950655 0.000443696 0.000773109 -0.00466084 0.000421731 -0.00194078 -0.00260971 0.00964622 -0.00283873 -0.00817031 -0.0103778 -0.0136721 -0.0192017 -0.00376652 -0.00223541
internal_weight=270170 136402 133768 87377.5 90355.6 52263.4 35114.1 28734.8 50314.2 46046.7 14234.6 36079.5 46390.4 35642.1 3043.41 51441.6 33174.2 196.257 36050.2 38914 27898.6 32978 31853 1168.82 9996.47 26226.2 18267.4 13173.3 23234.3 13394.6 8509.61 27764.9 25196.2 31119.1 28910.6 6500.87 21618.5 5769.32 169.157 15849.2 9425.95 6423.26 32598.7 1124.95 733.953 10133.4 400.47 9732.92 5971.9 5887.16 3761.01 6379.31 4884.99 2568.66 1917.43 1777.38 355.49 10831.9 2363.82 7926.97 6106.82 1820.15 477.235 394.906 145.177 17295.5 136.925 731.302 5246.29 6358.51 1085.47 17089.2 31867.4 4942.96 3858.94 2737.08 1752.64 84.1078 984.447 9839.69 6810.39 30968.9 4856.43 4396.07 26112.5 16808.5 12890.8 1166.35 460.357 374.63 10083.7 9303.94 447.507 430.118 1668.53 4101.21 3917.71 1639.73 2277.98 1949.26 7549.98 38840.4 6500.84 8151.59 6396.51 440.858 380.072 5994.23 9246.74 8212.53 8468.03 140.057 1755.08 1731.39 125.384 4922.22 6043.19 5020.63 91.2645 4929.36 469.642 424.943 330.412 199.681 6164.34 2951.27
internal_count=2079892 1045344 1034548 675991 696873 396126 279865 228724 381345 348471 105766 275579 358557 272237 23351 396764 256120 804 268162 300109 205336 255316 247182 8665 80309 208754 140644 100786 184985 106851 67875 204855 186310 242115 224736 50155 165090 44908 1052 120182 72068 48114 248886 8134 5067 74664 2239 72425 44238 43783 28187 51141 38976 18545 14009 13150 2266 80301 17558 59654 47835 11819 2530 2130 672 135019 791 5085 41132 49110 8054 133368 243801 36672 28478 20230 12761 412 7469 78134 54311 236844 36727 33490 200117 128335 99358 8858 3237 2623 77891 71782 2664 2577 12349 31102 28977 11833 17144 14781 58541 300016 50574 62826 49494 3335 2808 46329 71391 63395 62743 859 13332 13218 942 39110 45306 37596 365 37231 2670 2408 1703 845 49414 23662
is_linear=0
shrinkage=0.02


Tree=45
num_leaves=127
num_cat=0
split_feature=10 10 12 2 29 40 40 39 15 0 16 5 55 29 26 40 48 25 17 15 4 2 21 29 26 33 2 26 11 17 28 13 51 23 16 2 15 38 29 35 29 29 50 55 34 39 39 33 5 39 21 4 39 35 48 2 34 38 35 25 55 29 38 6 38 39 17 40 22 29 25 43 56 55 6 19 25 29 23 34 2 11 43 39 29 13 48 34 5 28 48 38 21 40 38 11 17 38 13 11 9 21 26 17 1 12 12 3 38 29 29 1 19 28 55 21 55 17 55 6 39 26 4 13 34 43
split_gain=577.699 164.572 140.969 109.431 88.0617 73.6645 71.8733 83.6457 64.7926 65.0926 64.3352 57.7577 55.0915 54.82 60.1704 50.4824 49.1365 49.0971 66.4935 48.643 48.5042 48.4528 57.2203 47.2073 46.2528 58.4134 46.0466 66.7097 45.5524 45.1742 45.088 44.9505 44.1526 44.0202 43.9623 43.4838 41.6377 55.1503 60.3056 46.3044 45.2498 46.2183 41.2523 42.2224 40.9641 40.415 53.5816 47.0162 62.0649 40.9167 39.9631 39.6695 56.1115 39.6464 39.042 39.2878 54.2616 52.0221 39.2607 54.6325 38.9498 38.8598 51.3576 37.7722 44.8122 39.6524 49.2364 41.743 38.8193 48.6056 38.0734 37.6768 37.003 36.8521 47.7089 36.7776 36.4511 38.4138 37.8404 36.3186 36.2172 36.0869 36.0622 35.8103 35.6692 35.6197 41.7141 35.2007 35.0403 34.9409 53.5521 34.6248 34.5415 56.5179 42.31 42.9235 40.2322 43.7111 84.352 50.1142 36.2178 34.4371 34.9799 41.0457 34.3709 34.3602 34.1224 34.0705 36.0309 42.4754 33.9517 37.6117 33.9164 33.5427 34.5811 50.5621 33.412 33.3414 32.6227 32.5735 32.446 32.0916 63.6002 38.0236 33.7684 33.5249
threshold=0.065579991787672057 -1.3599657416343687 0.8704735040664674 0.0012554987333714964 5.5065631866455087 0.12500000000000011 0.46650633215904241 0.66770833730697643 8.7330217361450213 0.013118273112922909 -3.9388328790664668 0.044831773266196258 0.31536227464675909 3.3474624156951909 -0.6035533845424651 -0.4665063321590423 0.020115745253860954 -0.37940952181816096 3.420794010162354 6.9606721401214608 0.060299690812826164 0.017294025979936126 0.48599168658256536 4.7028779983520517 -0.91597560048103321 0.049849597737193115 -0.0015215225284919141 0.78656607866287243 0.3954977691173554 3.420794010162354 0.81174489855766307 0.56519123911857616 1.3685811758041384 -0.063663456588983522 -0.09362399578094481 0.0055454708635807046 4.7212004661560067 -0.11111699044704436 -6.1939508914947501 0.075000001117587103 -1.1725038290023801 5.5065631866455087 1.2099740505218508 0.1453463360667229 0.087500002235174193 0.063541665673255934 0.45520834624767309 0.0086791813373565691 0.20862431079149249 0.18854166567325595 0.33460967242717748 0.32880382239818579 0.28437499701976782 0.22500000149011615 -0.0080998782068490965 -0.052778756245970719 0.11250000074505807 0.15202475339174273 0.12500000372529033 -0.37940952181816096 0.022299668751657013 -3.6808788776397701 -0.036592317745089524 -1.3003955483436582 0.1314416974782944 0.33020834624767309 2.9665052890777592 -0.3415063470602035 -0.012411780655384062 -5.0284919738769522 0.60355338454246532 0.023398014716804031 0.020590686239302162 0.24310465902090075 1.9710999727249148 2.5898292064666752 -0.7865660786628722 0.21997690200805667 -0.013145518023520706 0.13750000298023227 0.06114312261343003 0.64852803945541393 0.015734753571450714 0.30937500298023229 -0.33213794231414789 0.15169943124055865 -0.051891120150685303 0.15416666865348819 0.3716790527105332 1.0000000180025095e-35 -0.025983294472098347 -0.23981512337923047 0.87861967086792003 0.34150634706020361 -0.23981512337923047 0.54839050769805919 4.3563842773437509 0.14000282436609271 0.20851284265518191 0.54034978151321422 0.65613290667533886 0.62347984313964855 -0.6035533845424651 2.2938132286071782 -0.01753632444888353 0.38717962801456457 0.24999358505010608 -0.28278231620788569 0.082765307277441039 -6.7438991069793692 0.063508749008178725 0.020798331126570705 2.9398401975631718 -0.56174489110708226 0.065118405967950835 0.96942377090454113 0.090707633644342436 0.16435980796813968 0.17466532438993457 2.5151095390319829 0.35520832240581518 0.37940952181816107 0.18395568430423739 0.39478793740272528 0.029166667722165588 -0.012793108355253933
decision_type=2 2 2 2 2 2 2 2 2 2 2 2 2 2 2 2 2 2 2 2 2 2 2 2 2 2 2 2 2 2 2 2 2 2 2 2 2 2 2 2 2 2 2 2 2 2 2 2 2 2 2 2 2 2 2 2 2 2 2 2 2 2 2 2 2 2 2 2 2 2 2 2 2 2 2 2 2 2 2 2 2 2 2 2 2 2 2 2 2 2 2 2 2 2 2 2 2 2 2 2 2 2 2 2 2 2 2 2 2 2 2 2 2 2 2 2 2 2 2 2 2 2 2 2 2 2
left_child=1 11 3 4 10 17 7 12 9 30 -2 84 13 14 20 -14 29 31 21 91 -5 24 28 -21 44 85 92 34 -23 45 32 36 118 -33 81 -16 37 -3 39 -39 60 79 43 -15 -19 107 47 48 -47 88 -18 52 -25 -32 55 56 58 87 -49 -60 -40 -8 83 64 -12 66 70 -67 -68 104 -65 113 -62 74 -59 -6 -52 78 119 -42 -35 -28 -34 -63 -1 86 -26 117 -50 -24 -91 -17 96 -94 -95 116 97 -7 112 -100 -98 102 -93 -104 -70 -31 -27 108 -13 -110 -9 -112 -99 -37 115 -115 -96 120 -4 -78 -57 -48 -123 124 125 -124
right_child=2 5 8 6 75 26 61 110 -10 -11 63 16 15 42 35 19 50 18 -20 23 -22 22 89 51 25 106 27 -29 -30 105 53 33 82 80 -36 71 -38 38 40 -41 41 -43 -44 -45 -46 46 121 54 49 -51 76 -53 -54 -55 -56 57 -58 73 59 -61 72 62 -64 65 -66 67 68 -69 69 -71 -72 -73 -74 -75 -76 -77 77 -79 -80 -81 -82 -83 -84 -85 -86 -87 -88 -89 -90 90 -92 101 93 94 95 -97 100 98 99 -101 -102 -103 103 -105 -106 -107 -108 -109 109 -111 111 -113 -114 114 -116 -117 -118 -119 -120 -121 -122 122 123 -125 -126 -127
leaf_value=0.0047827878474350225 0.023655799423826448 -0.00043784086669106971 -0.0017595956403663605 -0.002486361647622243 0.010757190150903158 -0.00032942103570717175 -0.01042717826148915 0.0015717012662351728 -0.010043192202550724 0.0027522308448702532 0.0011942196329460251 0.0051971489361564488 0.019603725477466444 0.0020474919982017776 -0.0016498420607091481 -0.018040409274955888 -0.023310200784309548 0.0020213726909079706 -0.011151234974211489 0.0043653654431847098 -5.6918959551808256e-05 0.003000178707146355 0.0093677921232814005 0.026601695669073597 0.01638392590074346 -0.020933469292414346 0.00045559879851446997 -0.003320849473979657 -0.023258302706590905 0.018458569404381963 -5.1712714634143415e-05 0.0031514308263068508 -0.0034184618704775722 -0.0011131923683647261 -0.0048065590838139638 -0.0050027057436147068 0.015339130012524405 -0.014933162006698832 -0.023255881875739889 0.0052703977995923416 0.0020036131009788633 0.010350804564926305 -0.0027992640855099265 -0.0025270247325152534 -0.0090888385219595989 -0.00060527409903575306 0.0013851212421361154 0.0083557314897385639 -0.0047029133434264257 -0.014122952011859811 0.00015186109529650928 -0.018736480292071919 -0.013725520868764756 -0.013071749416065807 0.0028574436444928843 0.0010495702244499258 0.018096086405027405 -0.028961151764169926 0.01493740756110477 -0.013634765570399936 0.0038357854333288476 0.00097401521214769791 -0.00043827488291530033 0.00091683360606925179 0.016495046932787819 0.0019826110309661138 0.019799757942338844 -0.0011595255861658095 -0.02536635280277276 0.013169502583198647 -0.0016585301051888 0.011542354044709284 0.0087476252328457585 0.01240856952069996 -0.0043130777463314656 -0.0020475003720732596 0.0030164161128803323 0.0062707391235030385 -0.0022748042532411993 -0.028527281570800974 -0.023372804408071355 -0.0020619630506767284 0.00097279493828849835 0.0060194647949409373 0.0023061463243592545 -0.00013363352576712672 0.0023315399602093782 -0.017779349381494107 0.024845229787806421 -0.01473616191855061 0.0046581246696236799 0.018632136742702352 0.002992673518834095 0.019452142909241382 0.0031178394870128292 -0.0015935204723925259 0.016488022160689671 -0.020283779255288421 0.010624126850290835 -0.0073045121168048835 -0.006171698952620621 0.019922691612025104 0.0050790602837372887 -0.027515437846180189 0.0010972697077986607 -0.0044883858177775801 -0.00019285267146984105 -0.0028972101523029909 -0.022089089941290472 0.00063659832346275728 -0.00094744983543835635 0.0042179335171860909 0.0065421244887108052 -0.0074072368048941819 -0.0021128404874806183 -0.0022034533071920467 -0.0012484640129716191 -0.0010396442950893927 0.00309986297220404 0.013006126804837866 0.0082630142938874621 0.0053137429866039042 -0.025700804942128799 0.023639409938133848 -0.00091878971723586417 -0.0033557320457077576
leaf_weight=3693.0245404690504 45.330030463635921 2586.2678214535117 8740.7928992956877 5604.392556861043 438.39859843254089 9187.4112105444074 112.19288056343794 4106.5717287585139 408.18861322104931 1096.3692494779825 7454.6033521816134 2096.5743740051985 73.640716262161732 3333.7050499171019 9056.212242513895 16.462763980031013 21.468295022845268 6854.0119416564703 195.59971530735493 166.00972065329552 7950.6720935031772 55.120140038430691 559.56112625449896 21.976090386509895 90.701802141964436 83.458122536540031 10667.64866271615 3846.9684609174728 49.309795334935188 101.70902860164642 4278.1079000532627 1226.9024495854974 14687.038898587227 3048.6969023868442 835.33365724980831 4159.8978807255626 96.145996235311031 131.95296412706375 18.255562447011471 68.160921536386013 7831.7831510603428 269.67966695874929 1611.4132573530078 1063.6861595883965 134.36360219866037 7112.205051228404 9427.8767743557692 158.67689508199692 76.61326640099287 228.50055315345526 1076.899848036468 96.106170758605003 33.564728520810604 94.644707888364792 3360.0704570412636 1157.5451299771667 108.56015510857105 59.707091249525547 35.270994663238525 101.64045462012291 2070.4810227453709 1063.2322618439794 2699.0346827358007 11365.568704217672 76.378499634563923 1883.7277023494244 87.361076839268208 16459.442886576056 26.575642369687557 104.48469588160515 2876.3011724278331 66.030927561223507 873.87028843909502 20.28400944173336 66.182385981082916 112.22722773253918 1405.185734950006 1996.011334516108 521.62051366269588 14.616080909967421 28.529588550329208 2894.5324762836099 787.41881738603115 1196.6268383637071 6300.5264368280768 23529.227581433952 1089.935998827219 43.332023322582245 19.23824654519558 64.958136908710003 415.96077408641577 39.267044737935066 4190.8237469643354 43.582683108747005 2043.4144254550338 3566.8218372017145 100.10569433122873 160.54191213101149 111.61866817623377 138.7354152277112 38.447125151753426 98.091918937861919 51.510423325002193 20.920653484761715 67.652717284858227 34.453203119337559 51.008246213197708 295.36546043306589 36.994024537503719 244.35699328780174 8683.0685445219278 601.98664723336697 20.806128464639187 1421.3549178093672 7155.7560941204429 1576.7933357730508 1065.7730822488666 3131.7966445311904 588.83988451212645 143.21163529157639 317.22761163860559 2178.9400667920709 49.339340634644032 19.787460200488567 339.74366603791714 58.579858973622322
leaf_count=29670 111 17686 68474 44527 3071 69493 749 31942 2209 7177 58486 15243 389 25374 71671 83 145 53120 876 937 60672 379 4013 99 560 448 83047 30276 266 319 33079 9646 114650 23741 6677 32295 433 938 143 513 62075 2095 11896 7469 1009 54874 70247 709 453 1036 8088 365 192 697 25928 8602 527 257 171 435 16171 8183 21155 88526 450 14811 437 128318 112 667 22523 422 6917 120 438 829 10896 15427 4030 117 169 22556 5716 8967 50639 183136 8453 285 69 407 3132 224 32713 260 16218 27847 388 690 636 856 198 632 356 113 359 170 321 2270 157 1714 67858 4295 146 11283 55079 12429 8108 22328 4190 1074 2395 16965 249 99 2081 361
internal_value=-1.27117e-05 0.000903187 -0.000946626 -0.000592372 0.00020949 0.000407245 -0.00112194 -0.00132491 -0.0021367 -0.00202973 0.000101217 0.00187643 -0.00174939 -0.00183462 -0.00212243 0.00417687 0.0015033 0.000903941 0.000445382 0.00205422 -0.00106156 0.000514531 0.00455512 -0.00298938 0.000369036 -3.52767e-05 -0.000249319 -0.000981573 -0.00949209 0.00120119 -0.00220954 0.00173664 -0.00253965 -5.00424e-05 -0.000356269 -0.0027359 0.0022875 0.00219582 0.0027998 -0.00805465 0.00299667 0.00222372 -6.26105e-05 0.000940411 0.00180635 0.00115003 0.000926125 0.000166889 -0.000996275 -0.00953862 0.00330896 -0.0110231 0.00240152 -0.000336674 0.00117748 9.14482e-05 0.0060722 -0.000413481 0.00160672 -0.00621184 0.00511235 0.00115949 0.00142388 7.41793e-05 0.0013517 -0.000218511 0.000561962 -0.000836703 0.00876271 0.00383059 0.000396561 -0.00341965 0.00529641 -0.0121204 -0.0161472 0.00814658 0.00342478 0.00429113 0.00237971 0.00194299 -0.00132742 -8.1755e-05 -0.0031949 0.00364757 0.00322185 3.64847e-05 0.0034249 -4.27218e-05 0.00141263 0.00597372 0.0020113 0.00912178 0.000397037 0.00117023 3.32054e-05 -9.63109e-05 -0.000467433 -0.000622145 -0.00683437 0.000695338 0.0101938 0.0113335 0.00367183 -0.00456827 -0.00654388 0.0126546 -0.0131326 0.00349951 0.00429536 -0.00241564 5.76074e-05 -0.000612032 -0.0171816 -0.00348954 -0.0028691 -0.00467243 0.00162091 0.000127725 -0.00145248 0.00394881 0.00260643 0.00193183 0.00387789 -0.00281004 -0.00403146 -0.013723
internal_weight=270149 136390 133760 103078 40998.1 90351.1 62080.2 57009.1 30681.4 30273.2 40447.4 46038.5 43617.5 42999.9 36991.1 617.55 36045 51438.6 33173.2 543.91 13555.1 32977.6 1144.91 317.657 31832.7 24844.3 38912.6 18244.5 104.43 30880.6 29176.8 18265.3 24804.1 4304.13 14397.5 23436 13961.2 13865.1 11278.8 200.114 11078.7 8116.08 6008.8 4397.39 6988.38 30744.4 28071.1 15996.9 7436.56 324.352 5164.4 151.647 55.5408 4372.75 8560.29 5200.22 404.148 4796.07 295.588 136.911 2962.61 5071.09 4958.89 40402.1 7530.98 32871.1 14527.9 18343.2 286.074 198.713 14241.9 14379.8 2944.35 146.173 125.889 550.626 5142.93 4066.03 2070.02 7846.4 3077.23 13562.2 15474.5 2259.86 9993.55 24709.9 1180.64 4649.9 95.8515 1040.48 480.919 226.253 20668.1 10910.4 6719.59 6676.01 9757.67 9619.11 431.702 250.354 138.553 209.79 111.698 72.4311 94.2284 136.162 134.466 2673.29 2377.93 281.351 13391.6 9285.06 181.348 14313.8 10153.9 2998.15 3109.19 4606.57 9329.63 1548.4 1474.77 12074.3 2646.39 467.45 447.663 107.919
internal_count=2079892 1045344 1034548 798356 318700 696873 479656 440602 236192 233983 314800 348471 336507 333117 288378 3390 268162 396764 256120 3001 105199 255244 8197 1593 247047 192918 300109 142556 645 228502 226806 140644 193030 33556 112280 183179 107088 106655 88969 1451 87518 64287 44739 32843 54129 228013 208629 118627 56432 1558 39660 656 291 33776 62195 36267 1842 34425 1315 606 23231 39054 38305 314689 58936 255753 112624 143129 1575 1138 111049 111508 23088 815 695 3900 39515 31427 16000 62192 23910 105603 120366 17150 80309 192149 9013 33610 522 7552 3539 1408 157553 85146 52433 52173 72407 71821 2328 1492 586 1325 693 469 471 489 769 19384 17114 1871 104095 72153 836 111086 78791 23712 24326 33325 72664 11970 10997 90002 19755 2790 2691 610
is_linear=0
shrinkage=0.02


Tree=46
num_leaves=127
num_cat=0
split_feature=10 10 2 54 40 26 47 12 8 40 47 5 25 45 10 4 2 54 9 2 53 27 14 5 25 48 2 13 6 23 23 13 29 53 26 55 46 18 29 17 53 13 54 34 47 53 28 23 40 6 29 14 14 53 46 12 2 18 46 29 40 2 4 31 23 29 14 16 25 24 46 33 29 1 12 21 5 28 23 47 48 25 8 4 35 25 55 55 7 29 27 19 54 55 4 50 26 48 40 52 8 46 25 5 14 29 47 55 35 29 53 46 9 46 34 26 33 17 26 24 25 48 29 28 55 18
split_gain=570.721 214.936 109.664 109.414 77.4027 75.507 67.5706 63.7457 58.6867 55.3364 63.0015 113.354 56.1292 82.0324 54.6026 69.3739 52.6715 50.7298 49.6349 46.9841 49.9866 46.3159 46.1517 65.1136 51.5079 52.0309 47.1599 45.7878 44.8891 43.3878 43.1135 42.9955 42.7324 41.583 51.9413 43.7183 40.6869 40.5129 57.8724 41.3051 41.1464 57.416 44.5544 49.1825 39.2245 38.905 57.0122 52.9701 41.1159 39.9688 38.8928 38.8409 38.8056 51.1 38.3336 38.0929 37.0611 36.9921 36.6927 35.7441 43.7959 39.4557 36.6373 42.075 38.6851 34.8829 39.1915 39.634 37.0513 34.8532 34.739 38.6441 34.4346 34.2244 33.6233 33.5421 33.2863 33.0424 33.0689 38.4582 37.1625 38.6345 33.0239 32.9611 32.6749 73.7906 37.3786 32.5427 42.7972 32.3907 32.3095 32.1074 31.9009 31.8592 38.6005 34.1339 35.9856 43.4906 55.3661 40.8189 31.7614 31.6187 33.7709 49.2221 35.8635 31.5497 43.3779 31.5024 52.494 31.9878 39.5316 38.8672 35.1045 32.9427 31.3853 36.7694 32.281 31.3061 48.0845 41.0368 36.3482 34.0161 31.2985 31.2984 31.1349 31.0409
threshold=0.62070336937904369 -1.1407212018966673 -0.0012152424897067247 0.079809013754129424 0.12500000000000011 0.78656607866287243 0.059817936271429069 0.05964170768857003 -0.90575629472732533 0.34150634706020361 -0.091461442410945878 0.32256756722927099 -0.37940952181816096 -0.03212266415357589 1.74299693107605 0.17207407206296924 0.06114312261343003 0.057321364060044296 -1.0565713644027708 0.028381208889186386 1.3242893815040591 -0.87837970256805409 -2.3918420076370235 0.47547437250614172 -0.7865660786628722 0.0081633832305669802 -0.06544069945812224 0.78928503394126903 3.9441666603088383 -0.0053877260070294133 0.0066916721407324084 0.57539334893226635 -6.1939508914947501 0.099402867257595076 1.0000000180025095e-35 0.1290654540061951 -0.0083480346947908384 -0.052333347499370568 3.7036716938018803 4.3563842773437509 -2.663386225700378 0.32863190770149237 0.17608932405710223 0.10416666790843011 -0.0065188955049961797 0.83088135719299328 0.81174489855766307 0.11770895123481752 -0.4665063321590423 1.8316910862922671 4.0003597736358651 -2.1014034748077388 -4.2115211486816397 -0.20171475410461423 -0.010261358227580784 0.6675543785095216 0.022624353878200058 0.48409004509449011 -0.017445307224988934 1.8895149230957033 -0.12500000000000003 -0.0052851685322821132 0.37818126380443579 0.14999999850988391 -0.030841428786516186 7.5160503387451181 -2.7968764305114742 -0.46201050281524653 0.60355338454246532 11.396483898162844 0.019573751837015155 0.010581170208752157 -8.7872056961059553 -0.0048852192703634492 0.32916384935379034 1.2554364204406741 0.32256756722927099 -0.56174489110708226 -0.069570705294609056 -0.029188862070441243 0.0027998413424938921 0.98296290636062633 1.5315134525299074 0.029539440758526329 0.075000001117587103 -0.7865660786628722 0.11181666329503061 0.066676810383796706 0.30790181457996374 -0.57218968868255604 -1.0000000180025095e-35 2.8711236715316777 0.2577687948942185 0.19032695144414905 0.19778792560100558 -0.32528513669967646 1.0000000180025095e-35 0.075779803097248091 0.34150634706020361 0.62556898593902599 1.1494015455245974 -0.020257957279682156 0.98296290636062633 0.1408592686057091 -6.0120375156402579 -8.7872056961059553 -0.057246809825301163 0.44935074448585516 0.12500000372529033 -1.1173397302627561 -0.90383929014205922 -0.022954845800995823 0.94168946146965038 -0.016876875422894951 0.10416666790843011 0.37940952181816107 0.06234401464462281 2.1487176418304448 0.91597560048103344 86220.742187500015 -0.7865660786628722 0.029303565621376041 3.3474624156951909 0.81174489855766307 0.028014404699206356 -0.64155209064483631
decision_type=2 2 2 2 2 2 2 2 2 2 2 2 2 2 2 2 2 2 2 2 2 2 2 2 2 2 2 2 2 2 2 2 2 2 2 2 2 2 2 2 2 2 2 2 2 2 2 2 2 2 2 2 2 2 2 2 2 2 2 2 2 2 2 2 2 2 2 2 2 2 2 2 2 2 2 2 2 2 2 2 2 2 2 2 2 2 2 2 2 2 2 2 2 2 2 2 2 2 2 2 2 2 2 2 2 2 2 2 2 2 2 2 2 2 2 2 2 2 2 2 2 2 2 2 2 2
left_child=1 7 9 14 19 52 8 -1 -5 12 11 -11 22 -14 33 21 31 36 -12 20 65 -16 23 24 107 26 -26 -18 45 -22 -25 -8 84 34 54 69 -9 39 40 114 41 -39 76 -44 -40 48 51 117 56 -49 101 -47 53 -6 90 -7 92 82 -21 60 100 62 64 -64 72 66 67 -4 -67 -35 -52 -72 -62 124 -45 -59 77 -42 79 -79 81 -81 -54 -75 85 86 -24 -53 -89 -43 -2 -28 -10 94 -33 -95 97 98 -97 -98 -15 102 104 -104 105 -50 -107 109 -109 -3 113 -112 -113 -111 -19 -116 -117 -48 119 120 -119 122 -122 -55 -38 -115
right_child=3 2 4 6 5 55 16 17 28 10 18 -13 13 59 15 -17 27 37 -20 58 29 -23 32 30 25 -27 91 -29 -30 -31 -32 93 -34 35 -36 -37 73 38 44 -41 42 89 43 74 -46 46 47 49 50 -51 70 87 57 123 -56 -57 -58 75 -60 -61 61 -63 63 -65 -66 68 -68 -69 -70 -71 71 -73 -74 83 -76 -77 -78 78 -80 80 -82 -83 -84 -85 -86 -87 -88 88 -90 -91 -92 -93 -94 95 -96 96 99 -99 -100 -101 -102 -103 103 -105 -106 106 -108 108 -110 110 111 112 -114 125 115 116 -118 118 -120 -121 121 -123 -124 -125 -126 -127
leaf_value=0.0031996280286986853 -0.00049101932593217424 -0.00025342574057955774 -0.010872136480176358 0.00285839067089752 0.011612347997207655 -0.0039437925930229959 0.010272247114808834 0.0061091129496974152 0.0038010983003641274 -0.010770055280171938 0.0027920928992085292 0.026326701032988384 -0.0064160298249602479 0.00029933695511166053 -0.005410627977483152 0.0104839255269445 0.0047982318007942946 0.0015640957976020822 -0.00082271116329547399 -0.02409740373737115 7.7001337722165992e-05 -0.0024511096819855292 -0.016680889662268383 0.016218766017334626 0.027332914366493991 0.016297669471626326 0.002773383476674478 -0.016460636794442304 0.0049029718552562286 -0.0034945392626130403 -0.0088129870120550752 -0.0048805725289031146 0.0031097269895236646 -0.00079829493645960882 0.0005971507755832534 -0.011884637840126886 0.010871036094871819 0.0039862892918136987 -0.0029633515537571169 0.017051823698053765 -0.0016974786538288976 -0.022772446769043598 -0.0043659478252860489 0.012869147043574161 0.009584956113139538 0.0071377795521738365 -0.00079270671983910923 0.0024042558490617837 -0.0042542168566761839 0.013037868669725939 0.0042655557620275911 -0.0053812577765923898 1.4591939455737575e-05 -0.026797805077510617 -0.0013779626803666744 0.001960788719821182 -0.0097606970029307308 -0.0016703422149400037 0.0040514313316231069 0.0041459522656901431 0.022667176157923619 0.00018575317424573222 -0.016609636986922194 0.0082184603508209352 0.001220912137487663 0.0076573846373961191 0.00036847844891204555 0.013918150179268948 -0.023575875212304531 -0.0023218185913974499 -0.022366992624431963 0.011066946295244297 0.0039843232705075553 0.0029820697835524191 -0.013967154674400023 -0.0071376172810429048 -0.024476009660645302 0.0099193584412519912 -0.00029592411367578524 0.00045740816664189611 0.005343414059441407 -0.017619762376505241 -0.0033386971934718235 0.00078103183937402066 0.0045739197054161795 -0.029785253422268204 0.01062186317426677 -0.0016611193464104374 0.003616412311929113 0.0052806773523831271 -0.010583123963539186 -0.0081438788069888388 0.017751681483321295 0.01547609811535903 -0.019325899318942345 0.0041869921701470168 0.022159087782708635 0.010502512334775276 -0.018280878113310021 -0.0081433138143784736 -0.0024196018906219633 -4.0235654404374904e-05 0.0016560911161874689 -0.03074180880132401 -0.0034132141860315837 0.031000083124296425 -0.0012855079166466667 -0.032359491268258121 0.0040340615816334933 -0.01441701797970495 0.020391932459673849 0.00055779060316066774 -0.024598708447992911 0.021610076272525255 -0.0085816845533650786 -0.00015358454998932124 0.024794666164641276 -0.0075726581823701627 0.019304424592079889 -0.0099972032796125394 0.0083119067198294365 0.019980688934840975 -0.018896050525919462 -0.00076704166956607684 0.0032893930861459314 -0.0059388497467138673
leaf_weight=9135.110687032342 199.92927579581738 1426.5592629089952 206.65100194513798 2271.2710859552026 27.07473386824131 4715.4518779292703 93.81649723649025 1044.2108169198036 1064.6321587637067 50.746037855744362 1735.467812359333 90.483001463115215 634.14614663273096 9387.3563785776496 2521.6337718144059 154.82567579299212 49.429354533553123 19712.817934110761 12151.858482718468 17.770115859806538 2718.8721381127834 13157.990261167288 31.540977574884892 149.48679794371128 26.392896831035614 111.39361152052879 528.37934473156929 213.01160611957312 614.07124007493258 2721.19493380934 32.951601646840572 692.01260180026293 10072.858204439282 9091.2851556688547 7554.378203779459 172.31609722226858 232.24470185488462 1323.9448918104172 131.52847897261381 67.040091149508953 3056.7542694211006 50.977950647473335 1708.5286950170994 108.68591410666704 403.58876039087772 202.16321291774511 2241.8960476145148 345.1449127048254 46.721881285309792 239.52990301698446 1087.5193212777376 890.10427774488926 15412.379767872393 63.774783812463284 5815.0916095227003 480.84427827596664 75.027874432504177 2798.0113006532192 1455.0788560956717 1258.3396929502487 39.006204910576344 5126.7299417331815 80.950553856790066 40.13561625033617 3555.428911909461 366.8500782251358 28045.666466280818 28.552067995071411 14.878053046762941 17720.857640005648 40.158498391509056 20.032335132360458 3360.9507530555129 4137.6910383179784 21.612505942583084 534.13561789691448 21.270654730498791 262.17744772881269 3860.2164446562529 1282.8708363175392 755.21762033551931 48.097825802862644 1270.6321348398924 7956.1656080782413 75.398158006370068 53.682154424488544 51.279935672879219 15834.84959500283 638.41832692921162 23.545103721320629 347.83307233452797 134.28370643407106 69.045967973768711 48.194524332880974 82.165070414543152 124.69618491083384 17.873698689043522 156.69978412985802 66.421853967010975 315.86425308138132 2102.5426391214132 11287.588071987033 33.823547601699829 40.689086392521858 1275.2821557000279 37.393693365156651 29.15010491758585 34.458772920072079 28.233006663620472 231.16554839164019 33.033258259296417 165.38805855810642 24.607078745961189 18.685884371399879 265.23474788665771 198.83185224235058 22.150998823344707 58.060864455997944 77.554050132632256 85.096797332167625 79.076128944754601 81.700142383575439 20.443120703101158 26.04522030800581 3124.5673262625933 95.794495917856693
leaf_count=68075 1581 10317 1268 17249 138 37088 650 8278 8077 334 13325 342 3642 72502 20036 1085 339 149123 93407 67 21338 103573 237 605 141 824 3757 1253 4209 21361 111 5198 79336 72137 59982 1346 1864 9225 870 261 23257 276 9882 612 3066 1233 17357 2592 186 1742 7406 6983 120011 192 46024 3779 545 21819 10329 9553 216 40450 304 193 26981 2586 220552 199 99 140345 183 108 25824 33275 69 4231 64 1976 29614 9836 5944 356 9923 63387 569 342 368 119664 4746 184 2726 928 484 322 551 810 120 1072 373 2179 16277 85334 266 198 9059 129 199 171 177 1585 245 1215 176 138 1740 1420 101 427 498 474 539 484 155 196 24700 677
internal_value=-6.46202e-06 0.000683591 0.000175977 -0.00123092 -0.00040274 -0.00124772 -0.000438833 0.00166377 -0.000260172 0.000841769 -0.000235059 0.0130082 0.00123002 0.000681724 -0.00179834 -0.00279559 -0.00416139 0.00138207 -0.000370737 0.000198846 4.77174e-05 -0.00292744 0.00228256 0.000117521 -0.000623219 0.00367823 0.00161605 -0.0124498 -0.000454249 -0.00170966 0.0116687 -0.00279239 0.0029225 -0.00141218 -0.000524065 -0.00187016 0.00228923 0.000932969 6.41744e-05 0.00149272 -0.000211189 0.00302084 -0.000617779 -0.00346118 0.00649902 -0.000546044 -0.00110721 0.00133504 0.000226323 0.00677717 -8.14148e-05 -0.0015562 -0.000692798 -0.0121342 -0.00185528 -0.00339694 0.00376283 -0.000625324 0.00369501 0.000862405 0.000687806 0.00152213 0.00249 -0.00837194 0.00268042 0.000381345 0.000300132 -0.00781235 0.00637902 -0.00180532 0.00344326 -0.0112244 0.00420556 0.00203062 0.00833774 -0.00254891 -5.43413e-05 4.25159e-06 0.000842387 0.00271329 0.00180288 -0.000207842 -0.00024093 0.00153434 -0.00594541 -0.0117541 0.000137172 -0.00165788 -0.00145632 -0.0139434 -0.00690901 0.000550638 0.00466653 -0.00361432 -0.00643793 -0.00061274 -0.00177289 0.00272349 -0.00367088 -0.0064561 -0.000198283 -0.000399001 -0.0031643 -0.016195 -0.00245317 0.00828272 0.0170326 -0.00229777 -0.0161481 -0.00185421 -0.00586064 0.000700414 -0.00280683 -0.0100869 0.00144019 -0.0035742 0.00244312 0.000129047 0.00526211 0.0018527 0.00609519 0.0104972 0.00258055 -0.0193522 0.00381732 -0.00128537
internal_weight=270181 172799 113844 97382.8 60903.9 25328.3 40646.6 58955.1 38786.4 52939.7 14028.6 141.229 38911.2 25585.6 56736.1 15834.4 1860.19 49820 13887.3 35575.5 34102.7 15679.6 13325.6 3040.81 2858.37 800.45 689.056 262.441 36515.2 5440.07 182.438 1597.74 10284.8 40901.7 13917.2 26984.5 16494.9 33325.1 13059 20266.1 12523.9 1398.47 11125.4 1838.83 535.117 35901.1 20794 3228.5 15107.1 584.675 13898.4 17565.5 20132.1 116.895 6362.85 5196.3 1208.71 20015.2 1472.85 24951.4 23693.1 12203.2 7076.47 121.086 6955.39 28662.6 28280.9 235.203 381.728 26812.1 1147.71 60.1908 3399.96 15450.7 130.298 3332.15 9286.61 9265.33 6208.58 2348.36 2086.19 1330.97 16683 12093.9 211.901 136.503 82.8209 17363.4 16473.3 74.5231 547.762 662.663 1133.68 1503.93 774.178 729.75 681.556 347.818 191.118 333.738 11489.9 12750.6 1463.06 74.5126 1388.55 113.266 66.5438 2057.93 62.6918 1995.23 568.674 223.028 189.995 345.646 20199 486.218 220.983 2643.83 401.931 324.377 239.28 181.219 99.5192 89.82 3356.81 114.48
internal_count=2080128 1327900 880445 752228 475176 197377 303393 447455 290526 405269 107408 676 297861 195942 448835 124694 12867 379380 106732 277799 267403 123609 101919 21067 20351 5650 4826 1592 273277 42699 716 11275 80852 324141 110313 213828 131504 247876 95231 152645 91295 9685 81610 10563 3936 269068 156894 24268 112174 4334 103068 132626 156510 526 50331 40867 9106 155984 10396 192300 182747 93968 53518 497 53021 224704 222019 1467 2685 212482 7697 291 26040 123226 681 26050 71047 70983 47726 18112 16136 10192 129934 96662 1516 947 605 131393 124410 460 4307 4685 8561 10625 5749 4876 4554 2255 1183 2299 88779 95371 10037 464 9573 514 328 14701 348 14353 4036 1636 1391 2400 152384 3261 1521 19934 2577 2079 1605 1178 694 388 26564 815
is_linear=0
shrinkage=0.02


Tree=47
num_leaves=127
num_cat=0
split_feature=10 12 2 51 39 40 40 55 28 15 11 18 2 17 47 46 0 0 51 32 6 39 6 48 26 27 5 1 31 47 47 47 28 23 39 57 3 48 5 46 1 54 19 5 39 39 42 47 28 21 47 44 27 47 34 37 48 55 22 20 16 27 27 31 55 48 43 46 52 46 44 47 5 18 27 5 26 1 46 15 57 27 43 34 6 27 32 1 19 44 23 2 48 27 21 39 16 48 1 18 45 32 27 40 6 18 27 21 26 48 50 43 15 16 27 46 28 21 45 24 21 31 55 39 19 47
split_gain=549.349 192.718 147.453 108.383 86.127 83.8996 69.3434 104.666 59.5686 65.6814 55.4852 62.3549 54.9111 54.3524 53.9024 62.3368 47.9603 46.6112 47.9641 45.5374 74.495 45.1035 44.5484 44.1468 43.0862 44.7688 43.043 55.5746 42.9127 42.6041 40.2754 39.9073 47.4227 39.6049 39.4855 50.8079 39.2612 46.9227 38.9258 38.6537 38.2084 37.9541 47.5272 40.0584 37.9495 37.6689 46.537 37.1073 37.0674 47.1467 36.5403 35.8629 35.8213 35.7117 40.7725 39.2417 35.2341 35.1361 34.9012 34.0518 33.9369 35.833 41.7123 33.3453 47.2687 32.5027 32.4445 46.0446 32.1371 53.9694 31.9428 31.8366 31.69 31.4853 31.3425 31.3187 31.3185 31.2458 34.3153 34.4028 31.6591 30.9163 43.0571 41.7329 41.545 40.4324 36.8051 45.79 35.7275 35.588 35.1116 33.7238 31.7421 59.3572 32.3792 30.7586 33.2415 46.7489 37.7168 34.0833 30.3382 30.2269 30.215 37.6158 29.7493 29.7166 29.6705 32.9981 39.7762 47.3692 36.2653 29.3097 29.2219 40.028 31.3678 31.2948 29.7116 28.9265 36.106 39.9821 28.7449 28.7364 30.5684 57.849 29.3929 35.0701
threshold=-0.58524423837661732 0.86704677343368541 0.0010379530140198769 -1.589770972728729 0.655208319425583 0.46650633215904241 -0.12500000000000003 0.08050990849733354 0.81174489855766307 8.7330217361450213 0.82008039951324474 -0.9693540334701537 -0.0096955918706953508 0.11563897132873537 -0.0061580364126712075 -0.020257957279682156 -0.00032296033168677235 0.013118273112922909 1.1497757434844973 0.081870529800653472 1.4407978653907778 0.43854166567325598 1.1997163295745852 0.034573957324028022 0.60355338454246532 -0.60785761475563038 0.13021569699048999 -0.0048852192703634492 0.2099999934434891 0.067559268325567259 0.034095201641321189 -0.052480589598417275 0.81174489855766307 -0.0016156719648279247 0.084375001490116133 -0.06538060680031775 1.6589701175689699 -0.036703575402498238 0.23321673274040225 -0.010006875731050966 -0.047858271747827523 0.055003432556986816 3.4529581069946294 0.1238352879881859 0.48854167759418493 0.48437500000000006 -0.01715398300439119 -0.0065188955049961797 0.81174489855766307 1.4218181371688845 0.013345043174922468 -0.033500030636787408 1.0000000180025095e-35 -0.091461442410945878 0.029166667722165588 0.92480063438415538 0.0044213102664798507 0.098087035119533553 0.049319148063659675 1.1698952317237856 -0.84885954856872547 0.6078576147556306 1.0000000180025095e-35 0.12999999895691874 0.064705904573202147 -0.0045213000848889342 0.0024816873483359818 0.01622354052960873 -0.13325434178113935 -0.040776468813419335 0.008885893505066635 0.047293618321418769 0.17552997916936877 -0.78325587511062611 -1.0000000180025095e-35 0.047805044800043113 0.98296290636062633 0.016978508792817596 -0.015759809873998162 2.2395193576812749 0.044946977868676193 1.0000000180025095e-35 -0.018821883015334603 0.16250000149011615 -0.7639314830303191 -1.0000000180025095e-35 0.046474985778331764 -0.036988509818911545 3.7590260505676274 -0.033500030636787408 -0.064795214682817445 0.06114312261343003 -0.051891120150685303 0.87837970256805431 0.73552533984184276 0.067708335816860213 -1.3519734144210813 -0.049539962783455842 -0.0030606092186644669 0.47582176327705389 0.010406394489109518 0.049569150432944305 -0.60785761475563038 1.2246467864107191e-16 -1.7360469102859495 -0.28284604847431177 0.87837970256805431 1.6029120087623598 0.12940952181816107 -0.023966456763446328 1.2941095232963564 0.018469894304871563 4.0360629558563241 -1.6508847475051878 -0.87837970256805409 -0.007528571877628564 0.81174489855766307 0.66697406768798839 -0.018630222417414185 5173.0532226562509 0.73244506120681774 0.14999999850988391 0.31536227464675909 0.32604165375232702 1.9993618130683901 -0.021998007781803604
decision_type=2 2 2 2 2 2 2 2 2 2 2 2 2 2 2 2 2 2 2 2 2 2 2 2 2 2 2 2 2 2 2 2 2 2 2 2 2 2 2 2 2 2 2 2 2 2 2 2 2 2 2 2 2 2 2 2 2 2 2 2 2 2 2 2 2 2 2 2 2 2 2 2 2 2 2 2 2 2 2 2 2 2 2 2 2 2 2 2 2 2 2 2 2 2 2 2 2 2 2 2 2 2 2 2 2 2 2 2 2 2 2 2 2 2 2 2 2 2 2 2 2 2 2 2 2 2
left_child=3 2 14 13 5 6 7 21 9 17 11 -5 -10 102 15 28 -16 18 -3 30 53 33 66 -24 52 -26 27 44 51 36 45 32 -8 -4 35 39 -14 -38 72 -28 -37 -7 43 -43 48 56 59 75 49 -13 -50 -2 -25 54 -21 -55 63 105 112 -47 68 62 104 -15 73 -46 121 70 -53 -70 -68 -19 -27 -65 -42 -29 -39 78 -33 106 -81 82 85 84 -83 -36 87 88 -86 90 -88 92 93 -89 -95 -17 98 -98 99 -97 -31 120 -1 -104 -62 -18 -80 108 109 -108 -110 -20 113 -6 -115 -116 -114 118 -76 -120 -30 122 -9 -124 125 -123
right_child=1 8 4 10 58 41 31 22 12 -11 -12 26 29 19 16 95 57 71 111 20 -22 -23 23 24 25 38 34 47 101 100 -32 77 -34 -35 81 40 37 76 -40 -41 74 42 -44 -45 65 46 -48 -49 50 -51 -52 60 -54 55 -56 -57 -58 -59 -60 -61 61 -63 -64 64 -66 -67 67 -69 69 -71 -72 -73 -74 -75 117 -77 -78 -79 79 80 -82 83 -84 -85 86 -87 89 91 -90 -91 -92 -93 -94 94 -96 96 97 -99 -100 -101 -102 -103 103 -105 -106 -107 107 -109 110 -111 -112 -113 116 114 115 -117 -118 -119 119 -121 -122 124 123 -125 -126 -127
leaf_value=0.0046061027229849141 -0.02060257657612195 -0.0011100901557237 -0.00083407941310512448 0.0028320232093870363 -0.014515393517573074 -0.0014253613647961199 -0.016695958852822098 -0.00014646156136280459 -0.0092421922791404536 -0.011911791712095022 -0.0018581706169139211 0.0011445273604582362 -2.1953842220638118e-05 0.0012507021130142731 0.00091696536745739042 0.0042611102408230371 0.00031530260219699658 0.0035227307620885155 -0.0031748574541942895 -0.0083230553475061118 0.016666554429026689 0.002347722977705355 0.0057648935666092128 0.011306848180889412 -0.020768341744677711 -0.0022994685483449643 0.013483581798021423 0.0039239003216172711 -0.0067034411035394002 0.009437420481390648 0.0082125443034181869 0.010835848818692871 0.013830670328714417 -0.0031067374179833758 0.016718688476135616 -0.015853408396222953 -0.011619239042046758 0.0056021797010567444 -0.017565219548612766 0.00022307860781322568 0.0067485709640433232 0.0022087293579041586 0.0063676448306857151 -0.0024993492421562487 0.0049061268712967208 -0.0006456698169591559 0.0027829779444854979 5.333977714065177e-05 -0.0029979344064985942 0.0061000215073042999 0.0061305600359309069 0.00033310985716434124 -0.0019909522265580968 -0.024843256429185639 0.017621063473925235 0.0028359174191708888 0.002552578030229445 0.00093427189508885945 -0.00090648228158729267 -0.01501773355158224 0.011939693918326263 0.00094294097781961453 -0.0080568049848974751 0.0064652600953131094 -0.0024687738253948654 0.0018205063315982341 -0.00055122976796647262 -0.004243704068219915 0.023982771083417235 0.0020556963319094167 0.0067879187530494947 -0.0073648373687489896 0.017734943456741422 -2.5595884199757199e-05 -0.02622271094031503 0.00083864998040803526 0.02271453702432908 -0.00016050890000882088 -0.002333934797017709 -0.0028530636717153386 -0.006457497169773692 -0.0047578242152910288 -0.0026199801391122214 -0.019520006408487608 -0.014023360630691052 -0.0060377858932351017 -0.01667695111969936 0.011425188959129877 0.012392399083289299 0.008206624674596194 0.012931125045342549 -0.028063071820124793 0.00024993309030492124 -0.01851448311966367 0.0033518577152196389 0.0061861399725606269 -0.0024253408985310926 0.0015659613189906152 0.0121273485122844 -0.018495959090707361 -0.017171922070049389 0.019903185780562046 0.0036793056555414643 0.0010894358744803748 -0.0023969472966929072 -0.0013374716835560607 -0.014156486126944185 0.0085676032969225352 -0.0048799937751472519 0.0019106998050668364 0.0031102252154883753 0.001729118673856226 0.003081024700663904 -0.0019616469559956503 0.010125153876457944 0.0010725383624625902 0.01419654684995267 0.0012802589070357027 -0.014028610586413644 0.012442049370858424 0.012099165045247393 -0.0065855323206328023 0.019541047856813147 -0.01517357068199434 0.0004323107528426382 0.0072410126492711635
leaf_weight=3991.9581221267581 36.717513971030712 7117.5480647981167 5171.9143388271332 5846.7850927934051 67.745521657168865 1993.5774487778544 134.84381579607725 3617.4962243512273 244.97766374051571 289.43104991316795 3136.46416387707 7050.5494827777147 3813.8897098079324 4187.9021460562944 12769.366417326033 1631.4361884966493 5893.2003808990121 800.62308043241501 18018.985549502075 40.276752829551697 200.65480581671 943.28656809031963 1249.751018576324 151.10111802071333 65.618518330156803 135.05415823310614 249.11713674664497 1911.1114394292235 62.796320922672749 20.604537658393383 334.34665916860104 78.104111813008785 23.126257762312889 7544.5319717302918 88.36358692497015 56.02671505510807 58.981937117874622 554.08668820559978 49.455672666430473 135.88955774158239 254.16090878099203 2679.3028013631701 782.07734627276659 988.75829412788153 2516.3280609846115 207.60076954960823 6366.7908027395606 23475.461995817721 1286.2092803046107 861.13305024057627 202.06659101694822 1213.438006773591 172.6540848761797 39.479173496365547 57.971495643258095 40.998334065079689 2675.4350183233619 5094.9807284027338 6208.4988795742393 95.8121332898736 58.734882444143295 1108.6450130492449 582.93820141255856 416.82626853883266 3420.3750918656588 2991.842035010457 1281.7253588959575 1334.8327563852072 63.820439413189888 147.1951200440526 290.00864087045193 123.05649741739035 40.1315588504076 1049.3591691479087 37.519601866602898 4228.5073905140162 45.600860588252544 2967.7677627056837 19986.180835589767 3302.6090169027448 1385.2929420769215 537.16096004843712 4084.3879718557 41.474937036633492 135.03484661877155 47.279546916484833 47.661429300904274 273.12501696497202 23.271076560020447 447.62129386514425 22.971930161118507 14.936229221522806 2369.8378858566284 46.139674708247185 62.952723562717438 60.230911329388618 1268.1815264001489 15611.497393459082 228.03657782822847 34.27883192896843 85.982543513178825 61.501684777438641 4999.1185427010059 4073.0955259054899 1878.3669148534536 16618.407551273704 75.660593420267105 158.77739859372377 1121.7208798676729 1720.8558664023876 283.96463531255722 500.19418787956238 597.87328423559666 1426.0731946453452 154.45358997583389 8947.602899864316 113.98043366521597 306.44972464442253 54.217780932784081 37.920086942613125 65.374104805290699 80.3102757781744 76.15832943469286 24.706047475337982 727.11425299942493 764.15494927763939
leaf_count=31552 107 55385 41108 45722 397 15869 831 27530 1774 1577 24156 55120 29721 31044 100151 12584 46838 5274 140485 116 644 7500 9327 1130 419 1059 1500 15295 433 142 2434 513 136 59716 375 194 362 3818 351 953 1643 20979 5925 6916 19610 1077 48259 186392 9935 6789 1588 7053 1260 131 153 163 20510 38628 48336 501 446 8273 4352 3295 23829 23584 9783 9852 275 848 2169 834 296 8256 172 32987 259 21131 157274 24466 10441 3400 27494 211 763 223 195 1834 138 2471 102 63 17195 227 400 363 9262 122009 1315 199 564 247 38579 31481 14160 131925 573 1255 8899 13135 2223 3598 4161 11329 1116 70203 723 2147 362 223 480 572 430 137 5575 5855
internal_value=-6.33228e-06 -0.000670939 -0.000359082 0.0012175 -0.000938807 -0.00129169 -0.00154484 -0.000729458 -0.00208283 -0.00245046 0.000734249 0.000870394 -3.63976e-05 0.00216115 0.000350347 0.00109854 -9.64787e-05 -0.00234687 -0.00250594 0.00148194 0.00833363 -0.00186957 0.000818505 0.00360865 -0.000780729 -0.00636616 0.000657527 0.000916866 -0.000821848 0.000457791 0.00134284 -0.00216389 -0.0121618 -0.00218264 -0.000574166 0.00292772 0.000757007 0.00526213 -0.00208141 0.00881853 -0.000117695 0.000867172 0.0018945 0.000939017 0.00191275 0.00121766 0.00241798 0.000415458 0.00113995 0.00168473 -0.00175458 -0.00117076 0.00422795 -0.00105683 0.00699853 -0.0108684 0.000536023 -0.000565297 0.000298169 -0.00522181 -0.00102532 -0.00205221 -0.00337012 -5.86264e-05 -0.00118098 0.00323094 0.000183582 -0.0015135 0.0015895 0.00877397 0.000805773 0.00206477 0.00235895 0.00182218 0.00117916 0.00179966 0.00694073 -0.00211266 -0.00231869 -0.00235576 -0.00391955 -0.00105524 -0.00225089 0.000199222 0.000409778 0.00879327 0.00121731 0.000345818 -0.0100805 0.00612441 -0.00698753 0.000946121 0.00111406 0.00645462 -0.0059714 0.00163694 0.00138778 0.00126591 0.00773884 -0.00285555 -0.0119788 0.00849311 0.00315567 0.00251691 -0.00195579 -0.000904761 -0.00204156 -0.000302486 -0.000745149 0.00122597 -0.0032641 -0.00304226 0.000959692 0.000695812 0.000795156 0.00122736 0.00487964 -0.00207239 -0.00995329 -0.00310704 0.00289862 0.00111635 0.000157482 0.0109626 0.00338285 0.00591866
internal_weight=270160 175082 143408 95078 78918.9 61402.6 54958.9 23720 31674 26849.8 62880 59743.5 4824.12 32198 64489.1 24113.2 40376 26560.4 25636.7 19133.8 379.381 13659.7 10060.3 1863.77 614.015 290.26 53896.7 44523.2 5279.53 4579.15 18754.4 31238.9 157.97 12716.4 9373.52 1131.3 4472.56 658.669 224.641 385.007 746.295 6443.72 4450.14 3668.06 14908.1 18420.1 6670.2 29615.1 9399.96 7911.68 1488.28 5089.86 323.755 178.726 98.2482 80.4775 11749.9 27606.6 17516.2 303.413 5053.14 3628.69 2520.04 9074.46 4886.56 5508.17 8196.51 2906.57 1424.45 211.016 1571.73 923.68 175.186 1466.19 690.268 6139.62 599.688 31080.9 28113.2 28035.1 4687.9 8242.22 4220.03 4022.19 3980.71 135.643 3443.55 2925.3 158.306 518.255 70.6334 2766.99 2752.06 382.217 109.092 18833.7 17202.2 16879.7 322.546 94.5097 106.587 189.672 13064.2 9072.21 1937.1 22511.6 23347.2 3360.98 3202.2 1796.52 1405.69 18519.2 11307.7 10595.9 10528.1 9102.06 711.854 436.107 129.657 92.1379 128.17 5289.94 3718.36 100.864 1571.58 844.465
internal_count=2080128 1354641 1110848 725487 610900 474635 424946 184069 243793 207153 483463 459307 36640 242024 499948 182406 317542 205576 199468 140412 1207 108324 75745 13842 4515 2125 413585 351300 36674 34866 139205 240877 967 100824 62285 7194 34160 4439 1706 2453 4741 49689 33820 27895 116626 136771 49837 234674 73432 61909 11523 35514 2390 563 269 294 86934 217391 136265 1578 35407 27231 18958 66424 35380 43194 61903 21804 8176 1123 11952 6108 1355 11551 4547 48282 4077 239910 218779 218266 34907 55091 28092 26999 26788 598 23388 20620 901 2768 297 19719 19656 2461 627 145732 133148 131271 1877 562 706 1160 101612 70060 14606 178763 183359 26085 24830 13708 11122 144083 87929 83045 82648 71319 4884 2904 757 585 913 40099 28097 567 12002 6427
is_linear=0
shrinkage=0.02


Tree=48
num_leaves=127
num_cat=0
split_feature=10 53 12 16 50 39 27 20 46 39 18 25 47 27 40 25 40 14 53 24 57 40 15 51 5 40 26 28 26 35 18 18 32 35 39 2 14 54 25 54 54 56 20 18 16 47 1 54 28 48 45 39 14 57 31 39 54 22 27 47 31 52 15 40 26 27 5 53 35 16 54 1 39 57 46 47 39 24 31 26 27 3 18 44 3 46 15 46 2 1 39 56 10 51 54 47 39 57 26 5 48 39 13 9 19 14 25 42 26 20 26 26 35 1 20 7 26 2 40 3 54 20 46 14 54 48
split_gain=537.34 215.783 108.463 98.8046 85.5752 75.8106 71.0278 68.92 60.6465 56.9519 53.2013 49.0605 48.4961 57.0481 50.3718 58.4394 48.2449 70.457 48.2331 44.7347 42.939 42.6945 94.1014 73.6086 50.9077 45.6522 58.0306 40.2634 70.7042 39.5868 39.3145 52.0094 44.6226 38.4141 38.4125 37.9931 37.7189 36.724 36.6651 63.2007 46.0201 36.5626 39.388 35.8464 35.6618 40.3638 37.0077 55.388 45.6597 53.6289 42.2481 38.5335 47.4979 35.6308 35.2634 35.0166 34.8959 34.0601 34.0331 34.0073 47.3618 46.6636 39.439 57.01 54.7227 37.803 42.5094 44.9817 34.0113 39.5775 38.7057 46.5634 34.3767 43.6752 33.6734 33.6237 32.9986 32.9393 32.8904 32.7422 32.6416 32.6307 32.555 45.4907 35.0709 32.0731 40.2498 31.8809 31.8531 31.6539 31.372 33.1134 31.3686 31.0354 30.9809 30.799 53.1478 48.5662 49.9008 40.2013 35.9156 35.7023 30.7476 43.2681 35.3988 30.5067 30.0087 29.8101 34.0546 29.5315 29.4267 29.3991 29.3432 29.2312 29.0607 29.0316 28.9966 28.8294 28.6433 38.8977 28.5701 37.4085 28.527 34.3953 28.4352 38.7447
threshold=-0.48899760842323298 0.67389261722564708 0.071413747966289534 -0.10726749897003172 1.3817432522773745 0.17604166269302371 -1.0000000180025095e-35 0.89350435137748729 -0.033857321366667741 0.021875000558793548 3.1157795190811162 1.0000000180025095e-35 0.02283493056893349 -0.60785761475563038 0.12500000000000011 -0.37940952181816096 -0.3415063470602035 -0.49400627613067621 -0.43414469063282007 -3517.598266601562 -0.14143369346857068 -0.12500000000000003 4.2332231998443612 1.3321842551231386 0.21588832885026935 1.2246467864107191e-16 -0.6035533845424651 -0.56174489110708226 0.37940952181816107 0.42500001192092901 -3.3163046836853023 -1.0051246285438535 0.081870529800653472 0.27500000596046453 0.48437500000000006 -0.040810843929648392 -6.0120375156402579 0.46424406766891485 -0.6035533845424651 0.27442587912082678 0.46424406766891485 0.11038540303707124 0.70618268847465526 -0.78325587511062611 -0.2849429845809936 -0.0056662498973309985 -0.0034775634994730349 0.047843996435403831 0.81174489855766307 0.0088895927183330076 -0.037379544228315346 0.18437500298023227 -1.423874497413635 -0.002315323217771947 0.14999999850988391 0.58020833134651195 0.026890961453318599 -0.072723131626844392 -0.87837970256805409 -0.063357133418321596 0.14999999850988391 -0.16556920111179349 2.8478324413299565 -0.12500000000000003 -0.98296290636062611 1.0000000180025095e-35 0.12758415937423709 -2.5776185989379878 0.12500000372529033 -2.2758096456527706 0.21563432365655902 -0.036988509818911545 0.55520832538604747 -0.038227373734116547 -0.052538650110363953 0.067559268325567259 0.45937500894069677 -12541.688964843748 0.10999999567866327 -0.7865660786628722 1.0000000180025095e-35 1.9722461700439455 0.32228922843933111 -0.033500030636787408 2.2197782993316655 0.007832325994968416 0.38296580314636236 0.061052018776535995 0.043754268437623985 0.004450001986697317 0.73854166269302379 -0.080798387527465806 2.6402411460876469 1.1817926764488222 0.026382093317806724 -0.024324118159711357 0.80104166269302379 1.0000000180025095e-35 -0.12940952181816107 0.17229292541742328 -0.10024167969822882 0.40520833432674414 0.4802765846252442 -1.8670127987861631 2.1328854560852055 -3.0756056308746333 -1.0000000180025095e-35 -0.0013242585700936613 0.78656607866287243 0.56567040085792553 0.60355338454246532 -0.98296290636062611 0.42500001192092901 0.02373042888939381 1.740319609642029 0.28417511284351354 0.91597560048103344 0.002515903790481389 0.12500000000000011 -1.5355467796325681 0.17608932405710223 0.63258886337280285 -0.014316792134195564 -3.9570987224578853 0.03705739043653012 -0.0067158385645598164
decision_type=2 2 2 2 2 2 2 2 2 2 2 2 2 2 2 2 2 2 2 2 2 2 2 2 2 2 2 2 2 2 2 2 2 2 2 2 2 2 2 2 2 2 2 2 2 2 2 2 2 2 2 2 2 2 2 2 2 2 2 2 2 2 2 2 2 2 2 2 2 2 2 2 2 2 2 2 2 2 2 2 2 2 2 2 2 2 2 2 2 2 2 2 2 2 2 2 2 2 2 2 2 2 2 2 2 2 2 2 2 2 2 2 2 2 2 2 2 2 2 2 2 2 2 2 2 2
left_child=2 4 35 5 16 19 10 30 11 -10 21 37 13 18 15 94 17 38 34 107 -19 22 120 -24 25 75 88 28 105 43 106 32 -32 36 118 53 -6 54 39 89 -40 42 -26 -16 46 -46 47 -33 51 -50 -51 52 -49 116 79 85 -28 -29 -5 60 61 68 64 -64 78 66 112 -68 70 -70 -53 72 -72 -74 -73 -23 -62 -35 -61 -9 -42 -12 83 -18 95 86 -20 92 -27 -2 91 -65 117 -85 -15 96 97 -84 100 -98 101 -99 104 -104 -48 -8 -4 108 -3 -106 -105 -60 -66 -58 -97 -89 -1 -21 122 -120 -7 -122 123 -11 125 -22
right_child=1 3 7 58 33 6 27 8 9 12 81 -13 -14 14 29 -17 82 20 55 87 124 24 23 -25 41 26 56 57 -30 -31 31 44 -34 77 -36 -37 -38 -39 40 -41 80 -43 -44 -45 45 -47 102 48 49 50 -52 59 -54 -55 -56 -57 113 -59 111 62 76 -63 63 90 65 -67 67 -69 69 -71 71 74 73 -75 -76 -77 -78 -79 -80 -81 -82 -83 84 93 -86 -87 -88 115 -90 -91 -92 -93 -94 -95 -96 114 99 98 -100 -101 -102 -103 103 110 109 -107 -108 -109 -110 -111 -112 -113 -114 -115 -116 -117 -118 -119 119 -121 121 -123 -124 -125 -126 -127
leaf_value=0.009856310439444075 0.0043883434359894037 0.0082719646639236241 0.00021936420683884122 -0.0045064328994573076 0.010529160388207337 -0.0014951643336400201 0.019033686708403105 0.018942646271985466 0.0057187735494695236 0.016756439303663578 0.0032288288587115966 -0.0074943089518697608 0.0050621763559376325 0.010287016772398594 0.0019834206412270663 0.00067498749694462157 -0.021315382245322836 0.0043753455294778462 0.0032242890142386398 -0.00097502534635958568 -0.0073292045229807279 -0.004898562654131018 0.012512645479442135 -0.0020577662056560225 -0.017561302496754021 0.0011262651427594917 0.003721749409952387 0.0022257636623683285 -0.0045854079248092731 -0.016807070985794047 0.0029044780217374927 0.0043383688043980703 0.026460114982336597 -0.016316430232292366 0.0052275397666481909 0.0026457648837549925 -0.0012313280655855605 0.015070865358018801 0.0014985011717727954 0.016393708224860595 0.0020011713037972078 -0.030632780436587966 -0.0007695651451439208 -0.0007982959431217868 0.0043025482028483863 0.00071951638804187978 -0.00024016536818382449 0.0036947427901488127 -0.0032684039959972916 -0.026862035725683464 0.0028518382909496947 0.0097358515574205457 -0.00049516136840249052 -0.0056565457651379086 -0.0076750772703362948 -0.0015681988662838427 -0.0031638367472606537 5.0137677349936324e-05 -0.0062657042475352731 -0.002036512604726798 0.0038741530910182845 0.028513178251826376 0.0047256488610466409 -0.00026657003462909819 -4.0959184252533558e-05 0.0007504360095386825 0.0045142512979532692 -0.0050523031413558274 0.016431899808084956 -0.00095559097879033598 0.011300086568421517 -0.020119343389732071 -0.020870716831391318 0.011056114301733963 -0.0025675746523071761 -0.028512387491406308 0.017537271817149726 -0.0039540777577007948 0.0082013516888445707 0.00058721773352230248 -0.027074943484719165 0.019680711427372526 -0.0013773623626623973 0.00052004751608425068 0.0058173986238073084 0.0079087101179688684 -0.0014875678327935392 -0.014061080811547133 0.020029385522849826 0.00019574231854582177 0.015787910831705023 -0.014190577712905951 0.0019631820396379457 -0.0015483041474959581 0.0030096375401946554 -0.00033105272881924831 0.0005499400084806377 0.021865501575411259 -0.0036934166535595777 0.01871544044497132 -0.016308837897781224 -0.015325507130706538 0.0041517787382789016 0.00057336660719096706 -0.0065996974737792882 -0.00018292401133291177 -0.027941557886683639 -0.0014712340214690326 -0.0019483545020554647 -0.0020821006005195459 -0.0029480497230907838 -0.0021297793918525674 -0.023454434558730433 0.0028547400482936999 -0.0038470677396023139 0.013445483788988339 -0.0012907133323178692 -0.0032533338497192348 -0.0076867276496078154 0.0046708523056196707 -0.013376187671651498 0.0093452954489145462 0.0017613225486521281 -0.0060388393221358526 0.00022664359867245965 -0.00117726931312184
leaf_weight=673.76798431575298 2719.5206665918231 368.96762234717607 26.795561276376247 3414.8471338003874 108.81672855466604 6263.3298127874732 32.282356299459934 43.344450503587723 1313.2374263927341 27.753624342381954 189.48042991012335 530.05103422701359 1459.0811669901013 246.37004837393761 2398.6205167025328 9690.4508325383067 37.860040090978146 732.04596335440874 1868.8231119588017 2865.5262487307191 507.37348908185959 1789.4767974540591 370.77387622743845 220.6442738994956 100.69691377133131 1717.4182266071439 337.49415981024504 3441.5422637686133 1944.950133882463 56.484575591981411 2470.6198625862598 1408.5501110777259 31.623209461569786 112.68550334870815 2938.4802050665021 10348.426477462053 16231.189556494355 63.527585156261921 6286.9032860994339 152.17313066124916 25.354449450969696 33.178952939808369 124.52356994897127 8133.1341885328293 1653.104922324419 5253.4166728332639 4348.6996425464749 3050.8477815836668 2662.3024965524673 18.538780800998211 939.05886793881655 69.6077611297369 1675.9761919155717 79.722627945244312 195.90833628177643 1570.4684948325157 6384.2902833297849 17567.983325012028 718.57876601070166 166.21335342526436 144.06675535440445 22.443992272019386 157.76223316043615 90.74229796230793 3601.1745883896947 7382.1557413935661 222.58872727304697 1633.3692413792014 87.449026234447956 127.85740792751312 74.399950884282589 111.00001662969589 41.728835374116898 27.752349056303501 72.491269432008266 23.518511839210987 139.69649601727724 362.75656976550817 505.59118711948395 316.69948068261147 37.765874288976192 64.035208843648434 895.03073551505804 32474.515574261546 319.05707430094481 335.09283467382193 1183.4854357168078 150.54422788321972 35.428203612565994 980.52813688665628 17.796201854944229 277.76861757040024 591.83363184332848 3185.3774129077792 4447.6586355045438 14229.695398718119 187.48411023616791 20.301246382296085 430.68871418386698 64.934618666768074 299.90952724963427 19.056195519864559 994.68351229280233 3280.5069817900658 683.67880134284496 4622.1792793422937 33.532387107610703 706.50457908213139 200.68464693427086 3769.3045574724674 1334.4307153820992 15699.29348937422 20.539678506553173 339.05103881657124 1005.9554006457329 16.2493497133255 107.89973549544811 9923.6028230637312 106.35200645029545 2021.3879930302501 33.369249425828457 185.74736655503511 2291.0997057110071 336.37529665231705 4716.243154078722 2111.6407803967595
leaf_count=3536 21299 2677 188 27282 509 49222 194 280 10195 179 1481 3582 11375 1976 18654 76179 89 5805 14950 22431 4057 14085 2335 1489 587 13376 2694 26738 15173 416 19062 11116 124 765 23304 79431 126225 302 48133 906 135 162 868 63483 13153 41894 33299 20840 18478 85 7280 489 13082 412 1255 12532 50470 134453 5605 1193 744 94 957 567 28186 55422 1458 11057 483 878 281 418 168 107 418 169 748 2811 3753 2226 155 473 6302 251249 1844 2658 9337 966 218 7462 107 1485 4236 24800 34506 110991 1445 101 3170 380 2182 104 7679 25264 5272 35073 186 5292 1519 29400 10294 123191 150 2553 7971 114 524 76018 763 16058 212 1400 18129 2476 37203 16861
internal_value=-2.35352e-05 -0.000715055 0.00112701 -0.00146403 -3.20597e-05 -0.00106322 -0.000660961 0.000896397 0.0014943 0.00162315 -0.00163043 -0.00303347 0.00148546 0.0013467 0.000791873 0.00156249 0.000270081 0.00115671 0.00243925 -0.00230643 -0.000239909 -0.00175907 -0.000549119 0.00708078 -0.00254516 -0.00233111 -0.00173602 -2.13701e-05 -0.00138403 -0.000254989 0.000385206 0.000405425 0.00321302 -0.00131568 0.00342766 0.00298236 -0.00115231 0.000787713 0.00226108 0.0038004 0.00132665 -0.0113012 -0.00832608 -0.000164533 0.000252836 0.00157777 1.91056e-05 0.000488283 0.000255724 -0.00180858 0.00224812 0.000634762 0.00220914 0.00701719 -0.000866729 0.000899304 -0.00254459 0.000406661 -0.00268947 0.000138269 0.0038648 0.000821437 -0.000105088 -0.00537975 0.0001073 -0.000183515 -0.00144227 -0.00390262 -0.000236839 0.00614522 -0.00370747 -0.00658986 0.00191974 -0.0081283 -0.0132421 -0.00522099 0.010642 -0.0069143 0.00566762 0.00284608 -0.0155309 0.00744932 -3.45684e-05 0.000311636 -0.000741942 0.00204371 0.00139712 -0.00264364 0.0015201 0.00327791 -0.00951077 -0.0107746 -0.00253469 0.000335222 0.00339392 -0.00086434 -0.00325271 -0.00454965 -0.0082294 0.00528237 -0.013957 0.00389993 -0.000786552 0.000370449 -0.00152402 -4.5367e-05 -0.0156175 0.00127197 0.00467256 -0.00277725 -0.000445069 -0.00231123 -0.000180457 -0.0028598 -0.000563505 -0.0113112 0.00831664 -0.00274305 0.00232081 0.00404939 -0.00124636 0.00583545 0.000934249 -0.00425753 -0.000701173 -0.00237179
internal_weight=270146 168733 101414 80478 88254.9 60645.3 45821.4 90203.8 41573.9 40424.4 18212.5 1149.53 39111.1 37652 24972.7 14384.5 71439.4 18269.5 12679.3 14823.9 8067.3 17958.9 7073.86 591.418 10885.1 10626.7 8813.68 27608.9 6599.41 10588.2 48629.9 48569.5 2502.24 16815.4 7721.45 11209.8 16340 619.48 10202.2 3852.22 6350.02 258.399 225.22 10531.8 46067.3 6906.52 39160.8 24749.5 23340.9 3619.9 957.598 19721 4726.82 861.39 555.952 4957.87 7060.84 21009.5 19832.7 14994.2 918.494 634.731 14075.7 544.069 13531.6 12859.8 5477.67 1855.96 612.287 215.306 396.98 327.372 143.881 69.4812 183.491 1813 283.763 475.442 671.805 360.044 63.1203 253.516 53169.9 35697.8 17472.1 3387.4 3052.31 13547.8 1752.85 3700.05 386.307 368.511 13381 35659.9 4694.03 17153.1 1917.41 1664.99 769.956 252.419 339.267 39.3574 14411.3 5609.62 8801.68 4654.46 60.3279 1276.16 569.652 4452.98 4614.94 16417.9 3621.71 6723.34 15235.7 166.794 781.668 12789.1 4782.97 2127.74 6482.45 219.117 2655.23 364.129 7335.26 2619.01
internal_count=2080287 1305710 774577 622756 682954 466678 353425 690674 324815 317170 141794 7645 306975 295600 195214 112661 552644 142016 100386 113253 63926 139840 54658 3824 85182 83565 69311 211631 50440 82553 365859 365485 19186 130310 60909 83903 126734 4063 78090 29667 48423 1617 1455 82137 346299 55047 291252 180044 168928 25843 7365 143085 33922 4472 3761 39477 55717 161191 156078 109163 4828 3336 104335 3116 101219 96273 40851 12515 3242 1361 1881 1392 556 275 836 14254 1492 3576 4946 2506 290 1954 410628 276138 134490 26945 24287 103765 13594 28761 2159 2052 102685 276049 36482 132646 13684 11859 5557 1825 2387 205 111208 43237 67971 35267 374 9488 4196 34672 35558 128796 28336 53023 118962 1080 4060 98449 37605 16821 50834 1612 20784 2655 58121 20918
is_linear=0
shrinkage=0.02


Tree=49
num_leaves=127
num_cat=0
split_feature=8 53 34 32 18 32 27 10 40 47 38 38 6 27 38 6 12 35 54 6 23 17 6 23 39 23 48 39 9 39 34 38 54 54 39 55 39 9 21 43 18 48 38 38 21 5 5 23 53 47 48 34 6 48 48 2 27 46 14 48 47 34 14 27 20 39 2 39 47 16 48 17 40 21 10 39 6 21 13 38 5 19 28 48 46 5 43 5 39 39 57 48 48 5 2 48 53 14 48 39 21 47 5 18 2 27 47 2 40 28 55 48 16 2 47 46 54 5 38 55 48 38 48 20 21 55
split_gain=525.775 213.45 175.197 78.5736 74.9216 71.9063 67.1092 64.8708 67.7145 72.9914 63.5223 62.7484 61.0665 55.694 55.5743 52.6998 51.756 50.8245 51.8053 50.2669 50.2858 47.9971 44.075 48.7596 46.2361 54.8786 43.6956 42.1988 41.9832 41.5448 40.5222 40.4674 39.8416 39.4675 39.2892 56.5188 47.6759 38.6478 48.6672 38.3491 37.9693 45.3551 37.6484 42.9812 42.5864 39.7393 39.1721 38.4465 37.2821 37.1703 36.9958 36.5696 43.7767 36.3155 36.3077 36.3391 46.0562 36.2272 36.189 35.7572 48.0628 45.5798 41.166 42.7184 68.1219 62.492 48.0758 39.3946 37.3984 35.8035 36.7737 35.7214 35.6426 45.7504 36.6764 35.6091 35.33 33.8159 33.7284 33.7186 33.4826 33.2875 33.1614 38.4415 38.1234 49.9319 45.0609 36.558 33.1976 33.025 42.3307 45.4232 37.1077 32.2206 32.1472 31.7378 33.4506 31.6868 33.1628 33.3084 31.5876 47.9578 31.6383 31.5415 31.4706 31.3258 31.3065 31.2508 43.1616 31.3051 30.8163 30.6822 32.5729 38.3637 34.8413 32.2889 33.1883 39.7868 30.4736 29.7409 29.3384 29.2271 33.2443 30.0997 28.875 32.8782
threshold=-0.20760563015937802 0.71654358506202709 0.012500000651925804 0.058384967967867858 -0.8796459138393401 0.081870529800653472 -0.60785761475563038 0.90317335724830639 0.34150634706020361 -0.072709828615188585 0.24217850714921954 1.0000000180025095e-35 0.87747657299041759 -0.60785761475563038 0.08950595930218698 -0.72475674748420704 0.076856821775436415 0.27500000596046453 0.080831561237573638 -0.92152512073516835 -0.012342919129878281 2.0381331443786626 2.4612660408020024 0.10237156972289087 0.16354166716337207 0.028932710178196434 0.0059644405264407405 0.91354167461395275 -2.5567952394485469 0.24687500298023227 0.045833334326744087 -0.021434193477034565 0.075476877391338362 0.32327935099601751 0.21770833432674411 0.31536227464675909 0.25937499105930334 1.2548176646232607 1.4763890504837038 -0.023976485244929787 0.46711589395999914 -0.0047110889572650185 -0.18789444863796231 -0.047935934737324708 0.73244506120681774 0.256399616599083 0.049743834882974632 -0.041387714445590966 -0.33581466972827906 -0.0038078937213867898 -0.078094564378261552 0.10416666790843011 0.031473221257328994 -0.011329897213727234 0.08287480473518373 0.013418661430478098 1.0000000180025095e-35 0.014117284677922727 -2.5753796100616451 -0.0056882414501160375 0.013677868060767652 0.12083333358168603 -2.1014034748077388 0.6078576147556306 0.4202678799629212 0.088541664183139815 -0.06544069945812224 0.68437498807907116 -0.0059929108247160903 -2.4680107831954952 -0.086653765290975557 3.420794010162354 0.46650633215904241 0.58895274996757518 1.5373623967170718 0.034375000745058067 0.50889292359352123 1.8365673422813418 0.44489657878875738 -0.23981512337923047 0.23321673274040225 4.3945605754852304 -0.56174489110708226 -0.10024167969822882 0.028140695765614513 0.15061592310667041 0.015734753571450714 0.47547437250614172 0.22187499701976779 0.54270833730697643 0.058928642421960838 -0.0013248297618702052 0.037302408367395408 0.20237267017364505 0.06114312261343003 0.0055628013797104367 -1.6894779801368711 -0.55134594440460194 -0.00028363944147713477 0.56770834326744091 0.49293254315853124 0.02867482136934996 0.24386817961931231 -0.64155209064483631 0.02985507715493441 -1.0000000180025095e-35 -0.020699809305369851 0.017841097898781303 -0.12500000000000003 -0.56174489110708226 0.36077880859375006 -0.032492395490407937 -1.2800127267837522 -0.040810843929648392 -0.072709828615188585 0.016698626801371578 0.12899048626422885 0.3716790527105332 -0.092381138354539857 0.36077880859375006 -0.051891120150685303 -0.056280747056007378 -0.017758373171091076 0.77809494733810436 0.6891164779663087 0.25390139222145086
decision_type=2 2 2 2 2 2 2 2 2 2 2 2 2 2 2 2 2 2 2 2 2 2 2 2 2 2 2 2 2 2 2 2 2 2 2 2 2 2 2 2 2 2 2 2 2 2 2 2 2 2 2 2 2 2 2 2 2 2 2 2 2 2 2 2 2 2 2 2 2 2 2 2 2 2 2 2 2 2 2 2 2 2 2 2 2 2 2 2 2 2 2 2 2 2 2 2 2 2 2 2 2 2 2 2 2 2 2 2 2 2 2 2 2 2 2 2 2 2 2 2 2 2 2 2 2 2
left_child=2 7 3 4 71 16 11 8 10 29 59 26 28 50 19 -5 -4 18 53 48 42 30 24 -24 25 77 27 -3 -7 -10 -12 72 103 -27 110 97 -37 38 -13 -16 -34 51 44 45 47 -44 -45 -21 -6 95 -11 52 -42 106 55 -25 -57 58 -46 62 61 68 63 65 -65 69 -66 78 -61 -2 -71 -1 73 74 -26 93 94 -8 -64 -14 -58 89 83 -33 86 124 -84 88 -85 121 92 -92 120 -68 -74 96 -15 98 -36 -100 -50 102 -102 -18 -90 -19 -9 109 -109 -48 -22 112 113 -20 -115 116 -113 -118 -108 -51 -91 122 -75 -123 -86 -126
right_child=1 6 5 15 14 12 22 17 9 13 21 37 79 49 39 -17 32 105 111 20 34 -23 23 54 31 33 -28 -29 -30 -31 -32 82 40 -35 35 36 -38 -39 -40 -41 41 -43 43 46 57 -47 107 -49 100 119 -52 -53 -54 -55 -56 56 80 -59 -60 60 -62 -63 67 64 66 -67 75 -69 -70 70 -72 -73 76 81 -76 -77 -78 -79 -80 -81 -82 -83 84 87 85 -87 -88 -89 104 90 91 -93 -94 -95 -96 -97 -98 -99 99 -101 101 -103 -104 -105 -106 -107 118 108 -110 -111 -112 115 -114 114 -116 -117 117 -119 -120 -121 -122 123 -124 -125 125 -127
leaf_value=0.002824186551875228 -0.0089266188473904745 -0.00060598197981381842 0.0031959317632918546 -0.022592249091754266 0.0019181656139616097 -0.015511710227819258 -0.0010685976773639929 -0.0033084622261466442 0.02793985329182469 -0.015200587944399492 0.016289492246144763 -0.002102584781917733 0.022574766357880818 -0.0038052108725578895 0.020755010147046074 -0.0022424521904663092 0.0038744808955578471 -4.1349551585813923e-05 0.023770045857122214 0.012436092742269303 -0.0023112583141077368 -0.012090668152190618 -0.00090369693269660197 4.2640390795543134e-05 -0.0016481891618510644 -0.0042358618044913291 -0.0029294269206738893 0.0086205224591835976 0.0051587539055431269 0.0060814544404602169 -0.0079775580664500599 0.022323040926594612 0.00124684803848771 -0.021426294996403281 -0.0011084576550743912 0.013660379016840727 -0.016927241015160847 -0.0056483453724670276 -0.0091624703563738304 0.0024558701010884841 0.0011462094146650671 0.002053119033366847 0.0021081531176097507 0.0011949272053225189 -0.029748718397549556 0.018256261700910138 -0.0031772408808117916 -0.011252522876641954 -0.0028475568887813048 -0.003096553397749269 0.0010247891587996942 0.0098530369451862929 -0.0053170184481159963 -0.0019318729685717058 -0.015295493802977485 0.012832588223855208 0.0048320592896990127 0.0059654698178673166 0.0014856887776557787 0.0014043698893179512 0.0028237569781367758 -0.012931682739272744 0.0023266232263284103 -0.015843002634183902 0.019380761876380912 -0.0025377788114535837 0.0024109104608670616 0.0035095903508503765 -0.00057504785973464055 0.021828908082444989 0.0044737832785062452 -0.024835927164016586 0.0049958963266772075 -0.014224373671528059 -0.007484168419236238 0.0035431340467383041 -0.0012170488769369786 -0.012025049934500332 3.6044767462324827e-05 0.0095257058064212828 -0.013236327526769807 0.0036509897953202002 -0.00083476650850001762 0.0012899021446028428 -0.005963148353804632 -0.010988853968018906 0.012052372824783462 -0.026561053869681685 -0.0036732404481465185 -0.018806598408839054 0.0053969574598074855 -0.0038267705169373208 -0.002208725312240035 -0.019766058527872526 -0.014238014423464665 0.0029007019198275434 -0.00031061947055055061 -0.0013439522896181661 0.0027343190037162515 -0.00061330140039201557 0 0.0040339888608254366 0.01477305995394422 0.0017651518603026845 0.0017600376343246144 -0.0099870455676202563 -0.010638430636918479 0.010787936152975148 -0.00074061869357452612 -0.00039505477485710262 0.015068175565201193 0.00040392574322186509 -0.0021016770369111414 -0.014171954478443173 0.0098698661029657485 -0.0056905249177150409 0.0039064082890680986 -0.014579485623035402 0.0012474194536150371 -0.02952497148052196 0.0032130924254659909 0.003500267508704909 -0.0029766714679918768 -0.0017869763378365647 0.00054479714339935063 0.028666665120833816
leaf_weight=4959.7422046288848 69.3687679246068 3894.3564546182752 8553.4587565734982 97.519969709217548 7843.8177016302943 48.426644049584866 4758.9091526344419 851.83695617318153 41.372815281152725 55.968005031347275 51.715223610401154 3831.4019244983792 120.61112550646067 1593.4772015064955 45.508619241416454 106.08007071167231 3450.8021727949381 186.5723794028163 41.049543499946594 55.380146265029907 7289.4514882564545 268.28833293914795 2295.5595791861415 442.35180579870939 1386.8586312532425 4076.1939087584615 4936.0494683906436 207.9143747985363 190.85421168059111 201.04877758771181 56.642703957855701 23.237406745553017 18083.735068082809 53.232153251767159 3091.3494341298938 23.211435690522194 133.51516257971525 3557.9970510303974 434.23188678920269 3224.6568667069077 594.61869627982378 1172.5435090959072 3804.9338631555438 6153.4605240449309 65.162619188427925 60.992111533880234 2338.3597356975079 52.320147410035133 1240.2629070729017 4827.2344541847706 4209.8787833154202 85.827613666653633 1415.4072582274675 14472.897708706558 36.818331010639668 332.5353035107255 388.90289702266455 21.588542908430099 18.931104436516762 5035.9545995444059 2399.2637356817722 110.25430122762918 5195.6438798382878 75.782826162874699 71.358885280787945 3090.8065748140216 52.401032134890556 4111.1082206964493 15775.271350272 53.565137319266796 480.1421088501811 17.749029658734798 1125.2710740640759 110.79359793663025 624.76529777795076 1334.8514544814825 726.22387963533401 114.44906537979841 5091.7929625734687 237.26927479356527 44.858622752130032 841.2483764141798 10158.071040526032 705.97031285613775 363.85159626603127 338.03461637347937 108.69549287855625 25.069173611700535 5881.7811172530055 23.443022795021534 258.30761985480785 1209.7526880204678 693.81419357657433 50.897889360785484 34.89641135931015 790.55187900364399 3505.1753160879016 6464.3126836270094 3258.7974234223366 1870.2578594982624 11540.668323814869 1366.844389103353 57.280527740716934 15947.664709329605 458.91465175896883 394.96931831538677 87.455482289195061 209.93797235935926 337.43891065567732 5248.6956697329879 40.041552297770977 4963.7344087287784 2389.9699592739344 37.112802803516388 64.61897099763155 275.49291349947453 1938.2459394186735 46.732743047177792 3499.9508760422468 16.116422079503536 2532.6297661289573 614.80215730518103 1803.8987185880542 1431.6040463149548 415.95949254930019 16.328730426728725
leaf_count=38787 299 30641 64154 377 61125 129 36407 6708 171 341 314 30273 393 12058 148 524 27445 1414 111 304 56635 1350 16997 3426 10541 31423 38407 1632 743 1077 333 98 133245 328 23735 114 766 28006 3476 23316 4286 8945 29422 49172 290 350 18206 259 9472 37610 33015 580 9727 114629 225 2326 2774 148 135 38907 18648 844 40734 413 366 21405 403 32329 124621 293 3466 80 8454 808 4658 9619 5591 888 39554 818 335 6353 79538 5518 2776 2363 776 109 46420 162 1997 9371 5322 310 201 6128 26641 51382 25316 14441 90915 10499 293 126456 3176 2925 690 1581 2561 41025 234 38083 17365 158 321 2022 13903 212 27717 67 19671 4728 13573 11065 3235 112
internal_value=-2.30624e-05 -0.000817512 0.000956933 0.00031891 0.000354666 0.00186516 -0.00172308 -0.000185516 0.000198358 -0.000948354 0.000601316 -0.00279746 0.00875861 -0.00112466 0.000175811 -0.0120572 0.00178147 -0.000954782 -0.000835875 4.29718e-05 -0.000375023 -0.00756533 -0.00131551 0.00082473 -0.00150077 -0.00276663 -0.00166188 -0.000136127 0.000924072 0.00991547 0.00363811 -0.00114357 0.00148449 -0.00446284 -0.00101615 -0.000424348 -0.0123329 -0.00410884 -0.00282348 0.0027171 0.000888277 -0.00109513 0.000398838 0.00049726 -0.00793314 0.00236783 -8.92744e-06 0.000921456 0.000811507 -0.001893 0.000808165 -0.00285706 -0.00340491 -0.00144652 0.00400942 0.00461048 0.00724251 -0.0168903 -0.0227707 0.00067305 0.000143201 -0.000164276 0.0013009 -0.000209638 0.00253543 -0.00138837 0.00346863 0.00185478 -9.59707e-05 0.00449524 0.00625505 0.00272038 -0.000307309 -0.000724313 -0.00346403 0.00266548 0.00224043 -0.00132853 0.00119311 0.0139769 0.00293502 -0.000145008 -0.00175016 -0.00282369 -0.00108181 -0.00455996 -0.000697071 -0.00290961 -0.00282157 -0.000513442 0.000616799 -0.00220059 0.00189008 -0.00859138 0.00440474 -0.000825159 -0.00140351 -0.000296351 0.000527397 0.00151357 0.000200265 0.000492105 7.42885e-05 0.00214061 -0.00327963 -0.0068035 0.000135702 -0.000919766 0.00369077 -0.00125297 -0.00221413 0.00034767 -0.00154593 0.00769945 0.00103685 0.00101181 0.00127846 0.00346357 0.000954498 -0.00319078 0.00300347 -0.00185971 -0.00363513 -0.000197107 -0.00181869 0.00167306
internal_weight=270126 149187 120939 71038.3 70834.7 49901.2 61320 87866.6 58615.9 15240.8 43375.1 16862 597.161 14998.4 65857.2 203.6 49304.1 29250.6 28669.1 62587 40538.1 376.646 44458 3541.03 40917 9002.78 9038.32 4102.27 239.281 242.422 108.358 31914.2 40750.6 4129.43 22170.9 14841.4 156.727 7823.63 4265.63 3270.17 21352.1 3268.4 18367.2 18153.8 213.383 3865.93 14287.9 107.7 22048.9 10732.6 4265.85 2095.85 2010.03 18912.1 1245.47 1208.65 766.297 105.682 84.0937 42998.5 23320.7 20921.5 19677.7 5279.17 1585.29 3693.88 1509.51 14398.5 20811.2 603.076 533.707 4977.49 13418.3 11531.9 2011.62 1438.15 1886.39 4873.36 10287.4 357.88 433.762 9520.29 18495.9 7094.97 11400.9 1134.17 10266.8 7071.74 7046.67 8679.05 4717.95 1468.06 3249.89 103.299 1160.17 5889.2 5098.65 14684.7 8220.4 5129.06 14205.1 12964.8 11597.9 19398.5 6340.7 581.542 4439.24 8134.43 547.377 7587.06 7329.49 9756.96 2532.75 142.781 101.732 7224.21 6948.71 1984.98 3587.41 4843.35 2556.07 3961.1 1914.69 2046.41 796.14 432.288
internal_count=2080287 1151754 928533 551612 550711 376921 474180 677574 451316 117108 334208 132435 2083 115860 511844 901 374838 226258 221919 488380 316076 1997 341745 26083 315662 69046 70680 32273 872 1248 647 246616 310684 31751 172623 115754 880 61755 33749 23464 156783 23538 143453 142317 1136 29772 112545 563 172304 82504 33356 14593 14013 149744 9086 8861 5435 573 425 332211 183020 164372 149191 36574 11111 25463 10698 112617 163528 4058 3759 38867 102495 88249 15199 10332 14246 37295 80288 1211 3109 73050 144121 55321 88800 8486 80314 55223 55114 66697 36523 11368 25155 713 8655 44827 38699 114874 63492 39757 111179 101707 91208 153901 49596 4339 35115 63373 4142 59231 56869 72175 17955 590 479 54220 52198 14115 28407 37677 19833 30174 14381 15793 6123 3347
is_linear=0
shrinkage=0.02


Tree=50
num_leaves=127
num_cat=0
split_feature=8 53 1 9 33 32 10 29 40 45 25 4 29 26 29 55 27 25 29 21 25 6 6 27 40 6 25 29 33 26 35 2 5 48 55 48 29 35 40 19 26 35 29 27 26 32 19 54 51 55 26 5 21 25 33 21 48 29 28 20 26 27 29 53 28 21 26 25 57 29 19 2 1 29 20 29 48 3 6 32 40 28 33 32 49 26 20 29 56 13 3 54 6 31 4 15 53 45 19 27 55 4 2 20 40 48 29 27 29 1 19 48 4 19 5 27 3 33 40 40 20 48 5 10 55 33
split_gain=521.205 180.198 155.425 71.9557 66.6312 71.187 64.5983 73.3935 57.3246 66.5342 68.847 57.1392 62.179 54.9325 85.116 54.679 54.168 70.8682 52.2335 52.351 52.0201 51.7316 50.0591 49.0408 48.5341 62.4842 47.1887 45.9042 46.7345 55.9413 44.8129 44.2985 43.1603 45.5678 41.7933 40.4228 46.9638 38.9246 38.664 37.9293 46.0872 37.7929 37.5019 40.0909 37.3286 48.6074 54.0565 37.6589 40.2701 37.0696 37.026 36.1772 36.166 36.1079 35.5611 34.7051 34.3892 43.9221 33.9593 41.3581 33.697 33.6417 35.1751 33.572 33.3407 51.8382 33.5659 56.2241 33.3226 52.5208 33.0258 32.4115 32.3963 33.5485 39.4209 32.1963 34.5092 32.1313 35.2539 32.0134 42.8454 35.4247 42.0054 48.4926 31.6498 31.6283 39.0045 32.4155 31.5764 31.3091 31.0129 30.7255 30.697 30.9985 30.7431 30.6735 30.4366 30.1056 30.0738 30.0635 31.8511 31.7142 47.9431 41.2225 41.2779 38.8708 32.5724 31.6142 33.5761 30.3325 29.9717 46.7629 31.9181 29.76 29.6422 29.4782 30.7588 29.4327 29.1357 35.1046 31.3574 28.9342 40.611 28.622 28.5587 28.3631
threshold=0.017369261011481289 0.70274224877357494 -0.00085625945939682413 -1.5921992063522337 -0.039226543158292763 0.081870529800653472 0.90317335724830639 6.3523948192596444 0.34150634706020361 -0.03212266415357589 -1.0000000180025095e-35 0.050771076232194907 -0.25995671749114985 0.78656607866287243 5.5065631866455087 0.31536227464675909 -0.60785761475563038 1.0000000180025095e-35 3.572928905487061 0.99531686305999767 0.78656607866287243 2.5151095390319829 -0.72475674748420704 -0.60785761475563038 1.2246467864107191e-16 -0.10591326281428336 -0.6035533845424651 5.1798641681671151 -0.018793666735291478 0.60355338454246532 0.57500001788139354 0.013801442924886944 0.47547437250614172 -0.078094564378261552 0.31536227464675909 0.0059644405264407405 -8.7872056961059553 0.27500000596046453 -0.4665063321590423 1.5317949652671816 -0.7865660786628722 1.0000000180025095e-35 0.53381323814392101 1.0000000180025095e-35 0.60355338454246532 0.066184654831886305 2.9730238914489751 0.11960789933800699 0.81406766176223766 0.023178694769740108 -0.12940952181816107 0.22402674704790118 0.9444924294948579 -0.91597560048103321 0.016072612255811695 1.3974188566207888 -0.0056882414501160375 -4.7584266662597647 -0.56174489110708226 0.86509332060813915 0.91597560048103344 1.0000000180025095e-35 -7.5872063636779776 -2.2956736087799068 -0.56174489110708226 1.0483410954475405 -0.98296290636062611 0.78656607866287243 0.061618993058800704 -0.24815201759338376 3.536170601844788 0.0017145471647381785 0.015007978305220606 -1.3289451599121092 0.38949306309223181 0.53381323814392101 -0.0039651014376431695 0.061279535293579109 0.46812568604946142 0.0084431669674813765 0.46650633215904241 -0.56174489110708226 0.0022493600845336918 0.049569150432944305 -0.49423332512378687 -0.98296290636062611 0.77503889799118053 1.5412330627441408 -0.014421465341001747 0.38765019178390508 -0.12890398502349851 0.078318905085325255 1.2279263138771059 0.22999999672174457 0.038336127996444709 5.4615795612335214 -0.63179564476013172 0.036264903843402869 2.7781149148941044 0.87837970256805431 0.36077880859375006 0.062254065647721298 0.017294025979936126 1.5923807024955752 -0.3415063470602035 -0.021121894009411332 5.9036970138549814 1.0000000180025095e-35 0.53381323814392101 0.004450001986697317 2.8711236715316777 0.01798147521913052 0.20964992046356204 4.5199735164642343 0.15280007570981982 -0.60785761475563038 2.2197782993316655 0.049849597737193115 -0.4665063321590423 0.46650633215904241 0.89979788661003124 0.092069741338491454 0.3716790527105332 -2.1046324968338008 0.16856966912746432 0.049849597737193115
decision_type=2 2 2 2 2 2 2 2 2 2 2 2 2 2 2 2 2 2 2 2 2 2 2 2 2 2 2 2 2 2 2 2 2 2 2 2 2 2 2 2 2 2 2 2 2 2 2 2 2 2 2 2 2 2 2 2 2 2 2 2 2 2 2 2 2 2 2 2 2 2 2 2 2 2 2 2 2 2 2 2 2 2 2 2 2 2 2 2 2 2 2 2 2 2 2 2 2 2 2 2 2 2 2 2 2 2 2 2 2 2 2 2 2 2 2 2 2 2 2 2 2 2 2 2 2 2
left_child=2 6 4 31 22 11 8 37 9 10 -2 12 63 72 71 23 17 35 19 30 26 32 -1 -10 38 -26 41 28 29 124 79 -4 53 -34 98 36 -3 44 -7 -25 58 -17 -23 -44 47 46 61 48 -8 -45 85 -28 77 54 68 75 -54 -58 59 -41 -24 -46 -63 -6 65 70 -66 -68 -18 91 -40 90 -5 74 -74 -30 -77 -52 -79 -13 -81 125 83 -83 96 86 -11 -88 -29 -21 -15 -70 94 -94 -59 -9 -75 113 -27 101 -101 109 106 104 121 -106 110 108 -105 -55 111 112 114 -71 -103 -76 -117 -12 -78 -120 -121 122 -104 -14 -19 -82
right_child=1 16 3 13 5 24 7 95 15 50 117 18 123 14 -16 20 21 27 -20 89 -22 42 60 39 25 34 51 88 55 -31 -32 -33 33 -35 -36 -37 -38 -39 64 40 -42 -43 43 49 45 -47 -48 -49 -50 -51 52 -53 56 99 -56 -57 57 92 -60 -61 -62 62 -64 -65 66 -67 67 -69 69 97 -72 -73 73 84 115 76 118 78 -80 80 81 82 -84 -85 -86 -87 87 -89 -90 -91 -92 -93 93 -95 -96 -97 -98 -99 -100 100 -102 102 103 107 105 -107 -108 -109 -110 -111 -112 -113 -114 -115 -116 116 -118 -119 119 120 -122 -123 -124 -125 -126 -127
leaf_value=-0.01866585526392054 0.0010473813237911215 0.025824228443998044 0.0013740201342170744 6.1038920052815951e-05 0.0075424732134819908 0.0201267842944594 -0.00055473768271032395 0.0082937885860753218 0.00081641483016786686 0.0058436484632083683 -0.0073750908173034089 -0.0001556387963876154 0.0039103642106237332 -0.0032405141312967069 0.0081569001735233935 0.013737140102221513 0.001913688667612186 0.0084339654946778211 0.0039289973005654883 0.0020623842278594323 -0.014674190183453251 -0.002603556618862842 0.0034131510696649332 0.0010885377133370072 -0.0084627623658900895 -0.0078967741360417409 -0.0042863581360854924 0.0037039547188949034 -0.0023304612330596886 -0.0078479386634841969 -0.02411619924562448 0.0060907121390807485 0.0056648860588343142 -0.020549241236097405 0.025508683713449498 -0.0027242552247569544 -0.00014213689689160383 -0.0063962618148737617 -0.011044172876188729 0.0087989537474512155 -0.0031710344462915602 -0.009321958083392182 0.0056117011138481681 0.028157836286130521 0.0022437332586755223 0.024396300077077764 -0.0031841744350258674 0.00061215392623957423 -0.0026361517254986522 -9.2574989307148706e-05 -0.00039962332742158566 0.023201580639905177 0.0034473135250521663 -0.002188137798301334 -0.0048146503724570792 -0.0078963342087024803 0.026042078058897168 -0.00038915917984727849 -0.0016983173436562759 -0.0030796949363168132 -0.019642360391361129 -0.02435942952315413 -0.0005452127483992035 0.0032929340665589419 -0.013800277076236021 -0.025232127336404449 0.020482573162605752 -0.0082702745582126664 -0.0020537893960337356 -0.0058382267022109259 0.015000860972028856 -0.0025839047607087908 0.024041220571834707 -0.0072931031895557856 0.0060294584353712899 -0.0100052825803063 0.0029579605739992738 0.002837087915987792 -0.0021207030142226073 0.0016138871505318156 -0.005344968516142118 -0.0029862124603910749 0.0034836398465241118 -0.028502262279532575 0.00050640577466067049 -0.00033265681433600344 -0.0011264431848409778 0.0097831101337911147 -0.02100242449533354 -0.00011462041662663626 0.00059353349642918426 0.01087247346336094 -0.0011692392915340878 -0.018495845305737692 0.0030653955148595012 -0.0031786482833378107 0.0053868904826860674 0.012945030375425855 0.016682785227425934 -0.00064357094232478948 0.022725719462994728 0.0017149694563947087 -0.0059787073455863492 -0.012122115183544698 -0.010491862599276145 -0.0018192258717862168 0.0047457529590175917 -0.0033827190175265828 0.011408738025355344 -0.0045193599953325184 -0.0023607580538945248 -0.0020644639659342609 0.014871499726318472 0.0052552016247742785 -0.0062765550709358332 -0.0074212262649107057 0.0096296604804182642 -0.019300027932190628 -0.0058023886494569096 -0.0074406873124335388 0.0097726444619330496 -0.017962984153445147 0.022177665772766517 0.0010061669756515066 -0.008579860491908212 -0.023828688111803158
leaf_weight=110.38307885080576 352.80392128974199 27.064990893006325 7841.4988206997514 39085.645472161472 821.82230763137341 44.974956035614014 5783.6686097383499 466.8408542200923 3665.3931947425008 780.58807594329119 265.48637314140797 15039.478152960539 1587.87309910357 1124.5656839758158 363.61299149692059 51.529433496296406 2948.9245322868228 310.70822987705469 2595.1533086597919 18586.416147701442 35.479828268289566 801.69875351339579 127.35171433538198 1414.1934461966157 38.4822828322649 31.003911599516869 22.514745853841305 25.510967165231705 2925.7811879143119 162.30542477220297 28.697889544069767 885.90996757149696 36.582285478711128 91.610843889415264 141.39223431795835 4632.068946249783 3834.5698735788465 554.62738487124443 37.206943295896053 352.58422005921602 6413.2963652908802 60.963225468993187 936.31895199418068 17.82800617814064 3337.1144997701049 31.875916659832001 1646.154077090323 2815.4653000459075 10420.218790411949 1401.7990495562553 6565.1367435976863 115.39399295300245 4437.6863745599985 7645.3847651556134 519.21651900559664 965.9369378760457 27.103697285056114 1648.4035836607218 781.79047118127346 174.62461251020432 30.597359158098698 24.04888179898262 2639.6774155423045 7852.5141682252288 25.650105737149715 41.836434334516525 81.157410323619843 39.93544552475214 125.64108702540398 905.10728123784065 38.723199918866158 6374.3333391696215 20.831896670162678 78.648383684456348 106.85809437930584 516.31114660948515 202.31169734895229 3079.6388545781374 703.99099361151457 11129.45123065263 394.75364224612713 268.08349552750587 536.74181655794382 32.590581096708775 1200.0806603580713 14112.694919914007 1017.0963042676449 120.99654315412045 101.37953618913889 3079.2849549874663 3370.541989736259 175.12135385721922 1238.335928760469 41.749438799917698 2744.6762696281075 115.70326419174671 1569.3960295841098 39.447699218988419 52.175550490617752 7017.2533911243081 22.405179567635059 3156.7929332330823 1335.5955021455884 26.906588919460773 217.75529000908136 3799.8803218975663 434.52440125495195 153.36415418982506 190.28430739045143 3157.3290760964155 3356.1402691975236 2518.7942089438438 69.230585604906082 107.41628111153841 196.23784264177084 398.81490986049175 46.415984101593494 121.28145940601826 1857.0801020637155 66.123427554965019 113.73670793324709 78.889833368360996 19.834994852542877 9343.9603076055646 44.305628038942814 35.46401210129261
leaf_count=504 2070 194 61353 306284 6596 151 45524 3261 28660 5899 1702 115827 12781 8724 2664 244 22812 2351 19095 140950 170 6025 651 11037 147 133 165 190 23320 1258 132 6675 165 384 393 36031 30201 4142 147 2611 49555 331 6886 61 26071 100 12805 19937 82193 10281 50227 447 34587 60939 3995 7717 203 13190 5859 1361 76 160 20590 62768 47 86 362 190 1003 7048 118 49907 71 529 736 4098 1595 23709 5130 78944 2893 2013 3888 119 8803 109408 7999 932 650 24036 26507 1286 9739 323 21563 604 11373 281 207 54240 132 24483 10127 203 1557 27703 3143 1137 1352 25097 26109 19257 414 807 1334 2547 271 562 14690 521 877 520 101 74750 319 168
internal_value=1.84646e-05 -0.000857381 0.000899711 0.00016928 0.00153189 0.00156907 -0.000232953 -0.00100611 0.000194505 0.000594506 -0.00534024 0.0015126 0.00243206 -0.000104261 -0.00134808 -0.000944083 -0.00170949 -0.00270676 0.00116403 0.00101789 0.00769101 -0.00133012 -0.00839715 -0.00113758 0.00858767 0.014889 0.0109097 -0.00415309 -0.00394026 0.0018456 0.000437969 0.00185356 -0.00153275 -0.0130749 0.0189147 -0.00146469 4.62329e-05 -0.00115637 0.00319778 -0.0019216 -0.00247305 0.00125987 0.00113003 0.00240152 -0.00104724 0.00012958 2.51184e-05 -0.00152241 -0.00189337 0.000281067 0.000714868 0.0187082 0.0012782 -0.00149367 0.000124152 -0.0043909 0.00212718 0.00109885 0.000945706 0.00486418 -0.00114227 0.000906044 -0.00076965 0.00369648 0.000250585 -0.00763629 0.0065957 0.0110019 0.000721485 -0.00187624 0.00224773 -0.00166686 0.000224439 0.00209044 -0.00232144 -0.00379345 -0.00534503 0.000446289 0.00191405 0.000464567 0.001217 -0.0022653 0.000131618 -0.00584057 0.00297877 -4.9907e-06 0.00240353 4.01003e-05 -0.0160373 0.00175294 -0.000365936 0.00548041 0.000974934 -0.00174912 0.00176913 0.00601191 0.00477711 -0.00398369 0.00752427 -0.00172723 -0.000565834 -0.00203736 -0.00145891 -0.00289431 -0.00333322 -0.00229202 -0.000599786 0.00355225 0.00844685 -0.00286994 -0.000850212 3.18981e-06 0.00152544 -0.00465634 0.00124523 -0.00335966 -0.00562381 -0.0111572 -0.00426607 -0.00498516 0.00343269 -0.00624537 -0.00554989 0.00142842 0.0062897 -0.00692268
internal_weight=270110 135469 134640 62467.2 72173.2 71904.8 78180.8 27835.4 50345.4 37257.7 739.572 71332.3 19606.2 53739.7 11233.1 13087.8 57288.5 15785.2 51726.1 49131 285.881 41503.3 268.332 12801.9 572.538 263.054 250.401 7291.49 7164.6 517.319 27465.3 8727.41 38345.7 128.193 224.572 8493.7 3861.63 27252.9 309.484 9136.49 7722.3 112.493 3157.64 2355.95 26698.2 7678.87 7646.99 19019.4 16203.9 1419.63 36518.1 137.909 20486.7 38217.5 4820.87 6647.28 10138 5700.27 1309 527.209 157.949 6000.84 2663.73 8674.34 264.51 117.767 146.743 121.093 4301.66 1352.73 75.9301 10869.4 42506.7 3421.05 572.921 5681.34 2755.56 10348.8 3783.63 27436.6 12397.1 1267.63 837.416 300.674 2848.13 16031.4 1918.68 1138.09 126.891 21665.7 4495.11 300.762 5673.17 1280.09 4393.08 582.544 1648.04 1051.97 83.1795 33396.6 7039.66 26356.9 15554.2 5822.51 5451.96 4017.64 9731.72 370.555 217.191 10802.7 9297.2 5941.06 3422.26 1012.52 3353.03 552.089 445.231 386.768 2239.25 2036.94 179.86 1434.32 1355.43 10931.8 355.014 430.218
internal_count=2080580 1045964 1034616 486444 548172 546941 603070 215387 387683 287243 4334 544960 156895 418416 87802 100440 442894 124012 388065 368970 1357 318882 1231 99083 1981 880 1187 57586 56746 3928 203984 68028 295629 549 733 66426 30395 211522 1101 70423 59386 575 23253 17228 207380 59726 59626 147654 127717 10342 282909 612 158671 295080 37232 52818 79605 45018 9831 3972 727 46821 20750 69364 950 351 599 552 33237 10425 265 85138 330614 24330 3625 45101 21781 79066 28839 203852 88025 9081 6020 2132 20705 124238 14830 8931 840 164986 35231 2289 44815 10062 34753 3865 11902 8136 340 257848 54372 203476 117440 42700 40008 29260 74740 2692 1555 86036 71597 45488 26231 7855 25817 3554 2818 2264 17683 16088 1398 10748 10228 87531 2670 3061
is_linear=0
shrinkage=0.02


Tree=51
num_leaves=127
num_cat=0
split_feature=10 51 32 16 40 51 14 17 29 47 29 55 25 29 55 15 29 23 55 48 15 45 34 25 28 47 29 49 35 1 46 46 29 0 51 5 17 34 38 32 34 13 15 14 18 52 31 20 48 55 38 20 23 29 32 16 31 40 28 55 29 21 25 28 40 18 15 20 5 57 55 5 23 17 1 47 54 21 48 2 38 54 18 18 54 34 47 19 38 46 20 19 25 24 47 38 46 38 57 40 5 48 40 14 45 37 18 38 29 17 55 19 29 29 22 14 15 47 20 46 20 28 23 15 19 38
split_gain=475.42 194.164 94.8163 91.8071 66.4471 60.4684 58.6095 54.225 52.316 55.0285 67.5282 51.9681 52.0169 48.7446 48.5013 48.7059 47.4002 44.8994 51.8414 49.079 43.6747 44.087 43.5546 43.352 45.5712 41.0497 41.0354 40.6982 40.6232 39.3351 38.8626 37.5996 37.455 36.3433 36.0111 35.9096 38.0962 35.8483 35.2042 35.1545 49.0086 34.972 34.5949 34.2472 33.5696 34.1044 33.5144 32.0558 34.2812 33.8991 31.683 31.5812 31.3839 31.3035 49.2511 37.9724 31.2932 40.6785 31.7421 36.5408 54.379 31.1898 30.591 30.4595 70.9465 35.9394 30.2486 30.1162 30.0748 32.0109 29.9355 29.8875 29.8113 34.2102 29.8108 32.0964 45.7922 29.6479 29.2359 31.2208 31.0561 44.7499 35.4561 33.5198 29.1077 30.3753 29.1031 29.0521 34.8446 32.1107 50.106 40.3154 33.6699 32.5925 34.2478 37.0235 31.2468 32.2142 29.2894 28.9402 31.7606 32.2496 28.8729 28.7657 28.7123 28.5151 31.351 34.9427 31.5136 33.9512 31.223 28.1338 28.0943 27.9134 27.8002 27.5801 27.5109 27.4841 27.3416 38.5252 27.3331 27.3061 37.0935 43.9608 43.9444 41.5425
threshold=0.62070336937904369 -1.4384123086929319 0.00096937306807376455 -0.46201050281524653 0.12500000000000011 0.81406766176223766 -2.5753796100616451 0.10553002357482912 5.1798641681671151 -0.0066983499564230433 -4.0514318943023673 0.44935074448585516 -0.91597560048103321 3.8446962833404545 0.061155095696449287 8.7330217361450213 3.572928905487061 -0.083601072430610643 0.08050990849733354 -0.049539962783455842 2.4462699890136723 0.044641470536589629 1.0000000180025095e-35 -0.7865660786628722 -0.56174489110708226 0.059817936271429069 3.7036716938018803 0.8316103219985963 0.075000001117587103 0.0019038663012906911 0.0036035785451531415 -0.027873160317540165 1.1786401271820071 0.0082004284486174601 -0.50255191326141346 0.076899804174900069 2.9665052890777592 0.029166667722165588 -0.18789444863796231 0.081870529800653472 0.029166667722165588 0.66608893871307384 2.0666420459747319 -6.0120375156402579 0.17689653486013415 1.7588012218475344 0.38999998569488531 0.44179761409759527 0.040359724313020713 0.10673548281192781 0.14000282436609271 2.2136533260345463 0.045368887484073646 -5.7213635444641104 0.049569150432944305 -1.3906240463256834 0.2099999934434891 0.34150634706020361 0.81174489855766307 0.15129722654819491 -2.1163523197174068 0.63737794756889354 0.78656607866287243 1.0000000180025095e-35 -0.3415063470602035 0.28486925363540655 8.7330217361450213 1.0121223926544192 0.027882930822670463 0.1930535286664963 0.24310465902090075 0.47547437250614172 -0.070801008492708192 1.1900782585144045 -0.0062477153260260812 0.0012709977454505863 0.1251444295048714 0.8599853813648225 0.0031524866353720431 0.036473490297794349 0.019631491042673591 0.15286692976951602 1.2947713136672976 -1.0826300382614134 0.048983324319124229 0.045833334326744087 -0.011433518026024101 8.7590279579162615 1.9710640316703559e-17 0.0073065708857029685 0.93364986777305614 3.3784747123718266 0.91597560048103344 45055.935546875007 0.006924655521288515 0.097963448613882079 -0.016293425112962719 0.15202475339174273 0.1561049968004227 1.2246467864107191e-16 0.018583431839942936 -0.033438133075833314 0.46650633215904241 -0.61324238777160633 0.036264903843402869 0.86011210083961498 -0.14394204318523404 -0.058035677298903458 1.9987583160400393 0.7030010223388673 0.10948823392391206 3.7590260505676274 -8.7872056961059553 -0.24815201759338376 0.030265606008470062 -1.8509179353713987 3.5768628120422368 0.0013751427759416404 0.59126344323158275 0.012081140652298929 1.0162647366523745 0.81174489855766307 0.078140363097190871 5.0540745258331308 3.6257311105728154 -0.14083460718393323
decision_type=2 2 2 2 2 2 2 2 2 2 2 2 2 2 2 2 2 2 2 2 2 2 2 2 2 2 2 2 2 2 2 2 2 2 2 2 2 2 2 2 2 2 2 2 2 2 2 2 2 2 2 2 2 2 2 2 2 2 2 2 2 2 2 2 2 2 2 2 2 2 2 2 2 2 2 2 2 2 2 2 2 2 2 2 2 2 2 2 2 2 2 2 2 2 2 2 2 2 2 2 2 2 2 2 2 2 2 2 2 2 2 2 2 2 2 2 2 2 2 2 2 2 2 2 2 2
left_child=1 7 4 25 11 13 51 -1 9 10 42 17 -13 30 29 87 22 26 34 -20 21 46 -9 99 70 53 -3 -26 63 -7 -5 -30 103 62 -19 -34 44 -10 -27 78 -41 115 112 111 45 50 74 49 56 -33 104 -4 -15 55 121 66 58 -58 113 72 -61 -42 -31 65 -65 -12 67 -2 -66 -70 105 -21 -60 84 75 -6 -77 -63 80 -80 82 83 -24 -82 85 -74 -54 89 -89 90 96 92 102 94 95 -92 -16 -98 -93 -11 -101 -102 -91 -22 -37 -25 110 -108 -109 -110 -107 -18 -8 -49 -57 -40 -83 -36 119 -28 -64 122 -55 125 -125 -124
right_child=3 2 6 5 20 14 8 16 37 23 28 12 -14 52 15 -17 43 18 19 71 32 -23 39 24 27 38 118 -29 31 33 -32 47 35 -35 117 36 -38 -39 41 40 61 -43 -44 -45 -46 -47 -48 48 -50 -51 -52 -53 86 54 -56 114 57 -59 59 60 -62 77 120 64 68 -67 -68 -69 69 -71 -72 -73 73 -75 -76 76 -78 -79 79 -81 81 116 -84 -85 -86 -87 -88 88 -90 91 93 98 -94 -95 -96 -97 97 -99 -100 100 101 -103 -104 -105 -106 106 107 108 109 -111 -112 -113 -114 -115 -116 -117 -118 -119 -120 -121 -122 -123 123 124 -126 -127
leaf_value=0.0028224850685671914 -0.0080622684856743489 0.0012002580779889177 -0.00055395667432532787 -0.00022323393121953381 0.0049389873380699546 -0.0012522367063915252 -0.018418936622378944 -0.00067952326804689904 0.0096372349817122997 0.0035929961660801819 0.0047829975177811406 -0.010583153586310351 0.019340541457347229 0.004959149531628208 -0.0035363979993088004 -0.010688859815593746 0.0024942767002429428 0.00046193435802561821 -0.0046054498460085368 0.0012199767107996958 -0.0069140192774902447 -0.030118555262229271 0.0018050165107307598 -0.004426197498726807 0.0012089276630061726 -0.012995645038573403 -0.016718949310445687 -0.0007935216425844551 -0.0046682887709454 -0.0026217579468112598 -0.0020509375834320627 0.0021874188124851928 -0.0090045802597504016 0.0040031036902447433 -0.00035538091465403467 0.0010501098687179208 -0.017787660460025997 -0.0044957577387333813 0.022314853596259114 -0.011205715238217532 -0.0024980239090756852 -0.0035254398689139976 0.0052830196440964081 0.0060270104960432683 -0.0040468901865602256 -0.018192760706713367 -0.018366246347441734 0.0020919523229831695 0.016126469404337658 0.018570403453068592 0.015221898941337931 0.017615290986563857 0.015442901159304315 0.0011404257770896858 0.018462882099848536 -0.0020577917840963536 0.012440497645897931 -0.0050478413282677289 0.0014161257401353016 -0.014640582268584628 0.025193297050760372 0.020337187209680127 -0.0066124767410999522 0.0060622593256706107 0.010893740600329641 0.0013632617613377931 0.013767208539658207 0.015109269811142374 4.9388941661530851e-05 0.021623308528482661 0.022058812165529233 -0.017666733242684113 0.0081497126535475892 0.017505256884330873 -0.00090037414754871425 0.002204068646842272 -0.0068610740621885338 0.0070839606559879543 0.002823881079274991 -0.025561280409158886 0.0046135220210162635 -0.0036408359631405168 -0.010092993786094051 5.2106006263484311e-05 -0.0090956560862963456 -0.021098722860994047 -0.0018298349061880745 -0.00096930632297905395 0.010765887493338174 -0.0030724525139122108 -0.00090703965887742614 -0.00083203120471219165 0.00060999500594022954 0.015463348673459896 -0.004475585337833583 -0.010915256564498363 0.00036752721110152356 0.012023139666697928 0.0039654444997888122 0.01381581706848232 0.01233646551819432 0.00035882343298889585 0.00021308318041286253 0.0055711450735464732 0.020770879341709982 9.2099907098317521e-05 -0.0095478891793912297 -0.0018412837554865414 0.008624623868249465 -0.019865878836534873 0.0064365654300840595 -0.023777966827119884 -0.0029530375553605639 -0.001291822112614588 -0.010902590243874209 -0.0012512093811999317 0.017624634119757392 -0.0023293272433990149 0.0093037492349462708 0.010978375598648693 -0.003184787668369762 0.0029521530990751438 0.0073964581589051207 -0.013704555135434955 8.5977828301568305e-05 -0.0012708305261351074
leaf_weight=14620.673452913761 87.083182036876678 7197.4752433374524 11673.103130087256 15832.81251873076 748.54874365031719 7614.9892774820328 47.977140046656132 4420.3417123183608 439.72918180376291 2669.1430339664221 4510.8718972951174 29.144239224493504 103.34637546539307 1022.7748274579644 838.73358143121004 216.18595686554909 37.519831374287605 5668.2329695746303 620.68124967068434 11407.382497988641 1101.0687288865447 19.431529611349106 9543.1384123489261 947.78936024755239 15310.058481104672 138.99930891394615 41.131842605769634 5523.4094578921795 439.08432248979807 11154.875096954405 6590.6656523570418 120.62467218190432 227.30058284848928 288.74303160607815 4933.3129106834531 966.25887339562178 48.822768114507198 85.038097105920315 38.591406457126141 48.276848986744881 62.941347144544125 688.46921125054359 205.03298939019442 1124.4860565066338 554.31441362947226 31.523191824555397 42.003483802080154 4174.4729069396853 59.36637831479311 86.513734959065914 73.039435125887394 37.389664456248283 40.75158853828907 7763.7366500124335 62.233733385801315 334.17910595238209 194.21468202024698 72.402194336056709 311.65803103148937 19.514144025743008 41.043786637485027 122.98741625994444 1674.4559070691466 1186.9084618017077 107.21215841919184 1692.2373276054859 79.37868944555521 29.105469726026058 3855.7590282782912 26.709231987595558 21.242520049214363 32.610865592956543 78.79432437568903 22.499494485557079 21552.249679431319 759.24536502361298 314.33783372491598 152.72021742910147 4923.4251940920949 14.551091581583021 767.84982375055552 1383.7855354249477 100.24379356205463 3984.4836821630597 488.91932135820389 16.28311500698328 594.46928257495165 234.15932221710682 176.86762385070324 10668.395613797009 4466.5895258784294 3700.8149478286505 1331.6043997779489 41.270251519978046 1824.5077602937818 151.95434594154358 10136.308423824608 94.754669800400734 589.1698199659586 73.66285128891468 91.124492473900318 3772.1808537766337 1188.3598308116198 78.297108545899391 29.477643415331841 2477.9323232993484 222.25996571779251 3622.7587114870548 190.25279311835766 17.372246205806732 353.74832135438919 27.527005925774574 1204.0965428054333 1271.1411877945065 247.58249124884605 39.514845170080662 23.77883018553257 6595.3336185365915 405.19573953002691 37.418033860623837 2105.7035770863295 1946.80826497823 239.92705215513706 215.22754734009504 161.16089525073767 2699.0287791788578
leaf_count=114171 412 57087 78325 124668 5733 60836 286 33906 3336 21136 35466 150 490 7649 6219 1251 157 45003 4433 87031 7675 135 70236 7469 120941 785 301 43541 3358 88482 51672 957 1809 2175 39238 7135 206 658 249 138 193 4725 1427 8336 4082 225 337 32656 453 668 444 282 266 57003 252 2105 1531 577 2455 146 230 359 13348 9339 861 13265 393 158 30133 213 112 149 628 172 170256 5940 2336 572 38113 74 5979 9109 753 30507 3753 127 4458 1732 1295 82372 35064 28063 10258 261 14235 1149 79081 650 4433 591 716 29656 9066 614 224 19657 1628 28566 1498 128 2775 88 8956 9914 1531 298 112 52380 3111 272 16766 14264 1732 1455 972 20612
internal_value=1.80972e-05 0.00064803 0.000271795 -0.00109963 -0.000282707 -0.00135938 0.000792394 0.00184311 0.00106125 0.00100176 0.00183329 0.000264238 0.0127207 -0.000515791 -0.00170663 -0.00124563 0.00130745 0.00021919 -0.00013807 0.00086713 -0.00104653 -0.000750873 0.00112557 0.000524969 0.000188529 0.00035251 0.00157995 0.000677974 0.00215521 -0.00242627 -0.000760541 0.00100092 -0.00327315 -0.00301334 -0.000843114 -0.00155568 -0.00055644 0.0073409 -0.00377054 0.00150329 0.00746945 -0.00208175 -0.00231281 0.00520866 -3.69571e-05 0.00198412 -0.000725175 0.00135947 0.00112076 0.00909111 0.00259662 -0.000494361 0.00279218 0.000622118 0.000853852 -0.00327446 0.000985077 0.00768653 0.00070565 -0.0026084 0.0123117 0.0101598 -0.00314932 0.00290522 0.00177165 0.00385061 0.00433089 -0.00216982 0.000493771 0.000203593 -0.00110967 0.00116451 -0.00360588 -0.00618625 -0.000692648 0.00176295 -0.000453128 0.0130517 0.00139159 0.00273488 0.000971647 -0.000137526 0.0016802 0.000790135 -0.00712908 0.00296271 -0.000697627 -0.00118771 0.00409187 -0.0012498 -0.000645454 -0.00185663 -0.00240443 -0.00204144 -0.0021561 -0.00123883 0.000172289 0.000476738 -0.000172161 0.00198555 0.000894859 0.00064472 -0.00274308 -0.00608027 0.00165518 -0.00117544 -0.000727178 -0.00185525 -0.00140625 0.0061522 0.000887029 -0.00880035 -0.00356069 0.00130182 -0.00583587 0.0105148 -0.00326862 -0.00148483 0.00721308 -0.00354033 -0.00470473 0.000768234 0.000384155 -0.00138636 -0.00781253 -0.000560645
internal_weight=270088 172737 131379 97350.9 63617.2 82579.9 67761.5 41358.7 56051 55526.3 20233.3 37071.3 132.491 24081.5 58498.4 35659.7 26738.1 36938.8 29257.6 12060.7 26545.9 23435.8 25548.5 35292.9 28686.8 14771 7681.22 20833.5 18776.2 22838.8 22423.5 7396.53 3110.1 15223.8 17196.9 1930.74 1703.44 524.767 905.575 21128.2 386.926 766.575 1457.11 1189.53 1654.61 1100.3 23416.4 6957.45 6750.31 207.138 1068.78 11710.5 1658 13865.5 13088.1 777.329 6690.94 266.617 6424.33 978.712 60.5579 338.649 14935 11379.7 5176.59 6203.11 195.567 116.189 3989.68 3882.47 7853.36 11440 918.154 606.496 23374.4 1822.13 1073.58 275.708 20741.3 4937.98 15803.3 6159.9 9643.38 4752.33 583.997 95.0774 635.221 35443.5 411.027 35032.5 17554.1 17478.3 13188.4 6484.32 6443.05 4618.54 11069.8 10231.1 4289.98 6606.11 3936.97 3863.31 11856.8 1179.37 995.737 7832.11 6884.32 4052.64 3830.38 207.625 2831.68 65.0468 1252.07 5445.61 581.762 78.1063 1407.56 11528.6 483.746 78.5499 3780.16 13025.9 11079.1 3315.34 376.388 2938.96
internal_count=2080580 1328185 1015382 752395 496796 645449 518586 312803 439979 435985 157571 289645 640 188713 456736 275129 198632 289005 228234 91613 207151 184737 190051 278414 226315 106946 60771 164482 146902 181607 176340 57625 22414 120771 136621 14125 12316 3994 6057 156145 1262 5272 10669 8581 12110 8028 184602 54267 52642 1625 7803 78607 12373 100889 96290 4599 52189 2108 50081 7511 376 1124 118596 89277 40546 48731 963 570 31207 30346 61833 87180 7135 4680 184265 14009 8276 931 154883 38187 116696 45707 70989 36486 4508 755 4724 273878 3027 270851 136659 134192 101696 50709 50448 36213 85950 79731 32496 52099 30963 30372 91438 8289 7359 61721 54252 31820 30192 1626 22432 245 9242 42570 3636 547 9221 91618 3684 573 30114 96038 81774 24771 2427 22344
is_linear=0
shrinkage=0.02


Tree=52
num_leaves=127
num_cat=0
split_feature=8 53 34 27 32 9 29 26 14 34 39 29 32 26 47 6 42 25 29 27 27 29 39 15 40 29 33 5 29 32 10 39 28 33 26 4 47 48 57 34 6 10 40 32 29 17 27 55 47 5 48 3 53 10 24 55 15 29 55 25 45 4 33 39 34 39 4 55 29 44 33 26 45 6 44 6 57 25 46 25 31 29 32 12 5 12 47 29 47 47 51 39 15 39 46 16 45 48 27 33 6 39 39 24 47 22 29 56 39 14 10 48 35 21 6 5 25 27 56 56 27 46 35 17 5 39
split_gain=464.371 202.889 151.29 69.1172 68.0633 67.7478 67.3281 74.0459 57.9381 57.5943 53.575 58.1522 50.2939 60.4495 61.9035 52.5071 55.1874 49.1644 49.0893 48.6131 48.3763 80.2394 68.7558 62.2089 60.6622 59.3229 48.3022 47.3813 44.7305 49.8465 53.5922 44.6566 43.0989 48.0639 45.9066 66.6841 44.1773 43.7744 42.0801 41.971 41.4184 42.0896 38.8485 98.9922 52.1762 42.9435 42.0984 44.7179 55.5374 38.7293 53.2429 42.1503 38.3675 37.7165 49.0688 37.5619 44.3021 50.95 51.6607 47.5896 44.7062 42.7612 37.5256 37.5241 40.0262 37.4959 62.2557 52.4111 38.8591 37.0644 36.4252 36.4049 36.2986 36.1031 35.787 35.6762 35.5424 43.9645 39.2885 35.1096 35.0917 34.9655 54.8787 35.8003 34.9204 34.4547 34.2315 34.1279 39.2632 34.0958 34.0591 33.5528 33.4986 33.0558 33.0006 32.9375 32.7837 32.7467 32.3793 41.9314 40.2175 34.2157 54.2489 32.2614 38.3254 32.0634 32.0367 36.193 34.3966 31.6172 30.7191 30.6447 30.5907 30.2761 30.2332 41.4791 30.0907 44.7113 38.1008 34.8256 30.9099 38.3323 29.9741 29.9162 48.6217 29.8323
threshold=-0.32709096372127527 0.70274224877357494 0.012500000651925804 -0.87837970256805409 0.058384967967867858 1.5260043144226076 3.572928905487061 0.78656607866287243 -0.3963023424148559 0.13750000298023227 0.68854168057441723 -0.32000541687011713 0.081870529800653472 0.91597560048103344 -0.091461442410945878 1.8651497960090639 -0.013322480488568543 0.60355338454246532 5.1798641681671151 0.87837970256805431 -0.60785761475563038 0.89029669761657726 0.48020832240581518 0.336676836013794 -0.3415063470602035 -0.19382536411285398 0.0066345757804811009 0.14841756969690326 -4.7584266662597647 0.036035012453794486 -1.2827392816543577 0.25520832836627966 0.81174489855766307 -0.0072374278679490081 -0.98296290636062611 0.32880382239818579 0.059817936271429069 0.038315992802381522 -0.1504048556089401 0.070833336561918273 -0.73468655347824086 -0.58524423837661732 0.34150634706020361 0.081870529800653472 -6.1939508914947501 4.3563842773437509 -0.60785761475563038 0.31536227464675909 -0.01372413896024227 0.47547437250614172 -0.071875035762786851 -2.5824576616287227 1.0318809747695925 2.7454522848129277 43.075330734252937 0.20117400586605075 4.0360629558563241 0.70512890815734874 0.063533887267112746 0.98296290636062633 0.0090742413885891455 0.19778792560100558 0.016523092985153202 0.16770833730697635 0.054166667163372047 0.54687500000000011 0.47378799319267279 0.36077880859375006 7.5160503387451181 -0.026372435502707955 0.06234401464462281 -0.6035533845424651 -0.00084432298899628211 1.9347718358039858 0.025648305192589763 3.4235064983367924 -0.10484824702143668 0.12940952181816109 -0.040776468813419335 -0.91597560048103321 0.16999999433755877 -1.1448174715042112 0.023376773111522201 0.7703664004802705 0.045200238004326827 0.8704735040664674 0.032715952023863799 3.1375944614410405 -0.030481931753456589 -0.0042017493396997443 -1.589770972728729 0.905208319425583 8.7330217361450213 0.56770834326744091 0.024401252157986168 -1.4355272054672239 -0.0034847627393901344 0.031441448256373412 -0.60785761475563038 -0.0066038016229867927 0.98289021849632274 0.32187499105930334 0.61354166269302379 1169.8869628906252 -0.020699809305369851 -0.050487022846937173 -5.3529233932495108 0.011445278301835062 0.21770833432674411 -4.8598587512969962 1.8866317868232729 -0.015272806864231823 0.075000001117587103 0.99138808250427257 2.7654128074646001 0.16291676461696628 0.60355338454246532 0.87837970256805431 -0.14875809103250501 0.087842632085084929 0.87837970256805431 -0.012728084344416855 0.12500000372529033 4.3563842773437509 0.32256756722927099 0.36354167759418493
decision_type=2 2 2 2 2 2 2 2 2 2 2 2 2 2 2 2 2 2 2 2 2 2 2 2 2 2 2 2 2 2 2 2 2 2 2 2 2 2 2 2 2 2 2 2 2 2 2 2 2 2 2 2 2 2 2 2 2 2 2 2 2 2 2 2 2 2 2 2 2 2 2 2 2 2 2 2 2 2 2 2 2 2 2 2 2 2 2 2 2 2 2 2 2 2 2 2 2 2 2 2 2 2 2 2 2 2 2 2 2 2 2 2 2 2 2 2 2 2 2 2 2 2 2 2 2 2
left_child=2 5 4 55 6 8 7 49 9 18 19 -12 20 14 -14 16 -16 -17 42 32 23 22 24 96 28 -24 -15 -20 29 30 -22 38 34 36 35 72 89 53 -31 -33 41 -6 44 46 76 -45 -44 70 69 51 -51 93 84 54 -36 56 57 58 -3 61 -58 -59 103 64 109 66 68 87 -23 -49 -48 -56 -5 123 -62 85 77 -2 -79 -77 -40 82 -46 -84 111 -21 -86 -67 -89 -34 106 97 -39 -1 -64 -71 -4 -27 99 101 -101 -78 -103 110 -105 -8 107 108 -26 -25 -7 -9 -108 -65 -114 -116 118 -118 -30 120 -120 122 -122 124 -13 -91
right_child=1 3 12 10 40 62 105 52 -10 -11 11 73 13 26 15 17 -18 -19 27 75 21 65 25 63 90 91 -28 -29 116 31 -32 39 33 -35 37 -37 -38 92 80 -41 -42 -43 43 45 81 -47 47 48 -50 50 -52 -53 -54 -55 71 -57 60 59 -60 -61 74 -63 94 113 -66 67 -68 -69 -70 95 -72 -73 -74 -75 -76 79 98 78 -80 -81 -82 -83 83 -85 86 -87 -88 88 -90 125 -92 -93 -94 -95 -96 -97 -98 -99 -100 100 -102 102 -104 104 -106 -107 112 -109 -110 -111 -112 -113 114 -115 115 -117 117 -119 119 -121 121 -123 -124 -125 -126 -127
leaf_value=-0.0016541076510015213 0.008648878377654292 -0.0036561220493559489 0.0053614357260667132 0.0053252534000915808 -0.028773490802998656 -0.000959738479589557 0.0047693239328968733 0.0068140741501173489 -0.000853874977807161 -0.0093369439170439238 0.0035200614647147113 -0.0011233420749811756 0.018462095187393161 -0.02410019446584535 -0.018006724230448613 0.02381572263767593 0.0058359845879321602 -0.0069101684606640715 0.0078250075716622732 0.00039891111511470076 -0.012922257935954773 0.0051685562508913419 0.0030359184711128773 0.023700222386908769 0.018423437993131904 -0.00017157939880571449 0.0048606144602213715 0.0003976758974450729 0.009198866114824537 0.026160925250312023 0.0035466953094191525 -0.020771959006204758 -0.01070988996484574 -0.0017511159594625384 -0.00040842623635362611 0.02343914738184906 -0.0088676445542797029 -0.0035766689623415323 0.007394930098539516 0.011498638615198807 -0.0023203994400591223 -0.00039933432030457577 0.0012200061587659208 0.0013474121313556385 0.0023473987607716173 0.02884167019709882 -0.0013404094294122131 -0.010126609500088476 -0.013565528817406339 0.028861063666011277 -0.0027108952758422801 0.00057355873556654111 -0.0030234266236664497 0.0013573375637015797 -0.0012548227428075425 -0.011194936355662622 0.013249488907725964 -0.0050001407880950442 0.00056153006049078672 -0.016576226871296392 -0.0052336461877413778 0.014169367434776323 -0.0082282840329314429 -0.0013649500104323854 0.012474511741168542 0.0028540256998727089 -0.018502053269943489 0.032423969982266085 0.020881353076349085 0.023997175474741228 -0.018725716204658367 -0.0032844193024651274 -0.0067681721507898184 0.0027681781937552168 0.019766179573000496 -0.01353645660964751 0.022103102424410995 -0.024174313568121712 0.0099437940815776549 0.010326638345016124 -0.011774826912034027 0.00046150253179306816 -0.00037498554590342765 -0.009836833618252815 -0.0015814090545798712 -0.0025566903987268856 0.0054534407063527848 -0.029688249963842533 -0.0021931920615743238 0.0041887096835920524 -0.0014775907647788973 -0.0056771669145455304 -0.014182517973862243 -0.024777950173545615 0.013714559576279033 0.0074030991895902964 0.0026801240923440234 0.0092221401048132711 -0.0047998583132778565 0.003671725529142631 -0.01618968904594547 -0.021327973867243003 0.012166708519750115 -0.0043998542607578909 0.001309177332137638 0.0014352561013350582 0.0016032663028731345 -0.014143676201348068 0.0042920926328731488 0.0020545680198544702 -0.0031698707428468838 0.00055349565743677449 -0.000388875813984808 0.0020685260955982093 -0.0099728366934527211 0.0033238806920736609 -0.00016836183528349714 0.0067639276906568671 0.0035008037838764562 0.011433178400357298 -0.018728362300998464 0.0019577346743990193 0.00059392886613836597 -0.020174676204236155 0.025702459926479505 -0.00051889117488284112
leaf_weight=53.436343230307102 206.20005829632282 2962.3980804681778 3644.7595843523741 105.17270068824291 69.444176912307739 8211.1355162188411 1777.1546721383929 353.89796690642834 18011.716531142592 238.81512167304754 1559.8942528888583 8085.1566605716944 216.74493265151978 37.808392830193043 60.171460598707199 73.652428150177002 105.36506848037243 28.304495170712471 706.43092262744904 5563.165739133954 253.18031513690948 2855.1110210493207 8422.2087506502867 26.782786786556244 90.913971610367298 1909.5783217772841 55.92573082447052 668.73695271462202 498.46771951764822 36.923580147325993 114.05545943975449 51.117676086723804 78.102823488414288 4978.9946996942163 6025.593082100153 30.366849802434444 151.67114571481943 4481.5895551741123 180.93793729692698 22.532725065946579 104.79573683440685 29.88297513872385 3792.6984941959381 35.033398769795895 10402.166590444744 64.629030235111713 10974.078536242247 29.866153195500374 44.992335692048073 44.380575992166996 39.97658310085535 47866.954252660275 3212.3540671393275 1486.7936123088002 5583.9270575642586 229.86166068911552 130.12710217386484 3100.6916807666421 1909.6298725903034 140.63517615199089 168.41862237453461 46.291663095355034 438.91920195519924 2161.7117921411991 198.06565333157778 1193.791199721396 42.837496809661388 20.55785358697176 63.551999181509018 74.685889862477779 47.434389561414719 9651.4156025722623 1567.5927562043071 1086.7703268304467 25.483909569680691 27.101526893675327 56.498915575444698 34.422029092907906 21.04618651419878 205.41658120602369 47.367763809859753 26841.722027525306 2050.3756190240383 172.52641331404448 6642.3292268738151 2200.8867313489318 287.6828688159585 20.772529050707817 464.35651092976332 1627.6247842535377 6929.0289709717035 413.2663477435708 121.58719831705093 45.438295312225819 28.316415503621101 134.74743807315826 3662.7189789563417 159.9341811016202 1404.5518543794751 97.440819509327412 68.7103541046381 26.361023858189583 65.002711653709412 549.03565929830074 3244.6106042861938 3293.5647837743163 2871.5615444481373 31.781004942953587 280.33347661793232 981.47093027830124 3627.9099743142724 2639.6092155426741 2062.9894143268466 1955.5994602739811 320.32297407090664 131.83681420236826 1993.5752825811505 456.48970171064138 1306.4591660127044 174.85305467247963 84.327448524534702 224.78533812612295 51.239794366061687 31.803219191730022 26.115408204495907 803.57020692527294
leaf_count=325 1302 23748 28258 817 234 64114 13312 2835 143165 1560 11963 63150 662 74 164 255 494 129 5344 42817 1541 21938 63395 161 486 15016 217 4265 3937 195 791 238 571 38723 47214 153 992 33756 1070 125 509 133 29502 188 80374 176 84574 154 282 133 168 374046 25221 11214 43079 1608 863 24578 15055 1105 1276 355 3195 15989 1413 9219 144 72 448 320 306 75312 12174 8284 154 144 308 149 149 1446 268 209311 14775 1276 51410 16855 2167 98 3460 12146 52477 3260 666 177 155 768 29420 1260 8251 638 384 157 425 3957 24626 24322 21772 151 1753 7550 28304 21124 15536 15011 2332 891 15400 3556 10094 1379 554 1762 381 185 121 6098
internal_value=-5.5701e-06 -0.000711606 0.000968762 -0.00157524 0.000354616 -0.000111396 0.000390236 0.000206662 0.00013745 0.00044396 -0.00131508 -5.01167e-05 0.00183734 0.00769653 0.0105405 0.00407328 -0.00288077 0.0152919 0.000484396 -0.00162046 0.00176419 0.00136922 0.000979133 0.00282022 0.000227093 0.00223507 -0.00694149 0.00421678 0.00198268 -0.00271313 -0.0078089 0.00281282 -0.00192839 -0.000591445 -0.00227988 -0.00546548 0.00157791 -0.00208128 0.00664094 -0.0108639 -0.0111482 -0.020336 0.000393695 -0.000471184 0.000710865 0.0192962 -0.000603001 -0.0012147 0.00660278 0.000570455 0.014031 0.000546469 -0.00112393 -0.00172114 -0.00193652 -0.00323122 -0.00301403 -0.00330222 -0.002003 -0.00522608 0.00422785 -0.00471343 -0.00129026 0.00117521 0.0042758 0.00380542 0.00516416 0.00143545 0.00551807 0.0104396 -0.00141702 -0.00254075 -0.00600449 -0.000653921 -0.00185832 -0.000207281 -0.00245617 0.00439706 -0.0112644 0.0074949 0.00337932 0.000869853 0.00173785 -0.00111389 -0.000508704 -0.00043901 -0.00128849 0.00103634 -0.0034312 0.00221295 -0.000531585 -0.00048133 -0.00386005 -0.0124325 -0.00686987 0.0134114 0.00401817 0.000557998 -0.00350217 0.00229591 -0.00458352 0.0100118 0.00236544 -0.001123 0.000481732 0.00260467 0.000600461 0.00603234 0.00779557 0.00265346 -0.0016373 0.001296 0.000192824 0.000265712 -0.00141709 -0.00609491 0.00267551 0.00112507 0.00429718 0.00296567 0.00207048 -0.00310774 -0.011467 -0.00111104 -0.00103369 0.00263275
internal_weight=270016 156565 113451 64193.9 66460.9 92370.8 66256.8 61186.1 76270.9 58259.2 55480.3 10789.7 46990.1 577.973 484.238 267.493 165.537 101.957 58020.4 44690.6 46412.2 33781 29120.1 12631.1 18215.1 10905 93.7341 1375.17 5496.31 706.115 367.236 338.88 36694 7639.96 29054 1703.13 2660.97 27350.9 265.229 73.6504 204.123 99.3272 56645.2 15198.2 41447 99.6624 15098.5 11305.8 284.292 48050.2 84.3572 47965.8 13135.9 22747.7 21260.9 8713.54 8483.68 8159.65 4872.03 3287.62 324.03 3146.98 16099.9 5323.63 1206.32 4660.98 2961.5 1699.48 2918.66 239.299 11021.5 15235.3 1672.77 9229.85 193.903 7996.57 1980.23 261.668 55.4682 232.518 228.306 39466.8 12625.1 2222.9 9923.52 7764.05 6930.01 1678.92 485.129 2509.3 12718.8 2482.78 4603.18 98.8746 467.236 209.433 7307.48 2069.51 1718.57 314.014 166.151 147.863 91.3637 15632.7 3793.65 5070.72 5789.74 403.028 371.247 1008.25 11839 2993.51 5386.71 4117.31 2515.15 452.16 4790.2 2450.06 2340.13 1841.66 1666.81 360.353 135.567 8143.08 8111.27 2431.19
internal_count=2079988 1209076 870912 496622 516116 712454 515240 477606 588103 444938 427880 83703 354796 1995 1704 1042 658 384 443378 344177 352801 254999 219620 97802 136689 82931 291 9609 41291 4228 2332 1896 282915 58530 224385 13144 19807 211241 1533 363 876 367 433769 116270 317499 364 115906 86404 1524 374849 301 374548 102757 176819 165605 68742 67134 64841 38803 26038 2293 24933 124351 40124 9124 35379 22530 12849 22386 1242 84880 118391 12991 71740 1430 61262 11763 1600 298 1590 1338 305736 96425 16051 77536 59672 53577 12777 3558 18815 95398 19536 34422 502 3350 1088 57678 16276 10163 1912 1022 890 582 121001 28583 37634 42921 2390 2239 7711 92418 23959 40531 31000 18759 3223 37063 18956 18107 14170 12791 2697 935 63456 63271 18244
is_linear=0
shrinkage=0.02


Tree=53
num_leaves=127
num_cat=0
split_feature=8 53 12 18 27 9 29 26 19 29 38 6 53 26 27 5 27 46 5 57 24 1 38 33 54 4 5 18 32 46 38 0 40 7 5 55 6 26 38 55 5 18 29 40 33 55 44 29 27 27 21 21 26 7 6 23 6 38 26 46 16 38 6 4 38 55 40 29 23 11 32 24 23 57 6 18 20 53 46 33 12 29 32 55 31 55 19 5 38 54 19 12 40 35 33 44 5 43 38 54 7 9 29 4 6 18 33 24 32 29 21 54 55 35 13 38 26 18 53 6 57 5 54 33 51 46
split_gain=446.034 194.887 102.427 72.2694 66.414 65.0684 57.3938 69.0903 48.9085 48.834 47.609 47.3312 46.0245 49.0097 49.7916 55.07 43.1665 45.7777 43.0403 42.2572 42.3593 42.2292 50.3387 62.9114 43.7561 43.1278 39.9031 42.5777 39.7857 46.3128 38.6184 39.0126 38.4762 47.2788 38.6007 37.9084 37.4714 37.2679 39.7372 36.1193 42.0586 49.8383 45.777 36.0936 36.0412 35.3252 35.2567 35.018 45.965 42.038 36.9582 34.895 36.6532 33.8514 32.7033 32.6537 32.6379 32.1521 48.7931 31.7251 31.7244 33.3822 31.3764 31.363 31.2596 36.7267 32.0369 46.2205 31.1684 31.15 31.0477 30.986 30.8283 30.7494 30.5662 32.3787 30.1365 29.9672 29.8659 29.6764 36.0773 50.8211 31.2716 29.4938 35.1863 29.3183 29.3135 29.2512 29.1395 38.8689 31.9603 48.9214 40.3885 28.9996 30.7238 36.0743 33.6466 28.9119 28.9496 28.8675 31.0236 30.2986 28.808 31.1546 28.5841 37.5327 28.2878 28.1296 27.9911 44.7438 27.9164 27.6925 27.2678 27.2071 34.2715 27.063 27.0553 27.1091 27.0038 26.8286 34.9766 38.3543 34.3034 28.5245 26.6483 26.6376
threshold=-0.32709096372127527 0.70274224877357494 0.13390558958053592 -0.64155209064483631 -0.87837970256805409 1.5260043144226076 3.7036716938018803 0.91597560048103344 2.9224120378494267 5.5065631866455087 0.087113134562969222 2.5151095390319829 -0.13580844551324842 -0.12940952181816107 -0.60785761475563038 0.14455679804086688 -0.60785761475563038 -0.065853759646415697 0.47547437250614172 0.23928943276405337 136951.38281250003 0.0024782087421044712 0.1087079979479313 0.042950199916958816 0.10485007986426355 0.032038275152444846 0.14841756969690326 0.83607760071754467 0.002410662942565978 -0.065853759646415697 -0.0096274362877011282 0.013118273112922909 0.46650633215904241 -0.033397374674677842 0.028372232802212242 0.36077880859375006 -0.75412601232528675 0.60355338454246532 0.048759702593088157 0.20117400586605075 0.082897979766130461 -0.62675032019615162 1.3011395931243899 0.34150634706020361 0.016523092985153202 0.063927687704563155 -0.015439444687217472 -5.7213635444641104 -0.60785761475563038 0.6078576147556306 0.8293672800064088 0.55390280485153209 0.60355338454246532 0.19361785054206851 -0.92152512073516835 -0.00080916355364024628 -1.8809318542480467 1.9710640316703559e-17 -0.91597560048103321 0.024401252157986168 -2.1207273006439205 -0.30078926682472223 0.2354172766208649 0.05338657088577748 0.020152709446847442 0.31536227464675909 -0.3415063470602035 -3.8459211587905879 0.14618567377328875 0.37158581614494329 0.081870529800653472 1169.8869628906252 0.03889135085046292 0.043820817023515708 2.7654128074646001 -0.42728458344936365 0.64319524168968212 -1.0720267891883848 -0.018784509040415284 -0.00057545537129044522 0.54823914170265209 -8.7872056961059553 0.020261231809854511 0.17466532438993457 0.22999999672174457 0.082369379699230208 1.2045183777809145 0.042534790933132179 -0.23981512337923047 0.46424406766891485 3.1045881509780888 0.63910013437271129 0.46650633215904241 0.37500000000000006 -0.028052771463990208 -0.0075422944501042357 0.29290214180946356 -0.0085088619962334616 0.04106459207832814 0.14639472961425784 -0.47667694091796869 -0.36921878159046168 -1.8902391195297239 0.22476208209991458 2.4612660408020024 -0.073326315730810152 -0.016163468360900875 -7291.0297851562491 0.026277910917997364 -5.3529233932495108 0.54431134462356578 0.02234629821032286 0.020465211011469368 1.0000000180025095e-35 0.51899284124374401 0.042405463755130775 -0.12940952181816107 -0.40158104896545405 -2.8874731063842769 1.5378741025924685 0.012745001818984749 0.256399616599083 0.21563432365655902 0.010359873529523613 1.1497757434844973 0.029715087264776233
decision_type=2 2 2 2 2 2 2 2 2 2 2 2 2 2 2 2 2 2 2 2 2 2 2 2 2 2 2 2 2 2 2 2 2 2 2 2 2 2 2 2 2 2 2 2 2 2 2 2 2 2 2 2 2 2 2 2 2 2 2 2 2 2 2 2 2 2 2 2 2 2 2 2 2 2 2 2 2 2 2 2 2 2 2 2 2 2 2 2 2 2 2 2 2 2 2 2 2 2 2 2 2 2 2 2 2 2 2 2 2 2 2 2 2 2 2 2 2 2 2 2 2 2 2 2 2 2
left_child=2 5 8 46 39 9 7 10 37 21 12 19 13 14 15 -5 -10 104 51 20 30 22 25 -24 36 77 -11 56 54 -30 32 -32 34 -34 -6 -25 -23 107 108 40 42 -42 45 79 71 -3 70 49 -49 60 -51 62 93 -13 115 110 -28 58 -55 -46 -45 -62 -12 -31 65 66 -19 -68 -43 -20 -4 76 113 -15 75 -69 -7 -2 -76 80 81 -27 -82 84 85 -14 -50 -87 90 119 91 92 -16 94 96 -96 -53 98 -66 116 -101 -102 -88 -104 105 -18 -21 -1 109 -39 -8 -60 -44 114 -36 -9 117 -81 -109 120 121 123 -123 -90 -22 -97
right_child=1 4 3 6 11 44 55 28 16 26 18 53 83 73 88 -17 17 64 69 106 124 24 23 35 -26 43 27 -29 29 63 31 -33 33 -35 72 -37 -38 38 -40 -41 41 68 112 47 59 -47 -48 48 86 50 -52 52 -54 57 -56 -57 -58 -59 111 -61 61 -63 -64 -65 97 -67 67 74 -70 -71 -72 -73 -74 -75 78 -77 -78 -79 -80 99 82 -83 -84 -85 -86 87 102 -89 89 -91 -92 -93 -94 -95 95 125 -98 -99 -100 100 101 -103 103 -105 -106 -107 -108 118 -110 -111 -112 -113 -114 -115 -116 -117 -118 -119 -120 -121 -122 122 -124 -125 -126 -127
leaf_value=0.0079232191659458408 0.0013988047878579241 -0.0041722320250446492 -0.0020772841964056647 0.0025715987999311209 0.0035830344552021253 0.00036666074026926607 -0.0013243589611290482 0.00053744846712020671 0.0054283391183535916 0.0071507422812817582 0.0088293827705433099 -0.0015069205081743584 -0.00041925690478433704 0.0014089878394060442 0.0027927228852559762 -0.0053155414791877277 -0.0060622392856429308 0.0074061815587975303 0.022652868581927547 -0.018622554077244401 0.0048682106067659391 -0.00036692767643025081 -0.001329165440805428 -0.016376156899546919 0.00086303909910010303 0.016661601971679617 0.027379906839194359 0.018474575484366162 -0.015133379753908032 0.0042090851683206651 -0.001942688521594125 0.0057588329888084364 -0.0013006873950598909 0.0044297930128436407 0.0033030002554492489 0.00035226406324995267 -0.0026185119299275473 -0.011513836971254359 -0.0044109467851191379 -0.010979379577681594 0.0079770651814106523 -0.0024824915468025198 0.01344728721473131 0.013106825495920167 -0.0080651323029841092 -0.00055700988367302063 0.0023894061700329558 0.0016444455329068016 0.0054332381326632631 0.024106055820791502 0.00059814649608852283 -0.0066915574216599803 -0.0038829949152222494 -0.0055226382839834269 -0.0032034552453829193 0.0010650085007680827 -0.0019093460690387742 0.004903080133589189 0.028920501344009919 0.013448395007145156 -0.020602828158724669 0.0010213510725997916 -0.0016145879168192681 -0.00035580175999659522 -0.011167440554439781 -0.018835002085053495 0.0095824455882789258 0.0050444356949412954 0.0053979405440309014 -0.0010491222252142559 0.017148161136314607 0.00047206648620837965 -0.0020913769804764759 0.0040316187463961409 -0.010785768972999994 0.00046205272444729633 -0.002121041426764289 -0.0013110683874781122 0.00050255465846322557 0.0020152948976683103 0.0013269054881690848 0.0028228393691002609 -0.0033811222743042046 -0.0031380178604443316 -0.0044445446227160184 0.0063621174927278928 -0.0039091038508206818 0.00072277511121205003 -0.00010202510395622142 -0.017278872239526902 0.025365974196581979 0.023739473966851565 -0.028943048384456337 0.019103130974870843 -0.0014210054939809249 0.0032631370319016941 0.013599691550571252 0.0018358481016624228 -0.0010792617150667415 0.010007384629073874 0.0013219798907305881 -0.0027798124778921269 -0.0010224625057217963 0.0092178599602003863 0.021408402005165261 0.020480184965705181 -0.0050081270153302512 0.0066422968778991707 0.0069388645895482274 0.00067235472272780448 0.0053594649392022433 0.002116739830306687 -0.0080209755272358744 -0.0022146577417149847 -0.00044371706744575823 -0.017925760635320528 0.0015919396371999166 -0.00056635240968311718 0.0016644671272711292 -0.0027008056879531971 -0.0020650266085117143 0.026850652183833618 0.00369870898853285 0.0034538229280502738 -0.011479023378800236 0.012703121127551009
leaf_weight=319.96868603676558 2059.1576894745231 3410.3722574338317 1015.271308273077 4356.293488137424 703.36127834022045 2457.0260737463832 289.78393413871527 1542.7531964108348 2643.4533683881164 712.68157552927732 504.53720247745514 1632.527478851378 18148.201122157276 10710.757289275527 71.157432034611702 384.42914786189795 51.729739524424076 652.73562754690647 70.023871898651123 66.910129427909851 46.71895607560873 6038.6377224773169 2550.7994973659515 187.72358472645283 4415.3967396095395 107.51977401971817 14.622147284448145 46.728439919650555 73.659500196576118 805.64822319149971 26390.102746576071 264.73957002907991 1099.5967607349157 1206.9131079241633 1111.4418624266982 75.788509264588356 5794.574128575623 123.76443499326706 713.87691923975945 229.70818854123354 236.97947805374861 1936.3327931538224 23.296577706933022 66.966944605112076 438.8630286231637 1584.2055819705129 11285.388157568872 3135.4569290950894 258.52573423087597 74.12124790251255 41.763985700905323 260.07698791474104 452.66826107352972 413.84919281303883 4376.6605350449681 2596.1180614754558 585.94059302657843 1032.9475645199418 14.648160412907599 28.319064579904079 33.516021467745304 164.50994654744864 148.4090872630477 2371.5872082039714 138.40777064859867 29.043686509132385 334.16252576559782 1147.3017397448421 222.95663686096668 32.011251010000706 33.746282204985619 3793.7111293002963 8606.9671011716127 2147.0673133358359 139.11594635993242 1334.1669979915023 9381.3472186923027 7856.4063004180789 282.60572949796915 2177.1320975869894 5383.1469103619456 5035.176778383553 629.347626298666 1301.2251756563783 712.71490070968866 382.36148150265217 1491.5663858875632 9183.9271361976862 5837.4498882591724 54.709347724914551 32.582492776215076 33.152138389647007 19.641726940870285 39.029491439461708 691.7552383095026 2169.3904849141836 36.394375056028366 1537.7237810790539 622.22720908373594 96.84038171172142 1075.6217742413282 2175.2704325243831 6692.8556704521179 119.97609129548073 78.6427166685462 34.814506508409977 632.06965374946594 457.05099695920944 268.27350854128599 3538.5032704398036 1791.6751899570227 1124.8028771281242 1067.4434308484197 2884.5271352380514 7992.6554594635963 31.421702519059181 10742.277974225581 6428.3116940185428 9150.4785378649831 1904.4821126908064 2641.3961864858866 39.975818395614624 69.582372166216373 1066.2753404453397 250.82327238470316 125.81356433779001
leaf_count=2249 16494 27398 6975 34637 5603 18650 2023 12105 20528 5382 3267 12360 144128 82796 426 2469 241 4949 226 483 279 47492 17794 1137 31414 528 66 290 235 6418 206101 1739 8435 9134 8699 361 45611 767 4851 1608 1857 14894 188 323 3195 12636 88365 24655 1990 382 276 1772 3156 3041 34270 19105 3789 7699 52 155 144 1074 946 17601 991 133 2287 8810 1631 126 121 28583 66115 16907 912 10207 73768 62840 2112 17159 42463 39108 4567 9101 5679 3061 11297 71514 45352 139 148 129 66 239 4686 16309 165 11973 4441 720 7445 15105 52428 799 273 154 4994 3158 1715 27701 13396 8172 8530 22232 61380 211 84417 50553 69704 14527 20432 174 330 8138 1362 886
internal_value=-5.45101e-06 -0.000697421 0.000949507 0.000641475 -0.00154391 -0.000109169 0.000415158 0.000277198 0.00212211 0.000134709 0.000511473 -0.0012889 0.000359963 0.000921497 0.000200422 0.00193083 0.00327905 0.00238804 0.00248726 -0.00145651 -0.00138888 6.64802e-05 0.000316419 -0.00229292 -0.000835735 0.000447972 0.00388926 0.000291262 -0.00134253 0.000436432 -0.00134421 -0.00186595 -0.000754982 0.00169805 -0.00102074 -0.011578 -0.00146971 0.00140524 -7.33082e-05 -0.00316741 -0.00295445 -0.000709194 -0.00383816 0.000706223 -0.00126451 -0.00302608 0.00206337 -0.000232253 -0.00042685 0.00572749 0.0157202 0.00218912 0.00144948 0.000747067 -0.00231443 0.00256245 -0.00115024 0.00217028 0.000350333 -0.00673298 0.00131111 -0.00271866 0.00645519 0.000802357 0.00211058 0.00319637 0.00336592 0.00254895 -0.00166622 0.0152692 -0.00144212 -0.0011006 -0.00117818 0.00184729 0.00173602 0.00258229 -0.00160465 -0.000748126 -0.00323554 0.00104114 0.00188581 0.00311555 0.000833454 -0.00019476 -5.98943e-05 5.2983e-05 -0.00118551 0.000948924 -0.000496547 -0.000612469 0.00804708 0.00331997 -0.00430199 0.00217726 0.00197 0.00257996 -0.00415993 0.000258076 -0.00292851 0.000625858 -0.00108854 -0.00142236 -0.00139231 -0.000840654 0.0127498 0.00471564 -0.00633754 0.00209699 0.000715174 0.000257225 0.00442826 0.00248725 -0.00754963 -0.000522367 1.38905e-05 0.000157128 0.000922592 8.68329e-05 0.00190204 -0.000532013 -0.000103858 0.000634819 0.0123219 0.000447449 -0.00890118 0.00378634
internal_weight=269994 156555 113439 89841.2 64186.9 92367.6 77506.8 72829.2 23598 76268.4 63627.5 55475.6 59097.4 29369 16511.1 4740.72 9026.13 6382.68 4530.11 51256.8 50557.8 74908.4 58659.8 2814.31 16248.6 55845.5 1359.97 647.291 9201.73 3250.89 50260.3 26654.8 23605.5 2306.51 21299 263.512 11833.2 14571.9 4644.42 8711.29 8481.59 2396.27 6085.32 45929.9 16099.3 4994.58 12334.4 12079.3 11698.4 380.878 115.885 4428.07 3775.13 4218.78 5950.84 4677.58 600.563 2586.25 1553.3 467.182 264.993 198.026 652.946 3177.24 6217.49 3919.13 3890.09 3237.35 2159.29 102.035 1049.02 15632.1 20595.6 12857.8 2903.19 2481.47 11838.4 9915.56 421.722 33850.6 11155.2 5142.7 6012.49 29728.4 28427.2 27714.5 8562.92 9566.29 11770.4 11613.9 156.534 123.951 90.7992 3322.46 3283.43 2986.96 296.471 2298.36 760.635 22695.5 3347.73 3250.89 8304.4 6812.83 165.187 86.5442 698.98 9927.5 3930.54 3662.27 2081.46 1139.45 1090.74 11988.6 9104.1 1574.17 19347.7 8605.44 9607.53 11559.2 9654.68 7013.28 109.558 6903.73 297.542 2295.2
internal_count=2079988 1209076 870912 692756 496622 712454 597295 562771 178156 588103 491931 427880 460153 226670 126967 37106 68011 47483 31778 396556 391079 578576 454059 19292 124517 434767 9527 4145 70840 24254 389438 207840 181598 17569 164029 1498 93103 110145 35034 68742 67134 18382 48752 355433 124351 40034 95461 93368 91169 2199 658 31426 27213 31324 46586 34524 3855 18964 11265 3350 1541 1218 4213 24019 46815 29410 29277 24328 16525 352 7096 121001 158426 99703 22041 19017 92418 79334 3024 262065 86666 39636 47030 233483 224382 218703 66514 74575 89861 89092 769 621 492 24057 23818 21881 1937 17405 5432 175399 23270 22550 64524 53227 668 395 5477 75111 30183 28468 15419 8224 8718 92311 70079 12316 152129 67712 72862 88953 74426 53994 504 53490 1641 17195
is_linear=0
shrinkage=0.02


Tree=54
num_leaves=127
num_cat=0
split_feature=8 53 10 12 40 25 4 40 27 28 35 29 45 27 26 25 24 53 54 2 4 18 7 29 45 26 17 6 45 29 39 48 35 2 24 27 35 56 45 18 43 48 48 17 26 26 28 48 39 5 31 18 29 48 39 38 29 38 16 38 16 31 39 18 16 28 54 27 29 38 35 26 48 2 45 32 6 43 35 29 39 39 26 55 38 29 55 39 52 35 39 2 27 38 55 39 55 24 27 5 39 39 27 2 2 28 29 45 12 22 6 48 55 19 12 46 29 43 57 19 18 31 48 45 27 32
split_gain=417.991 217.721 91.4371 64.9486 65.0159 65.1664 104.843 67.4471 61.8941 68.003 59.4901 86.6279 58.0714 56.5216 62.5342 52.9614 52.2034 50.4176 49.7228 65.4233 48.4442 47.818 46.4311 45.7172 53.0097 50.7548 46.9372 44.2343 44.0334 53.525 50.0155 44.7847 44.3801 42.4211 42.392 43.5978 42.0898 40.2249 40.0952 39.7003 41.8325 38.6654 38.4678 38.4127 38.2126 41.5872 44.0556 52.3078 38.444 44.9889 37.9985 41.8222 37.8859 37.3416 42.324 43.1413 36.9683 36.8205 59.1501 52.9138 43.1861 41.6588 36.4665 35.8424 34.6531 39.9196 69.2723 34.5948 34.5944 34.4425 34.4365 34.1292 33.9035 37.4109 33.524 47.7845 61.9125 43.265 42.9428 36.4474 42.4244 40.1938 41.9518 43.2346 41.6589 52.8871 35.3425 34.6233 34.1492 33.4927 33.4074 65.6577 45.497 41.2882 33.3337 38.3682 33.3653 33.2706 32.8387 32.6574 36.3672 32.2447 37.4719 32.1558 31.9345 36.6994 31.9278 33.8721 31.5666 31.3694 31.0576 30.8352 30.3671 30.3116 30.1497 29.7857 29.7121 29.6755 29.5843 35.2781 29.3151 29.2845 29.0031 28.9615 34.2049 30.4382
threshold=-0.64855945110321034 0.71654358506202709 -1.5257396697998045 0.88540148735046398 0.12500000000000011 -0.37940952181816096 0.47378799319267279 -0.12500000000000003 0.87837970256805431 0.81174489855766307 1.0000000180025095e-35 7.5160503387451181 -0.047965487465262406 -0.87837970256805409 -0.6035533845424651 -0.91597560048103321 43.075330734252937 -1.0385457873344419 0.37009254097938543 0.013418661430478098 0.47378799319267279 -0.67152100801467884 0.29178734123706823 -4.0514318943023673 -0.0087574892677366716 0.78656607866287243 1.8583714962005617 2.279007196426392 -0.014692798256874083 -8.7872056961059553 0.18437500298023227 -0.10024167969822882 0.17500000447034839 0.017841097898781303 30252.928710937504 1.0000000180025095e-35 0.075000001117587103 0.18119595944881442 -0.02092863246798515 0.95171043276786815 0.023398014716804031 -0.0096269329078495485 0.08287480473518373 0.9347975254058839 -0.98296290636062611 -0.6035533845424651 -0.56174489110708226 0.017164185643196109 0.94479167461395275 0.062414411455392844 0.14999999850988391 -0.23792291432619092 6.3523948192596444 0.018390625715255741 0.23437500000000003 -0.18789444863796231 4.7028779983520517 0.15202475339174273 -2.4680107831954952 -0.30078926682472223 -3.9388328790664668 0.10999999567866327 0.47187499701976782 0.70061647891998302 -1.7228513956069944 0.81174489855766307 0.17265223711729052 0.87837970256805431 4.5002102851867685 -0.23981512337923047 0.22500000149011615 1.0000000180025095e-35 -0.10024167969822882 0.03954890929162503 -0.047965487465262406 0.043712705373764045 1.3782762885093691 -0.023976485244929787 0.22500000149011615 1.4014244079589846 0.53437501192092907 0.48020832240581518 0.37940952181816107 0.21547056734561923 0.15202475339174273 -6.1939508914947501 0.035422317683696754 0.34687499701976782 -0.1168437749147415 0.17500000447034839 0.78437501192092907 0.010726710781455042 -0.60785761475563038 -0.022809561342000958 0.20717659592628482 0.50520834326744091 0.13434259593486789 53006.650390625007 0.6078576147556306 0.14643169939517978 0.61354166269302379 0.43020834028720861 0.6078576147556306 -0.0081081097014248354 0.010463026817888023 1.0000000180025095e-35 10.240769386291506 0.0018098205910064282 0.8634571135044099 -0.068714819848537431 1.5708789825439455 -0.12250675633549689 0.11673802137374879 2.9032374620437627 0.071413747966289534 0.0099423159845173376 5.5065631866455087 0.0022728334879502658 0.092805281281471266 3.7946587800979619 1.2442019581794741 0.10999999567866327 -0.021657923236489292 -0.028515934944152829 -0.60785761475563038 0.053323874250054366
decision_type=2 2 2 2 2 2 2 2 2 2 2 2 2 2 2 2 2 2 2 2 2 2 2 2 2 2 2 2 2 2 2 2 2 2 2 2 2 2 2 2 2 2 2 2 2 2 2 2 2 2 2 2 2 2 2 2 2 2 2 2 2 2 2 2 2 2 2 2 2 2 2 2 2 2 2 2 2 2 2 2 2 2 2 2 2 2 2 2 2 2 2 2 2 2 2 2 2 2 2 2 2 2 2 2 2 2 2 2 2 2 2 2 2 2 2 2 2 2 2 2 2 2 2 2 2 2
left_child=2 3 13 4 5 18 7 12 9 15 23 21 -7 14 109 37 -17 20 19 53 28 -12 44 26 -25 33 -4 -11 29 -6 32 -30 -31 99 -24 -36 50 90 -22 123 56 -29 -43 89 70 46 69 -48 -47 -50 51 -20 -51 67 112 -56 -41 58 59 111 -61 -59 -35 -8 65 66 -9 -2 -39 -46 106 -37 -71 -74 75 77 114 -15 79 81 -81 84 120 88 86 -86 -76 -87 -84 -16 93 92 -92 118 96 -96 -80 -38 104 -26 -101 -49 -103 -27 105 110 107 -18 -10 113 -53 -23 -55 -1 -77 -14 -105 -94 119 -3 -83 -118 -93 124 -19 -125
right_child=1 8 10 -5 17 6 63 64 108 27 11 -13 115 74 43 16 22 39 36 -21 38 57 34 24 25 103 -28 41 31 30 -32 -33 -34 62 35 71 97 68 -40 40 -42 42 -44 -45 45 48 47 101 49 52 -52 98 -54 54 55 -57 -58 61 -60 60 -62 -63 -64 -65 -66 -67 -68 -69 -70 72 -72 -73 73 -75 78 76 -78 -79 94 80 -82 82 83 -85 85 87 -88 -89 -90 -91 91 122 117 -95 95 -97 -98 -99 -100 100 -102 102 -104 116 -106 -107 -108 -109 -110 -111 -112 -113 -114 -115 -116 -117 121 -119 -120 -121 -122 -123 -124 125 -126 -127
leaf_value=0.0054330941723702468 0.001615109864428104 -0.0010856488295293151 -0.0044659077732534655 -0.0015125240213628801 0.013525213991311725 -0.016728170367774554 -0.016443844874781687 -0.0031332495198224176 0.00063796517320253889 -0.00064117129228329517 0.0044228230968421855 0.017778927441256462 -0.00049932476567332552 -0.010174717432962612 0.0021316791978865271 -0.0012015322230607835 -0.0012814817737287821 0.012683507943681843 0.026912793505561583 -0.0040696645461169526 0.011629239471767637 0.022930748589414979 -0.0011291612491378976 0.0034603483821835698 0.00035971813263156331 0.003804352951869182 0.0088984416965761041 -0.01221514323851982 -0.01450898449478206 0.0068427756305181539 -0.0036188436236055076 0.0010388392708652458 -0.0090637169042991194 0.0050198312317417931 0.012530457154598235 0.0071167403367080285 -0.0045220828619590529 -0.0041801042746601787 -0.0085670094277229443 -0.0047126246624723785 0.022748827144957337 0.0057570344903501592 -0.01613565747947189 -0.013552838821864144 -0.024504425173163487 -0.0035200818813054886 -0.001437343969660607 -0.0068471051105376294 -0.0040892255078653211 0.0056000963682366935 0.026018773441421839 -0.0040438716848296722 -0.012646455196333992 0.0050562045609198114 -0.011820673092978063 0.0026284859436818109 0.016628438523729448 -0.0080685722827817646 0.0010612410953584532 -0.028242495390327315 -0.0076359929112965273 0.0095419643087105068 0.0005868072266148913 0.00083833514881875534 0.0012216964142037852 -0.0059617050221493929 0.018958741473968223 -0.0010606923204763041 -0.024245807200402314 0.028442410910795368 0.017463903665874452 -0.012388565444819198 0.00048270257583626881 -0.0080847225529401719 0.0037190834175665935 0.0070071283902099473 0.01427019208080771 0.010221877991751671 -0.0018596801702679116 0.0057091972237175385 0.00082136123944629553 0.001894455555973919 0.0068809836013633517 -0.0079773094754473205 -0.020985241648632073 0.0076145225347577271 0.00056461740201793381 -0.015823029739083814 -0.0011835204072252103 0.0090414137518092727 -0.0057800723285379623 -0.018750486240345202 0.0083379842336948756 0.0091724532041487505 -0.016299161834681587 0.0033307298173629132 0.0055258501970086929 0.01872858517608144 -0.015889773757953373 -0.005787532766163078 0.0033892201024658514 0.014318657476565844 -0.0066116641451556537 -0.001910910933819267 0.027543385566311133 -0.017475221347330459 0.017001850398590587 -0.0085572370601436944 -0.0017573423662230426 0.0039419587455804652 0.023852739448837701 -0.0044036987652614264 0.013170936719489251 0.013662682743164947 -0.010379369034157591 0.0041484202249711458 0.02059304325103882 -0.002000989052832958 -0.0052265132794333665 0.0051317432983758651 -0.011651882495123807 0.0020030565789392416 0.0092321815010790991 -0.0007567739145565379 -0.016479372073557003 0.013007228870075521
leaf_weight=301.68195436149836 14512.639214605093 3113.1366650313139 1305.0258173197508 10446.589568629861 86.137400642037392 86.323202975094318 203.97194948792458 85.246699959039688 7640.8701265975833 9374.589358240366 1852.0983857139945 128.30730399489403 23008.394603453577 114.03537624329329 2868.9795741438866 12912.37669274956 336.17131043970585 18.887895807623863 37.909379795193672 851.53035186976194 251.42643600702286 27.65062290430069 1296.4286140277982 1966.2563101127744 23249.910597749054 453.47821424156427 113.35179667919874 54.9494484141469 73.623217202723026 356.82642365992069 2236.4374647215009 10595.480994082987 86.313359104096889 1446.2657630443573 207.61038284003735 77.524116441607475 121.41879764944315 472.77283988893032 45.76400451362133 1642.908009454608 22.210096135735512 849.25273827463388 32.396323084831238 57.453385762870312 21.844503924250603 16997.96442925185 3188.5305740386248 1390.5620067790151 494.12614502757788 543.06305512040854 69.360152348875999 29.948070801794529 48.70323458313942 716.56552994251251 87.105924852192402 1334.3447432219982 32.144773289561272 62.366524644196033 18181.117300018668 55.297464936971664 152.00472528487444 357.10666593909264 1525.5270259156823 62.417063370347023 11492.651695050299 65.184679798781872 167.06650306284428 2228.4186195209622 36.181069791316986 15.839167691767214 23.520482011139393 65.073391675949097 3630.113700710237 214.99910210072994 1593.1148716211319 86.18485539406538 325.24316219240427 64.176309689879417 1410.6882577687502 1794.2198377847672 1176.837068490684 7088.0069423466921 1569.1154160648584 94.979981206357479 78.261356398463249 79.186619244515896 13082.165973931551 35.772400371730328 241.91823443770409 310.35451778769493 369.71751861274242 14.327232688665388 245.91884751617908 163.47959844022989 116.94840932637453 59.574125975370407 294.95318623632193 29.81368824839592 27.254646338522434 687.25885102152824 229.73013614118099 64.250500448048115 70.979720637202263 6960.5059954077005 25.289883032441139 25.374428398907185 21.89164849370718 1081.3389361947775 3089.7889730855823 514.61400639265776 32.464901342988014 38.227085463702679 249.10181594640017 448.7107350975275 72.540190048515797 564.06350852549076 40.852700151503086 200.99469921737909 580.41307979822159 412.50148643553257 63.479919426143169 180.62625771015882 515.02371985465288 25039.505406595767 86.563689798116684 63.427671298384666
leaf_count=2310 112975 24369 9015 80808 499 473 858 580 58749 72370 14485 671 179055 618 22357 101056 2657 103 213 6341 1007 79 10023 14688 183894 3409 539 413 391 2581 16392 82433 606 10775 1382 526 685 3738 182 12718 111 6286 216 297 65 132324 25045 10649 3956 4090 272 116 351 5690 584 10380 206 367 140716 128 781 2055 11529 302 89294 439 1022 17191 255 67 184 465 27809 1385 12829 344 1353 433 10572 13740 8908 54437 12238 500 324 505 99106 165 1912 2342 2943 113 1949 1310 513 339 2043 137 128 4931 1599 504 543 54830 89 141 112 8354 23562 4016 151 181 1926 3520 245 4178 302 1568 4518 3151 501 1346 3849 194716 517 235
internal_value=-1.04726e-05 -0.000580617 0.00107555 -1.44176e-05 0.000147342 0.00058855 7.38217e-05 0.000167902 -0.00144929 -0.00170285 0.000599784 0.00145873 -0.000448263 0.00190263 0.00398975 -0.00201451 -0.00226396 -0.000461868 0.00149107 0.00135118 0.000524138 0.0013568 -0.00272437 0.000130307 0.000266389 8.56679e-05 -0.00339165 -0.000226889 0.000347064 -0.00190126 -0.00240239 0.000930107 0.00372888 0.000490988 0.000539111 0.00670334 0.00847524 -0.000274981 0.00849759 -0.000965141 -0.00392517 0.00391493 0.00493408 0.00251429 -0.00291535 -0.00274252 -0.00159682 -0.00289593 -0.00328701 0.00036025 0.0135364 0.00855547 0.00407789 0.00159276 0.00393268 0.00173466 -0.00429281 0.00105566 0.000922203 -0.00829779 -0.0132467 0.00690832 0.0027455 -0.0124028 0.00140226 0.00791064 0.0115079 0.00125883 -0.00565327 -1.88964e-05 -0.00606281 -0.00180169 0.000125688 1.41835e-06 0.00158334 0.00602995 0.00928549 -0.00280801 0.00148079 0.00168518 0.00377439 0.00142556 0.00247583 0.00511207 0.000785571 -0.00841614 0.000907357 0.000239154 0.00580312 0.00280913 0.000213214 0.00295956 -0.000597039 -0.000652836 -0.00143885 -0.00968724 -0.00057944 0.000147858 0.00343399 0.000213608 -0.00348624 -0.00594041 0.00335751 -0.0013547 0.00819877 0.00236723 -0.0064598 -0.00683457 -5.17467e-05 0.00775927 0.0105985 0.00722567 0.00716196 0.0103671 -0.000947787 -0.000387896 -0.00168107 0.00369182 -0.0010464 -0.000356678 0.00177246 0.0055137 0.008439 -0.000765656 -0.0111764 -0.00072144
internal_weight=270023 177067 92956.2 107198 96751.5 56113.9 35735.3 35468.9 69869.2 59138.6 59013 20854.2 23658.8 33943.2 4501.79 48827.4 42702.9 40637.7 20378.5 19979.7 13732 20725.9 29790.5 38158.8 36740.4 34774.2 1418.38 10311.2 13434.8 2765.71 2679.58 10669.1 443.14 27138.7 1646.64 350.208 398.834 6124.47 297.19 26905.6 1697.26 936.599 881.649 3236.79 28143.9 26681 8597.12 4714.32 18083.9 1085.89 247.601 178.241 591.766 19128.2 2387.12 1421.45 1675.05 18873.8 18454.3 273.18 207.302 419.473 2971.79 266.389 11810.1 317.498 252.313 16741.1 508.954 3882.8 1462.92 142.598 3860.95 3845.11 29441.4 662.18 483.968 178.212 28779.2 26897.1 2971.06 23926 9057.5 1906.01 14868.5 193.22 14675.3 114.959 1811.03 3179.33 5615.51 1345.98 816.631 4269.53 1882.16 176.523 1705.64 151.232 140.332 24166.9 916.989 1525.79 135.23 7635.46 113.077 87.7874 1439.4 1417.51 10730.7 1265.01 62.413 65.8777 965.667 750.393 158.725 23572.5 7181.98 446.914 4106.05 3525.64 7151.49 221.479 529.351 25208.4 105.452 25102.9
internal_count=2080418 1367631 712787 826725 745917 433220 276201 275041 540906 458595 456320 159463 183706 256467 34842 379310 331547 312697 157019 155087 104091 158792 230491 296857 287303 272615 9554 79285 102902 20078 19579 82824 3187 212728 12396 2373 1932 47763 1189 208606 13035 6915 6502 24996 218095 206788 66067 36741 140721 8397 1110 838 4441 148746 18580 10964 12924 144307 141885 1169 909 2422 22304 1160 91335 2041 1602 130166 3993 29326 11307 991 29261 29194 221625 2993 1942 1051 218632 205165 22648 182517 69588 14650 112929 994 111935 670 14150 24699 43770 10422 6460 33348 13467 852 12615 822 625 190424 6530 11696 1047 59887 497 408 11123 11011 82311 9846 267 260 7616 5830 589 183233 56478 3517 32038 27520 54938 1648 3962 195571 620 194951
is_linear=0
shrinkage=0.02


Tree=55
num_leaves=127
num_cat=0
split_feature=8 53 34 32 12 40 25 4 40 27 45 27 5 48 53 54 2 20 4 25 55 19 57 48 40 24 45 39 48 26 13 7 35 35 39 50 55 47 32 6 23 4 25 26 47 45 31 40 14 6 14 33 13 4 47 10 53 31 33 23 5 35 39 39 40 40 34 5 48 23 39 4 27 24 20 25 4 13 33 47 31 20 47 52 34 8 12 20 2 55 55 14 48 40 39 39 35 47 55 24 55 20 6 5 13 53 48 47 25 40 33 2 47 57 53 46 47 54 57 55 53 13 47 39 20 5
split_gain=401.483 209.138 126.043 73.6788 62.3825 62.4443 62.6036 100.77 64.7799 59.4567 55.8567 55.8323 50.7977 58.6571 48.4194 47.9278 62.8355 47.7016 46.5857 46.0921 53.0612 82.7549 44.2795 61.8873 44.0779 42.6978 42.288 43.7376 43.0561 42.006 41.7255 45.9946 40.9864 40.5996 39.9709 43.1119 39.8458 56.727 39.6902 60.0633 38.7743 39.021 38.6863 38.1457 41.7038 37.715 37.6468 37.5438 50.1113 42.7652 38.2417 37.4845 37.3042 37.2421 37.0596 37.0062 36.8242 36.7532 35.9524 35.9455 41.9832 39.176 53.1418 35.8824 35.2688 34.4245 41.9797 34.2964 34.1464 35.9026 32.8235 32.8202 32.1761 32.0975 31.8801 31.387 37.3961 32.8894 31.1163 30.8167 30.7903 38.0529 30.5252 30.4268 33.8458 33.4443 30.3191 31.2185 31.231 45.0157 34.4209 30.1934 30.1012 41.5525 37.0454 43.8238 32.5308 29.6922 29.3879 31.1676 29.353 39.1219 48.3506 36.1415 34.3736 32.4455 29.3478 40.7748 38.7463 29.6046 29.3217 57.546 36.0054 29.2791 36.3689 63.4501 33.7507 30.8927 29.1974 34.0155 29.1779 35.7998 35.5781 35.5118 32.0669 32.0374
threshold=-0.64855945110321034 0.71654358506202709 0.012500000651925804 0.058384967967867858 0.88540148735046398 0.12500000000000011 -0.37940952181816096 0.47378799319267279 -0.12500000000000003 0.87837970256805431 -0.047965487465262406 -0.87837970256805409 0.47547437250614172 -0.071875035762786851 -1.0385457873344419 0.37009254097938543 0.013418661430478098 0.6468152403831483 0.47378799319267279 -0.91597560048103321 0.062328113242983825 8.7590279579162615 0.086974330246448531 -0.010769563261419533 0.46650633215904241 136951.38281250003 -0.014692798256874083 0.18437500298023227 -0.10024167969822882 0.78656607866287243 0.44128233194351202 -0.1789785102009773 0.17500000447034839 0.075000001117587103 0.93854168057441723 -1.0611631870269773 0.20717659592628482 -0.091461442410945878 0.081870529800653472 0.77743607759475719 -0.017028384841978546 0.27726514637470251 -0.37940952181816096 0.91597560048103344 -0.091461442410945878 -0.047965487465262406 0.069999998435378089 0.46650633215904241 -1.3229280710220335 -1.1145439743995664 -4.4924082756042472 0.021717838943004612 0.27547615766525274 0.0537488590925932 0.018598492257297043 1.0076557397842409 1.9934878349304201 0.14999999850988391 -0.0027434480143710967 -0.099587641656398759 0.16568518429994586 0.22500000149011615 0.49687500298023229 0.15937499701976779 1.0000000180025095e-35 1.2246467864107191e-16 0.079166669398546233 0.082368247210979476 -0.012247929349541662 -0.0069853973109275094 0.36770834028720861 0.29894319176673895 0.87837970256805431 4753.7138671875009 1.3862095475196841 -0.91597560048103321 0.13013536483049395 0.51191806793212902 -0.043641407042741769 -0.072709828615188585 0.14999999850988391 0.5427958369255067 -0.030481931753456589 -0.33172655105590815 0.045833334326744087 1.1641420125961306 0.8634571135044099 0.86813926696777355 0.0051643189508467921 0.12338050827383996 0.024776849895715717 -0.28035938739776606 -0.078094564378261552 1.2246467864107191e-16 0.51354166865348827 0.65937501192092907 0.22500000149011615 0.0064402213320136079 0.29020999372005468 65059.337890625007 0.058827288448810584 1.2014912366867068 1.255273759365082 0.082897979766130461 0.16035137325525287 -2.663386225700378 0.0051750254351645717 -0.016530703753232952 0.78656607866287243 0.34150634706020361 -0.065504912286996828 0.019659140147268776 -0.038136847317218774 0.023896839469671253 2.506439328193665 0.0097065917216241377 0.0088880318216979521 0.086640145629644408 -0.12618996202945706 0.11935264989733697 -1.0043242573738096 0.26453277468681341 0.029566514305770401 0.2885416597127915 0.72468590736389171 0.057302182540297515
decision_type=2 2 2 2 2 2 2 2 2 2 2 2 2 2 2 2 2 2 2 2 2 2 2 2 2 2 2 2 2 2 2 2 2 2 2 2 2 2 2 2 2 2 2 2 2 2 2 2 2 2 2 2 2 2 2 2 2 2 2 2 2 2 2 2 2 2 2 2 2 2 2 2 2 2 2 2 2 2 2 2 2 2 2 2 2 2 2 2 2 2 2 2 2 2 2 2 2 2 2 2 2 2 2 2 2 2 2 2 2 2 2 2 2 2 2 2 2 2 2 2 2 2 2 2 2 2
left_child=2 4 3 12 5 6 15 8 10 19 -8 63 29 -14 18 16 54 -15 26 22 -21 25 56 53 38 34 27 32 -28 40 31 -20 -7 57 35 -22 -26 -38 59 43 41 51 -43 44 -40 -33 -42 50 -49 55 -37 -1 -5 -24 72 -50 78 -17 -51 60 67 -61 80 -4 -23 66 -41 -13 69 -10 -60 -46 100 -35 118 -74 77 -77 -3 -30 -63 -82 -71 84 -9 -86 -11 -88 -89 90 -90 -48 93 -65 -95 -96 -94 -44 99 -39 -2 102 -102 -103 -104 -105 108 -108 109 -81 111 112 -16 -52 115 116 -115 -118 119 -62 121 123 125 124 -31 -122
right_child=1 9 11 52 -6 14 7 83 68 86 -12 24 13 17 110 33 -18 -19 30 20 21 64 23 -25 36 -27 28 -29 79 120 -32 45 -34 73 -36 47 37 98 39 65 46 42 97 -45 71 -47 91 48 49 58 113 -53 -54 -55 -56 -57 -58 -59 70 61 74 62 -64 92 -66 -67 -68 -69 -70 82 -72 -73 75 -75 -76 76 -78 -79 -80 106 81 -83 -84 -85 85 -87 87 88 89 -91 -92 -93 96 94 95 -97 -98 -99 -100 -101 101 103 104 105 -106 -107 107 -109 -110 -111 -112 -113 -114 114 -116 -117 117 -119 -120 -121 122 -123 -124 -125 -126 -127
leaf_value=0.0012642592847769054 0.00042463713380175468 -0.019892546174158744 0.0070823006776082886 -0.019084426058440504 -0.0014823665082362555 0.0068256795606197393 -0.016413579054204687 -0.02523030142622942 0.0044991590572548675 0.00062519874919725901 -0.0003801310414440058 0.0033082734600212004 0.025557424599944697 -0.017902704234740992 0.01975697900566252 0.0084047655593906829 -0.0039881365975071035 0.013034909974297492 -0.011929896140931076 -0.0026953588022045516 0.0028009476955251408 0.010118587773250445 -0.0136857443609042 -0.0042485678436301215 1.8095927714786013e-05 -0.0088234149165122826 -0.014231152329629397 -0.0029712247737448223 0.019144936302367545 -0.006596724607901519 -0.0054485192470700872 0.022691237487209411 -0.0083134961638382503 -0.0071589111188840116 0.0020009519406533611 0.016924281152603027 0.012677484240493871 -0.011485521096953692 0.014945624202147532 -0.0053489369011943053 -0.029386061882335786 -0.014813576412156209 -0.0061641058078366305 -0.021448350900494455 0.011084606412978277 0.0050543256682817981 0.00042929040151278632 -0.0075402819965639739 0.0010345407425116273 0.00020597396526136558 -0.0012803928979025806 0.0054274382766518556 0.00077404627013916041 0.01581840623726161 0.0052951155474586179 -0.0091692122596163592 0.0038971953589039404 0.025608714321878546 0.0082330449981423432 0.0015670098158399846 0.0024261419374183991 -0.0018813880314860537 0.0028674711010635533 0.0066649728459008519 0.0005595107354841826 0.023356122486005083 0.015365384168879828 0.00057622734024422376 0.00063259183207658217 -0.0050329060950801679 0.00070235702062602045 -0.015874802817613325 -0.0036415979677642224 0.011617315469996961 -0.0012184574430256704 0.0054261730364005504 -0.0052850319304255725 -0.0012775556500160326 -2.0076064173104153e-05 0.0015448665778462448 -0.026072588157703795 -0.0066430025276492414 0.0019875126736807742 0.0041273261848456576 -0.0039693155434813426 -0.027071363874151225 0.00080895258572616098 -0.008157440739100302 0.028454689866337115 -0.0097563139250719261 -0.00078039381781782897 -0.0019853286528089334 0.002872694050813081 0.0039978656039828227 -0.03276641073222334 0.00092796618984761312 0.010309028830723033 0.021235373353825953 -0.022430313404829573 0.013266030185995958 0.0023546945266592297 0.0019748703357057389 0.0094455513034189947 -0.010736781619873797 -0.0028077166714135559 0.0087048302458817804 0.01239369530881473 0.0023048533189048434 0.0033129288834921593 -0.0010862179297544833 -0.00099870126834666613 -0.019709577305415921 -0.00085103409953796898 0.00065184117155297474 -0.00057011586485853402 -0.0043592303215520033 -0.0049919764645865658 -0.000404819245073993 0.0055790181415838035 0.017641918646865123 -7.3680609735371269e-05 0.0041756736080025289 0.0026192896347642988 -0.0082916378281939363 0.0042831592031305583 -0.0025320524432368998
leaf_weight=18762.237226225436 5021.2138618528843 30.732189431786537 1090.0919357016683 115.33353880792856 10445.961132057011 361.14648282527924 86.238177016377449 81.403704732656479 2306.7339753806591 7640.9763496592641 23572.620135061443 4977.1699327975512 68.476729460060596 32.561737090349197 91.50806736946106 177.9110231846571 851.57903707772493 48.094767719507217 26.702684924006462 19750.327376581728 865.35823152959347 343.37097777426243 19.853134758770466 1482.0379992797971 2840.3511596396565 316.07612013071775 73.579296469688416 2316.3273020535707 36.390852361917496 149.83533901721239 67.229791447520256 120.94671852886677 88.185510143637657 92.522798709571362 1288.959957882762 41.737600512802601 41.743335954844952 104.31947328150272 63.260591939091682 58.707772143185139 16.239036291837692 114.81291241198778 40.246628560125828 30.152938425540924 26.51738166064024 81.98234336078167 20102.620205290616 291.98152261972427 302.37196063250303 1310.7035973370075 11855.567732080817 906.22332935780287 55.82438512891531 97.852945633232594 1006.4495888501406 266.78581716120243 1108.1175808310509 69.080186069011688 590.27027188241482 19599.282529436052 83.588469751179218 652.03096392005682 640.90779690444469 69.362717285752296 280.49862528592348 95.028447426855564 113.60479671508074 2916.0088877975941 8005.4367154240608 312.08538598567247 381.33193089067936 51.937032327055931 941.89696928113699 58.640708833932877 185.52225125581026 692.55366136878729 300.17747768014669 505.65127731114626 4662.8478861749172 2715.8765134587884 45.545682311058044 316.21801801025867 1185.5676715001464 38.675307989120483 114.85780769586563 31.290915012359619 1194.4254951179028 415.48523592948914 15.324017636477945 245.52790831774473 1218.7220075204968 2308.3420638218522 3638.518304951489 33.01944799721241 45.500001356005669 22.950043193995953 250.94467460364103 24.700582049787045 76.415686517953873 24.302773885428905 7739.7733497396111 777.98127095401287 98.322381146252155 34.940843261778355 1172.8628923818469 835.11073566973209 179.59864667057991 1434.9727353155613 1610.9758370891213 4617.3232852444053 26734.781243413687 25.781049162149429 53.269413881003857 1995.7582592442632 2738.869254745543 6746.190666615963 1274.4865197986364 1089.6504019722342 691.6137460693717 201.12994891405106 3713.1342227011919 1012.2415862902999 938.61983139067888 221.34523312747478 383.69515006989241 4945.2350313514471
leaf_count=147200 40115 229 8517 452 80808 2602 473 287 17241 58749 183233 39658 199 105 326 838 6341 258 85 157093 6653 2435 159 11575 21721 1695 391 16858 225 1114 325 401 618 532 9917 263 173 666 200 201 119 538 236 73 166 378 155439 2081 2365 10061 90542 6814 282 725 7782 2048 8457 272 4440 148453 578 4644 4777 406 2021 329 345 21850 62717 2242 2986 152 7197 290 1310 5505 2117 4018 36513 21095 220 2272 9135 191 539 143 9082 3281 69 1792 9338 18462 28388 252 181 123 1959 131 291 130 59793 6190 735 271 8595 6428 1340 11266 12693 35814 207879 87 314 15605 20616 51734 10066 8316 4441 1306 29682 7838 7163 1645 2995 38333
internal_value=-1.02539e-05 -0.000569034 0.00105418 0.000428112 -1.41067e-05 0.000144426 0.000576831 7.23348e-05 0.000164543 -0.00142047 -0.000439308 0.00192065 0.000469931 0.0120876 -0.00045262 0.00146148 0.00132425 0.000466589 0.000513682 -0.00166901 -0.00188022 -0.00137671 -0.000192626 -0.00313759 0.00162521 -0.00152031 0.000340125 -0.0018632 0.00091151 0.000437388 0.0083371 0.0123836 0.00384039 0.00832437 -0.00144563 -0.00159505 -0.000652545 -0.0083443 0.00185395 0.00781746 0.000727576 0.00137141 -0.00787834 -0.00140055 0.00297845 0.0156306 0.000157699 -0.00172687 0.000336138 0.00114537 -0.00197883 0.00145639 -0.0126348 0.0107602 0.00156102 -0.00375428 0.00061964 0.0133044 0.00236879 0.00176724 0.00282254 0.00131748 -0.00163665 0.00386062 0.0058301 0.0137304 0.008312 0.00229929 0.00137427 0.00293412 0.00528221 -0.00672518 0.00135328 0.000146839 0.00637141 -0.000782507 0.00101531 0.00259761 -0.000154618 0.0010181 -0.0044851 -0.00915705 0.000521528 -0.0121632 -0.0149423 -0.00907269 -5.07134e-05 -0.00172238 -0.00331795 -0.00195368 -0.000393806 0.000180461 0.00299389 -0.00519951 -0.0133055 -0.0216042 0.00335526 0.00440523 -0.0126697 -0.00673481 0.00168576 0.00227966 0.00176093 0.00511251 -0.0018525 0.00791149 0.000953722 0.00343469 0.00050542 -0.000111572 -0.000945815 0.00729577 0.0122138 -0.00201022 -0.00263498 -0.003144 -0.00126285 -0.00287921 0.00781442 0.0132025 -0.000642018 0.00171881 -0.00107696 -0.00157554 0.00121918 -0.00147803
internal_weight=270002 177056 92945.6 53959.8 107194 96748.2 56111.6 35734.9 35468.7 69862.2 23658.9 38985.7 53788.7 149.133 40636.6 20376.7 19978.5 80.6565 13731.2 59131.7 51730.3 31980 7401.44 1599.74 33835.4 31356.1 13434.4 2765.66 10668.7 53639.5 296.862 229.632 449.332 398.155 31040 29751.1 3087.13 246.781 30748.2 439.209 42275.4 19848.2 179.76 171.868 141.715 202.929 22427.2 28885.7 3143.45 2851.46 25742.3 19668.5 171.158 117.706 19126.9 569.158 5801.7 246.991 2282.31 30309 9055.03 21254 1654.7 5150.39 623.87 267.341 172.313 7893.18 11809.8 3804.39 971.602 78.4544 18120.5 151.164 1161.85 2440.28 1498.38 1198.2 4693.58 10595.1 1013.79 361.764 1497.65 266.228 227.552 146.149 10730.5 3089.48 1895.06 1479.57 1234.05 22411 4060.3 170.832 101.469 68.45 3889.46 64.9472 205.038 128.622 15680.2 10659 9010.96 1648.03 1271.19 870.052 10558.7 1614.57 8944.18 7333.2 26905.3 170.559 144.777 25700.5 13845 11106.1 4359.9 2364.14 976.332 284.718 11364.1 1767.12 9596.99 754.876 533.53 8658.37
internal_count=2080418 1367631 712787 419005 826725 745917 433220 276201 275041 540906 183706 293782 418271 562 312697 157019 155087 363 104091 458595 400937 243844 57658 12459 253956 239388 102902 20078 82824 417709 1189 864 3220 1932 237693 227776 22981 1260 230975 1466 328939 154919 905 591 518 779 174020 221123 23981 21900 197142 154014 734 884 148746 4413 45199 1110 17487 229509 69143 160366 11913 39826 4456 875 546 61508 91335 28618 7426 318 140964 822 7635 18837 11640 9523 36742 82433 7136 2492 11377 1160 969 682 82311 23562 14480 11199 9407 173901 31309 962 556 304 30347 367 1087 796 122127 82012 69123 12889 9330 6699 82208 12606 69602 56909 208606 727 640 196879 106337 85721 33987 18382 6325 1884 88770 13592 75178 5754 4109 68015
is_linear=0
shrinkage=0.02


Tree=56
num_leaves=127
num_cat=0
split_feature=8 10 34 18 47 54 29 25 38 4 24 17 6 29 47 29 26 25 39 46 7 39 24 32 26 26 5 33 4 29 40 12 29 35 45 23 19 19 38 39 11 34 16 46 32 25 17 20 39 29 48 55 54 48 16 44 48 5 6 55 23 17 26 19 55 55 35 33 38 32 39 48 38 23 29 19 40 4 5 19 47 52 38 33 45 54 39 34 52 25 13 18 20 29 39 47 54 4 18 13 43 34 32 55 26 48 35 19 7 38 48 6 38 6 48 18 29 30 11 48 3 18 18 48 2 47
split_gain=399.218 144.851 126.234 69.5218 67.2964 64.9377 59.4324 58.3772 53.5758 50.8537 48.5687 48.543 47.8555 47.7791 47.611 71.1064 54.8838 49.0593 45.1947 44.6108 65.7681 54.3648 69.013 41.6599 63.8228 48.886 49.6594 47.5373 46.3822 55.7583 47.302 49.1503 47.9338 46.7204 40.3814 40.1665 40.827 39.9047 39.2844 38.4704 38.2115 37.8509 37.5846 37.4226 36.7086 44.6911 36.6502 36.3712 35.5901 37.3774 58.3818 40.0056 51.8713 36.5172 35.7666 35.3167 35.2795 39.9907 34.4252 42.8518 34.2141 35.1039 34.0713 33.6667 33.6488 33.1161 38.4053 32.8659 49.7536 36.8876 32.723 62.9301 46.984 32.3963 35.0437 31.9232 34.8183 33.0708 38.6443 53.3014 31.7641 31.0297 31.6669 31.0018 30.336 30.4227 30.1632 30.0087 29.9468 30.2577 29.8662 29.7331 29.6332 29.3687 29.2785 37.2706 31.6549 32.2619 29.19 29.1472 40.0829 34.7855 29.1242 32.1266 42.8554 48.6227 59.5378 32.263 35.4047 31.1177 33.5258 30.2587 29.1141 29.1068 34.6922 28.8674 28.8142 28.7561 28.5373 28.5323 28.3259 27.9314 27.8809 27.8771 27.4296 31.1872
threshold=-0.32709096372127527 0.8886353373527528 0.012500000651925804 -0.90827634930610646 -0.0059929108247160903 0.079809013754129424 -4.0514318943023673 0.37940952181816107 0.094803072512149825 0.17207407206296924 -29818.074218749996 3.420794010162354 1.4734870791435244 -0.52400827407836903 -0.0012781276600435374 2.1711230278015141 0.78656607866287243 0.78656607866287243 0.77604165673255932 0.0073065708857029685 0.17178808152675631 0.58437499403953563 136951.38281250003 0.081870529800653472 0.91597560048103344 -0.98296290636062611 0.47547437250614172 0.016983292065560821 0.052635123953223235 -0.24815201759338376 0.34150634706020361 0.43061025440692907 7.5160503387451181 0.47500000894069677 0.002169032697565854 0.14618567377328875 4.2807044982910165 5.7687726020812997 0.017158718779683117 0.038541667163372047 0.76791313290596019 0.11250000074505807 -3.9388328790664668 -0.052538650110363953 0.015182792209088804 0.37940952181816107 3.420794010162354 0.72773784399032604 0.063541665673255934 -11.102008819580076 -0.10024167969822882 0.44935074448585516 0.29625809192657476 -0.12250675633549689 -2.1207273006439205 0.010726740118116142 0.01798147521913052 0.27242179214954382 0.92934381961822521 0.17466532438993457 -0.053895814344286912 3.420794010162354 -0.12940952181816107 1.5412042140960696 0.20117400586605075 0.082369379699230208 0.075000001117587103 0.023388261906802658 0.24217850714921954 0.058384967967867858 0.49270834028720861 -0.086653765290975557 0.14000282436609271 -0.049961460754275315 5.1798641681671151 1.7735102176666262 0.12500000000000011 0.22476208209991458 0.3716790527105332 3.7251551151275639 0.024704866111278537 -1.1970374584197996 -0.20755711197853086 -0.031331203877925866 0.0024934159591794018 0.14837685227394107 0.67604166269302379 0.095833335071802153 0.23484013229608539 -0.7865660786628722 0.22385585308074954 1.1105780005455019 0.78993606567382824 0.84152221679687511 0.33854167163372045 0.0086761419661343115 0.02234629821032286 0.074456363916397109 1.4234036207199099 0.7170606553554536 0.0069352716673165568 0.037500001490116126 0.015448827762156727 0.31536227464675909 0.60355338454246532 -0.063106302171945558 0.22500000149011615 2.9224120378494267 0.22264581918716433 0.15202475339174273 -0.10024167969822882 2.8384815454483037 0.10134532302618028 -1.3149664998054502 -0.0034359258133918043 -0.29665707051753992 -8.7872056961059553 0.16999999433755877 0.24561718851327899 0.0076973338145762691 -0.48499703407287592 -0.12231476977467536 -1.0826300382614134 -0.0036081278230994935 0.0034322779392823581 -0.025178835727274414
decision_type=2 2 2 2 2 2 2 2 2 2 2 2 2 2 2 2 2 2 2 2 2 2 2 2 2 2 2 2 2 2 2 2 2 2 2 2 2 2 2 2 2 2 2 2 2 2 2 2 2 2 2 2 2 2 2 2 2 2 2 2 2 2 2 2 2 2 2 2 2 2 2 2 2 2 2 2 2 2 2 2 2 2 2 2 2 2 2 2 2 2 2 2 2 2 2 2 2 2 2 2 2 2 2 2 2 2 2 2 2 2 2 2 2 2 2 2 2 2 2 2 2 2 2 2 2 2
left_child=2 4 3 46 12 9 11 18 14 34 -10 -5 48 -9 43 16 17 58 90 42 21 22 122 28 25 -25 41 -26 29 120 56 32 33 70 94 99 -37 -11 73 63 55 -27 -7 -8 75 98 -1 -45 81 51 -51 52 54 -54 -50 65 91 88 59 -16 -23 -62 -53 -36 -56 66 80 69 -69 86 72 -72 -32 74 -17 76 -44 -77 -79 -80 -15 -2 -83 -24 -19 119 124 -74 89 -58 92 117 -6 -31 96 -96 97 121 -46 100 -22 -101 116 109 105 106 111 -106 -109 110 -104 -105 -92 114 -61 -63 -14 -30 -12 -86 -4 -3 -21 -42 125 -52
right_child=1 5 23 6 7 19 8 13 10 37 118 -13 102 40 15 38 -18 84 -20 20 35 60 83 24 27 26 -28 -29 30 93 31 -33 -34 -35 39 36 -38 -39 -40 -41 123 -43 44 47 45 -47 -48 -49 49 50 67 62 53 -55 64 -57 57 -59 -60 113 61 115 -64 -65 -66 -67 -68 68 -70 -71 71 -73 87 -75 -76 77 -78 78 79 -81 -82 82 -84 -85 85 -87 -88 -89 -90 -91 112 -93 -94 -95 95 -97 -98 -99 -100 101 -102 -103 103 104 107 -107 -108 108 -110 -111 -112 -113 -114 -115 -116 -117 -118 -119 -120 -121 -122 -123 -124 -125 -126 -127
leaf_value=0.0028621450794256991 0.0088725168633087478 0.0013534452738086086 0.0083938575732865305 -0.0031539759671249451 -0.0008806362441852771 0.024155301348783787 -0.014007674911731795 0.00065538601392380372 0.012950702074103289 0.00077878932572421279 0.0043843399174822084 0.023984509523369543 -0.023392414169181943 -0.0025511174540195636 0.0010401444403408632 0.0016563686215008283 -0.0022635055853523788 -0.0027736670071499036 0.0020165518823969469 -0.011285009426292498 -0.0022193747809320392 0.0068917306003326833 -0.021156929876464031 -0.011225896995389856 -0.021179687024172972 -0.00051909683998702506 0.017771241378929492 0.0065468860901269858 0.0015217908226441558 0.00086141382555884741 0.000591925248339616 -0.0034821650312334175 -0.027433244055293089 -0.01845333855459811 0.0041710588121986981 -0.003090597194876673 0.0080193656802401252 0.017827832646694981 0.0043994798902362679 -0.0022245408347910584 -0.00065125294912658934 0.020935297891842071 0.0043267253759947614 -0.00024057783685687745 0.00058738712776198381 -0.0078002672811001541 -0.027470441086817291 0.0015334527538216646 0.027806216425983712 -0.006467280993630674 -0.00083065254490105329 0.021557785671352612 0.0033815372484071759 -0.021743199511765385 -0.013755228230334851 -0.012268136933626446 0.00020144607047942618 0.015938083279641097 -0.0015929026081677553 0.020281903528639258 -0.0008881556347904644 -0.017799439982490128 0.00086427018292029858 -0.0067961731049256966 0.011272959613926386 0.00080709802650779641 0.0010605424828401472 -0.0015382522255869241 -0.024860818100615897 0.010428601909600177 -0.016410322873408056 0.0054047318894976659 -0.013573775436268032 -4.9900430728529951e-05 0.0095110964107386429 -0.00036624202236108485 -5.5068289339297498e-05 0.0065262485247720063 -0.021504577196423527 0.011284488791868195 0.0049474367318929685 0.028988447382282824 0.0021090431711171388 -0.0059336203456473516 0.0025494506105031684 0.019920246263427945 0.0025183570317586536 0.010125675308870598 -0.00055409238075922228 0.0052646695709735371 -0.00039888782625505152 -0.00338934581091253 0.0040368414456644804 0.0042674652957413219 -0.0013468241085054838 -0.0046280852084102314 0.00028648210577776828 0.027295329148066826 -0.016118595816324063 -0.00097598803691155704 0.011248006023953492 0.011117431769034476 0.015831738480103327 -0.021428395967972254 0.025135366197409744 0.014654398647894583 0.015447404358229768 -0.0088621165421256531 0.021004321288084223 -0.0089976465729209726 -0.002789525662376547 -0.0011584674155115345 -0.026558834033591702 -0.0073760974337852983 -0.0039556028011455951 0.010131736267129456 0.00042249442771162294 -0.017140877402199418 -8.3525085942239705e-05 -0.0022976632257142499 0.0036002364262407343 -0.0055179044310851204 -0.0022890020884794218 -0.0038770346531708244 -0.0018588292627129556 0.0015355668564039696
leaf_weight=4419.2665306255221 386.95153773576021 327.12593600898981 541.38770218193531 2465.5680868029594 811.58624679595232 25.372846223413944 66.018175333738327 4012.0495602861047 186.44220075756311 138.41223725676537 1260.8658119738102 25.652541570365429 19.437737807631493 6640.3645486235619 12289.771216988564 893.24489463120699 7011.1382093578577 3995.7370264604688 3986.7888402715325 138.90311324596405 154.82969582080841 282.73379078507423 110.94512041658163 38.952179983258247 49.679747276008129 149.38714521378279 250.02232231944799 47.529517367482185 19930.416900068521 6044.2576487064362 6444.7217219471931 1381.2415781319141 23.295267671346664 49.587138444185257 122.90090790390968 174.76539532840252 536.41451673209667 90.278150081634521 1487.5991124361753 22452.520199388266 1419.0323628783226 41.134062431752682 1664.9556572288275 6825.480333507061 864.01206100732088 472.76184922456741 14.993631809949873 14315.283700361848 32.12674842774868 432.77316969633102 2980.7983786761761 102.48541299253702 43.864998362958431 47.291208758950233 29.752205565571785 111.30025803297758 610.3715133741498 100.23358871042728 2940.479586020112 35.375194050371647 3006.5796164795756 15.196039333939551 46.233028516173363 1180.4734359160066 70.430518269538879 3011.3053700327873 1699.6285502836108 1132.617621704936 36.826981768012047 169.33814330399036 55.034272618591785 948.97393739968538 143.47951748222113 4402.3494866713881 304.1883671656251 7566.5821245163679 1283.957502938807 516.99519571661949 48.025883309543133 32.436524547636509 232.93698319792747 16.7773362621665 1353.1710816174746 105.01003110408783 901.28949575871229 29.966227144002914 4370.0384514555335 24.280821219086647 686.64356884360313 2090.6690190285444 28523.09366260469 511.13865306973457 1234.4688881263137 1215.9696599394083 8814.2724039778113 1642.6344949901104 6688.471844881773 12.675098001956938 42.960614517331123 2917.5179564133286 203.84315441548824 97.339195974171162 38.545596957206726 78.055072031915188 49.543583683669567 51.857448153197765 34.610066063702106 37.126026809215546 26.224347949028015 337.29929936677217 1759.3138350993395 47.317327238619328 16.028858743607998 397.19920419901609 66.53593398630619 179.0940407961607 3563.6760995015502 32.077629677951336 1044.8705961108208 1051.2795700207353 5553.4408462569118 849.17712880671024 9817.5809542387724 4391.725934535265 1591.7927042245865 8810.4298763126135
leaf_count=34533 2908 2623 4338 16790 6256 46 414 31421 1046 981 9217 115 105 52915 97108 6980 55294 31850 31225 1058 1175 2184 499 106 95 674 766 194 147635 48492 48229 10443 70 263 979 1300 3837 633 11623 177563 11230 173 12627 52778 5952 3283 67 112657 141 2382 22318 348 203 157 166 828 4591 609 22951 249 22892 77 191 9378 394 23273 13561 8029 171 1061 258 7391 708 33483 2289 57945 9700 3417 206 166 1849 87 10382 594 7138 235 33760 150 5308 16220 222328 3722 9725 9722 70068 13019 52798 29 275 21405 1448 644 240 353 224 259 214 180 119 2251 12577 196 74 2852 461 1074 27552 197 7598 8252 44487 6807 73631 34799 12162 68870
internal_value=-8.15243e-06 -0.000663354 0.000895323 0.000334221 -9.67916e-05 -0.00131739 0.000161148 -0.000495097 0.000287887 -0.00182327 0.00315766 -0.00286461 0.000709795 -0.00131291 0.000162371 -0.000282398 -0.000725182 -0.000228207 1.39184e-05 -0.000609829 -0.00125488 -0.00192087 -0.00265928 0.00168896 0.00702753 0.0100219 0.0119241 -0.00768424 0.00162241 0.00261708 0.00122017 -9.82633e-06 0.000614151 0.000703078 -0.00187446 0.000971331 0.00528729 0.00756176 0.00151152 -0.00241873 -0.00176406 0.00419287 0.000304295 0.000913357 0.000253844 -0.00282165 0.00275319 0.00096066 0.00114898 0.000907863 0.000787922 0.00717824 0.00180458 -0.00973665 0.00977694 -0.00110515 0.00168581 0.0035451 0.000357916 0.000806625 0.000235207 -0.000354422 0.0151801 -0.00575885 0.00376774 -0.00099676 -0.00163052 0.000952765 -0.00229417 0.0011648 0.000830333 0.00419282 0.000319081 0.000743494 0.00365884 0.000635994 0.00241918 -8.2018e-06 0.00451761 -0.0082979 -0.00229616 0.00387704 0.00245986 -0.0138205 -0.00177032 0.000251779 0.0010758 -0.010098 0.00317353 0.00412137 -0.00024715 0.00136885 0.00208631 0.00143252 -0.0011691 -0.00186275 -0.000248071 -0.0032537 -0.000219705 5.98819e-05 0.0054417 -0.000581645 -0.000863704 -0.002539 0.00331271 -0.00199361 -0.0074537 0.0132086 0.00362005 -0.00343058 -0.00238116 -0.0138559 -0.000414546 -0.004932 0.00456329 0.00786207 0.000286533 0.00149089 0.00236008 -5.96045e-05 0.00402751 -0.00360663 -0.00241573 -0.00308969 0.000604525 0.000937287
internal_weight=269759 156365 113395 66430.6 83787 72577.8 61996.3 56090.3 59505.1 42318.9 2492.18 2491.22 27696.7 21518.3 57012.9 35806.2 28718.8 21707.6 34572 30258.8 17740.8 13656 10172.4 46963.9 576.705 479.496 440.544 97.2093 46387.2 13355.1 33032.2 9070.61 7689.37 7666.08 42090.3 4084.71 711.18 228.69 7087.38 23755.9 17506.3 190.521 12518.1 21206.8 12492.7 1379.73 4434.26 21140.8 21653.7 19896.8 19524.6 372.184 223.466 91.1562 132.309 11695.5 23961.6 3487.92 15729.4 12788.9 3483.6 3200.87 148.718 1303.37 100.183 11584.2 8572.93 19091.8 1169.44 17922.4 7616.49 1004.01 6612.48 5599.78 1197.43 11113 2948.91 8164.04 597.458 80.4624 6873.3 1756.9 1369.95 215.955 5978.27 1982.54 17753.1 167.76 3387.68 2701.04 30585.2 20473.6 2046.06 7260.23 18334.4 10456.9 7877.45 1188.98 906.973 3373.53 358.673 3014.86 6043.01 2459.89 324.734 211.84 159.982 112.894 63.3504 2135.16 1797.86 125.372 28539.1 499.11 101.911 194.29 3583.11 19962.5 2305.74 1952.57 6094.83 1176.3 9956.48 5810.76 13383 11791.2
internal_count=2078618 1207797 870821 515980 647484 560313 481380 439484 464475 334878 17861 16905 208000 169876 446614 280765 226390 171096 269608 225435 131818 102009 75782 354841 2008 1719 1613 289 352833 107039 245794 67512 57069 56999 333264 29809 5137 1614 54375 187920 138455 847 93617 165849 93571 9510 34600 165435 163730 150353 148753 1600 1061 360 701 92426 178282 26728 123621 100670 26227 24043 539 10357 560 91598 68325 146371 8200 138171 56736 7649 49087 42752 9269 84061 22327 61734 3789 372 54764 13377 10469 1093 47475 15625 137110 858 26119 20811 238383 151554 15981 58214 145344 83087 62257 9459 6227 24672 2623 22049 44270 16613 1545 1022 763 523 299 15068 12817 549 222402 3562 710 1151 27657 147832 16815 15390 48825 9430 74689 46029 103350 91188
is_linear=0
shrinkage=0.02


Tree=57
num_leaves=127
num_cat=0
split_feature=10 10 54 32 40 47 27 2 39 54 55 27 39 31 54 38 34 48 39 39 53 4 18 29 34 27 27 40 16 40 19 48 40 40 4 33 23 38 6 47 39 29 48 47 39 33 54 28 22 57 27 53 40 40 23 48 39 39 39 27 47 2 39 33 29 19 54 46 6 14 28 33 6 23 21 46 16 38 4 44 13 27 21 25 48 55 35 5 5 5 29 55 54 55 7 53 48 17 31 33 25 18 28 13 14 29 40 18 6 40 39 31 47 4 22 47 39 55 5 38 54 5 53 42 19 48
split_gain=378.402 151.122 92.0038 80.0911 63.8653 56.4119 55.1048 55.0923 51.2315 49.7102 46.391 58.3516 45.731 44.2249 42.4602 46.3932 122.1 43.0456 55.1642 56.9117 41.4672 45.8105 41.062 40.8567 40.263 42.2132 47.5079 42.6751 45.68 58.5643 42.857 40.1659 40.1064 46.1034 39.8324 48.1807 41.1047 39.0773 50.5251 41.0756 39.0688 45.9987 47.663 45.2305 38.8066 38.9613 38.6507 64.0419 44.086 38.0731 37.4578 38.7477 37.4577 36.8178 39.5567 36.4051 36.3682 36.3273 84.7082 35.9362 36.9864 45.7674 35.5678 34.9785 34.8644 34.6494 41.3977 34.9409 60.3617 59.8128 46.6757 43.3258 41.7286 50.631 41.777 40.4316 47.6208 45.8629 39.9752 34.5486 34.2807 33.3371 55.1892 33.576 51.9625 45.854 35.6571 33.6835 35.5653 33.521 33.2408 48.7229 32.9805 32.9735 32.3552 32.245 50.5421 38.8424 42.6093 36.2925 32.1897 32.1039 38.2386 33.3313 32.0368 31.76 31.7569 31.5052 32.6322 31.2531 32.2084 38.7702 48.3617 44.2403 44.6199 31.2287 30.985 31.8242 47.2357 30.9665 30.8808 30.7348 34.5509 30.9718 44.5488 41.8317
threshold=0.63551959395408641 -1.3195313811302183 0.079809013754129424 0.0026202826993539934 0.12500000000000011 0.067559268325567259 -0.87837970256805409 0.06114312261343003 0.27604167163372045 0.04975556023418904 0.44935074448585516 0.87837970256805431 0.93854168057441723 0.38999998569488531 0.05655289068818093 -0.23981512337923047 0.070833336561918273 0.0088895927183330076 0.47187499701976782 0.16770833730697635 0.083393760025501265 0.16561020165681842 0.48409004509449011 -0.62637627124786366 0.13750000298023227 0.6078576147556306 -0.87837970256805409 0.34150634706020361 -3.1497329473495479 0.46650633215904241 1.0036597251892092 -0.078094564378261552 -0.12500000000000003 1.0000000180025095e-35 0.32880382239818579 0.042950199916958816 -0.093466922640800462 0.072140116244554534 0.44606819748878485 -0.012990583665668963 0.39687500894069677 1.7931163311004641 -0.035545004531741135 -0.010327280499041079 0.78854167461395275 -0.017134667374193665 0.16909300535917285 -0.56174489110708226 0.11037150397896768 -0.039176095277070992 -0.60785761475563038 2.0753352642059331 -0.4665063321590423 -0.12500000000000003 -0.048954565078020089 0.060406710952520377 0.067708335816860213 0.67187500000000011 0.52187499403953563 -0.87837970256805409 0.0064402213320136079 0.033790076151490218 0.36354167759418493 0.010116700548678638 7.5160503387451181 9.5613522529602069 0.11253082379698755 0.007144253235310317 -1.535479664802551 -2.1436959505081172 0.81174489855766307 -0.043641407042741769 1.5059599280357363 0.10019734501838685 0.72931683063507091 -0.021995655260980126 -3.9388328790664668 0.14000282436609271 0.24550954252481463 0.0066094391513615855 0.78928503394126903 0.87837970256805431 1.0709827542304995 -0.91597560048103321 0.075779803097248091 0.25390139222145086 0.12500000372529033 0.071400571614503874 0.049362206831574447 0.16007689386606219 5.1798641681671151 0.20717659592628482 0.2577687948942185 0.05693452991545201 0.039436312392354018 -1.716196537017822 -0.016043655574321743 0.78294873237609874 0.14999999850988391 0.016072612255811695 0.98296290636062633 0.060970209538936622 -0.56174489110708226 0.56156429648399364 -0.18316209316253659 8.4523501396179217 1.2246467864107191e-16 -0.30368985235691065 1.4734870791435244 0.46650633215904241 0.64270833134651195 0.18999999016523364 -0.014450879767537115 0.15991057455539706 -0.041581083089113229 -0.0068702492862939826 0.055208332836627967 0.022299668751657013 0.06119415536522866 0.0848820134997368 0.021610095165669922 0.47547437250614172 1.0000000180025095e-35 -0.00040564253868069494 3.3533207178115849 0.029303565621376041
decision_type=2 2 2 2 2 2 2 2 2 2 2 2 2 2 2 2 2 2 2 2 2 2 2 2 2 2 2 2 2 2 2 2 2 2 2 2 2 2 2 2 2 2 2 2 2 2 2 2 2 2 2 2 2 2 2 2 2 2 2 2 2 2 2 2 2 2 2 2 2 2 2 2 2 2 2 2 2 2 2 2 2 2 2 2 2 2 2 2 2 2 2 2 2 2 2 2 2 2 2 2 2 2 2 2 2 2 2 2 2 2 2 2 2 2 2 2 2 2 2 2 2 2 2 2 2 2
left_child=1 6 20 4 10 12 31 8 -7 55 40 -12 65 22 23 16 64 18 19 37 119 59 121 52 25 26 56 30 29 -29 44 57 -33 -34 35 -27 -36 39 -39 -17 41 -3 -43 -42 45 -28 79 -48 -49 -44 51 -51 -8 54 -38 115 -11 58 -1 60 104 -62 -37 93 -16 67 -67 68 78 71 81 -69 94 74 -74 76 -70 -78 -4 -10 -9 83 -83 84 85 86 87 88 -71 -84 -30 -92 -55 -21 105 97 -97 -20 -99 -98 -79 -14 103 -103 -22 -72 -68 108 -89 110 111 113 -113 -58 -115 120 -61 118 -118 -2 -5 123 -123 124 -6 -125
right_child=2 3 5 9 13 7 14 80 46 24 11 -13 101 -15 15 17 -18 -19 95 63 21 -23 -24 -25 -26 34 27 28 90 -31 -32 32 33 -35 36 62 53 38 -40 -41 43 42 49 -45 -46 -47 47 48 -50 50 -52 -53 -54 92 -56 -57 109 -59 -60 116 61 -63 -64 -65 -66 66 106 69 75 70 72 -73 73 -75 -76 -77 77 100 -80 -81 -82 82 89 -85 -86 -87 -88 107 -90 -91 91 -93 -94 -95 -96 96 99 98 -100 -101 -102 102 -104 -105 -106 -107 -108 -109 -110 -111 -112 112 -114 114 -116 -117 117 -119 -120 -121 -122 122 -124 125 -126 -127
leaf_value=0.001907510817701614 -0.00058165974031983082 -0.00076773987898543384 0.003933780999370742 0.019784832346515561 -0.00023118644170606669 -0.0081463847831160993 -0.0021622895838415393 0.0030800378234317484 0.0030348815008041665 0.0077426085856529851 0.018360271510078328 -0.013558254207411951 -0.00072439059073891796 -0.021482474791869408 0.0025269763700484357 0.0040034278235794663 0.019323494805259928 0.0020318985469022447 0.0035874907344453449 0.002294479326136556 -0.0004443734258431791 0.0062939390531426024 -0.0025249874932043509 0.0014819244429973353 -0.0079271968198684692 0.0014918359776491536 -0.021982809573657169 0.022455245065086712 -0.0019625515190142117 -0.011224858901875068 0.00039176191294117797 0.0017167174121527351 0.010655705335797532 0.0040012682151813915 -0.0049405390163227876 -0.017059408947776158 0.018809698524657588 -0.012821945994642011 -0.00022081921570509902 8.2975665877352563e-05 0.0035783047815546054 -0.021018234521903816 0.0042819814472215027 0.00053448762933484752 0.010552300123478815 -0.0018570868055460149 0.017445012467594268 0.0035028895925751763 -0.016683539672082449 -0.0031375257293218286 0.0014653397207200448 -0.026943307610376818 0.0046641729219103209 0 -0.0083558365569301098 0.021556042099194071 0.0003735191041073594 0.0083808399131402363 -0.02947399781684179 -0.0037871690762883844 -0.0059590053821262983 0.01317491617945726 0.00024672958943302127 -0.00029449182857426272 -0.014659913099901839 -0.0022291074069020621 0.011849764184398644 -0.0022976474458204599 0.022527544323942907 0.012376018627788948 -0.0029954479471418338 0.01339180809398423 0.0091712974403225771 0.010731378576679969 -0.002276478386156083 0.00029989444304002766 -0.0023833554206739295 -0.0087449520328664355 0.025526402122278715 -0.011726164976435575 -0.017735639741492934 -0.00084811981375122183 0.0084352391041237658 -0.0023156666244171873 0.016289358542938462 -0.019583320578539804 -0.012999575423320503 0.013379443286699783 -0.0098104368175256449 -0.0030932629134012759 0.0215411826459877 -0.016563623541374185 0.02086015111890157 -0.0034819839693705367 0.0026543143812804886 0.002778181846472091 -0.00016326070018896969 -0.0080913445976727033 0.0059336897125021751 -0.0060500430439261524 -0.029449288547520453 0.018182591143074529 0.0083730391211239204 -0.0024019530134660534 -0.0038537338215300734 0.0089539487272577521 0.0014812479156075171 0.00097855311721340918 -0.0073666839089392483 0.0075075373959608716 0.0040743166179930436 0.030869621035487224 0.0030822365831017855 0.0022605846551949998 -0.011837505855858734 0.001381158905942271 0.00097584222362217339 -0.0016374987030211127 0.027811645735648791 -0.0069919251008765402 0.0036995026276023719 0.0010834096170342091 -0.026591818300070586 -0.0006812343394131358 0.0035030180436690706 -0.0036358288125363869
leaf_weight=83.220826506614685 16312.487061604857 18798.381188943982 1212.9779634922743 47.888770282268524 9641.7259003743529 406.26452430337667 355.76956744492054 38.49435929954052 113.74354732781649 404.92711754143238 109.78117377310991 28.062774941325188 507.52587219327688 40.795640140771866 491.58002413064241 1962.3220998570323 194.31823190301657 7089.2716193646193 3386.5274786278605 442.18582432717085 2063.7385940179229 270.58298995345831 5152.1793340966105 9073.200163051486 225.20723715424538 11417.563279725611 88.212414264678955 65.735678367316723 6418.933686055243 29.129290275275707 16828.771869264543 2811.9899343624711 483.82685982435942 2991.420022174716 75.328397117555141 96.864626616239548 32.116140902042389 166.01806489378214 535.76310631632805 2347.9912737086415 2181.3119800761342 36.185798391699791 1503.2302715629339 18589.628334350884 32.237329825758934 68.208918243646622 113.31930847465992 227.72081390023232 52.372153609991074 503.09785223007202 2224.0320709049702 27.974172167479992 3270.8734913989902 37.898544728755951 59.805721491575241 37.172745145857334 2094.5824582353234 52.171783357858658 57.457380563020706 2564.334475018084 2044.8235256150365 50.312306091189384 92.035065591335297 4418.8523764386773 51.212028846144676 276.46220296621323 278.45137315988541 108.47004403918982 26.913957893848419 33.470571272075176 1322.7302769199014 197.73976323008537 181.15621522068977 347.63124238699675 423.99028230458498 13546.07187949121 1141.9945799335837 143.14495720714331 34.360381200909615 141.18039959669113 168.31301464140415 3007.499222882092 452.77870894223452 11684.550536289811 79.944829814136028 46.040814481675625 74.341808520257473 163.02297773212194 179.97033451497555 129.01053500920534 51.613274417817593 17.164482370018959 150.27966406941414 3661.8493266925216 899.49157246947289 1781.065731331706 1496.5844329819083 245.39006828516722 132.69152330607176 580.98041632771492 37.689735844731331 34.363274179399014 626.50436418503523 284.40200355648994 2368.3569296225905 94.385371252894402 205.69140200316906 1164.6571024358273 36.45866160094738 312.12189776450396 947.10782063752413 33.152605511248112 95.427874989807606 137.30705463886261 256.42660041153431 7802.2882235571742 1316.297669686377 28664.174029417336 25.777035482227802 306.16178660094738 2218.6867577731609 33.788875408470631 37.376913875341415 12524.670584566891 1472.0945519655943 2262.6507473662496
leaf_count=568 129258 147617 9162 385 74998 2749 2810 266 874 3080 506 161 3791 327 2532 13877 850 54692 25239 3511 16458 1934 40396 72632 1402 87094 579 258 48700 133 125816 21896 3820 23516 387 594 146 1056 3659 17829 16752 200 11638 146159 233 535 654 1624 367 3835 17223 205 25979 211 292 272 16431 328 271 20294 16337 340 634 31606 202 2116 1917 551 51 269 10073 1167 1309 2517 3162 102513 7981 882 161 1064 979 22481 3438 88293 613 315 571 1227 1436 914 379 98 598 27064 6708 13063 11768 1517 807 4387 185 247 4748 2194 19048 626 1450 8802 266 2429 7222 211 755 938 1695 62268 10536 226603 145 2393 17646 101 111 98468 11511 17451
internal_value=-7.98298e-06 0.00054989 -0.00101383 0.000183984 -0.000229055 -0.000284399 0.00150206 -0.0044454 -0.00258685 0.000802778 0.000261552 0.0118041 -0.000149624 -0.000921751 0.00123524 0.000812618 0.00576275 0.000683211 0.000231198 -0.000535152 -0.00153813 -0.00189179 -0.00089408 0.00219957 0.000486561 0.000534342 0.00010788 -0.00024373 -0.00161107 0.0120938 0.000285181 0.00321783 0.00349395 0.00493079 0.00152817 0.0013257 0.00811467 0.00115575 -0.00321725 0.00186856 0.000224988 -0.000341059 0.00152616 0.000854347 -0.00916877 -0.0132807 0.000902539 0.0048301 -0.000313963 0.00172286 0.00032515 -0.00444165 0.00399382 0.0116343 0.00122492 0.00205623 0.00204603 -0.0057503 -0.0110202 -0.00194862 -0.00330326 -0.00549298 -0.00866541 -0.00152967 0.00087959 -0.000284458 0.00393787 -0.000371929 0.000324922 -0.000917329 -0.00104974 0.00784142 0.00113886 0.00465981 0.00115835 -2.90373e-05 -0.00332873 -0.00387217 0.00454936 -0.00514996 -0.0138601 -0.00146947 0.000242879 -0.00192606 0.000633743 -0.000111932 0.00044167 0.00108354 -0.00628513 0.00587618 -0.00181345 0.0119162 0.0166805 -0.00285895 -0.000310191 0.00159187 0.00030661 0.00290853 -0.00316381 -0.00181207 -0.0132039 0.00333074 0.00550751 -0.000129865 -0.0022669 -0.00219311 0.00745882 0.00224098 0.00956492 0.00144882 0.000915985 -0.000227817 0.0104375 -0.000783305 -0.00692526 0.00198201 -0.00167702 -0.00149654 0.00151234 -0.000700228 0.00404837 -0.000570431 -0.0136051 -0.000534054 0.000263613 -0.00113361
internal_weight=269738 173506 96232.3 125341 75167 40245.3 48164.5 1261.41 1054.6 50174.2 44001.7 137.844 38983.9 31165.3 41684.4 28984.6 737.11 28247.5 21158.2 13535 55987 39368.4 31124.5 12699.8 40068.2 39843 27881.1 23600 6582.58 94.865 17017.4 6480.09 6287.24 3475.25 11961.9 11606.5 355.428 5012.09 701.781 4310.31 43863.8 23092.9 4294.52 20770.9 188.659 156.421 648.336 393.412 280.093 4258.33 2755.1 531.072 3626.64 280.1 91.9219 10106 4281.05 192.85 140.678 39097.8 6527.23 2095.14 188.9 8522.89 542.792 37531.1 760.605 36770.5 16143.2 20627.3 20321.1 306.21 3269.38 952.778 605.146 14895.8 1349.74 1322.83 1247.34 254.924 206.807 17051.7 3589.29 13462.5 1777.91 1697.96 1651.92 1577.58 213.441 581.789 6487.71 68.7778 188.178 4104.04 2316.61 7623.24 3858.63 3764.61 378.082 2077.56 180.835 1452.8 945.27 318.765 4432.1 1417.12 484.143 1364.14 199.482 3876.13 3564 2616.9 128.58 2488.32 393.734 10068.9 32570.6 30006.2 1342.07 16618.6 2266.58 25972.3 71.1658 25901.1 11113.8 14787.3
internal_count=2078618 1334559 744059 969080 587659 300713 365479 8577 7332 381421 344296 667 292136 243363 315080 213659 3584 210075 155383 98602 443346 311695 243036 101421 300850 299448 209492 176731 49568 391 127163 50399 49232 27336 89956 88322 1634 36421 4715 31706 343629 180718 33101 162911 1347 1114 4583 2645 1991 32901 21263 4040 28789 1247 438 80571 32761 1167 839 309761 52183 16677 1228 62181 2734 281156 5483 275673 120935 154738 153020 1718 24395 6988 4471 111612 9099 9048 9323 1938 1245 128625 26833 101792 13499 12886 12571 12000 1705 4352 49177 477 809 30575 17407 56781 29218 27563 2324 16155 1067 10980 7189 2441 35506 10699 3367 10295 1493 29681 27252 20030 966 19064 2633 80299 257578 237284 10681 131651 18031 202640 212 202428 86509 115919
is_linear=0
shrinkage=0.02


Tree=58
num_leaves=127
num_cat=0
split_feature=10 10 54 53 8 46 20 40 47 14 52 27 7 40 8 16 40 53 26 0 32 15 53 18 38 48 48 38 14 15 47 55 54 22 13 53 34 27 47 26 26 40 2 46 44 55 25 52 20 53 33 38 38 55 55 48 18 55 31 26 46 9 47 25 14 25 55 47 5 15 55 23 52 34 38 40 48 47 10 23 26 1 20 21 55 4 25 46 48 34 18 2 4 3 23 31 11 53 54 40 38 48 4 1 33 47 48 34 33 17 25 13 25 2 55 18 38 3 47 31 38 44 46 54 20 18
split_gain=400.337 140.128 86.0267 69.397 60.4332 58.5521 58.1453 56.0636 55.6356 54.6552 49.2888 48.7258 48.6807 47.2603 45.5147 44.1977 48.1645 43.9061 53.7735 44.7764 43.4067 42.7067 55.0504 42.3183 41.0488 46.8703 40.5561 49.3831 40.4972 38.4374 39.7321 37.8663 37.5047 36.593 35.5589 48.3355 42.1405 35.4997 45.193 47.2319 42.2811 43.9451 35.0503 34.8176 42.5951 34.5127 34.4077 46.7437 46.7584 36.3455 36.4654 37.3853 35.2337 34.7707 41.5079 33.8946 33.7992 33.9773 52.2612 33.8428 33.7112 32.6178 32.6017 32.5626 36.0443 45.556 37.6973 35.0342 34.5656 34.205 39.4646 32.5035 32.4266 32.312 35.8669 32.2578 62.8092 75.3912 40.682 37.0074 36.5889 56.0422 37.0932 31.8721 34.079 43.7249 31.6878 31.5456 31.5209 31.4087 31.0857 36.0004 31.0168 31.8762 30.8561 30.6688 30.4203 30.284 32.9208 37.0159 36.0768 31.0672 30.1743 42.1297 33.9948 32.5946 30.0488 30.0377 30.0599 29.9228 45.1564 29.7075 52.0871 35.1803 52.8892 32.9007 30.2284 29.5573 29.5396 29.2342 29.1256 28.8053 29.5649 28.7709 28.6953 29.8473
threshold=0.49699085950851446 -1.1407212018966673 0.082339696586132063 1.0000000180025095e-35 -0.89067903161048878 0.007832325994968416 0.64319524168968212 0.12500000000000011 0.067559268325567259 -2.1436959505081172 1.0000000180025095e-35 -0.60785761475563038 0.18688652664422992 0.46650633215904241 1.3548302054405215 -3.1497329473495479 -0.3415063470602035 0.083393760025501265 0.60355338454246532 0.011115710716694595 0.013653953094035389 8.7330217361450213 1.2363823652267458 1.0073682069778445 0.24217850714921954 -0.037958402186632149 0.0083938608877360838 -0.30078926682472223 -4.2115211486816397 2.4462699890136723 0.0001871720814961009 0.19032695144414905 0.46424406766891485 0.21211250871419909 0.77305376529693615 1.3242893815040591 0.020833333954215053 -1.0000000180025095e-35 0.0035238931886851792 -0.12940952181816107 0.37940952181816107 0.46650633215904241 0.03954890929162503 -0.052538650110363953 -0.033500030636787408 0.062711581587791457 -0.7865660786628722 -3.8278392553329463 0.65368640422821056 -1.6108388900756834 0.012175492476671936 -0.05539103411138057 0.0848820134997368 0.29020999372005468 0.16313930600881579 -0.010201542638242243 -0.56175208091735829 0.19532658904790881 0.14999999850988391 1.0000000180025095e-35 -0.018784509040415284 -1.8670127987861631 0.01814157143235207 -0.37940952181816096 -1.3229280710220335 0.60355338454246532 0.16059045493602755 0.0019012224511243405 0.020118338987231258 0.65911412239074718 0.24310465902090075 0.013059777207672598 -0.24879817664623258 0.087500002235174193 -0.17418100684881208 -0.12500000000000003 -0.078094564378261552 -0.091461442410945878 -1.9903589487075803 -0.11726152896881102 0.91597560048103344 -0.031772451475262635 1.2899010181427004 1.0071237683296206 0.10248088836669923 0.076335478574037566 -0.98296290636062611 0.029715087264776233 -0.033438133075833314 0.070833336561918273 -0.82870358228683461 0.0046907155774533757 0.10581482201814653 -0.45143663883209223 -0.0024205091176554556 0.10999999567866327 0.77915155887603771 2.4329901933670048 0.15757473558187488 0.46650633215904241 -0.12173848226666449 0.022390189580619339 0.049333544448018081 -0.0040473183616995803 0.0041989162564277658 -0.0043384237214922896 0.02736661117523909 0.17083333432674411 0.042950199916958816 2.457821369171143 0.37940952181816107 0.12756556272506717 -0.91597560048103321 0.0099791209213435667 0.11501096934080125 -0.8796459138393401 -0.1640888303518295 -1.783517003059387 -0.011154307052493094 0.18999999016523364 -0.013844945002347229 0.00017867800488602373 -0.010006875731050966 0.20862982422113421 0.61390435695648204 0.44317428767681127
decision_type=2 2 2 2 2 2 2 2 2 2 2 2 2 2 2 2 2 2 2 2 2 2 2 2 2 2 2 2 2 2 2 2 2 2 2 2 2 2 2 2 2 2 2 2 2 2 2 2 2 2 2 2 2 2 2 2 2 2 2 2 2 2 2 2 2 2 2 2 2 2 2 2 2 2 2 2 2 2 2 2 2 2 2 2 2 2 2 2 2 2 2 2 2 2 2 2 2 2 2 2 2 2 2 2 2 2 2 2 2 2 2 2 2 2 2 2 2 2 2 2 2 2 2 2 2 2
left_child=1 11 17 10 -4 6 15 24 9 -7 14 75 45 26 56 -6 23 18 121 37 -8 31 -23 32 25 -5 27 43 -12 63 -31 -10 -17 97 35 36 95 38 39 -19 41 106 -15 -13 -45 -11 47 -28 53 52 92 117 -48 54 -49 -20 120 73 61 109 -22 -59 -36 -9 65 69 -67 -66 -69 -65 -71 89 -50 -58 -75 80 77 -77 -78 -79 111 -82 -83 84 -32 -86 -33 -88 -47 -37 91 -41 93 -51 -90 -27 -70 101 99 100 -99 -14 104 107 105 -29 -39 -104 -109 110 -60 112 119 114 115 118 -114 -52 -113 -1 -3 -2 -123 -16 125 -111
right_child=2 3 4 7 5 8 20 29 21 12 28 13 33 42 123 16 -18 19 55 -21 60 22 -24 -25 -26 34 46 102 -30 30 83 86 -34 -35 62 71 -38 40 -40 90 -42 -43 -44 44 -46 88 49 48 72 50 51 -53 -54 -55 -56 -57 57 58 59 -61 -62 -63 -64 64 67 66 -68 68 96 70 -72 -73 -74 74 -76 76 78 79 -80 -81 81 82 -84 -85 85 -87 87 -89 94 -91 -92 -93 -94 -95 -96 -97 -98 98 -100 -101 -102 -103 103 -105 -106 -107 -108 108 -110 124 -112 113 116 -115 -116 -117 -118 -119 -120 -121 -122 122 -124 -125 -126 -127
leaf_value=-0.0018208624991443085 0.00015280603093940098 0.0035383409169050463 0.0024157819188814107 -0.0048908558707475534 0.02502326697540435 0.0069591523366561367 0.00010770210510438092 0.00022799790629235881 -0.0087820108911551148 -0.0093292294972069072 0.014979111179787006 0.015753166086349701 0.0011613545139564604 -0.00094689154117655067 -0.00076950490360412215 0.0072762655408489772 0.0010456561785989816 -0.0029199889731179448 0.0032409166014747861 0.006897032518088618 -0.006529731170449039 0.013577240897742912 -0.020850472166405624 -0.015625721505654881 0.016952971376437972 0.0018255792162376831 -0.026440312145369613 0.0032370455656667413 0.0019571346601793948 -0.0097845941215265117 0.0041504199013774499 0.017631890417036524 -0.019935443645217141 0.0076983673515819244 0.00079787697744624145 -0.00029659682127478981 0.0024285483912559235 -0.00047404539477105664 -0.0033061145286579154 0.01144028280736757 -0.0023372090422271088 0.0042236989931478293 -0.026641367178179484 -0.0134580455425249 0.0084329091969584189 -0.0045889577599518526 0.0081987038347670349 -0.0019620642832095894 0.0045870166774247371 0.0047590733506914671 0.026009309742529338 0.0036085633883262418 -0.0013227109955544255 0.016589493349102626 -0.013640144937331431 -7.5655750944231081e-05 0.00070274241504609137 0.010249122922112854 -0.0014639762658170904 -0.00095510087838801821 -0.00046709015274963328 -0.0036295888104010045 0.0058525106190656373 0.0060183604010518041 3.6275150975553925e-05 0.0077591575603833283 -0.0043927387592900113 -0.0090344823560722341 -0.0017944235617077982 -0.0054653339781224842 0.01557647093545351 -0.0039551457506296923 -0.0015198341711684488 -0.017802208961190991 -0.001986010837352236 0.010727292001200513 0.0054356961869006246 -0.023884234736942331 0.0025077974630282984 -0.0062100083923687238 0.027079103772651367 -0.0067800215201412033 0.003771502307258839 -0.0088534961965388223 -0.013115099771097706 -0.0016056446948083318 -0.011990440832694176 0.00021704177231950141 0.00034465615095770444 -0.02459794338021928 -0.00046229948780477482 -0.0062231897480210831 -0.0024573996811928902 0.0008672774089186888 -0.0017216539142058639 -0.00034592720816238723 -0.0054238706749287838 -0.014239322745914319 0.0064599691379767987 0.012158566370540792 0.00030322433209042422 -0.0042304384884903493 0.00093418966394778074 -0.0012732261408104665 0.0038794548135391007 -0.00048550975594395871 -0.0031541414073384894 -0.02047467284175267 0.0052326907144579398 -0.0015829092858914457 0.017335188870565434 0.014635588769138131 0.021644121711943329 0.0097035567542938846 -0.0050810244854243777 0.00046729604229306566 0.0047310528744073776 0.0084298118450077241 0.00349379397153955 -0.02104750288240842 0.00081832695543390818 -0.0050961663328508875 -0.0014960482738017901 -0.0055251841330939133 0.027971761714057037 0.023308845703491718
leaf_weight=177.16810627281666 3963.7528719902039 2747.3583449870348 3131.45350831002 713.05901820957661 32.96338827162981 344.24221189320087 11197.072188206017 6743.0872981250286 397.74631042778492 223.11819919198751 95.76352933049202 147.45075867325068 889.94494201242924 3749.1128668412566 5462.083751834929 969.92974582314491 3660.7247647643089 4518.7349362522364 1856.4097397178411 236.1738548874855 745.44357771426439 21.156370311975479 121.28472223877907 34.174327082931995 57.396413490176201 3227.4761103391647 25.119219169020653 1479.4395114406943 7810.8590104654431 353.50322335958481 343.40255804359913 33.98644507676363 19.736052133142948 300.90153755247593 1309.6739654392004 2890.506873331964 3727.0247478857636 11652.334536649287 10907.122110053897 178.10298556834459 9295.7751186266541 715.17586909234524 20.362118549644947 47.326453365385532 133.57737731188536 1166.867753200233 848.12715630978346 497.836007617414 983.82521745562553 1239.5844597369432 46.770655386149883 1957.8202921673656 189.77461214363575 30.803324803709984 160.4714477583766 3662.1525038257241 32658.255447126925 68.919995427131653 208.55619622766972 503.88067231327295 722.52968224138021 2187.5817460715771 836.34296061098576 170.6609970331192 2591.5209442973137 518.23779430985451 126.30087950080633 325.51857097446918 5810.9272363930941 554.68351095914841 37.120373032987118 1702.0878289416432 536.75143082439899 60.200204260647297 926.26614788919687 78.323288299143314 2749.2661186307669 70.379314891993999 6148.8112027719617 144.894451148808 22.973770931363106 509.49656344205141 179.48209547996521 269.73851147294044 148.15069183707237 1157.6391845718026 102.15620701014996 471.56180402636528 3926.7729162052274 20.433700621128082 4913.0788418725133 61.373859956860542 699.24884164333344 2623.6821338161826 10944.600601233542 13395.646111309528 1098.3939740359783 72.813161745667458 532.15662365406752 95.993621535599232 901.12868212163448 820.59228724986315 17411.846934303641 4595.6901532784104 2387.0811610519886 2579.8747455179691 1953.3856517970562 50.420077368617058 27.544567741453648 51.0753438398242 66.6132517978549 111.14949990063906 42.588547311723232 173.76765263080597 576.03241111338139 2904.3572147041559 1554.5012557655573 205.07878404855728 641.31933791935444 37.615033656358719 3692.2181767597795 1014.7339900583029 9025.0005137175322 560.32210428267717 43.114700101315975 29.765177823603153
leaf_count=1330 31381 21317 23620 5213 68 1918 85121 52706 2943 1757 429 558 6710 28295 42584 7202 26611 36024 14708 1711 5203 88 604 247 293 25271 114 11798 60768 2407 2648 253 86 2168 10200 22616 29226 91932 86624 1421 73486 5557 83 225 716 8474 6602 3872 7518 9847 314 15179 1405 200 1168 29005 254802 404 1319 3077 5320 13138 6378 1320 20607 4075 900 2609 46057 4247 229 13312 4225 365 7047 347 21374 336 48349 948 134 3886 1438 2045 1180 8259 604 3230 29719 162 39135 488 5210 20943 82577 105189 8725 518 3548 708 6849 6106 126410 35473 19109 20651 15262 301 144 232 416 885 202 1352 4016 23090 12043 1567 5131 219 29058 7973 71531 3544 185 121
internal_value=-1.81405e-06 0.000616734 -0.00096089 0.000180001 -0.000256231 -0.000472245 0.000389652 -0.000379581 -0.00117345 -0.000930074 0.000651077 0.00139886 -0.00106711 0.0010449 0.000415779 0.00228472 0.0021192 -0.00142232 -0.000631626 -0.00176969 -0.000316277 -0.00545492 -0.015671 0.00595189 0.000202126 0.000166926 0.00125208 0.000871014 0.00211686 -0.00118052 -0.00363095 -0.00399249 0.00671302 0.00103226 0.000300174 8.77043e-05 0.000506766 -0.00181618 -0.00242349 -0.00142774 -0.00128688 -0.000604927 -0.00109298 0.00857152 0.00265799 -0.00153372 0.00234664 0.000157829 0.000472466 0.00297272 0.00243767 0.00454623 0.00645721 -0.00384524 -0.00482664 0.00104022 0.000642657 0.00040871 -0.00157389 0.00248973 -0.00354876 -0.0032009 0.00277004 -0.00087052 -0.00152998 0.00146275 0.00537326 -0.00195871 -0.00267335 -0.00184435 -0.00411977 -0.00176046 0.00243111 0.000594964 -0.00296928 0.00233561 0.0031125 -0.005974 0.00341306 -0.0120766 0.00130481 -0.0029866 -0.00402837 -0.00249231 -0.00144654 -0.00292127 -0.000846791 -0.00197196 -0.00142464 -0.000475915 -0.00011855 0.00690222 0.00141548 0.00211718 -0.00117599 7.57077e-05 -0.00237225 0.000424303 0.00239972 0.000375187 -0.00079646 -0.00142561 0.000782062 0.000430572 0.00198587 0.000871413 -0.000859106 0.000878373 -0.0114285 0.00683272 0.00312961 0.0017967 0.00395197 0.000909587 0.000546133 0.00143396 0.00519595 0.0117884 0.00515815 -0.0052746 0.00197931 -0.00129058 -0.00186049 -0.00121298 0.0149544 0.00774274
internal_weight=269932 164098 105834 105301 41881.1 38749.6 17382.6 48128.5 21367 20219.1 57172.8 58796.7 19874.9 42674.6 49266.2 4717.53 4684.56 63953.3 19522 44431.3 12665 1147.89 142.441 1023.84 27879.6 27822.3 38905.1 28860.3 7906.62 20248.9 2272.43 1005.45 989.666 3613.53 27109.2 24963.2 20350.1 44195.1 20578.4 9671.29 23616.7 14320.9 3769.47 328.355 180.904 16261.4 10044.9 2234.81 2209.69 7810.09 6772.19 2209.67 1037.9 689.111 658.307 5518.56 43243.8 36804.2 3159.51 903.005 1467.97 2256.5 2146.02 17976.5 11233.4 1407 644.539 9826.36 7234.84 762.465 591.804 4613.03 1520.58 33644.7 986.466 16122.1 9191.67 293.597 8898.08 215.274 6930.45 711.952 688.979 1918.93 1649.19 1305.79 607.704 573.718 16038.2 2910.94 5152.56 239.477 4562.52 3863.27 14871.4 16623.1 6909.32 3312.63 1602.09 1069.94 973.942 1710.54 28531.9 22085.5 6446.4 4059.31 13605.7 17489.8 77.9646 399.125 275.169 6218.5 1811.87 4406.63 4232.86 3656.83 1597.09 251.849 752.469 214.783 6439.58 14003.5 10039.7 6022.41 123.955 80.8405
internal_count=2080177 1261687 818490 814680 312252 288632 129858 375874 158774 151052 438806 447007 149134 321927 377609 34214 34146 506238 154598 351640 95644 7722 692 7535 217860 217567 293549 215385 61197 158014 16539 7030 7288 26607 212354 195776 159686 349929 163692 77068 186237 112751 28378 1499 941 122527 78164 17097 16983 61067 53060 17060 8007 5240 5040 43713 331481 281106 18892 5350 10523 13542 16578 141475 88769 10771 4975 77998 57391 5796 4476 36090 11743 262214 7412 125080 71354 1631 69723 1284 53726 5458 5324 14132 12087 9439 4087 3834 120770 22778 41044 1909 36000 30790 112296 130460 54782 24439 11623 8075 7367 12816 213886 162328 51558 32449 107194 126855 445 2273 1735 48268 13794 34474 33122 29106 12245 1881 6016 1549 50375 110885 79504 46128 538 353
is_linear=0
shrinkage=0.02


Tree=59
num_leaves=127
num_cat=0
split_feature=10 51 54 8 40 1 46 20 12 53 47 28 54 27 48 57 7 29 27 46 45 31 53 6 25 47 6 27 1 1 55 55 7 35 39 29 46 46 29 55 33 53 26 19 29 26 29 26 27 40 18 4 47 2 40 4 19 57 6 26 4 16 39 19 29 57 19 39 2 39 55 48 45 56 27 26 55 26 28 25 40 20 3 12 14 48 14 47 25 2 33 33 47 18 11 48 4 13 19 33 48 39 20 48 57 29 39 25 56 27 46 39 42 20 19 20 19 16 20 16 4 45 31 48 40 29
split_gain=384.523 140.732 82.6283 58.0435 57.9634 60.024 56.251 55.8385 55.4978 55.4513 53.1977 53.736 54.4699 53.1629 81.7908 50.7698 47.7501 47.5255 56.316 62.0847 58.6689 57.7056 47.1381 46.8279 46.4911 46.1863 48.0728 44.0592 54.8835 55.8899 62.4734 55.6514 52.7607 52.2489 48.8876 59.3835 49.557 43.092 45.5101 42.764 42.2958 42.1794 51.6458 42.0647 41.943 40.3288 48.1177 56.2858 40.2019 41.6052 39.7144 39.4693 39.2381 38.9492 38.8137 41.6854 41.4829 39.1364 38.696 57.4173 45.2442 38.0254 37.9999 42.645 40.4306 42.9762 44.5526 37.5497 37.3724 47.8238 50.9625 37.0627 36.9471 36.9443 36.8246 48.0637 67.2368 46.7919 46.6445 43.4422 41.7249 38.5426 36.8232 50.4534 36.713 36.6652 45.6471 36.2192 51.3009 36.024 35.8777 35.8258 35.7202 35.5213 38.9027 36.3994 35.3886 35.1423 35.0957 34.8105 34.782 34.7365 44.7066 34.6331 34.5662 34.3797 49.8092 45.2904 35.7263 35.7708 33.5946 33.5477 33.4982 32.3662 32.3138 31.9215 31.8222 31.7707 40.4763 31.645 31.5448 31.4714 54.5865 47.359 31.4583 31.3968
threshold=0.49699085950851446 -1.3775745034217832 0.082339696586132063 -0.89067903161048878 0.12500000000000011 -0.047858271747827523 0.0076520934235304603 0.50408092141151439 0.2123060077428818 -0.2193002179265022 0.067559268325567259 0.81174489855766307 0.29625809192657476 -0.60785761475563038 -0.071875035762786851 -0.093803934752941118 0.29966124892234808 -4.507643222808837 -0.60785761475563038 -0.040776468813419335 -0.028515934944152829 0.16999999433755877 1.3242893815040591 1.5059599280357363 0.60355338454246532 -0.0455582458525896 1.6029196977615359 1.0000000180025095e-35 -0.014645731542259453 -0.047858271747827523 0.17466532438993457 0.11028560250997545 -0.11415966972708701 1.0000000180025095e-35 0.084375001490116133 -0.32000541687011713 -0.065853759646415697 -0.020257957279682156 -0.29530227184295649 0.20717659592628482 0.010828552301973106 0.083393760025501265 0.60355338454246532 4.5856482982635507 3.572928905487061 -0.37940952181816096 4.3172717094421396 0.78656607866287243 -0.60785761475563038 0.46650633215904241 -0.78325587511062611 0.13013536483049395 0.050663504749536521 0.025675381533801559 -0.3415063470602035 0.23435815423727038 2.2502359151840214 0.0031188795110210781 2.0409121513366704 0.91597560048103344 0.29894319176673895 -2.7364373207092281 0.46354167163372045 1.2424235343933108 -5.3529233932495108 -0.028740614652633664 1.2754232287406924 0.43437500298023229 0.06114312261343003 0.26770834624767309 0.18590094149112704 0.0099275950342416781 -0.015327647794038056 -0.085194349288940416 -1.0000000180025095e-35 0.12940952181816107 0.023178694769740108 0.37940952181816107 -0.56174489110708226 -0.91597560048103321 0.46650633215904241 1.2014912366867068 1.4453232288360598 0.7605157494544984 -0.40099918842315668 0.0024667220422998075 -1.4420092105865476 0.0012709977454505863 -0.91597560048103321 0.018417421728372577 0.06234401464462281 -0.017134667374193665 0.038380064070224769 0.48409004509449011 0.74926522374153148 -0.0024325228296220298 0.17982622236013415 0.84224024415016185 3.2364467382431035 0.06234401464462281 -0.043857380747795098 0.38854165375232702 0.5611223876476289 -0.12250675633549689 0.041610838845372207 -0.43618679046630854 0.26770834624767309 -1.0000000180025095e-35 0.0018703885725699367 -1.0000000180025095e-35 -0.0079282289370894415 0.88020834326744091 0.0024601441109552984 1.3444999456405642 3.7590260505676274 1.3079182505607607 2.8711236715316777 -1.3906240463256834 0.6571008861064912 -0.59514343738555897 0.24550954252481463 -0.028515934944152829 0.18999999016523364 -0.12250675633549689 -0.3415063470602035 -4.7584266662597647
decision_type=2 2 2 2 2 2 2 2 2 2 2 2 2 2 2 2 2 2 2 2 2 2 2 2 2 2 2 2 2 2 2 2 2 2 2 2 2 2 2 2 2 2 2 2 2 2 2 2 2 2 2 2 2 2 2 2 2 2 2 2 2 2 2 2 2 2 2 2 2 2 2 2 2 2 2 2 2 2 2 2 2 2 2 2 2 2 2 2 2 2 2 2 2 2 2 2 2 2 2 2 2 2 2 2 2 2 2 2 2 2 2 2 2 2 2 2 2 2 2 2 2 2 2 2 2 2
left_child=1 8 41 -4 5 105 7 114 48 13 11 16 23 14 72 24 73 18 19 40 -20 25 84 45 -7 110 -27 28 29 32 31 -31 -15 85 35 -30 -36 38 67 50 -17 42 -2 -44 -10 -13 120 -48 116 92 -16 74 -51 -24 55 56 -39 89 60 90 -35 -38 64 91 65 117 96 -9 69 -12 -71 111 -6 -8 75 76 79 80 -79 -43 -76 -81 -25 -84 121 -29 -87 88 -77 -56 -60 -64 -50 94 98 -96 -67 -78 -11 -75 -80 102 -32 -40 -55 106 107 -3 109 -108 -21 -53 -109 -73 124 -97 -1 -22 -119 -37 -47 122 -19 -123 -5 -58
right_child=2 4 3 6 9 15 10 37 44 93 68 12 -14 27 39 17 -18 22 20 21 62 -23 53 82 -26 26 -28 33 34 30 101 -33 -34 58 36 119 61 54 103 -41 -42 51 43 -45 -46 46 47 -49 49 52 -52 71 -54 104 57 -57 125 -59 59 -61 -62 -63 63 -65 -66 66 -68 -69 -70 70 -72 113 -74 99 77 87 97 78 100 81 -82 -83 83 -85 -86 86 -88 -89 -90 -91 -92 -93 -94 -95 95 115 -98 -99 -100 -101 -102 -103 -104 -105 -106 -107 108 112 -110 -111 -112 -113 -114 -115 -116 -117 -118 118 -120 -121 -122 123 -124 -125 -126 -127
leaf_value=0.002083607530187854 -0.0012647969848843821 0.020712256514454182 0.0023675624833308017 0.0099677419584998147 -0.00066765724499946266 0.0026492111697003122 0.0016823138974437738 -0.0014749623376622109 0.00047113790897779744 -0.00057950226903188311 -0.009215468095792323 -0.0041321375298755255 0.014455063747749382 -0.011609506438949223 0.0067562939287070765 0.027658422805838759 0.002973458274424638 -0.0061993611870180491 0.0063079196440443798 0.00085359767015559757 -0.012232012472475285 -0.01671868879279929 -0.001740780463572807 0.00082479061173049433 -3.800461723873639e-05 0.0098680039687746041 -0.012781570839954846 -0.0020712778365104133 0.011623398011326223 -0.0087894468312808612 -0.025782208579005452 0.001889654736129312 0.01701190412879424 0.0020369797497158822 -0.027426262969257376 0.012682461818025639 0.021955769821730878 0.003936561664730753 0.025528560987199078 -0.0072373569345300084 -0.0051653057760544406 0.010974737007437552 0.0014261503120489346 -0.0064739137596942289 0.0051594855324064645 -0.00083903850554048899 0.0012954140935977653 0.019682758632078082 0.0018633492277534563 -0.00093620171638173605 0.0019944290758958662 0.0064190930209724571 -0.031274340672475469 0.0074745471451359239 0.00062555284279470211 0.011195226072805136 -0.014123550368815005 -0.0012973406933516143 -0.0060077707301408193 0.015905752570135746 0.013761740850658497 -0.00097969770791528853 -0.023928134811669492 -0.00025815723079388668 -0.00063926834623897534 -0.007271824241882714 -0.014350623314123727 -0.0087428925642858788 -0.013080826824804132 -0.0077741947410224508 0.0045611726250556865 -0.0061425979640565911 -0.016894938884218679 -0.0019434539336887309 -0.00080994372980892286 -0.0085242892147545449 -0.0030769999639016811 -0.0049755244271321979 0.012563952029067857 0.0036505837450190766 0.004221935663153536 -0.0036918880315422219 -0.011385405765814195 0.010847242406881627 -0.00046119956058371744 0.0075455902661720918 -0.00069850497519803167 -0.0022285451143581074 0.001268852229215633 0.0070476751357402227 0.016888689093781314 -0.0019539300727185334 0.0097087963470632987 -0.0027039602321889938 0.0009118979148025273 -0.0028587957172473751 0.024366699324063018 -0.0056515661240097081 0.0019380886368876497 0.017529432963987446 -0.0017463001238273196 -0.0058886674511135504 -0.0088230114971669903 0.0010831467666440953 -0.0029598944701652243 -0.020642736345073 -0.019496892605939186 0.0096431485141180353 -0.021280292111805217 0.0018253524619970538 -0.025180311063117532 -0.012319008924380663 -0.020733461491832618 0.0039999297068661508 0.024846892141487872 -0.009775595125599645 0.004778141777968474 0.012472146412511072 -0.0051168282186387802 -0.01048652518746236 0.026934804109222058 0.022118349283162836 0.020119474960183865 0.0010568384395255039 0.0022991668188174427 1.9503957390600611e-05
leaf_weight=3492.4175656437874 14003.224639706314 48.704069681465626 3131.3476997166872 259.17196679860353 99.548112854361534 8553.8794186934829 1250.665030375123 557.52053350955248 16577.832211002707 15590.425910502672 372.17779914289713 838.01279413700104 122.5623739361763 36.562543511390686 800.02457296848297 62.712939366698265 959.05703877657652 418.14423443377018 234.9649660885334 48.289663724601269 105.61461526155472 62.843823172152042 4998.8418875336647 494.49356946349144 3683.3155178055167 292.1135358735919 42.068686738610268 3345.8138097599149 266.89524786174297 347.71586616337299 121.3681021258235 442.47627200186253 81.622534282505512 5743.8934994786978 27.237555868923664 30.092304304242134 28.059077315032482 1643.2062823548913 23.656549423933029 181.18912869691849 20.401398852467537 149.79741507768631 5235.3090959861875 283.21436651051044 799.20148642361164 1100.014371946454 161.18635316193104 112.80787867307663 17839.450915753841 1775.3662812933326 5619.0168863683939 585.77902697771788 16.222253531217575 362.38157508522272 4313.4400152862072 193.88951241970062 64.308172658085823 5938.2321888804436 540.92108930647373 57.780127294361591 133.81138132512569 5742.5974162593484 58.213394716382027 1039.5414476245642 328.43170288950205 39.546791352331638 483.84186580777168 581.17191645503044 203.82115947455168 211.91662100702524 360.31029240041971 308.24790877103806 128.31048835813999 14836.507383696735 13319.222477138042 231.99676427990198 6177.9438093826175 2152.2068320289254 67.614711195230484 512.557317905128 692.44928093254566 644.22216738015413 44.399685151875019 416.40253607183695 8085.3293351307511 396.26748637855053 828.78776092082262 6612.027493879199 2617.2022559195757 379.26564163714647 27.860266700387001 60.102303393185139 234.32410278171301 3786.4511221647263 961.7166562974453 2534.3130132555962 20.730660974979401 3236.2072227150202 2580.4879569336772 35.811167553067207 6867.6082466691732 201.24732735753059 130.15378433465958 392.15222132205963 194.36365366727114 62.557799115777016 43.042555913329124 28.484747216105461 72.692706488072872 109.52546779811382 32.480646453797817 39.935241021215916 27.689559265971184 211.21580594778061 28.407008543610573 297.81495378166437 3528.7274041846395 79.072296671569347 150.04207018762827 97.062090903520584 15.6032537817955 41.760199420154095 33.101067878305912 38689.408650666475 1215.3180127739906 1621.742670096457
leaf_count=26735 110885 249 23620 1891 666 66984 9418 3755 127240 121373 2478 6349 700 186 6349 339 6952 2801 1352 308 532 404 39264 3821 29061 2020 253 25650 1976 2644 448 3268 287 44379 121 237 129 12617 43 1278 117 1197 41494 2219 5945 8463 1184 723 133162 13196 44246 4226 82 2702 32735 1267 453 45033 3976 427 641 44600 332 7055 2435 281 3030 4124 1213 1592 2447 2338 863 111334 105043 1835 49240 17095 511 4112 5388 5194 266 2872 64618 3010 6542 52571 20857 2544 106 417 1762 29686 7445 19820 108 25785 20257 175 54352 1370 804 2766 1428 220 198 177 317 484 181 306 155 1590 133 2382 27225 526 1107 748 94 221 219 300531 8737 12453
internal_value=-1.77114e-06 0.000604461 -0.000941748 -0.000251129 0.000248448 0.000628462 -0.000462839 0.000389511 0.00156814 -0.000260725 -0.00114407 -0.000907969 0.00142574 0.000401183 0.00191069 0.000673403 -0.00135967 0.000418281 -0.00196337 0.00377863 -0.00320343 0.000984961 0.000560855 0.000919338 0.00184036 0.0037023 0.00698414 -0.000152139 -0.0013299 -0.00496465 -0.00621568 -0.00281348 0.00812588 0.000651032 -0.000530051 0.00627731 -0.000993884 3.69796e-05 -0.00312271 0.00231807 0.0196239 -0.001394 -0.000619007 0.00101943 0.000687106 -0.000669181 0.00141992 0.00891347 0.00213748 0.00167746 0.00258903 -0.0017345 -0.00122875 -0.00118162 0.000384265 0.00220326 0.00167608 -0.000218616 0.00180255 -0.00291825 0.00230637 -0.000864219 -0.00415103 -0.00155919 -0.00663258 -0.00886792 -0.0123333 -0.0051897 -0.00533098 -0.00364528 -1.09148e-05 0.00192864 -0.00984374 -0.00161765 -0.00183149 -0.00245567 -0.00337261 -0.001286 -0.00240371 0.000877698 -0.000560916 -0.000437306 0.00462143 0.00868288 0.000765697 -0.000987381 0.00197137 -0.00141631 0.000468381 0.00114619 -0.00485682 -0.0128839 0.00196565 -0.000915081 -0.000606546 -0.00244836 0.00381307 -0.00396264 -0.000221832 -0.00189532 -0.00160485 -0.0121318 -0.0170801 0.00253423 0.00383124 -0.00715824 -0.00454544 0.00679058 -0.00983444 -0.00427136 -0.00978325 0.00520382 -0.00541341 -0.00201693 0.0040711 -0.00358968 0.00343847 -0.0032118 0.00097698 -0.00493938 -0.000425918 0.0010189 -0.00422631 0.00108014 0.0036536 -0.00052739
internal_weight=269912 164085 105827 41878.6 119822 68614.2 38747.2 17211.5 44263.5 51207.5 21535.7 20387.5 3305.48 25456.3 6828.09 68221.5 17082 55984.3 3161.01 560.911 2600.1 477.796 52823.3 3182.92 12237.2 414.953 334.182 18628.2 7553.09 1361.15 1242.96 790.192 118.185 11075.1 6191.94 394.05 5797.89 15708.6 1554.5 6600.23 83.1143 63948 19521.7 5518.52 17377 2227.62 1389.61 273.994 26886.5 19865.4 6419.04 44426.2 1791.59 5555.59 14154.1 3523.15 3329.26 10630.9 6504.27 626.561 5877.7 5770.66 2365.14 1157.86 1207.28 878.848 544.119 1138.69 1148.23 944.405 572.227 1145.18 227.859 16123 43281.1 20182 10720.7 23099.1 9087.43 1306.58 14011.7 1156.78 955.296 460.802 47267.7 4570.87 1225.06 9461.23 2849.2 4692.71 568.781 118.316 18073.8 25751.2 21964.8 3793.84 60.2775 9414.15 18170.9 14872.3 6935.22 452.769 251.522 415.809 556.745 392.697 330.139 104.878 225.261 152.568 80.7703 625.714 56.1743 519.464 1502.9 2832.13 7021.14 334.729 229.114 127.154 1115.62 39182.4 451.245 38731.2 1474.49 1686.05
internal_count=2080177 1261687 818490 312252 926340 530426 288632 128551 335347 395914 160081 152351 24472 194951 53402 528626 127879 432581 20797 3622 17175 3166 411784 23772 96045 2762 2273 141549 56818 9007 8534 5912 473 84731 47811 2961 44850 117790 10688 51873 456 506238 154598 43713 133185 16813 10464 1907 202162 148202 50595 351640 13278 43394 107102 26790 25523 80312 49529 4509 45020 44729 15823 7804 8019 5584 3419 7879 7730 6517 4039 8460 1529 120927 343180 160791 85528 182389 71958 10503 110431 9306 6959 3138 368390 35202 9552 75263 22692 35279 4082 749 134924 200963 171277 29647 389 75025 141630 111509 54863 2622 1252 2809 4130 1800 1580 581 999 682 489 4532 332 3928 10761 22202 53960 2165 1633 985 8557 303772 3020 300752 10628 12906
is_linear=0
shrinkage=0.02


Tree=60
num_leaves=127
num_cat=0
split_feature=8 1 10 4 26 29 27 39 39 48 9 45 38 6 18 5 3 38 38 45 29 33 23 39 48 39 39 12 5 4 29 18 51 55 5 39 57 52 14 26 29 37 48 55 33 8 17 32 38 39 28 37 55 23 20 12 29 19 29 19 46 27 48 52 18 39 15 7 16 16 26 46 48 22 20 29 33 5 38 1 48 23 9 6 20 38 55 31 27 26 12 38 33 55 29 31 31 14 29 55 20 23 18 38 55 45 39 27 55 17 55 26 6 26 45 20 57 48 55 28 38 4 15 1 4 23
split_gain=353.504 124.942 100.681 79.8018 71.8605 89.5013 63.4543 61.1228 67.5509 61.3336 58.6306 55.9677 57.4282 54.4943 52.4829 67.7287 51.7961 50.8513 50.2325 66.4256 60.4695 48.2064 43.9936 43.8276 43.6763 41.6603 72.7504 39.3632 40.3706 38.6791 39.3542 38.2201 36.8241 36.0775 39.9521 38.6811 37.1142 36.0348 35.9073 34.7185 34.5678 34.4953 34.2866 36.1799 34.155 34.1307 42.2691 33.9867 51.28 36.6776 41.4191 60.3378 33.9657 38.7094 39.0604 46.107 31.9174 31.9087 32.8924 31.8155 31.6922 34.3987 31.4624 31.4399 38.6339 39.1059 43.1183 37.2869 53.6838 35.3655 33.391 33.0251 32.9311 31.5169 37.2085 49.5346 45.8026 39.5452 42.6895 34.4582 30.7353 30.6586 30.5896 30.4756 30.4611 40.749 30.4158 30.4044 30.3111 35.9146 30.0555 30.0251 29.9904 33.16 29.972 29.8458 29.8366 29.6078 29.5893 30.5125 29.0104 28.5309 28.4435 28.1097 30.0632 43.9403 33.3997 29.1813 30.3824 28.3958 31.9006 30.9975 30.4255 27.9727 27.9214 37.4019 33.1054 38.156 27.8798 29.7046 27.8598 27.5803 27.5096 27.4753 27.4524 27.4043
threshold=0.18826597929000857 -0.0023852701997384425 0.8886353373527528 0.050044294446706779 0.78656607866287243 5.5065631866455087 -0.87837970256805409 0.026041666977107528 0.4760416597127915 0.0027998413424938921 -1.7106455564498899 -0.047965487465262406 -0.14760257303714749 3.6421235799789433 -0.44536778330802912 0.32256756722927099 -0.2895891666412353 -0.079579647630453096 0.010526535101234915 -0.028515934944152829 -0.50797462463378895 0.0092637380585074442 -0.047943187877535813 0.92604166269302379 -0.0041427225805819026 0.24687500298023227 0.35937500000000006 0.92238047719001781 0.47547437250614172 0.045665951445698745 1.7045497894287112 -1.2995404005050657 -2.1509946584701534 0.29020999372005468 0.19681609421968463 0.44270832836627966 0.046116080135107047 1.2022101879119875 -0.391930341720581 -0.6035533845424651 -6.1939508914947501 1.0822415351867678 0.075779803097248091 0.20117400586605075 -0.00829543638974428 -0.39643280208110804 2.1487176418304448 0.053323874250054366 -0.033800335600972169 0.26770834624767309 -0.56174489110708226 0.9363798499107362 0.17146713286638263 -0.064795214682817445 0.50408092141151439 0.52255576848983776 0.20885467529296878 3.536170601844788 0.81743597984313976 4.9777815341949472 0.021702731959521774 -0.87837970256805409 -0.015272806864231823 0.16828982532024386 1.0412620306015017 0.56354168057441723 5.4615795612335214 -0.5303654372692107 -3.9388328790664668 -0.58164894580841053 -0.98296290636062611 -0.065853759646415697 0.01070919167250395 -0.21655259281396863 0.83463832736015331 -1.7897814512252805 0.049849597737193115 0.47547437250614172 -0.14760257303714749 -0.047858271747827523 0.0023028483847156171 0.067327219992876067 -0.018073583953082558 -1.2074810266494749 0.5611223876476289 0.16890875250101092 0.060396440327167518 0.16999999433755877 -0.87837970256805409 0.98296290636062633 0.69907143712043773 -0.058035677298903458 0.0044185409788042316 0.44935074448585516 1.7490267753601076 0.12999999895691874 0.28999999165534979 -0.92594921588897694 6.3523948192596444 0.19532658904790881 0.92688140273094188 0.14618567377328875 0.24378564208745959 -0.18789444863796231 0.44935074448585516 0.036264903843402869 0.24270833283662799 0.87837970256805431 0.036770699545741088 3.420794010162354 0.44935074448585516 0.37940952181816107 -1.3003955483436582 -0.91597560048103321 -0.0080584692768752558 0.49850368499755865 -0.007520906161516904 -0.040700217708945267 0.10739605873823167 0.81174489855766307 -0.024178907275199887 0.47378799319267279 0.1531481742858887 0.0070157733280211696 0.29894319176673895 -0.0084055536426603777
decision_type=2 2 2 2 2 2 2 2 2 2 2 2 2 2 2 2 2 2 2 2 2 2 2 2 2 2 2 2 2 2 2 2 2 2 2 2 2 2 2 2 2 2 2 2 2 2 2 2 2 2 2 2 2 2 2 2 2 2 2 2 2 2 2 2 2 2 2 2 2 2 2 2 2 2 2 2 2 2 2 2 2 2 2 2 2 2 2 2 2 2 2 2 2 2 2 2 2 2 2 2 2 2 2 2 2 2 2 2 2 2 2 2 2 2 2 2 2 2 2 2 2 2 2 2 2 2
left_child=1 3 18 32 10 29 -4 -5 9 11 60 12 25 27 41 21 56 -14 23 44 40 33 98 47 -22 -9 -27 92 -29 62 96 87 -1 34 35 -16 57 125 90 80 83 81 43 101 -20 46 -19 52 49 113 -51 -52 86 -54 55 -55 121 58 -36 -17 61 -3 -6 64 65 67 69 -10 -69 73 -66 -72 -73 -67 75 82 -76 78 79 -77 -26 -13 -75 -21 85 -70 -2 -24 89 -88 103 94 100 -94 -86 -81 120 -71 99 -12 -8 -15 -85 109 106 -106 107 108 -105 110 111 112 -33 -49 116 -116 117 -42 119 -34 -31 -11 -23 -101 -7 -18
right_child=2 4 6 7 5 124 13 8 63 16 22 14 17 42 15 59 37 45 19 20 24 122 31 -25 39 26 -28 28 -30 30 -32 38 118 -35 36 -37 -38 -39 -40 -41 114 -43 -44 -45 -46 -47 -48 48 -50 50 51 -53 53 54 -56 -57 -58 -59 -60 -61 -62 -63 -64 -65 70 66 -68 68 84 97 71 72 -74 74 76 77 -78 -79 -80 95 -82 -83 -84 102 91 -87 88 -89 -90 -91 -92 -93 93 -95 -96 -97 -98 -99 -100 123 -102 -103 -104 104 105 -107 -108 -109 -110 -111 -112 -113 -114 -115 115 -117 -118 -119 -120 -121 -122 -123 -124 -125 -126 -127
leaf_value=0.0057520897042428699 -0.00057765550826662567 0.0048064100259550321 -0.0028776198855383645 0.0047189192958181662 0.0043890412167974548 0.0087718860433953685 -5.2846677858209785e-05 0.021223945513334015 -0.022551778414166064 0.0012525907158771887 0.0012265603258901938 9.450831862815403e-06 -0.012307794025628267 0.0010929941513571555 -0.0015561846761896442 -0.010423116907875608 0.0019774262180930744 0.0033980272856377102 0.0090194526961281801 0.016170333544770991 0.00017990383690533591 0.0036280702640139597 0.0062319355015948456 0.003710472797725582 -0.0040305569965974454 -0.010092281748306635 0.022292241044073721 -0.0019954807407253573 -0.018915711481365734 -0.00019049563203024357 0.00096289829652611812 0.012490176682930962 0.0027022079990381195 0.0080776174521840459 -0.014003311921439748 -0.0081884732263215066 0.015697049590011253 -0.0093357847143779489 -0.0010276681761142181 -0.0027423467219048463 0.0060755058174436043 0.0041293623054936765 -0.013065505054397844 0.020715530219787188 -0.0097976628136916717 -0.0091709317363594094 0.021426448398083896 0.0020976115392375527 -0.010701465668398672 -0.012425313513428612 -0.014947894058319823 0.020219413252669027 0.0018703849377586092 -0.015220360287536473 -0.0020399312325354506 -0.0012043400158680785 0.004305453584735568 0.00365127428192901 0.012066564911187799 0.010065886950013507 0.008242022876259027 0.0012284350298675203 -0.00039265809004167035 -0.00074676154299046647 -0.018656234657352468 -0.0037924203144202311 0.014469571866860726 0.01912071115282276 0.00077784182651408529 0.0047783292577235036 0.018695546698780929 -0.0062589921763557032 0.010452456201435732 0.002852894026871851 0.002925018687621149 0.015541323993461323 -0.010242060884303315 0.023140746241700511 -0.0011030917590702214 -0.017579011017464789 0.00080658382192470824 0.0096512587422230376 -0.0086427087220280873 -0.013666752313908556 0.00068714851661746338 -0.020457519212460213 0.0022158299221462664 -0.0031232393655295869 0.00051285129302285049 0.011126330590752163 0.0014131966795136845 0.0058634596237924002 -0.0024598631987486873 0.014187119236220035 0.011272992524299341 -0.004992901168177106 -0.016183010479903205 0.00050367356910021395 0.0091469032930289358 -0.0086879364910914195 -0.0011897738426568008 0.0083703033208605646 -5.8595675915664873e-05 0.0037409336185793337 0.019367317787105338 -0.0098432194882296948 0.00039358335516374946 0.0020921473739522775 -0.0023652196930601817 0.016568917023235701 -0.021450373794168955 0.010953321589802461 -0.0089845324485868204 0.021078833862362149 0.0077336315371001399 0.0011617779098214989 -0.0048986676554538403 -0.0011369841417013351 0.0079775446656308799 -0.00056939784222521006 -0.0028665889297717364 0.025856529224702177 -0.00023947651610841986 0.0012913117598145004 -0.012596117460090366 -0.0018482193128775237
leaf_weight=1575.2182882130146 9871.2030128762126 1284.6025236472487 8993.9912105873227 1733.6931866556406 611.62241606414318 446.45988658815622 17339.018189042807 122.97946694493294 20.000476822257042 3254.3491149023175 14988.948415331542 4641.4679474160075 89.565054550766945 755.2168403044343 5614.4180942624807 409.44360157102346 1513.7919620722532 287.918397821486 41.425383180379868 21.271588705480099 4805.541569724679 847.10369965434074 641.40417171269655 1465.7533519566059 672.7888988032937 61.694744855165482 48.807361975312233 14218.816224299371 55.658422164618969 1972.2767923623323 1637.4664073362947 28.501299388706684 7624.806142680347 133.60349807888269 305.34343511611223 374.45658059418201 23.088391989469528 170.6879349052906 12996.686517246068 8537.8880524784327 374.38836286962032 1158.7596218436956 48.445165239274502 48.303676500916481 443.14713522791862 63.350842326879501 62.706986889243126 42.500590823590755 58.734301045536995 49.646954700350761 26.675395771861076 65.931511029601097 813.14335715770721 212.45460983365774 1919.480560541153 168.21425197273493 2784.304428756237 58.054841183125973 19.879324942827225 31.903711259365082 318.48249217867851 6573.8596098721027 5418.4039593040943 1703.3076356574893 52.47359386831522 516.61473481357098 104.2477922514081 92.898302085697651 405.5712958201766 2131.7243048027158 28.171681888401508 282.142741933465 55.621184535324574 1959.261639714241 4268.3455698564649 20.791544027626514 107.36624932289124 24.000367820262909 2129.9055703505874 134.48456115275621 2385.0229656845331 134.78087108582258 96.187649764120579 153.35760065168142 1003.3705410808325 38.670177437365055 1840.8640198037028 176.49009767919779 16756.904190778732 199.89184433221817 6685.1790710538626 2130.5723890587687 4927.2841353267431 47.335336662828922 118.81768976151943 173.11406333744526 61.416664458811283 932.24175103008747 182.81077270209789 238.66390462219715 18619.21720905602 300.97922942787409 102.32383265346289 349.37420013546944 70.126187644898891 28.222902677953243 16537.852349482477 836.74918205291033 4673.6169547587633 21.361802540719509 49.54416985809803 44.728661216795444 255.71919660270214 118.06472212076187 367.21426189690828 5882.585346236825 636.41500252485275 1341.957397967577 349.71543017029762 1298.2942002788186 7390.4228223115206 17.334709674119949 5545.5253766998649 203.84252543002367 24.520829975605011 1480.4460212513804
leaf_count=12699 78608 10253 70867 12644 4894 3319 132779 493 79 25056 118793 34808 434 5520 42878 1588 11757 1560 159 112 37580 6297 5024 11317 5342 259 206 109414 223 14942 12681 142 60983 848 1694 2857 141 1316 103516 67551 2733 8881 302 237 2852 344 218 162 289 312 139 386 5689 1327 13134 1103 21248 386 118 160 2359 51559 43368 13051 310 3817 498 450 2888 16856 142 2050 440 13104 32146 116 535 72 16412 812 18717 1040 621 864 7727 185 14451 1398 129753 1549 50874 16265 37590 227 945 1138 474 7408 1301 1696 145049 2130 585 2787 285 107 128784 6485 35903 126 195 293 1617 578 2712 46085 4783 10352 2792 10357 57701 102 40465 1309 161 11357
internal_value=4.8178e-06 0.00067593 -0.000775983 0.00137126 0.000180623 -0.000958405 -0.00131759 0.00103084 0.000896917 0.000298406 0.000478389 -0.000322812 0.00508232 -0.00106857 -0.00052955 -0.00122466 0.00164816 0.00127037 -0.000179809 -0.000844211 -0.000703403 -0.000961054 0.000258423 0.000329508 -0.0014231 0.0132587 0.00427422 -0.00115848 -0.00206285 -0.00119564 -0.00189806 -6.91288e-05 0.00292488 -0.00216972 -0.00238518 -0.00197234 -0.00844729 -0.000424991 -0.000151462 -0.00208747 0.000625847 0.00103527 0.00323284 0.00395979 -0.00817169 0.00423304 0.0066769 0.000175194 0.0062641 0.0095824 0.00215228 0.0100273 0.0001057 -0.00187797 -0.00320374 -0.00904881 0.00273167 -0.0099414 -0.0123746 -0.00892036 0.00206545 0.00181398 9.28287e-05 0.00184175 0.00210387 0.002257 0.00171969 0.00403257 0.00417904 0.00161208 -0.00389022 -0.00172504 -0.00348136 0.00100519 0.00128377 1.45519e-05 0.00259945 -0.00188637 -0.00214042 -0.00884164 -0.000258341 0.000283705 0.00231051 -0.00631575 0.00379825 -0.0011102 0.000321209 0.00421065 0.000793288 0.00309412 0.000233496 0.00446906 -0.000843028 -0.00229844 0.00181791 -0.010538 -0.00239532 0.00347864 0.00116877 0.00107361 -0.000641593 0.00317368 -0.0082461 -0.000110959 -1.73704e-05 0.0109601 -6.61049e-05 -0.00136349 -0.00193965 -0.0053606 -0.00664132 -0.00434959 -0.00679133 0.0161049 0.000850151 0.00154925 -0.00100636 0.000438323 0.00244393 0.00222607 -0.00230305 0.00139112 0.000273353 -0.00409615 0.00763295 8.55866e-05
internal_weight=269846 145117 124729 60367.4 84749.4 17562.6 65354.3 49519.4 47785.7 29255.8 67186.8 20034.9 737.023 56360.3 19297.8 13362.8 9220.91 503.541 59374.8 25765.3 25280.8 12921.5 59009.8 33609.5 16401.2 233.482 110.502 55207.3 14274.5 17091.6 11061.6 43395.6 10848 6528.84 6395.24 5988.87 406.366 3164.93 42577.7 11595.7 8879.51 5935.01 1152.94 1104.5 484.573 413.976 350.625 32143.7 361.553 302.819 142.254 92.6069 31782.2 3113.29 2300.15 380.669 6055.99 383.278 325.223 441.347 8176.94 7858.46 6030.03 18529.9 16826.6 16408.2 12598.3 3809.9 3789.9 12494 418.409 365.936 337.764 9430.07 8913.46 4537.75 4375.71 2482.3 2458.3 328.39 3057.81 4776.25 2055.45 276.953 3697 444.241 28668.9 817.894 18797.7 2040.76 29581 3252.76 40932.9 4974.62 1122.19 307.599 9424.12 3063.97 15614.3 15431.5 35958.2 1056.2 255.681 22895.8 22495.9 98.3491 22397.6 5859.74 5022.99 399.855 378.493 328.949 284.22 160.565 8602.56 6249.8 2352.76 1716.35 9272.82 8923.1 9362.7 3271.68 6392.63 442.506 470.981 2994.24
internal_count=2079961 1116399 963562 454053 662346 137540 504338 367222 354578 216511 524806 145675 3514 433471 142161 97432 70836 2556 459224 200427 197416 95684 460635 258797 129190 958 465 425282 109637 134060 85798 337536 86831 48922 48074 45735 2339 24430 331114 91610 68226 44729 8189 7887 3011 2122 1778 247480 1866 1577 837 525 245614 21253 15564 2430 46406 2198 1812 1748 64171 61812 48262 138067 125016 122074 93535 28539 28460 93037 2942 2632 2490 68773 64956 32275 32681 18550 18478 2066 24059 35848 13725 1561 28010 3073 224361 6422 145753 16000 227598 24937 315645 37817 8672 1950 73117 24264 123099 121798 277828 7650 1449 176724 174351 392 173959 45175 38690 2373 2247 2052 1759 740 66665 48797 17868 13085 74132 71340 72643 25158 46762 3005 3480 23114
is_linear=0
shrinkage=0.02


Tree=61
num_leaves=127
num_cat=0
split_feature=8 34 53 12 39 29 53 39 2 38 16 4 29 32 39 29 13 7 47 2 51 29 34 45 39 12 40 32 38 29 47 44 39 55 39 47 38 39 17 29 23 18 53 44 6 6 27 39 18 6 2 55 57 6 29 38 2 3 29 39 18 4 18 56 44 28 50 24 16 39 38 29 6 38 43 45 56 14 44 55 39 53 53 43 3 55 6 23 27 19 47 53 34 28 45 50 18 19 53 38 18 29 27 13 32 23 1 20 27 38 45 31 6 38 38 17 45 18 28 18 31 23 29 27 38 16
split_gain=339.544 151.785 110.711 66.9125 63.4869 65.044 58.3706 52.8672 50.3952 50.7641 48.0015 47.8417 55.6043 45.5713 42.584 47.9162 42.4634 52.679 39.0357 42.457 39.1266 43.3951 38.8386 36.8008 39.1594 35.5917 39.6179 84.5317 52.8241 37.2197 46.3659 35.2803 35.2282 35.2067 44.5222 40.6379 34.8754 34.416 49.4421 45.0231 41.1481 35.4506 34.074 37.1154 33.9256 33.916 33.3277 33.2059 45.2806 40.737 36.8149 32.9263 37.7264 33.2442 32.7915 45.597 44.7602 35.3084 33.6893 48.0997 36.1752 32.4552 32.4326 31.6436 31.1746 31.1114 31.0074 30.878 30.8435 33.09 35.6437 30.7274 43.5129 37.3247 45.1138 49.2287 32.5351 30.5452 30.1377 30.1295 29.878 31.3882 29.8289 29.6713 29.3411 29.2813 31.7378 38.9683 29.2585 33.6459 29.2193 28.7451 28.6298 28.5204 28.1041 38.7625 31.0786 32.2263 35.5914 35.51 28.9805 31.7183 28.0903 32.046 28.8604 27.9962 27.1568 27.045 26.9879 27.5771 30.5953 30.4189 29.243 29.0862 26.9479 26.8833 26.8701 26.8032 27.6627 33.9739 33.9339 26.7582 26.7517 26.239 31.1409 30.7535
threshold=0.18826597929000857 1.0000000180025095e-35 0.32595846056938177 0.099189169704914107 0.22604166716337207 6.8764150142669687 0.90169861912727367 0.026041666977107528 -0.0024101252201944585 0.0848820134997368 -0.10726749897003172 0.089029323309659972 5.5065631866455087 0.066184654831886305 0.68854168057441723 -0.11010468006134032 0.54037588834762584 0.21499595791101458 0.030541281215846542 0.036473490297794349 0.94934049248695385 2.5538802146911626 0.13750000298023227 -0.0043528792448341838 0.89687499403953563 0.90979701280593883 0.34150634706020361 0.081870529800653472 0.24217850714921954 0.10697245597839357 -0.0039328082930296651 0.025648305192589763 0.48854167759418493 0.076162591576576247 0.13437500596046451 0.0040491188410669574 -0.043302260339260094 0.48437500000000006 2.457821369171143 2.9492139816284184 -0.043281774967908852 -1.0826300382614134 -0.68033555150032032 0.0039916636887937793 3.4235064983367924 -0.10591326281428336 -0.87837970256805409 0.067708335816860213 0.19287689030170443 -0.10591326281428336 -0.013445571996271609 0.03303234092891217 -0.086580444127321229 -0.12178752571344374 10.240769386291506 0.24217850714921954 0.0082814763300120848 -3.3042609691619869 3.572928905487061 0.33854167163372045 0.35529071092605596 0.29894319176673895 -0.1962383762001991 -0.094357468187808977 0.00080742058344185363 0.81174489855766307 -0.81788158416748036 136951.38281250003 -0.31186044216156 0.10104166716337205 -0.018015894107520577 -6.1939508914947501 2.3209654092788701 -0.10311484709382056 -0.023976485244929787 -0.018630222417414185 -0.092783130705356584 -0.29779374599456782 -0.00017698440206004304 0.038108743727207191 0.94270834326744091 -1.9061766266822813 0.90169861912727367 0.00018059695867123085 1.0769069194793703 0.26933655142784124 1.5378741025924685 -0.10272381082177161 -1.0000000180025095e-35 1.6519762873649599 0.014316190965473654 -0.017024497501552101 0.029166667722165588 1.0000000180025095e-35 0.0041935648769140252 -1.1987593173980711 0.71556857228279125 3.0100259780883794 0.05119667015969754 -0.20755711197853086 0.63478934764862072 -3.2653272151947017 0.87837970256805431 0.24636670947074893 0.053323874250054366 -0.072000313550233827 0.019659899175167087 0.80179125070571911 -0.60785761475563038 0.10492047667503358 -0.022311395034193989 0.16999999433755877 1.7633775472640993 -1.0000000180025095e-35 0.097963448613882079 1.8583714962005617 -0.0050232107751071444 -2.2624020576477046 0.81174489855766307 0.46711589395999914 0.10999999567866327 0.075000990182161345 -0.30725002288818354 1.0000000180025095e-35 0.19358208030462268 -2.4680107831954952
decision_type=2 2 2 2 2 2 2 2 2 2 2 2 2 2 2 2 2 2 2 2 2 2 2 2 2 2 2 2 2 2 2 2 2 2 2 2 2 2 2 2 2 2 2 2 2 2 2 2 2 2 2 2 2 2 2 2 2 2 2 2 2 2 2 2 2 2 2 2 2 2 2 2 2 2 2 2 2 2 2 2 2 2 2 2 2 2 2 2 2 2 2 2 2 2 2 2 2 2 2 2 2 2 2 2 2 2 2 2 2 2 2 2 2 2 2 2 2 2 2 2 2 2 2 2 2 2
left_child=1 4 22 108 5 8 7 -5 33 18 14 12 23 54 16 90 -4 67 19 45 21 -20 25 46 68 26 28 29 51 30 -28 32 -19 34 -1 -35 -26 38 39 41 -40 44 115 -44 -13 63 -9 48 50 -50 -43 -2 -53 80 55 57 -56 -6 94 -60 61 -61 -24 77 -27 -32 -15 117 69 70 -25 72 73 74 -49 107 -74 -10 -47 -48 81 -54 -7 -57 -65 121 87 -87 -89 -90 -16 -31 -42 -29 96 100 97 98 102 -99 101 -96 103 104 -59 -84 -80 -76 109 110 -3 112 -111 -112 -94 -30 -46 -18 119 -119 -120 -73 -37 124 -58 -125
right_child=2 3 10 6 13 82 -8 11 9 -11 -12 37 -14 66 15 -17 17 31 20 -21 -22 -23 62 24 36 64 27 93 42 91 65 -33 -34 35 -36 122 -38 -39 40 -41 92 47 43 -45 116 78 79 71 49 -51 -52 52 53 -55 56 83 123 58 59 60 -62 -63 -64 84 -66 -67 -68 -69 -70 -71 -72 85 76 -75 75 -77 -78 -79 106 -81 -82 -83 105 -85 -86 86 -88 88 89 -91 -92 -93 114 -95 95 -97 -98 99 -100 -101 -102 -103 -104 -105 -106 -107 -108 -109 -110 111 113 -113 -114 -115 -116 -117 -118 118 120 -121 -122 -123 -124 125 -126 -127
leaf_value=0.0059303885979850954 -0.0012443845578810064 0.010777639517426406 0.0003222202918761133 0.004331085405768295 -0.019626285836772395 0.012104258835720636 -0.00091909726720576903 0.0053416465780018012 -0.00041028911787913054 0.0035227444396921516 -0.0020608376656542885 0.0034431263076891774 0.015944517708368407 -0.024217141136912722 0.0017633451202459568 -0.00042111155107681688 -0.014277618470743615 0.0010297146941567318 0.00091636130752077445 -0.010659550010695009 -0.0039332707139054799 0.010578410645125188 0.0040715505251356235 0.0025286746331194027 0.0040233791568877655 0.0010971777660890938 -0.00056017262848803966 0.027079577525212666 0.0026971113820982552 0.0017631324947802521 -0.0026983502707172763 0.0069436904749720311 -0.0036814406722640975 0.00087252720846977964 -0.0010899164394881635 -0.012492295632619044 -0.0032479615228450816 0.0013852380879928042 0.01229399035177515 0.0039221391866392334 -0.011612871461500167 0.010353379599562052 0.022794031420357515 -0.0098166075869640778 -0.0053315943859304415 -0.0015917590737279472 0.0069568455473656898 -0.017444071978511728 0.0089630114953959204 -0.0073403327694572459 0.0010257907821453558 0.0019493913066704121 0.0096468941874046088 -0.00044738708135133159 0.01420232205763647 0.018204098760824711 0.00031677782377396112 -0.0013252327075437553 0.0065111727698632105 0.0026635053476112423 -0.0024787066257280894 -0.015876500714388533 -0.014387461379118225 -0.0020221947775617417 -0.0023866495035602272 -0.0081311648446257805 0.0031981081917423736 -0.0093319918280760014 0.002028957924873506 0.00088701138492858862 -0.0051008165953211502 -0.001653908695305997 0.017040368384566833 -0.010037880238500855 0.018654674129443473 -0.0051945752305220657 -0.0033781305119193437 0.0052171881771920911 -0.0046948725511280201 0.0017761441857302585 0.0048119019945328132 0.00064139749609635078 0.024213653013275799 -0.0053884263866740747 0.013677544428615808 -0.021943558423279826 0.020513489909567299 0.015176667994905428 0.012819740528434969 -0.0073411294934670468 0.0076631647630410003 -0.0022495736904265683 -0.00068289667059523093 0.0024503748797051572 -0.003784768617272513 0.00058331093206369594 -0.0019157485811319183 -0.026627851514090584 -0.00095693796818304268 0.0018264582486126205 -0.0028300328136316505 0.0055315009601292044 -0.0018455725755816119 0.0015320435424531003 -0.022644125529227063 -0.00036880694417117349 0.0045327670019520835 -0.0054094677550063312 0.0020067703622747698 -0.0047358200904374535 0.0016321940138822103 -0.0160537336080099 0.01544213813032261 0.0055477909965900652 0.016809351402955794 -0.013689144444192076 0.006262518370405503 -0.0015860718254213642 -0.0044049741348587508 -0.0034091345369648952 0.00063703819962289139 0.0033964305203120345 -0.0024830606508067696 0.0052277540908156339 -0.025809042608561095 -0.021567339508963543
leaf_weight=960.7776253670454 4121.3755235821009 278.67150211334229 5823.7484659329057 2059.2539019435644 34.170008771121502 207.68997153639793 5804.6617371290922 1378.7988356202841 1496.2464428767562 734.24923361837864 23016.736437432468 1342.1464829221368 105.98553473502398 49.288106322288513 1266.7414824962616 6467.1061700955033 68.046530686318874 2945.6988516077399 626.39928289502859 230.1093338355422 371.01467181742191 263.72170960903168 52.347145065665245 354.31974337995052 324.34865098446608 1332.2204478904605 5933.9409312158823 56.159566089510918 48.641128830611706 2710.5792109444737 3230.2039917334914 317.90402708947659 808.2399135902524 1546.5447384268045 578.03277695924044 157.7801061719656 1394.6058233231306 8135.7308290675282 224.95303421467543 874.89349787682295 59.129298962652683 305.73397194594145 27.09474603831768 26.861934043467045 365.95926257222891 2940.4736697673798 470.76877710223198 53.65977355837822 78.318121440708637 269.38423638790846 378.78407621383667 7079.3415390923619 155.51160933822393 12584.453031234443 36.26233122497797 91.1985994130373 122.30735180526972 1406.6328480169177 815.00766760110855 2274.6803139671683 844.02231086045504 37.407947532832623 134.38148711621761 5494.6209395825863 4477.2939811721444 484.72699257731438 24.155993029475212 220.59423489123583 10394.230499714613 8676.7931163683534 787.78537620604038 8283.0359582081437 56.35323791205883 503.94573785364628 78.964640781283379 135.8211327418685 67.762645319104195 518.68227761983871 3345.8831401690841 9447.0587511137128 756.40698160976171 14490.963273636997 19.247502095997334 27.155015885829926 47.031083986163139 23.070625595748425 44.120729438960552 72.173369951546192 49.695411555469036 94.447553001344204 456.6995705217123 968.25849251449108 119.64882361143827 28.487184509634972 161.22659908235073 11151.033701620996 3282.3369767218828 16.61345162242651 11212.341489613056 4373.1830803081393 238.19144807755947 1491.13486661762 1562.3312941268086 8129.4600257501006 24.881165623664856 217.53450659662485 131.75712162256241 23.799225300550461 10358.014756053686 88.707557447254658 1334.745158419013 53.495159216225147 41.262687727808952 1763.927288390696 48.82768514752388 215.77620153129101 101.25956727564335 15014.765498518944 642.45752136409283 5622.7483784854412 3135.2796732410789 440.99392176419497 329.49632290005684 20.617669619619846 20.430818006396294 89.951062396168709
leaf_count=7583 32953 1733 45416 15620 141 1365 45445 11017 11783 5419 181491 10326 833 201 9856 50064 541 22299 4816 1590 2844 2014 397 2795 2583 10331 45221 135 298 20625 25370 2050 6027 11540 4596 1163 11172 58433 1030 6425 315 2047 132 157 2573 22948 3784 130 565 1762 2883 54847 1199 95790 216 403 721 10839 6243 17367 6475 176 853 43099 34579 3807 102 1180 83158 68741 6251 61352 314 2954 433 778 393 4153 26184 74801 5870 112508 135 137 334 94 245 435 323 573 3370 7438 604 163 1113 86497 25920 103 88527 34730 1829 11509 12224 63854 139 1483 988 121 76708 581 10375 254 246 14086 227 1091 793 115256 4982 43443 23823 3358 2517 116 56 538
internal_value=4.73897e-06 0.000662503 -0.000760506 0.0012679 -2.86315e-05 -0.000967382 0.000992289 0.00118485 -0.00113764 -0.00161181 -0.00132431 0.00106816 0.00154742 0.000370614 -0.000928068 0.000368563 -0.00123504 -0.00155024 -0.00185585 -0.00215527 0.00151491 0.00378878 -0.000130722 0.00150099 0.00102316 -0.00010167 6.14574e-05 -0.000877668 0.000380328 -0.00100494 -0.00165754 0.000557218 1.44051e-05 0.00101206 0.00329366 -0.000714508 -0.00187381 0.000349499 -0.000248242 -0.000464222 0.00624786 -0.000765114 -0.00772045 0.00665766 0.00182756 -0.00201441 0.00242843 -0.00119335 0.00221882 -0.00365005 0.00520236 0.000446362 0.000645133 0.00031513 0.000395151 0.00043642 -0.00630279 0.000405074 0.000420069 0.00218249 0.00106266 0.00235637 -0.00921325 -0.00110595 -0.00158753 -0.00340949 -0.0152649 -0.00189766 0.00126965 0.00046562 -0.00273287 -0.00154841 -0.00502787 -0.00674524 -0.00104913 0.00269147 0.00594674 0.00103971 -0.00308353 0.00202283 0.000938174 0.000737735 0.0065901 0.0127829 -0.00188633 -0.00119228 0.00512157 0.00220703 0.00487647 -0.000343047 0.00333087 0.000706405 0.00024018 0.0189279 0.000257423 0.00103254 -7.94363e-05 0.00014612 -0.000161752 0.0017125 0.00367996 0.00462014 0.000639724 0.00104609 -0.00171202 0.00171867 -0.00434378 0.0130736 0.00252366 0.00402598 0.00443645 -0.00350778 0.00173159 0.00386255 0.00445006 -0.0106722 -0.00280868 -0.00183025 -0.00179494 -0.00208296 -0.000221101 -0.00139814 -0.00574505 -0.00928645 -0.00356932 -0.0165598
internal_weight=269825 145103 124722 77350 67753.3 20217.3 63431.2 57626.6 19772.8 16200.2 65806.8 55567.3 33334.7 47536 42790 8190.55 34599.5 28775.7 15465.9 14204.8 1261.14 890.121 58915 33228.7 21932.1 58728.3 52918.8 13412.4 39506.4 13327.7 9648.87 4071.84 3753.94 3572.63 1538.81 2033.82 1718.95 22232.6 14096.9 13644.3 452.559 12769.4 318.374 53.9567 1809.37 13974.7 11296.6 10960.1 1032.22 347.702 684.518 39188.1 35066.7 27987.3 47462.6 47173 289.569 47054.7 47020.5 3971.12 3156.11 2312.09 186.729 7556.58 5809.51 3714.93 73.4441 24703.9 20213.1 9818.9 1142.11 9927.84 920.306 796.191 292.245 238.585 124.116 2014.93 6418.11 9917.83 15402.9 14646.5 444.472 118.354 5541.65 9007.54 283.508 239.387 216.316 144.143 1723.44 3678.84 227.606 84.6468 43049.4 13041.6 30007.8 26725.4 22335.6 4389.8 1890.55 1652.36 11123.3 9560.97 1431.51 236.782 3477.64 102.764 13918.8 3560.81 3377.34 183.465 129.97 3098.67 168.477 264.417 467.219 24483.3 24415.3 20637.5 3777.74 8724.03 487.276 253.307 142.738 110.569
internal_count=2079961 1116399 963562 589669 526730 156554 485686 440241 153571 126172 509798 424621 265135 370176 328307 63290 265017 219601 120753 111079 9674 6830 453764 264302 174700 452514 407604 102759 304845 102461 74398 30376 28326 27399 12179 15220 13755 159486 101053 98877 2176 92452 1678 289 13692 109489 89602 78760 7257 2327 4930 303167 270214 215367 369873 368226 1647 367686 367545 30261 24018 17543 1250 59369 44910 29177 303 189225 160945 77787 9046 71503 5123 4416 1462 1332 707 15936 50120 78585 119577 113707 2983 540 43433 66380 1670 1425 1331 896 13226 28063 1146 298 337284 100948 236336 210416 175583 34833 14451 12622 87056 74832 10978 1618 27172 554 103983 27275 26194 1081 827 24461 831 1389 3366 188045 187504 158699 28805 64710 3680 1431 777 654
is_linear=0
shrinkage=0.02


end of trees

feature_importances:
Column_39=502
Column_29=471
Column_38=391
Column_55=377
Column_48=340
Column_27=273
Column_47=263
Column_40=261
Column_26=260
Column_5=213
Column_34=199
Column_18=194
Column_25=182
Column_46=174
Column_54=174
Column_6=171
Column_4=166
Column_53=166
Column_2=165
Column_19=160
Column_33=153
Column_10=147
Column_16=145
Column_14=139
Column_21=133
Column_32=133
Column_15=128
Column_20=122
Column_1=114
Column_45=113
Column_28=110
Column_12=94
Column_31=94
Column_17=83
Column_23=83
Column_13=77
Column_57=76
Column_8=75
Column_35=75
Column_52=67
Column_24=64
Column_51=62
Column_44=52
Column_7=50
Column_9=47
Column_43=35
Column_56=35
Column_22=34
Column_3=29
Column_11=29
Column_49=26
Column_50=26
Column_0=24
Column_37=22
Column_42=11
Column_30=1
Column_36=1
Column_41=1

parameters:
[boosting: gbdt]
[objective: binary]
[metric: auc]
[tree_learner: serial]
[device_type: cpu]
[data_sample_strategy: bagging]
[data: ]
[valid: ]
[num_iterations: 5000]
[learning_rate: 0.02]
[num_leaves: 127]
[num_threads: 3]
[seed: 56]
[deterministic: 0]
[force_col_wise: 0]
[force_row_wise: 0]
[histogram_pool_size: -1]
[max_depth: -1]
[min_data_in_leaf: 100]
[min_sum_hessian_in_leaf: 0.001]
[bagging_fraction: 0.8]
[pos_bagging_fraction: 1]
[neg_bagging_fraction: 1]
[bagging_freq: 2]
[bagging_seed: 19806]
[bagging_by_query: 0]
[feature_fraction: 0.8]
[feature_fraction_bynode: 1]
[feature_fraction_seed: 6494]
[extra_trees: 0]
[extra_seed: 2318]
[early_stopping_round: 0]
[early_stopping_min_delta: 0]
[first_metric_only: 0]
[max_delta_step: 0]
[lambda_l1: 0.05]
[lambda_l2: 1]
[linear_lambda: 0]
[min_gain_to_split: 0]
[drop_rate: 0.1]
[max_drop: 50]
[skip_drop: 0.5]
[xgboost_dart_mode: 0]
[uniform_drop: 0]
[drop_seed: 5823]
[top_rate: 0.2]
[other_rate: 0.1]
[min_data_per_group: 100]
[max_cat_threshold: 32]
[cat_l2: 10]
[cat_smooth: 10]
[max_cat_to_onehot: 4]
[top_k: 20]
[monotone_constraints: ]
[monotone_constraints_method: basic]
[monotone_penalty: 0]
[feature_contri: ]
[forcedsplits_filename: ]
[refit_decay_rate: 0.9]
[cegb_tradeoff: 1]
[cegb_penalty_split: 0]
[cegb_penalty_feature_lazy: ]
[cegb_penalty_feature_coupled: ]
[path_smooth: 0]
[interaction_constraints: ]
[verbosity: -1]
[saved_feature_importance_type: 0]
[use_quantized_grad: 0]
[num_grad_quant_bins: 4]
[quant_train_renew_leaf: 0]
[stochastic_rounding: 1]
[linear_tree: 0]
[max_bin: 255]
[max_bin_by_feature: ]
[min_data_in_bin: 3]
[bin_construct_sample_cnt: 200000]
[data_random_seed: 221]
[is_enable_sparse: 1]
[enable_bundle: 1]
[use_missing: 1]
[zero_as_missing: 0]
[feature_pre_filter: 1]
[pre_partition: 0]
[two_round: 0]
[header: 0]
[label_column: ]
[weight_column: ]
[group_column: ]
[ignore_column: ]
[categorical_feature: ]
[forcedbins_filename: ]
[precise_float_parser: 0]
[parser_config_file: ]
[objective_seed: 29415]
[num_class: 1]
[is_unbalance: 0]
[scale_pos_weight: 1]
[sigmoid: 1]
[boost_from_average: 1]
[reg_sqrt: 0]
[alpha: 0.9]
[fair_c: 1]
[poisson_max_delta_step: 0.7]
[tweedie_variance_power: 1.5]
[lambdarank_truncation_level: 30]
[lambdarank_norm: 1]
[label_gain: ]
[lambdarank_position_bias_regularization: 0]
[eval_at: ]
[multi_error_top_k: 1]
[auc_mu_weights: ]
[num_machines: 1]
[local_listen_port: 12400]
[time_out: 120]
[machine_list_filename: ]
[machines: ]
[gpu_platform_id: -1]
[gpu_device_id: -1]
[gpu_device_id_list: ]
[gpu_use_dp: 0]
[num_gpu: 1]

end of parameters

pandas_categorical:null
