tree
version=v4
num_class=1
num_tree_per_iteration=1
label_index=0
max_feature_idx=57
objective=binary sigmoid:1
feature_names=Column_0 Column_1 Column_2 Column_3 Column_4 Column_5 Column_6 Column_7 Column_8 Column_9 Column_10 Column_11 Column_12 Column_13 Column_14 Column_15 Column_16 Column_17 Column_18 Column_19 Column_20 Column_21 Column_22 Column_23 Column_24 Column_25 Column_26 Column_27 Column_28 Column_29 Column_30 Column_31 Column_32 Column_33 Column_34 Column_35 Column_36 Column_37 Column_38 Column_39 Column_40 Column_41 Column_42 Column_43 Column_44 Column_45 Column_46 Column_47 Column_48 Column_49 Column_50 Column_51 Column_52 Column_53 Column_54 Column_55 Column_56 Column_57
feature_infos=[-0.22549965977668762:0.090562552213668823] [-0.25769734382629395:0.25307676196098328] [-0.39931008219718933:0.3363020122051239] [-22.02714729309082:31.691349029541016] [0:3.3813138008117676] [0.00015081968740560114:3.2371006011962891] [-4.7887945175170898:14.51223087310791] [-1:0.42527464032173157] [-5.2318463325500488:5.2768392562866211] [-6.790989875793457:7.6515040397644043] [-8.8030853271484375:8.915400505065918] [0:1] [0:1] [0:1] [-33.42816162109375:0] [0:48.737289428710938] [-22.428804397583008:0] [0:36.344444274902344] [-7.5244960784912109:7.5509567260742188] [1.3668696030718838e-14:76.35638427734375] [0.16364634037017822:7.7459659576416016] [0.15451580286026001:7.7459659576416016] [-166416176:1953124992] [-0.69353395700454712:0.59305429458618164] [-3891358.25:4872442.5] [-1:1] [-1:1] [-0.97492790222167969:0.97492790222167969] [-0.90096884965896606:1] [-46.16412353515625:28.935134887695312] [0:0.35999998450279236] [0.059999998658895493:1] [0:0.39931008219718933] [-0.55933940410614014:0.27820312976837158] [0:0.24166665971279144] [0:0.80000001192092896] [0:1] [0:3] [-1.1347792148590088:1.8000168800354004] [0:0.99791663885116577] [-0.49999997019767761:0.49999997019767761] [-0.1780906468629837:0.087539620697498322] [-0.24509197473526001:0.10726279020309448] [-0.28067225217819214:0.14676246047019958] [-0.29593420028686523:0.25227376818656921] [-0.34488648176193237:0.22131413221359253] [-0.40095841884613037:0.26506882905960083] [-0.43676978349685669:0.36344093084335327] [-0.60185760259628296:0.27647125720977783] [-5.2585816383361816:5.2946515083312988] [-7.3447909355163574:7.6168632507324219] [-10.266206741333008:9.571040153503418] [-13.70570182800293:9.9571933746337891] [-13.969685554504395:12.377107620239258] [0.0019177320646122098:2.8771779537200928] [0.0038324110209941864:1.8694058656692505] [-0.73636293411254883:0.66832113265991211] [-0.70159620046615601:0.55666142702102661]
tree_sizes=14060 14349 14345 14347 14348 14387 14407 14387

Tree=0
num_leaves=127
num_cat=0
split_feature=10 10 10 2 14 32 45 32 5 55 40 26 29 21 8 6 8 28 12 4 40 38 47 27 27 40 52 27 12 26 38 47 47 38 26 1 55 11 2 18 47 10 1 38 15 34 29 32 29 4 34 40 6 55 29 47 18 52 55 54 55 38 26 31 26 27 6 54 34 56 38 27 14 29 2 20 25 47 40 50 40 0 52 1 47 20 40 27 10 26 25 38 45 23 29 34 47 38 52 40 26 25 33 25 15 51 55 25 1 8 33 31 5 1 38 29 47 54 21 18 5 55 28 20 25 29
split_gain=3486.17 948.328 605.877 258.127 204.285 195.572 184.569 176.562 160.908 128.816 128.58 116.283 115.99 108.838 107.922 103.402 101.956 84.5689 76.8362 76.5536 75.9575 75.5503 99.0072 76.8951 73.269 79.6919 71.9255 76.6846 68.2141 68.1791 71.5295 88.6127 88.9321 67.9784 79.9664 67.6113 66.5167 63.2881 63.2463 59.4148 56.6916 56.65 57.169 56.3873 60.1373 56.3245 55.956 62.3949 55.9461 57.3356 55.8891 53.1294 59.5525 63.1314 52.2527 51.1066 50.7309 46.785 46.4329 46.5651 69.9139 46.3728 58.7954 46.1833 45.5998 45.2636 43.9097 43.752 52.5606 43.5634 43.5009 49.396 43.2273 42.7594 42.7526 45.466 41.5053 41.2348 41.1338 40.9182 40.8272 40.3967 40.3883 45.4154 55.1296 40.2514 39.7629 45.4741 39.1945 39.1044 39.0566 38.5705 38.422 38.4123 38.3176 37.9503 51.8314 37.7332 44.0225 37.6835 37.8167 39.5267 37.6117 37.2561 37.2532 37.1931 37.1042 37.0913 38.9451 36.6147 39.2861 37.304 67.9354 64.216 51.6688 101.647 43.6607 40.539 37.7927 43.4441 37.4889 60.296 46.1562 58.4744 36.2509 57.4563
threshold=0.065010037273168578 -1.3708056807518003 1.2314245700836184 0.0011107116588391366 -0.29560625553131098 0.079930201172828688 -0.046859376132488244 0.0012496767449192705 0.08373128250241281 0.17314021289348605 -1.0000000180025095e-35 0.78656607866287243 5.4912567138671884 1.1821265220642092 0.6022651493549348 2.4195865392684941 -0.92981538176536549 0.81174489855766307 0.099796835333108916 0.46755699813365942 0.34150634706020361 -0.024197558872401711 0.0019045144435949626 -1.0000000180025095e-35 -0.60785761475563038 1.2246467864107191e-16 0.90164512395858776 -0.87837970256805409 0.90817329287529003 -0.12940952181816107 -0.04565805941820144 0.00066791291465051483 -0.041675204411149018 -0.2996376752853393 0.60355338454246532 0.022245518863201145 0.35438294708728796 0.75044196844100963 0.026695683598518375 0.27678650617599493 0.0013863582280464473 2.8677450418472294 0.0024791600881144409 -0.18707495182752606 8.5644068717956561 0.17916666716337207 -3.9939314126968379 0.0059026002418249854 10.226398944854738 0.36619631946086889 0.054166667163372047 0.46650633215904241 -1.1078035831451414 0.35438294708728796 3.6143481731414799 0.0076637698803097018 0.31393152475357061 -0.56277030706405629 0.091111175715923323 0.45588396489620214 0.31094969809055334 0.024149871431291107 0.60355338454246532 0.10999999567866327 -0.12940952181816107 -0.87837970256805409 -1.3634275197982786 0.16150626540184024 0.10416666790843011 -0.12435637786984442 -0.12932940572500226 -1.0000000180025095e-35 -0.11571943759918212 -4.4405786991119376 -0.045183869078755372 0.76884442567825328 -0.37940952181816096 -0.005371606443077325 -0.3415063470602035 1.1804859042167666 0.34150634706020361 0.0052949432283639917 -0.15204919129610059 0.015476017259061338 0.067434094846248641 0.88689625263214122 -1.0000000180025095e-35 -0.60785761475563038 2.7353969812393193 0.78656607866287243 0.91597560048103344 -0.060873733833432191 -0.0050023354124277821 -0.042498100548982613 -0.82663297653198231 0.095833335071802153 -0.041675204411149018 0.19041395187377932 -0.54781869053840626 0.46650633215904241 -0.37940952181816096 -0.6035533845424651 0.0086550405248999613 0.37940952181816107 5.9824347496032724 0.44247798621654516 0.094985399395227446 0.78656607866287243 -0.0026759816100820895 1.4980272054672243 -0.001042919640894979 0.14999999850988391 0.11498981714248659 -0.020435540005564686 -0.062777645885944353 -10.762068748474119 -0.037181733176112168 0.36591154336929327 0.85463872551918041 0.54964968562126171 0.31693460047245031 0.44070322811603552 -0.56174489110708226 0.45220661163330084 -0.7865660786628722 -4.7000527381896964
decision_type=2 2 2 2 2 2 2 2 2 2 2 2 2 2 2 2 2 2 2 2 2 2 2 2 2 2 2 2 2 2 2 2 2 2 2 2 2 2 2 2 2 2 2 2 2 2 2 2 2 2 2 2 2 2 2 2 2 2 2 2 2 2 2 2 2 2 2 2 2 2 2 2 2 2 2 2 2 2 2 2 2 2 2 2 2 2 2 2 2 2 2 2 2 2 2 2 2 2 2 2 2 2 2 2 2 2 2 2 2 2 2 2 2 2 2 2 2 2 2 2 2 2 2 2 2 2
left_child=1 5 3 12 15 8 13 10 24 14 54 37 19 -7 46 28 38 26 61 29 39 82 58 35 57 76 81 90 55 85 -31 32 50 34 51 80 103 43 89 -21 -13 42 -29 66 92 109 -9 86 49 -17 104 52 -11 95 105 -4 -20 -1 -23 60 -60 74 -63 -56 -16 -57 -12 -58 69 -69 71 -14 -44 -34 -10 -76 -26 -66 -49 -37 -24 -6 -18 99 -85 -2 -48 -88 -19 -5 -28 -87 -45 -65 -40 96 -54 98 -95 100 101 -84 -67 -8 -32 124 -33 -27 -109 111 -111 113 -113 114 -35 -116 120 -115 119 -119 121 -114 123 -122 -3 -126
right_child=2 7 4 16 17 6 36 9 18 33 11 40 70 -15 64 48 21 88 56 20 -22 22 23 -25 25 107 27 41 -30 30 31 106 73 45 -36 79 -38 -39 94 -41 -42 -43 72 44 -46 -47 47 78 -50 -51 -52 -53 53 -55 63 65 67 -59 59 -61 -62 62 -64 93 77 102 -68 68 -70 -71 -72 -73 -74 -75 75 -77 -78 -79 -80 -81 -82 -83 83 84 -86 91 87 -89 -90 -91 -92 -93 -94 97 -96 -97 -98 -99 -100 -101 -102 -103 -104 -105 -106 -107 -108 108 -110 110 -112 112 116 117 115 -117 -118 118 -120 -121 122 -123 -124 -125 125 -127
leaf_value=0.028302150322752091 0.020173955251388848 0.024003014204058121 0.018962949187472353 0.020262612524402538 0.016434867643490392 0.048689445401478043 0.040089318622943293 0.019774040593297591 0.032754646878972095 -0.0044040523815578811 0.034577524655668233 0.019361422118036702 0.00089629039037456351 0.01837324871957598 0.019688328199624242 0.021129647075815071 0.021761871244221454 0.01716003966827204 0.023086068581159504 5.9235557660193561e-05 0.050776363327288201 0.017848097116309174 0.014522268825462623 0.017162155888029516 0.028690615713653275 0.022755460728221499 0.012545644739529595 0.017140786070944856 0.015298600686809218 0.023380916493195261 0.014428302013080704 0.017579282584519539 0.010017542121519557 0.019653010740193825 0.048351181418409682 0.026677460705622508 0.0071187661346151787 0.017316859053172432 0.012641411580753048 0.03491696640252779 0.015266899592534791 0.017938132047844078 0.014954484834246204 0.023324088054941319 0.045532110378489504 -0.017624065611320846 0.023646252052727818 0.026335020858082932 0.0045621649974739477 0.031745891139087802 -0.0035341344550209632 0.004183211168614049 0.0048903599269314764 0.036872134378837546 0.030994106894995932 0.011727883908187934 0.021767718755339529 0.024836817671793396 0.021012248175728897 -0.0027080953419062956 0.040740567879407164 0.02527624166927895 0.018802143539465525 0.027786709563608757 0.023816092931207861 0.017832179664425046 0.0084959715140302955 0.024640535725220972 0.034088153626086956 0.011084339844997184 0.033889510711299378 0.029574695653501619 0.012576249837373439 0.022303912498221605 0.023331753486896731 0.027786779323438596 0.025575681717514277 0.020647705156014315 0.023790699290626369 0.0085628731142044778 0.010327132940348056 0.022442101119466769 0.012501260230355254 0.02191525637976053 0.0077361448944616336 0.013847095231214589 0.023723094924133999 0.02043443037052059 0.022461919951592538 0.016874310874098884 0.00621113973394752 0.018649428631567929 0.020423148898251708 0.028657254295291753 0.026269467204749167 0.042932401624736508 0.026365663740911628 0.0001216402911340779 0.018932940611784799 0.021361021844524639 0.018229707015544987 0.017701393372330048 0.013328411064267909 0.019451782257011364 0.035922679080448189 0.019255347155555838 0.021614844312197182 0.02834991322915207 0.022355383688917825 0.022087086292233073 0.0080327107079987709 0.0088840880248423106 0.025720744925143205 0.020868581513439163 0.032548592642535283 0.0086374798291941439 0.01925161543142314 -0.0051046609153609819 0.025757423552990103 0.024807500958656678 0.048306893343541935 -0.00052504817381760979 0.040034031968800676 0.014420157085252659 0.01261383365774551 0.02151501629707377
leaf_weight=6069.0901516899467 8607.2693790122867 2366.2408785894513 9313.8017355129123 6117.5713462904096 5259.0791091322899 335.00300954282284 69.508409537374973 1761.1716368049383 397.33944404125214 23.350395493209362 28.243317611515522 2292.8651967048645 36.983231343328953 54.925530761480331 5617.5861003547907 2371.1770648658276 1662.104905501008 3789.3229162544012 11624.788045689464 30.351579286158085 64.534080028533936 6279.0383305251598 4005.4318882524967 7912.3525171354413 2265.4507234692574 5638.0895743742585 3130.350351460278 2760.9528692960739 4890.7787411212921 4213.5075566545129 407.92780155688524 4354.3474509418011 113.86320888996124 475.93040466308594 57.65516597032547 251.73642937839031 80.462188608944416 2504.9479725584388 90.350464262068272 50.997730508446693 3301.8756650090218 2240.5357786715031 7341.4147343784571 2137.9819380566478 38.585743315517902 16.003887638449669 6443.6565267145634 3254.4092675745487 74.369493328034878 221.64948474615812 65.797097086906433 49.573243297636509 77.192146167159081 170.02195635437965 388.1504487618804 662.26644311845303 1249.7273121848702 2105.3257948234677 1835.3333231210709 30.55769157409668 73.792370803654194 1638.7655454948545 852.09192813187838 487.61375027149916 3105.6124484613538 5485.5049909576774 226.31438448280096 116.87652269005775 54.26757600903511 488.21761478483677 349.09337802231312 64.360169306397438 5264.8780483156443 8330.3583496436477 1623.6203319504857 2111.707331597805 7064.231989055872 3489.581959605217 11668.530459389091 61.153456322848797 1212.4106261879206 488.59457195550203 1089.5688325241208 1978.6952799707651 115.11304925382137 757.78752139210701 2501.0099119618535 5132.7953898608685 653.00881908088923 1752.0926208347082 446.58744198083878 5681.0672986730933 12497.347612701356 257.40585488080978 860.30796550214291 25.27271307259798 104.79879452288151 32.752969563007355 665.44009889662266 1121.7490502372384 6885.1137536093593 1265.5953015461564 857.70637010782957 69.117546610534191 34.039126373827457 2892.607112146914 1151.4638770893216 1122.1474287733436 708.25008554011583 118.38175147026777 239.46803420037031 136.76399758458138 379.43956012278795 2154.4302781522274 78.826986998319626 660.26205203682184 500.48047535866499 70.64942242205143 40.753990508615971 26.205104731023312 26.126907385885715 37.566900208592415 152.30923967063427 80.778948664665222 296.23656889796257 12007.150806412101
leaf_count=48064 65912 18526 70998 47687 41471 861 330 12835 2251 98 166 17868 192 143 43677 17657 12556 29418 84594 117 155 49813 31451 61298 17886 44398 24526 21928 37173 32129 3085 34645 826 2940 230 1760 221 19575 554 226 25887 16959 56874 16513 150 35 50843 25163 380 1257 407 229 412 690 2889 5035 9230 16773 13891 108 404 11494 5991 3692 24106 41016 1323 735 331 2916 2528 438 40994 65758 11389 15345 55781 27523 90231 433 9596 3551 8455 14592 732 5865 19876 40308 4861 13772 3537 44924 98230 1926 6272 135 592 142 5025 8661 53580 9558 6366 264 214 22785 8884 8892 5628 791 1568 1032 2469 14907 314 3931 3281 283 293 132 93 240 755 365 2041 94285
internal_value=0.0203401 0.0225862 0.0180492 0.0191739 0.016443 0.0249359 0.0361865 0.0214064 0.0247837 0.0222284 0.0204632 0.0194528 0.0204779 0.0444224 0.0226031 0.0178373 0.0181706 0.0153821 0.0234541 0.0203437 0.034751 0.0176958 0.0169538 0.0158966 0.0258567 0.0251002 0.0149603 0.0144218 0.0173706 0.0202809 0.0210882 0.0204198 0.0216477 0.0194041 0.0263803 0.0140871 0.0214812 0.020258 0.0200967 0.0218108 0.0169443 0.0149649 0.0145317 0.0207516 0.0209139 0.0187209 0.0232347 0.0234449 0.0215481 0.0220416 0.013527 0.0235086 0.0259366 0.0278776 0.021663 0.0179919 0.0225899 0.0274104 0.0186836 0.0213875 0.0217856 0.0252193 0.0230614 0.0248771 0.0210123 0.0167013 0.011438 0.019569 0.0154044 0.0137072 0.0305488 0.019031 0.0139606 0.0221369 0.0265187 0.0258519 0.026333 0.0221401 0.024346 0.0231076 0.0135456 0.016946 0.0188345 0.0184437 0.0211296 0.0192791 0.0224893 0.0215123 0.0179399 0.0195078 0.0117508 0.0180832 0.0208472 0.023225 0.0249665 0.0204505 0.0172276 0.020891 0.0216503 0.0179008 0.0174806 0.0152929 0.017222 0.0298597 0.0161174 0.0213276 0.0184235 0.0235596 0.0260333 0.0188407 0.0126768 0.0193 0.0221735 0.0182233 0.0145082 0.0112021 0.0237274 0.0201947 0.0097102 0.00296147 0.0270381 0.0233097 0.032998 0.0228748 0.0217363 0.0213
internal_weight=271003 136837 134166 78913.8 55252 45739 609.017 91098.4 45130 48676.6 42421.8 23028.2 34313.7 389.929 42974.4 23877.3 44600.1 31374.7 20157.4 33863.3 145.883 35779.7 21661.8 13443.1 24972.6 16798.2 26932.4 21184.7 21210.1 33717.4 18671.3 14457.8 8951.99 5702.24 507.864 5530.73 219.088 17433.4 8820.32 81.3493 5594.74 17607.8 15367.2 14928.5 14673.9 5194.38 30761.6 29000.4 2667.2 2592.83 507.764 450.209 400.636 377.286 19393.6 16319.3 13533.9 8174.42 8218.72 1939.68 1909.13 6623.52 2490.86 1831.36 12212.8 7005.48 254.558 1909.09 659.362 605.094 450.437 101.343 12606.3 8444.22 4132.67 3735.33 9329.68 6595.19 14922.9 312.89 5217.84 5747.67 14117.9 12455.8 2093.81 15046.1 14077.5 7633.81 4442.33 7869.66 3576.94 6438.85 14635.3 1443.21 950.658 207.264 181.991 955.599 922.846 10362 9240.28 2355.16 6343.21 138.626 441.967 17562.2 5505.81 7468.49 1830.4 5178.37 357.85 4820.52 1313.47 3507.06 1215.02 739.089 1176.7 2292.04 137.609 96.8545 676.222 417.006 259.215 106.906 14669.6 12303.4
internal_count=2080396 1044917 1035479 611478 424001 343517 1819 701400 341698 370377 331023 179712 266305 1004 334562 179882 345173 244119 144276 263147 498 276888 168754 104538 197422 132585 209840 164818 160588 262649 145948 113819 70290 35815 2386 43240 815 135957 68285 343 43755 136755 119796 116382 114893 33429 239256 226421 19294 18914 3706 2156 1927 1829 151311 123415 97806 64837 64216 14403 14295 46470 17485 13674 95306 52417 1489 13212 3982 3651 3158 630 97868 66584 28985 26734 73667 51629 115394 2193 41047 45022 108134 95578 15324 116701 111027 60184 34279 61459 28063 50789 114743 10785 6826 1139 1004 7093 6951 80254 71593 18013 47382 594 3299 137637 43529 58918 14520 33394 2359 31035 8235 22800 7185 4245 7203 15615 708 415 3922 2709 1213 458 114852 96326
is_linear=0
shrinkage=1


Tree=1
num_leaves=127
num_cat=0
split_feature=10 10 53 16 53 10 32 34 8 10 5 40 33 26 44 28 29 29 55 12 10 19 29 16 26 6 26 55 13 38 2 38 5 23 2 29 40 14 2 46 20 47 19 29 38 25 55 20 14 40 18 46 8 14 9 46 55 34 25 55 38 26 28 29 20 38 26 14 35 15 29 22 5 38 46 19 54 34 56 14 49 14 29 12 2 20 40 26 6 26 55 13 2 47 19 29 13 25 33 14 34 38 53 38 38 20 21 7 49 2 33 11 35 26 15 20 29 10 1 1 29 15 55 53 6 29
split_gain=3348.2 910.887 675.669 367.241 219.791 191.147 187.95 174.721 157.095 156.435 154.559 125.759 93.2542 92.8959 90.8583 81.7297 79.8252 75.9767 74.5548 73.8062 65.6423 65.3399 62.0563 102.12 61.3927 60.6146 59.0366 73.1091 58.6227 58.326 60.5167 58.006 57.8034 56.6852 55.1183 62.2337 59.2001 54.1947 53.9363 71.2805 60.823 51.7989 69.1856 57.587 56.2745 50.8262 56.0948 49.3826 48.8909 49.9364 48.7204 48.2769 47.8954 47.0041 46.6614 46.3984 49.3441 45.3354 45.0718 44.6313 44.5462 56.473 44.4525 58.7791 76.5554 57.7565 50.8313 43.6812 62.9823 50.4626 45.5099 43.3834 43.2485 43.2433 43.0444 42.62 42.0142 50.5082 41.842 41.7666 41.5296 41.3711 50.2855 41.2623 41.0797 43.6744 40.4276 40.6742 46.0554 40.0299 39.8507 39.8332 39.3566 39.3336 39.2045 38.9443 38.9029 39.9679 38.7996 38.696 57.3933 38.2976 38.0363 37.4895 37.1034 36.7986 36.7909 36.5403 50.2286 36.3914 36.301 35.6897 35.6857 35.58 54.1888 36.9128 35.2128 35.0466 43.4435 34.6541 34.514 62.0145 38.0621 38.1614 34.4959 34.3634
threshold=0.065010037273168578 -1.3708056807518003 0.24868778884410861 -0.29046833515167231 -0.051660105586051934 1.3877485990524294 0.079930201172828688 0.037500001490116126 0.88961482048034679 0.96516245603561412 0.08373128250241281 -1.0000000180025095e-35 -0.0099476533941924555 0.78656607866287243 -0.033390194177627557 0.81174489855766307 6.9021224975585946 2.1248102188110356 0.17314021289348605 0.099796835333108916 -1.9165909290313718 3.2462953329086308 3.2779932022094731 -3.8240343332290645 0.78656607866287243 -1.0959800481796262 0.37940952181816107 0.35438294708728796 0.30011503398418432 -0.02220450900495052 0.0024441392160952096 0.080054961144924178 0.46115832030773168 -0.015460082795470951 -0.0038197481771931048 -3.9939314126968379 0.34150634706020361 -0.11571943759918212 0.061719797551631934 0.060886304825544364 0.98130530118942272 -0.062383132055401795 1.2413820028305056 -10.762068748474119 -0.2996376752853393 0.78656607866287243 0.028059571050107483 0.75059419870376598 -2.0000457763671871 0.12500000000000011 0.31393152475357061 0.043099913746118552 -0.51589012145996083 -4.3825597763061515 0.1204560585319996 -0.021805255673825737 0.03635454177856446 0.15416666865348819 -0.37940952181816096 0.19821912795305255 0.024149871431291107 0.60355338454246532 0.81174489855766307 0.73136091232299816 0.88689625263214122 0.035065911710262306 0.78656607866287243 -5.9305517673492423 0.075000001117587103 4.9995481967926034 -8.5681614875793439 -0.07274299860000609 0.020258286036551002 -0.2384921461343765 -0.0074234467465430489 1.7904701828956606 0.16150626540184024 0.10416666790843011 -0.12435637786984442 -2.8390198945999141 0.52384167909622203 -5.2332818508148184 -3.7962138652801509 0.73322907090187084 -0.045183869078755372 0.76884442567825328 0.46650633215904241 -0.12940952181816107 1.2084761261940005 0.78656607866287243 0.21915802359580996 0.14801469445228579 0.006902658613398672 0.0091013689525425451 1.868886470794678 -7.471388339996337 0.79446622729301464 -0.7865660786628722 -0.043884465470910065 -4.7473907470703116 0.095833335071802153 0.165823869407177 3.0523451566696171 -0.18707495182752606 -0.2996376752853393 0.60085171461105358 1.1821265220642092 0.25691004097461706 0.47573105990886694 0.014477801043540241 -0.0015596997691318391 0.54065069556236278 0.27500000596046453 -0.12940952181816107 0.18396973609924319 0.86477366089820873 0.074297189712524428 2.8677450418472294 0.0010091338190250101 -0.01446314714848995 -7.471388339996337 4.2054355144500741 0.079375550150871291 1.6694746017456057 2.4195865392684941 5.4912567138671884
decision_type=2 2 2 2 2 2 2 2 2 2 2 2 2 2 2 2 2 2 2 2 2 2 2 2 2 2 2 2 2 2 2 2 2 2 2 2 2 2 2 2 2 2 2 2 2 2 2 2 2 2 2 2 2 2 2 2 2 2 2 2 2 2 2 2 2 2 2 2 2 2 2 2 2 2 2 2 2 2 2 2 2 2 2 2 2 2 2 2 2 2 2 2 2 2 2 2 2 2 2 2 2 2 2 2 2 2 2 2 2 2 2 2 2 2 2 2 2 2 2 2 2 2 2 2 2 2
left_child=1 6 5 12 8 22 10 24 18 125 20 17 38 53 106 37 45 120 34 60 -1 -16 23 -2 -8 101 52 29 33 30 -28 110 74 41 35 -3 -37 -11 48 40 54 42 -20 -44 95 46 -7 59 49 -4 -21 57 103 119 -40 67 -57 81 -32 -46 84 -62 66 64 -64 -66 71 68 -27 94 -71 109 -55 -51 -24 -29 -52 78 -78 -54 -74 82 -30 -41 -12 -86 87 88 90 113 -81 -22 -58 -15 -70 -43 -76 -98 -68 100 -35 104 -17 105 -25 -14 -9 108 -73 -50 -10 -38 124 -36 -115 -116 -89 118 -39 -13 121 -6 123 -122 -48 -5
right_child=2 4 3 9 11 16 7 14 31 15 19 13 26 93 21 102 -18 -19 28 50 91 -23 32 25 -26 55 27 75 51 -31 58 -33 -34 99 89 36 111 117 39 83 -42 44 43 -45 47 -47 112 -49 62 73 76 -53 79 72 -56 56 92 -59 -60 -61 61 -63 63 -65 65 -67 98 -69 69 70 -72 107 80 -75 96 -77 77 -79 -80 86 -82 -83 -84 -85 85 -87 -88 116 -90 -91 -92 -93 -94 -95 -96 -97 97 -99 -100 -101 -102 -103 -104 -105 -106 -107 -108 -109 -110 -111 -112 -113 -114 114 115 -117 -118 -119 -120 -121 122 -123 -124 -125 -126 -127
leaf_value=0.0065082680716841814 0.030232672429433262 -0.00020199040097138412 0.012536414664902218 -0.002803668896905019 -0.018906137845874527 -0.008801803846206508 0.0037413752251445769 0.029090204562603694 0.0026727244605472796 -0.0048452204019972965 0.01215748383461455 0.00012796328262663323 -0.0341931934256577 -0.0019318365067513483 -0.00045313907293073206 -0.0032696757725394687 0.0096414519306474381 0.0036421072578043884 -0.023236362027567813 0.0026797236584749839 0.0061766895191792083 0.026806820477263748 0.0095044986010458365 -0.022103412969872453 -0.026905316356576937 0.02150706998392796 0.0055966679429659731 0.024910492954843308 0.0042674541353388473 -0.0057538608041961051 -0.0043117981778247431 -0.004352018468370562 -0.014474282770611671 -0.013683576597424784 0.0015190102350005695 0.0044335375528453212 0.0031722859700081003 -0.0024869279853430575 0.014444022722063771 -0.00097946876559367813 0.012738134250523619 -0.0016655970332530524 0.01929567999396738 0.0032247317992114824 0.00072240471911585633 -0.0052374571631789149 -0.001744029721698342 0.0031251613040891497 0.00076134774757560407 -0.016390837761205201 0.0013876986646213266 0.029817642301585109 0.013035964042470876 -0.0052568273988771843 -0.012554713384002167 -0.0023580418043981882 0.00054822660676737557 -0.029816730250635026 0.0026877584523939601 -0.00989830722433966 0.0048263417038190608 -0.0015186213896633655 0.0052279084397878952 0.0049968871547643673 -0.014109925481084747 0.0076364450889537796 0.0050056442803831456 -0.0043184190335371362 0.021770124682155573 -0.030194857012973621 0.0021412575208740372 0.00039780061157983692 0.00059696730330119233 0.0043821429288683151 0.004686176148998503 -0.0050751474681900478 0.0042039472305624107 0.013469149014739707 -0.0090817670354106511 -0.0047182958165100878 -0.0017080983768768716 0.00095856018128542212 0.021257576256605546 -0.023280243187846984 0.0029205427125191864 0.0072870637624458095 0.0018184749380986346 0.0051904821252780932 -0.0014432616640252466 -2.2340375928422926e-05 -0.013183185394804571 0.0037645798035644625 -0.0023408321745897799 -0.005486264998534409 -0.0092932739944892873 0.029087769072232064 -0.014548090894334656 0.0019803757776103146 -0.0043611850985976423 -0.0024601860767315799 0.01178769975372336 0.015195402599903388 0.0026609150362396981 0.00023761730227907422 0.0014031580981103057 -0.0044356744913231338 0.0082012073124592359 0.0034924620595520933 -0.0032822737069950095 0.0086662409701012948 -0.00044140146538071981 -0.0001731081493128242 -0.01083528345066956 -0.00060108355470831713 0.0025494865258372705 0.0060773106209818708 -0.0018966018635801012 -0.0039362409222357736 -0.0075138287451710188 -0.023819478557777374 3.7976403500842463e-05 0.014900766271686579 0.0020160881707928647 -0.0061513123408199121 0.0057123286940851357 0.0041273275036685575
leaf_weight=11470.827838644385 44.122250556945801 1778.3571803048253 243.11551856994629 15663.015608638525 85.749010555446148 469.54656913131475 77.289427861571312 293.43531534820795 1887.381875641644 21663.045914284885 397.27402393519878 40.570200994610786 23.275692827999592 2721.4848644733429 109.77716485410929 4825.2735673859715 207.48796693980694 3753.8873725607991 30.7902592420578 11624.442937672138 3828.6196287050843 50.681338861584663 536.39485169202089 25.931582689285278 38.327886469662189 65.124434076249599 361.86760138720274 54.107125900685787 308.93593561649323 4023.2220821082592 2161.4120568409562 1273.2780499830842 63.043992325663567 340.79435951262712 8668.6127511486411 13330.121245317161 3558.6335504204035 752.85591609030962 30.423461124300957 45.483834326267242 88.19609422236681 29.341520734131336 118.11637935042381 358.09192777425051 235.11737938970327 2703.8249220177531 7617.1286542415619 310.24153445661068 594.0492147654295 51.925507239997387 1249.7086860314012 24.398942805826664 66.91874522715807 682.92980159819126 139.02853495627642 3430.5843418389559 17673.528542995453 16.685601465404034 442.54423149675131 481.3382390588522 1638.6735156551003 852.10483619570732 253.81799523532391 1244.6371823251247 238.17403337359428 60.639999896287918 193.24940396845341 1789.1048133969307 41.48762770742178 34.313527852296829 33.98891270160675 3514.6692713722587 10168.947024151683 164.18458417803049 785.35486673563719 28.381456412374973 116.87088593840599 54.257431641221046 488.25317637622356 3543.4761811867356 4513.1234359815717 1672.0923259928823 89.363040402531624 123.63962150365114 1623.5674901977181 2111.5183876156807 717.44045250862837 347.98683655261993 1914.008284419775 3609.7977415844798 236.96331624686718 9671.5189066901803 2110.3548376783729 2299.5416539981961 25.531522907316685 36.083870455622673 94.520994022488594 150.3371372371912 1986.0110593438148 467.35513497143984 38.663265720009804 79.46364726126194 474.23389111459255 4365.9676534458995 9792.0770260468125 54.220320180058479 39.33001534640789 760.36845212429762 2565.35371414572 382.80059430748224 7227.7696954607964 1986.9480723664165 166.3927481546998 1036.9755029827356 2217.0214495062828 2560.3412232547998 1426.1482537165284 1680.0670980140567 8176.4893599525094 58.458946980535984 8191.0944303795695 28.084195747971535 4442.7098542973399 417.83713272213936 255.5271760225296 290.49435363709927
leaf_count=90537 104 12901 1449 124058 550 3754 293 738 14436 168712 2251 221 85 21342 389 37517 1296 28812 131 84594 30169 206 3774 74 64 327 2834 317 1506 31241 16611 9275 163 1709 68112 103463 27675 5993 201 298 534 140 449 2136 1636 21155 58544 2181 4578 231 9230 74 365 5464 820 27404 137950 37 3237 2825 11494 5991 1877 9278 1756 462 1303 12757 216 133 207 26476 79364 1065 5915 146 735 331 2916 27152 35268 11259 429 681 11389 15345 5395 2687 14512 28349 1404 76716 15985 17869 110 188 727 1080 15124 3231 189 435 3483 33930 76752 330 129 5442 19118 2857 55742 15458 1267 8247 17428 20318 10898 12813 64005 249 65083 146 34197 3311 1884 2191
internal_value=-1.14314e-05 0.00218985 -0.00225645 -0.00331909 0.00103358 -0.000360792 0.00449279 0.0155236 0.00185352 -0.00433684 0.0043436 -0.000143398 -0.00164012 -0.00119733 0.0207035 -0.00504144 -0.00262094 0.00113258 0.00238338 0.00304047 0.00539529 0.00826352 0.000341084 0.000164085 -0.00655322 0.000125401 -0.00249881 -0.00396337 -3.61043e-05 -0.0041852 -0.0020557 -0.000355106 0.00415523 -0.00214345 0.00266798 0.00337407 0.00371103 -0.00541951 -0.00030125 -0.00728219 -0.000641586 7.23616e-05 0.00534985 0.00724507 -0.00237936 -0.00284879 -0.00208909 -0.00353127 -5.74476e-05 0.00633755 0.00219343 0.00240443 -0.00168276 -0.000429725 -0.00764518 -0.000395388 -0.000144063 0.00206935 -0.00312126 -0.00641539 0.00477055 0.00265557 -0.000307057 0.00258774 -0.00283555 -0.00968273 -0.000827819 -0.00332584 0.00550605 -0.00228849 -0.0142905 -7.45362e-05 -0.00034067 -0.000656952 0.00491432 0.0146443 -0.000766918 -0.00484794 -0.00651147 -0.00258402 -0.000111587 0.00234108 0.00812558 -0.0173296 0.00604416 0.00539058 -0.00271341 -0.00314906 -0.0039728 0.00186172 -0.0052525 0.00444913 0.000239896 -0.00356067 0.0099589 0.0154632 0.00251651 -0.00442915 -0.00352819 -0.00632412 -0.0110615 0.0014516 -0.00273838 -8.40051e-06 0.00133873 -0.0137077 0.0266563 -0.000637866 -0.00115506 0.00386578 0.000203522 0.00197366 -0.00169584 0.00233135 0.00354184 0.00444125 -0.000503805 -0.00659146 -0.00709044 -0.0140955 0.000416733 -0.0104997 0.000512817 -0.000262986 -0.00150119 -0.00267715
internal_weight=271002 136834 134168 85973.2 91097.1 48195.2 45736.5 608.841 53692.6 53525.5 45127.6 37404.4 32447.7 20485.1 493.224 37572 11419.9 16919.4 43304.2 20156.7 24971 160.459 36775.3 35145.6 115.617 35101.5 19767.9 7071.53 4557.41 6989.05 2965.82 10388.4 1629.65 2445.93 38746.8 20654.1 18875.7 32272.5 12679.8 426.772 257.648 1599.12 506.999 476.208 1092.12 11212.4 8508.6 1026.7 12253 459.226 13533.5 2111.48 12696.4 15464 169.452 25204 23214.5 2087.08 2603.96 716.456 6623.14 2490.78 11793.8 1797.27 552.632 298.814 9996.5 1989.55 200.446 135.322 68.3024 7817.24 15365 216.11 1566.61 82.4886 1909.09 659.381 605.124 8252.94 14682.1 2070.39 398.299 169.123 4132.36 3735.09 8186.02 7468.58 5694.45 18092.7 3780.44 13500.1 19783.9 5021.03 67.0192 65.4254 1030.21 244.858 2179.26 846.813 379.458 9897.47 5299.51 4443.46 9818.01 77.496 332.765 6840.39 6080.02 976.85 9115.15 5545.58 8039.05 14483 5814.34 4777.36 1774.14 10609.4 8929.35 99.0291 13165.5 113.833 13051.6 8608.93 7872.66 15953.5
internal_count=2080396 1044917 1035479 663466 701400 372013 343517 1819 409524 418772 341698 291876 244694 159777 1462 292523 87900 132099 330071 144276 197422 595 284113 272454 357 272350 151144 54386 28120 53923 22682 79453 11659 14815 301951 159497 146596 251523 93550 2534 1555 9686 2716 2585 6970 86604 65449 6642 91016 2745 97806 13305 96758 120566 1021 195089 181339 13231 19848 4461 46470 17485 88271 13373 4095 2218 74898 13750 993 666 340 58471 120096 1296 11496 463 13212 3982 3651 62413 114632 13194 1935 979 28985 26734 62048 56653 43068 142454 28556 106885 153935 39211 326 328 7722 1807 16427 5129 1898 77261 41000 34345 76826 415 867 51036 45594 7435 70178 43133 61695 114105 45993 37746 13585 82811 69998 470 103287 696 102591 68394 60428 126249
is_linear=0
shrinkage=0.02


Tree=2
num_leaves=127
num_cat=0
split_feature=10 53 10 16 10 32 45 17 53 8 29 27 27 40 14 40 24 16 25 40 28 38 21 9 29 15 29 32 17 2 16 29 23 47 10 14 51 10 29 31 25 23 6 46 16 54 18 40 27 27 32 54 47 45 17 29 25 33 14 46 27 45 25 16 38 38 20 6 40 35 56 33 46 18 16 32 38 53 47 17 18 38 29 6 18 47 54 40 38 10 40 25 54 29 20 35 38 40 46 54 46 38 29 33 1 6 54 18 33 38 25 24 53 29 14 4 20 35 7 6 46 15 25 13 20 33
split_gain=3203.47 765.636 711.26 343.667 257.843 197.441 155.886 145.312 139.462 143.254 135.798 130.629 101.755 99.1959 97.7125 96.3305 88.5807 87.8435 82.27 78.7819 77.3899 75.8335 69.0282 67.8033 63.0118 61.7529 60.757 81.343 65.1004 60.3455 121.432 72.3218 59.292 58.4869 58.1625 56.786 54.7843 53.5213 52.4225 52.1812 52.0115 50.9581 50.4762 50.0511 80.8246 51.3483 49.6894 49.6127 51.1889 61.3074 53.6253 50.472 49.5457 48.2409 69.1367 48.0687 48.0118 47.9676 47.5747 47.4551 47.3027 46.811 46.5021 45.7884 68.0038 45.3049 44.9215 44.7972 44.6416 43.6366 42.5646 42.2197 41.9 41.8649 41.4782 41.0415 50.5496 68.7942 48.1605 52.3536 41.6198 40.8919 54.3492 40.6658 50.5068 40.4095 39.4791 47.1854 39.2963 38.754 38.7126 46.1692 50.3883 38.1332 38.052 37.5964 37.5806 37.5427 37.5108 37.3368 38.1634 38.4869 36.9215 40.3779 36.648 36.6409 36.6205 36.5773 36.4863 42.5299 36.2994 55.3766 49.6541 44.994 39.2563 50.403 37.9649 36.2259 36.0423 36.3414 54.461 40.438 37.3063 38.1477 35.9363 35.7281
threshold=-0.13297565281391141 0.58071500062942516 -1.3708056807518003 -0.28755962848663325 1.1668686270713808 0.079930201172828688 -0.036621598526835435 0.25649666786193853 -0.051660105586051934 0.67998331785202037 6.3771307468414316 -0.87837970256805409 -0.60785761475563038 -0.12500000000000003 -0.75325369834899891 -1.0000000180025095e-35 65.937793731689467 -1.2681424617767332 -0.37940952181816096 1.2246467864107191e-16 0.81174489855766307 0.080054961144924178 1.1821265220642092 1.6097585558891299 2.1248102188110356 6.8701028823852548 -3.9939314126968379 0.079930201172828688 2.1582961082458501 0.0036394451744854455 -3.8240343332290645 5.4912567138671884 -0.075402177870273576 -0.070497356355190263 3.0284645557403569 -2.1621346473693843 1.5656437277793886 0.92151191830635082 2.5037944316864018 0.14999999850988391 0.91597560048103344 -0.0069325522053986779 1.2084761261940005 -0.021805255673825737 -1.2368172407150266 0.080695591866970076 0.36016047000885015 0.12500000000000011 -0.60785761475563038 1.0000000180025095e-35 0.0072235567495226869 0.45588396489620214 -0.039255544543266289 -0.031468637287616723 3.4273147583007817 0.53710937500000011 0.78656607866287243 0.030672552064061168 -7.2249650955200186 0.020992349833250049 -1.0000000180025095e-35 0.043999746441841132 -0.91597560048103321 -3.8240343332290645 0.165823869407177 0.19041395187377932 0.5272042751312257 -0.061318213120102875 0.46650633215904241 0.27500000596046453 0.063571672886610045 -0.00072374334558844556 -0.015025993343442677 0.050073264166712768 -0.1274079084396362 0.0045441966503858575 -0.17352399975061414 -0.91023916006088246 -0.041675204411149018 3.4273147583007817 -0.89980092644691456 0.14979083091020587 -6.1175942420959464 0.081713397055864348 1.1195659041404726 -0.070497356355190263 0.36591154336929327 0.34150634706020361 0.022655210457742218 0.60947835445404064 0.46650633215904241 -0.91597560048103321 0.14357610791921618 -0.35709142684936518 0.67419403791427623 0.075000001117587103 -0.10068729519844054 0.34150634706020361 -0.016055457293987271 0.087675888091325774 0.017213647253811363 0.080054961144924178 0.77448487281799328 -0.043884465470910065 -0.0044489980209618798 -1.8877766132354734 0.2545755952596665 1.512073338031769 -0.0068901013582944861 -0.044898979365825646 -0.37940952181816096 -45242.720703124993 1.6943132877349856 2.0704925060272221 -1.3617068529129026 0.080394223332405104 1.1225256323814394 1.0000000180025095e-35 0.3571618795394898 -1.0632343292236326 0.060886304825544364 5.9824347496032724 0.37940952181816107 0.78771656751632702 0.5213773548603059 0.032583121210336692
decision_type=2 2 2 2 2 2 2 2 2 2 2 2 2 2 2 2 2 2 2 2 2 2 2 2 2 2 2 2 2 2 2 2 2 2 2 2 2 2 2 2 2 2 2 2 2 2 2 2 2 2 2 2 2 2 2 2 2 2 2 2 2 2 2 2 2 2 2 2 2 2 2 2 2 2 2 2 2 2 2 2 2 2 2 2 2 2 2 2 2 2 2 2 2 2 2 2 2 2 2 2 2 2 2 2 2 2 2 2 2 2 2 2 2 2 2 2 2 2 2 2 2 2 2 2 2 2
left_child=2 4 5 13 23 7 22 12 9 26 17 37 42 14 98 24 -13 60 25 38 35 71 67 29 -10 83 28 47 41 30 -2 43 73 94 74 70 -19 -5 -14 -35 -37 117 -1 105 66 89 124 53 65 51 -51 95 86 54 -28 -42 96 -23 -33 -12 -6 110 -16 -31 72 -49 -45 -7 -52 -40 -20 -11 -65 -30 -18 78 77 80 -55 88 -77 85 -83 90 102 -9 87 -8 -80 -46 91 -15 -93 -39 -34 106 -21 -62 -3 -64 -101 -102 103 -85 -66 -32 -50 -87 109 -22 111 -17 113 114 115 -112 -117 -4 119 121 -121 -100 -122 -124 -27 -70
right_child=1 3 8 11 10 6 52 81 15 21 59 16 19 18 62 61 34 36 20 56 108 57 -24 -25 -26 46 27 -29 32 63 31 58 33 39 -36 40 -38 93 69 -41 55 -43 -44 44 45 -47 -48 48 49 50 68 -53 -54 75 -56 -57 -58 -59 -60 -61 97 -63 99 64 104 -67 -68 -69 125 -71 -72 -73 -74 -75 -76 76 -78 -79 79 -81 -82 82 -84 84 -86 107 -88 -89 -90 -91 -92 92 -94 -95 -96 -97 -98 -99 118 100 101 -103 -104 -105 -106 -107 -108 -109 -110 -111 112 -113 -114 -115 -116 116 -118 -119 -120 120 122 -123 123 -125 -126 -127
leaf_value=0.0059677929593062737 0.028022466621117421 0.031717073519639385 -0.0025174882470433415 -0.0044147654398747054 0.028071568058523257 0.0053740619563647316 0.010609863683453433 0.0088202298861711822 0.00068562087457074965 0.0030113860591347657 0.0099043236722541703 -0.0024252132261055053 0.0049627773355437003 -0.0011471603185146716 0.0029839342662545992 -0.020287374530062796 -0.0039792392289417422 -0.0019326215394289052 0.011661153006636248 0.0066580084752996841 -0.013326885472375106 -0.002938202548099806 0.0018419631150364876 -0.0021692134630246032 0.0039482235270522307 -0.029122588163363345 -0.0075258179199064823 -0.024117127790922246 0.0092846692452405264 -0.023874974793892556 0.011489716145199582 -0.023002923208776577 0.027144745022526406 -0.0082101318238215516 -0.0012833828594599919 -0.0054225457622591733 -0.0041618132817868433 -0.0030962852958007592 0.010938850293971347 0.018525345945366995 0.0053284152016684254 -0.004700907778368367 0.0096494133868885983 0.024685535435549355 0.0010797604661110327 0.0022451214718826476 0.0014356813670612742 0.0039678542744832025 0.00078781694498325397 0.00083173458337559153 0.0059617755451174329 0.02481549895572949 0.019465415000945986 0.014633619213126527 0.030583630925361292 -0.0032603924210339022 0.0056040923839850345 -0.013587080257086267 0.011548323818059387 -0.020487619337955478 -0.0070339613302092888 -0.025274668204310343 -0.003296949096844453 0.010744682106615385 -0.010628002444712577 -0.024606730996746318 0.0068961427898525211 0.026811943249374543 0.00085955821650219092 -0.024441850271278209 -0.010724156711408387 -0.00016009639243227595 -0.0011352089920323868 -0.012277085360031432 -0.0055504746131745785 0.016742561139028733 0.0048672658024628349 0.019472216653988378 0.0034765254468557038 -0.031773411333862286 -0.015788981492467581 -0.011010692215504341 0.0010119753092344421 -0.024470446710127661 -0.0040776012170245599 0.0026480185350663404 -0.024894034864600716 -0.02083886383459153 0.00068424857817827298 -0.00064345387979079783 0.0021862445494043991 -0.0043320469536681323 -0.014637716121553268 -0.0087195049310109293 0.0019733556662486864 -0.0035938012244148328 0.0017808412700499039 0.021880995036629276 0.004006304889264704 0.001347627479622549 -0.0041763131496844923 0.002307638314159107 0.0029266910102545883 -0.00077048821415176679 0.017951574155187881 -0.0022911711863738853 -0.015836720423128964 -0.012344681440603347 -0.0025118398364000734 0.004745239010761057 0.0071350480474821152 0.00059576554495511321 -0.0086040206742416768 0.0034381499811913848 -0.0021765248901338729 -0.0023130829234925235 0.0086730461282811377 0.002775211568036391 0.015245257738394778 0.0016763438667811825 -0.017757348776510057 0.017769248696245427 0.015566317222267824 -0.012504329826955981 -0.010283292359654311 -0.021698498633196492
leaf_weight=7325.5353704243898 65.30277731269598 16.293212354183197 833.71064188331366 2345.0781656652689 53.431095659732819 44.570934966206551 54.532982833683491 427.17600546777248 10919.096957176924 2147.428865455091 435.27469063550234 10702.737053863704 11064.224926732481 1452.0340910479426 834.42492830008268 50.217615902423859 12893.668241605163 13815.313591755927 142.70992454886436 691.37495477497578 55.275260783731937 1207.1459650620818 62.835429772734642 3859.6341770812869 3023.1490427404642 52.05968201905489 259.29339489340782 43.969322770833969 63.694960787892342 33.424611203372478 78.662866167724133 15.804026544094084 112.23486967384815 70.125264041125774 2024.0885777622461 7472.9911109730601 6481.5161670073867 544.83808896690607 772.73379734158516 48.548714615404606 334.86468032747507 990.66501522064209 1875.5566707104445 68.018530011177063 13828.368030495942 8657.3370056450367 115.23335088789463 4095.1252822354436 2672.7728995680809 3592.9800079911947 2070.6902050375938 29.749984472990036 32.785062029957771 133.1070224493742 19.554939985275269 1162.6583905369043 2098.6882621347904 196.09581059217453 336.29350362718105 20.632041774690151 48.270647875964642 30.335843607783318 4153.9039797633886 119.36950024962425 20.623352825641632 21.32398497313261 331.56015740334988 354.41453235596418 564.50694748014212 13.270503319799898 43.592523828148842 7681.6120594367385 8808.6724735498428 80.28743039816618 14092.166268050671 17.062240570783615 8249.2725175395608 33.730301827192307 6604.5843582376838 16.733435824513435 127.78390764445066 194.41155329346657 651.90885901451111 28.479790769517422 788.31172492355108 12676.561007626355 36.732263088226318 28.074420116841793 2903.8074268177152 8384.2354228645563 584.2204856351018 891.92970730364323 240.83886711299419 4347.7844976633787 30.811523117125034 1378.1863069459796 7292.7972711101174 27.281418822705746 483.59658443182707 2014.6117939949036 1476.4944089949131 485.89637470990419 2425.7930086478591 1181.4432476013899 111.36998128145933 2467.8433185517788 53.07037316262722 64.432183623313904 923.02673155814409 701.67461021244526 427.06392202526331 6088.1200422570109 379.31376274675131 759.42505158483982 8071.0151633024216 990.44568818062544 143.0984710007906 1358.9940940961242 81.702210038900375 2932.8992943838239 99.519439905881882 103.08438293635845 35.849072821438313 39.809066504240036 182.8861573562026 28.551149226725101
leaf_count=57274 146 48 5438 18657 222 115 246 2328 85633 16515 2873 84607 85287 11232 6333 265 100111 107250 932 4841 275 8976 180 29870 23308 210 1739 147 399 94 555 65 435 375 15120 56658 50310 4308 5903 239 2622 6523 14528 304 109853 66298 757 32159 20825 28099 15761 103 127 903 69 8974 16413 1213 2367 92 262 177 32567 732 105 128 2167 997 4408 76 269 59115 67803 323 110113 112 63393 208 52154 49 767 973 4271 180 5921 93189 79 107 22723 66605 4410 6894 1650 34122 117 10534 56354 129 3574 15445 11233 3609 18401 9066 680 17296 323 461 7191 5251 3372 47275 2959 5780 63984 7261 1098 9302 578 21403 661 618 200 231 1056 179
internal_value=2.79312e-06 -0.00200065 0.00236344 -0.00334684 -0.000448349 0.00434574 0.0156038 0.00419229 0.00120951 0.00188701 -0.00229868 -0.00443151 0.00495359 -0.00173198 -0.000370985 0.000162154 -0.00398089 -0.00253982 -0.00265645 0.00421253 -0.00378974 -8.80369e-05 0.0213772 0.000370498 0.00139337 -0.00110991 0.00249473 0.00276415 2.34915e-05 0.000596808 0.000981509 0.00092898 0.00755875 0.0132135 -0.00455469 -0.00451361 -0.0026447 -0.00690299 0.00531837 0.00278222 -0.00474083 -0.000938593 0.00671933 0.000834899 0.00105451 0.000938614 -0.00930954 0.00280087 0.00192627 0.00117815 0.00242677 -0.000711598 -0.00194187 0.00349154 -0.00474999 -0.00133689 0.00291235 -0.00443566 0.00993389 0.00848492 0.0138497 -0.000851201 -0.00150945 -0.000851284 -0.000763608 0.00381365 0.00998091 0.024439 0.00457673 0.0103099 0.00638863 0.000532937 -0.000975075 -0.00273345 -0.00479996 0.00361892 0.00463914 -0.00586203 0.00272818 0.00256018 -0.0118615 0.00250069 -0.00175835 -0.00073045 0.00050814 0.00277461 -0.00794409 -0.000187549 0.00262405 0.000429282 -0.00245948 -0.00351034 -0.006535 -0.00809427 0.0217812 -0.000902886 0.00220408 0.00354344 0.00231956 -0.00197102 -0.00058537 -0.00256999 0.00150356 -0.00134892 0.0134323 -0.00186074 0.000458092 0.00257116 0.000155492 0.00340839 -0.000805831 0.000421481 -0.00150538 -0.00124535 -0.00161505 0.0012876 -0.000918892 0.000762134 0.0021841 0.00189096 0.00102782 0.00645238 -0.00977221 0.000812886 -0.0145677 -0.000259452
internal_weight=270938 146557 124381 78488.5 68068.2 45762.6 613.946 45148.7 78618.5 47737.2 20881.7 46950.4 31134.2 31538.1 12758.1 30881.3 39712.7 20425.8 18780 21933.1 10836.8 11232.3 461.821 47186.5 13942.2 7943.23 36504.9 32915.9 3589.07 43326.9 34233.4 34168.1 405.703 261.72 29009.9 9156.82 20296.8 7237.7 11850.2 118.674 8970.51 3183.37 9201.09 33816 31269.5 30869.9 350.179 32871.9 14507 10390.5 6256.73 4133.78 152.125 18364.9 278.848 1497.52 10082.9 1403.24 352.098 455.907 128.983 16939 8965.33 9093.46 9060.04 4116.45 399.579 398.985 2663.75 786.004 186.302 9829.04 8928.04 143.982 26985.8 18086.1 8427.85 178.576 9658.23 9525.13 144.846 14014.5 846.32 7593.05 4424.03 13168.2 119.34 82.6074 9508.39 22212.6 3169.02 2584.8 1132.77 4892.62 143.046 4104.03 7984.17 75.5521 3792.75 8130.91 3977 1962.39 3635.72 1209.92 131.993 2546.51 2725.84 12741 1679.98 756.95 16908.7 6138.34 10770.4 10391 9631.62 1560.61 1133.54 2192.7 3776.46 3694.76 3108.08 586.681 175.178 75.6581 234.946 593.058
internal_count=2080179 1131565 948614 605487 526078 343749 1851 341898 604865 363753 161138 367038 240676 238449 96500 241112 309951 158173 141949 168874 82172 85819 1292 364940 108941 59777 277934 254783 23151 335070 265656 265510 1888 1166 225344 69455 157560 57087 91266 614 68254 21263 71802 263078 245227 242756 2023 254636 112519 80232 48447 31785 559 142117 1808 11596 77608 10189 2432 2965 613 132171 69187 69414 69320 32287 2471 1112 20348 5979 1201 75630 68535 722 210224 140309 64480 1087 75829 74926 879 101222 5244 57754 33568 95978 432 353 74877 176458 24186 19776 8544 38430 552 31682 61195 391 27313 62854 30287 14842 27647 9246 785 17851 21148 93650 12717 5526 131994 47540 84454 81495 75715 11731 8359 14740 27265 26687 22495 4192 1092 431 1266 4587
is_linear=0
shrinkage=0.02


Tree=3
num_leaves=127
num_cat=0
split_feature=9 53 51 9 16 32 34 39 14 26 34 40 27 29 53 5 27 39 27 9 25 5 39 29 39 9 18 55 51 13 55 40 25 55 29 51 55 1 24 39 18 28 26 39 48 56 18 29 56 29 29 56 24 27 1 14 39 27 40 34 27 16 34 29 45 26 14 43 39 54 55 29 14 55 14 5 51 40 49 32 55 14 21 4 29 16 29 18 39 14 32 14 39 47 55 5 13 19 46 35 39 40 39 5 1 28 24 42 21 14 25 51 37 47 26 29 19 7 26 29 39 5 29 18 13 5
split_gain=2606.29 1120.62 501.872 309.448 288.912 223.782 195.713 158.688 137.667 136.438 136.208 120.425 110.837 110.52 102.064 109.855 99.7141 91.4923 82.3778 81.82 80.3986 93.345 79.5451 118.468 74.9403 70.4747 69.3628 67.5477 66.6609 65.6399 66.1818 60.3415 67.5129 63.2973 59.4626 55.9937 54.7316 54.6157 52.9938 64.9919 52.8513 51.9446 88.6227 51.2258 50.3591 48.5335 48.172 45.6833 44.8857 44.4475 44.4312 43.9349 43.9161 43.8257 43.278 52.6271 72.016 56.0538 54.9844 53.849 49.5904 65.4876 44.5633 43.1461 47.436 42.7626 42.6654 42.4852 49.4996 42.3076 41.7352 41.6309 41.0377 40.9663 41.7057 40.8117 56.7193 40.2672 42.7649 40.2641 40.073 40.0353 39.5472 39.4985 39.0997 38.7356 38.4783 38.1682 46.4662 38.1653 52.571 37.7571 36.9437 36.7868 44.5675 46.181 41.1655 38.3974 36.3986 35.8261 35.7471 45.402 44.6366 61.6343 37.7544 65.5103 35.743 35.2716 35.0109 39.0027 35.0046 34.7581 34.681 34.5988 34.4378 34.4741 34.3576 34.1221 34.0232 33.8255 78.7132 33.3597 35.4583 33.4369 33.3559 44.4437
threshold=-0.40526613593101496 0.61026260256767284 -1.5161229372024534 1.3636139035224917 -0.18089711666107175 0.079930201172828688 1.0000000180025095e-35 0.18437500298023227 -0.37588775157928461 0.78656607866287243 0.045833334326744087 -0.3415063470602035 -0.60785761475563038 2.9861807823181157 1.4878069758415224 0.12957758456468585 -0.87837970256805409 0.059374999254941947 -1.0000000180025095e-35 -1.6457381248474119 -0.6035533845424651 0.36255301535129553 0.4760416597127915 2.5762438774108891 0.042708333581686027 -1.1615070700645445 3.1225262880325322 0.44070322811603552 1.1530088782310488 0.091532651335001006 0.059299040585756309 -0.12500000000000003 1.0000000180025095e-35 0.066669836640357985 -6.1175942420959464 -1.8223997950553892 0.10308926925063135 -0.0021264797542244192 133.25577545166018 0.66354167461395275 -0.47055938839912409 -0.56174489110708226 0.37940952181816107 0.56354168057441723 0.0072512452024966487 -0.13769176602363584 0.43382224440574652 -1.1259883642196653 -0.11631996184587477 5.193805694580079 -0.34464895725250239 0.077883541584014906 7029.9833984375009 0.87837970256805431 0.0021516169654205446 -2.6025503873825069 0.23437500000000003 0.6078576147556306 0.34150634706020361 0.13750000298023227 1.0000000180025095e-35 -2.7001827955245967 0.062500001862645163 3.880923986434937 -0.019388994202017781 0.37940952181816107 -7.2249650955200186 0.023027922026813034 0.38854165375232702 0.047794634476304061 0.35438294708728796 6.3771307468414316 -1.4326333999633787 0.44070322811603552 -2.6767790317535396 0.17794924974441531 1.2160143256187441 -0.4665063321590423 1.0120044350624087 0.0094516300596296805 0.058902863413095481 -0.45673549175262446 1.2898827791213991 0.36619631946086889 10.226398944854738 -3.8240343332290645 -10.762068748474119 -0.092855215072631822 0.76354166865348827 -7.2249650955200186 0.0093317474238574522 -2.7566254138946529 0.66354167461395275 0.054868793115019805 0.44070322811603552 0.17428536713123324 0.79110348224639904 2.2510627508163457 -0.012508923653513191 1.0000000180025095e-35 0.34687499701976782 0.46650633215904241 0.42604167759418493 0.050043294206261642 0.0055876143742352733 0.81174489855766307 83167.113281250015 -0.00028825094341300422 0.63037392497062694 -7.2249650955200186 0.98296290636062633 1.6107302904129031 1.0966983437538149 -0.0031769928755238648 1.0000000180025095e-35 -0.010573863983154295 9.6220350265502947 0.038135036826133735 0.60355338454246532 4.1682481765747079 0.067708335816860213 0.041097734123468406 -0.099036097526550279 -0.21184550225734708 0.78442150354385387 0.078160576522350325
decision_type=2 2 2 2 2 2 2 2 2 2 2 2 2 2 2 2 2 2 2 2 2 2 2 2 2 2 2 2 2 2 2 2 2 2 2 2 2 2 2 2 2 2 2 2 2 2 2 2 2 2 2 2 2 2 2 2 2 2 2 2 2 2 2 2 2 2 2 2 2 2 2 2 2 2 2 2 2 2 2 2 2 2 2 2 2 2 2 2 2 2 2 2 2 2 2 2 2 2 2 2 2 2 2 2 2 2 2 2 2 2 2 2 2 2 2 2 2 2 2 2 2 2 2 2 2 2
left_child=2 3 5 8 7 12 9 81 11 19 45 20 29 89 15 25 110 46 26 -4 21 71 23 24 -14 -8 31 -25 63 -1 -31 33 70 -9 43 83 50 -27 -18 100 106 42 91 -24 -26 -7 98 69 -48 -34 65 -51 -44 -52 55 56 60 62 72 -59 61 -13 -58 113 -65 -36 -62 -56 -69 -41 124 112 -57 77 -75 -35 -77 111 -79 -64 -30 86 -28 -12 99 -81 -3 -21 -89 -11 121 -20 -55 -88 95 -95 -97 -96 -17 -78 101 104 103 -102 -40 -106 -19 -10 109 -87 -6 -43 -2 -5 -93 -116 -67 -47 -82 -22 -121 122 123 -91 -33 -126
right_child=1 4 6 28 16 10 14 18 107 13 35 54 22 -15 -16 17 38 40 41 87 119 -23 34 27 44 37 82 -29 80 30 -32 32 49 75 36 -37 -38 -39 39 47 -42 73 52 -45 -46 117 48 -49 -50 51 53 -53 -54 92 67 58 57 59 -60 -61 66 -63 79 64 -66 116 -68 68 -70 -71 -72 -73 -74 74 -76 76 84 78 -80 85 118 -83 -84 -85 -86 108 93 88 -90 90 -92 114 -94 94 97 96 -98 -99 -100 -101 102 -103 -104 -105 105 -107 -108 -109 -110 -111 -112 -113 -114 -115 115 -117 -118 -119 -120 120 -122 -123 -124 -125 125 -127
leaf_value=0.0090661338317294393 0.0027460680982560686 0.029630713789203678 0.0032696525842281364 -0.00048921011424043386 -0.0069178206532534347 -0.022431661498638213 0.0044130180149057601 -0.0046434714488715759 0.00025919859577374401 -0.032647870337415535 0.006473418225094456 -0.023265072447369022 0.0064774496144857701 0.0065561370935018626 -0.0045698978942970443 0.016585862780252529 -0.0029226461966091184 0.0021027123279508718 0.016963270551744944 0.0014912443911497928 0.0013164482111799136 0.021374100073980825 0.023652293115272761 0.010200304169218669 0.001092606277972707 0.0031948723138759544 0.021691105259817163 -0.023327286998492177 -0.0055527096465267222 0.007124236195305042 0.0033525368889330332 -0.00015388788750216398 -0.0056094324231076862 -0.00053092595686502137 0.0059794041988067625 0.00747351744187328 0.0022116766790693581 0.00075662176601329378 -0.0038714795492961634 -0.013586936849506591 -0.0014238602040684645 -0.0094024006172398547 -0.0052809447361103923 0.0081794496295048945 0.0042047517410038551 0.021916758495978975 0.022416043746207141 -0.0032449358397034643 -0.010349423737768884 -0.0086076872817638234 0.004960812162456054 -0.032344480185918699 -0.014908556511413021 0.0050763498877767358 -0.00077427925038121858 0.0036393556323479404 -0.0021579698962812042 0.00231654007808792 2.4972392976460317e-06 -0.024930933688716083 0.024164582961319184 0.0021692941808227682 -0.029853099721662908 -0.028730872078344669 0.0049633912285091146 0.012433103324026846 0.0063906136470223487 0.029194951202783322 -0.0039933300418785707 0.0081960023582553117 -0.034602971863818881 0.014051314909136334 0.0013574969168493754 0.0067355162971186166 -0.028001988042531744 0.013574933976868321 0.0079846203271473071 0.00087450168963961383 -0.0014917158570174726 0.013060672440067176 -0.0036178447232802814 -0.0056194539092276645 0.0028318685853928271 0.028354321237757989 -0.019859175131138711 0.0032783056812657196 -0.0027606784097682509 -0.00074504630600695965 0.0022244508147286584 0.0089468180634283551 0.0037301326284526516 -0.0020673477514261867 -0.0048212757612392304 -0.0044066596129281252 0.027338728044620939 -0.0079640874975840988 -0.02514264348627299 -0.0085116467124298472 0.0052780445823209596 -0.012443850331977769 -0.014418196157377884 0.00043393576582401758 -0.0055343150516346182 -0.0065888938298917978 -0.007727760687588469 -0.0011864214832061752 0.017759021926105581 -0.001718642194525756 -0.0053670681856704339 -0.019945981645311466 -0.015666566742090909 0.0053116595529926385 0.0065761313500484406 -0.0027788175616233275 0.012833114740999865 0.00083635355338260967 -0.013202181144919209 -0.0047736059108080108 -0.0002656413559917439 -0.027319398568575626 0.010603504132139174 -0.0038711474359577275 -0.002884317710774232 -0.00053501442965184947 -0.010207008413215132 -0.0021818518782813802
leaf_weight=2138.4470124170184 2864.0866893827915 13.251977659761904 5349.1696857213974 5813.1546011194587 5321.81778383255 33.14514672011137 11524.319587998092 1478.3698892518878 5503.4169750660658 15.937400661408899 37.948505595326424 43.991652153432369 1442.1724585518241 562.13976237177849 798.98743445426226 227.36852613836527 8185.9288567379117 1722.8479217365384 46.029847703874111 9517.4256049767137 7753.1708668991923 132.65411715954542 108.08039515465498 945.81882920116186 10977.455196850002 10901.38324432075 62.391285546123981 23.726685307919979 2776.9110929742455 3454.2523284330964 4043.867792762816 1822.9639981240034 3642.7816119417548 2621.6309233605862 2703.5808038637042 82.833028078079224 2924.9623124301434 5545.9471125677228 4825.1601078882813 40.806086629629135 4575.5078037977219 311.20272094011307 1065.0222810134292 410.60276105254889 2565.8439547941089 31.315218538045883 19.741582408547401 4224.6070567220449 85.5393196195364 88.015829056501389 2653.8043371066451 48.409737095236778 230.4995439723134 248.46482204645872 9200.2383650392294 4244.3840810135007 1742.9894753098488 1021.7106222361326 9020.5894234776497 28.858579903841019 64.182090044021606 403.8567893281579 31.131864719092846 16.216108947992325 579.33348726481199 652.02147210389376 326.33226889371872 39.739197432994843 31.703084543347359 243.29431512206793 14.750860534608362 171.21754965931177 12268.533960916102 20.248254992067814 40.196541875600815 208.02112025767565 133.69713911414146 9500.8807556182146 4502.011542186141 35.957729369401932 4121.2001814544201 5159.7792385295033 150.85508518666029 301.74901907891035 35.727152265608311 35.452274762094021 5241.2184412777424 10787.539473243058 2618.5639163404703 243.42859198153019 490.73773095011711 2637.6255850195885 380.52266555279493 273.47834574431181 24.152167588472366 112.46302570402622 112.92025309801102 22.010274171829224 230.51329449564219 45.097984403371811 620.16165266185999 643.62684327363968 4128.10601785779 1153.9282959327102 3261.4354523867369 754.87881415337324 59.423409678041935 10457.742055438459 540.50876880437136 148.56830590963364 189.37725333124399 80.050827249884605 1414.2544624879956 4838.0938491523266 119.03795988857746 476.69195879250765 20.785752683877945 46.27525182813406 1716.0998310893774 22.629796303808689 302.92785346508026 4927.4498241245747 1011.0123712047935 379.37874022871256 368.50973319262266 1096.5302751362324
leaf_count=15862 22172 70 41318 44590 42027 65 90474 11698 43675 42 176 157 10570 4271 6152 1533 64924 12672 291 73730 59616 606 585 7029 81791 85646 465 71 22113 27478 30413 14253 28500 20188 20982 285 21204 44008 38045 322 29878 2428 8337 2332 19847 128 104 33059 495 629 20980 209 1677 1954 69327 32592 12005 7140 70589 126 218 2839 167 87 4112 5132 2136 109 141 1858 41 1237 96744 110 222 1209 905 72809 33943 135 31330 39743 1156 741 211 182 39216 83497 20322 1945 3732 19813 2869 2079 89 747 739 111 1588 315 4947 4933 32185 8855 24823 5675 331 83198 3748 813 1505 623 10964 37869 867 3661 155 187 13134 125 2240 38383 8085 3030 2935 8424
internal_value=2.74013e-06 -0.00159211 0.0024154 -5.50934e-05 -0.00338007 0.00433358 0.00144472 -0.00227017 0.000587614 0.000402062 0.0171835 0.00108726 0.00414111 -0.00197103 0.00249348 0.00265537 -0.0047612 0.000399086 -0.00153558 0.00104258 0.00278317 0.00489924 0.00346302 0.0025833 0.00214448 0.00321357 -0.00284706 0.0093556 -0.00225073 0.00597403 0.00509094 -0.00305508 -0.00420754 -0.00124966 0.00485184 0.0223476 0.00449377 0.00237286 -0.00427809 -0.00483555 -0.000285667 -0.000720966 -0.0025781 0.0114448 0.00168256 -0.00253599 0.00811812 -0.00272248 -0.00404295 -0.00603298 0.00549552 -0.0172119 -0.00700484 0.00383609 0.00053983 0.000909403 -0.00110427 -0.00233853 0.00125833 0.00154412 0.0041692 -0.000373134 -0.00394821 -0.00123638 0.00399764 0.00710704 0.00936863 -0.000654131 0.0146018 0.00502707 -0.00211727 0.00440316 0.00194426 -0.000132974 -0.0164288 0.000399164 0.00615981 -6.33369e-05 0.000113625 -0.00788102 -0.00357467 -0.00433741 0.00842983 0.0259391 -0.00105558 -0.00694221 -0.00319584 0.000522734 -0.000164828 -0.0026502 -0.00257764 -0.000827402 -0.000908042 -0.0032763 -0.00821877 -0.00996159 -0.0166483 0.010406 0.0109192 0.00278578 -0.00545442 -0.00469252 -0.00667765 -0.0093329 -0.00506583 -0.00649915 0.00263494 -0.00103665 -0.00795295 -0.0154728 -0.00722142 -0.00638347 0.00401361 -0.00152947 -0.00108614 0.00325269 0.0116212 0.00612761 -0.00263272 0.00158237 0.0078888 -0.00305007 -0.000572305 0.00317782 -0.00196075 -0.00420673
internal_weight=270934 163111 107822 87711.8 75399.7 36227.7 71594.4 41806.5 67850.8 35902.8 533.266 51889.7 35694.4 7630.08 35691.6 34892.6 33593.1 6920.94 30847.3 28272.7 12660.9 4582.21 26057.8 15955 14985.5 27971.6 11817.8 969.546 19861 9636.57 7498.12 11604.5 7081.96 4522.54 10102.8 422.531 9584.14 16447.3 28081.9 19896 6357.78 19029.5 4574.91 518.683 13543.3 110.736 563.163 4508.71 105.281 3779.21 6659.18 136.426 1295.52 3282.79 39228.7 29957 4423.54 3585.18 25533.5 1050.57 838.363 447.848 2534.61 11246.8 595.55 3376.39 390.514 9271.68 71.4423 284.1 3302.75 4449.56 16512.9 14454.6 60.4448 3044.17 422.543 14394.1 14002.9 791.619 8614.21 10959.3 213.246 339.698 214.522 760.487 5799.49 22923.5 13406.1 7067.94 7052.01 3279.39 628.987 5786.24 545.024 498.862 225.383 46.1624 457.882 178.795 15387.3 9485.1 5902.2 1774.09 8841.47 4016.31 1782.27 15961.2 724.529 184.021 5511.2 391.254 4278.34 10651.2 3233.36 595.73 672.807 77.5905 5837.3 8078.73 325.558 6561.27 1633.82 622.807 3288 1465.04
internal_count=2080179 1258107 822072 676236 581871 270836 551236 318713 523001 278355 1582 396128 269254 59488 272881 266729 263158 46601 235919 218867 96960 34979 195501 119308 112208 220128 91138 7100 153235 73753 57891 89517 54991 34526 76193 1202 73276 129654 219626 154702 42881 144781 34646 2917 101638 380 3720 35239 599 29338 52072 838 10014 25803 299168 229591 29666 24316 199925 7266 5350 2996 17050 86658 4199 26269 2354 69577 250 2180 25653 34373 129336 110135 332 22828 2640 109803 106752 5045 66577 82794 1621 917 1431 4878 43051 177549 103819 55217 55175 24632 4823 42981 3765 3565 1486 200 3121 1220 119463 73476 45987 13802 68543 30498 13003 126873 4743 995 43532 3051 33136 82459 24341 4528 5287 315 44464 61981 2365 51443 13060 4975 25612 11359
is_linear=0
shrinkage=0.02


Tree=4
num_leaves=127
num_cat=0
split_feature=10 10 53 14 53 10 45 5 32 27 8 39 40 26 8 1 39 1 39 29 29 27 40 29 40 55 13 26 24 10 32 39 26 29 27 46 39 32 6 47 52 21 39 29 29 14 15 47 29 47 38 40 39 25 15 12 39 55 27 14 38 6 34 37 10 24 46 44 14 43 3 1 39 47 55 47 39 52 33 47 27 18 29 53 55 20 20 39 15 33 47 20 5 29 55 20 23 47 24 47 34 18 20 43 55 15 21 25 55 3 29 18 29 24 39 4 6 5 5 25 40 5 29 29 45 31
split_gain=2817.94 773.594 589.349 310.893 181.677 171.551 165.595 165.802 156.711 137.51 135.096 121.915 112.612 100.06 96.9591 91.7602 88.1273 86.6748 80.5123 97.2279 74.2959 70.1719 78.2031 66.6946 66.641 65.3525 68.3639 63.9223 63.9091 61.7697 59.8912 59.1495 58.5513 78.7931 61.8236 57.1127 66.3146 56.2707 55.3817 54.9426 53.5664 52.3663 55.9936 51.9853 51.2848 50.9659 49.8112 49.0882 53.982 53.1838 48.7069 47.7954 47.6966 47.635 65.8117 47.4594 47.3454 70.4876 46.6943 67.0396 56.0522 47.0116 46.9903 46.1138 45.662 45.1001 45.0729 45.0507 44.9638 44.1933 44.0584 42.7686 42.6652 54.6241 80.2867 42.5092 42.0539 41.2589 40.8678 40.1961 46.6034 60.241 39.6671 39.6244 42.6549 55.1329 40.1706 39.011 40.6829 38.1528 61.4552 62.0944 50.286 51.0547 49.7739 58.8874 49.221 45.5772 38.0701 37.9899 37.8472 56.6022 53.221 37.2601 36.8832 36.7157 36.5365 36.3914 71.2463 37.787 35.827 35.553 35.5309 43.8126 40.9535 36.8299 53.6895 35.437 35.3336 35.2453 35.115 38.5079 45.1194 34.917 34.7824 34.7351
threshold=0.065010037273168578 -1.331921339035034 0.29535882174968725 -0.38061439990997309 -0.051660105586051934 1.3687228560447695 -0.046859376132488244 0.08373128250241281 0.065264981240034117 -0.87837970256805409 0.9197121560573579 0.055208332836627967 -1.0000000180025095e-35 0.78656607866287243 0.97924786806106578 -0.0468795858323574 0.65937501192092907 0.016162095591425899 0.47187499701976782 0.86621642112731945 6.9021224975585946 -0.60785761475563038 1.2246467864107191e-16 2.1248102188110356 0.46650633215904241 0.17314021289348605 0.32823090255260473 1.0000000180025095e-35 249.84979248046878 3.0284645557403569 0.0035175487864762549 0.36354167759418493 0.78656607866287243 5.4912567138671884 -0.60785761475563038 -0.064331468194723115 0.21770833432674411 0.079930201172828688 1.6099610924720766 -0.0096667255274951441 -1.2432892322540281 1.1821265220642092 0.2885416597127915 0.074297189712524428 -3.9939314126968379 -4.3825597763061515 6.8701028823852548 -0.056458517909049981 6.3771307468414316 0.0021205850644037132 -0.2996376752853393 0.34150634706020361 0.72187501192092907 -0.37940952181816096 1.9972503185272219 0.88867014646530162 0.22604166716337207 0.35438294708728796 -0.87837970256805409 -3.5289376974105831 0.14979083091020587 2.056379079818726 0.16250000149011615 0.79643952846527111 0.97995516657829296 24569.490234375004 0.043099913746118552 -0.007717983564361929 -7.2249650955200186 -0.00012963273911736903 -0.087738037109374986 0.0074045034125447282 0.67187500000000011 -0.088165026158094392 0.22827885299921039 -0.070497356355190263 0.40104167163372045 -0.49887613952159876 0.06079665198922158 0.067434094846248641 1.0000000180025095e-35 1.370123088359833 -7.471388339996337 -2.189103245735168 0.073875110596418395 1.0174981951713564 1.2318366765975954 0.717708319425583 4.4086277484893808 -0.065876308828592287 -0.062383132055401795 0.66786047816276561 0.36255301535129553 -4.4405786991119376 0.21915802359580996 0.93706780672073375 -0.055054463446140282 -0.088165026158094392 63200.117187500007 0.0091013689525425451 0.070833336561918273 0.25874498486518865 0.72962185740470897 0.0045202169567346582 0.23887425661087039 1.7620623111724856 0.56363245844841015 0.78656607866287243 0.028059571050107483 2.6225566864013676 5.8930456638336191 -0.32876326143741602 -6.1175942420959464 44348.087890625007 0.78437501192092907 0.25564257800579077 -0.091737326234579072 0.46115832030773168 0.21374443173408511 -0.37940952181816096 -0.12500000000000003 0.099727511405944838 -2.7673870325088497 -10.762068748474119 0.043999746441841132 0.18999999016523364
decision_type=2 2 2 2 2 2 2 2 2 2 2 2 2 2 2 2 2 2 2 2 2 2 2 2 2 2 2 2 2 2 2 2 2 2 2 2 2 2 2 2 2 2 2 2 2 2 2 2 2 2 2 2 2 2 2 2 2 2 2 2 2 2 2 2 2 2 2 2 2 2 2 2 2 2 2 2 2 2 2 2 2 2 2 2 2 2 2 2 2 2 2 2 2 2 2 2 2 2 2 2 2 2 2 2 2 2 2 2 2 2 2 2 2 2 2 2 2 2 2 2 2 2 2 2 2 2
left_child=1 6 5 14 10 27 8 21 100 64 25 83 23 45 17 41 24 32 19 35 107 77 119 -6 28 30 50 40 -11 46 31 70 34 63 39 36 -13 47 53 -4 -2 106 -43 -18 123 -14 -30 125 49 -49 52 -46 -27 -12 -55 -16 57 -28 59 -37 62 67 75 -34 -5 -42 87 -62 -21 -47 -3 -51 73 -20 -75 -60 -24 -8 -76 80 81 -19 -36 86 -85 -86 -9 -58 -89 97 91 92 -91 -94 -92 96 -96 -52 -88 -15 101 -1 -102 117 -104 -93 -10 108 -7 -110 -66 -98 115 -114 -115 116 -74 -25 -113 -23 121 122 -84 -32 -71 -29
right_child=2 4 3 9 12 20 7 11 15 16 38 18 13 99 55 -17 43 79 72 68 -22 22 76 103 -26 26 56 37 29 -31 44 -33 33 -35 82 58 -38 -39 -40 -41 65 42 -44 -45 51 69 -48 48 -50 71 89 -53 -54 54 -56 -57 66 -59 60 -61 61 -63 -64 -65 110 -67 -68 -69 -70 124 -72 -73 112 74 78 -77 -78 -79 -80 -81 -82 -83 120 84 85 -87 98 88 -90 90 94 105 93 -95 95 -97 111 -99 -100 -101 102 -103 104 -105 -106 -107 -108 -109 109 -111 -112 118 113 114 -116 -117 -118 -119 -120 -121 -122 -123 -124 -125 -126 -127
leaf_value=0.0043020062622900193 0.0041208246325377153 -0.00090849735762365787 0.012359395757893424 -0.0043036468766779051 0.0003598384938613899 -0.0092834247517285563 0.0072075991696855125 0.015359736649400449 0.0051481420615241795 -0.003158233880742432 0.0025070945517462256 0.0089340223099599516 -0.015143296479234828 -0.0020366739316133226 -0.0026900420910190188 -0.0080687398102472635 0.00044802298274320676 0.0022847805204949416 0.027211129635855251 -0.023392675014207189 0.00868964811812609 0.007527691543533185 0.0011496755545993386 0.0037894819530993585 -0.0013877657251643808 0.015022794867691739 0.0041468883550277846 -0.0035866356638211867 -0.0054850409673095962 -0.0014333798778725141 -0.02118973106136007 0.0027013418417559903 -0.0054018930420086132 0.0069254414099527263 -0.016783473267975163 0.015724262922179717 -0.020483469420315936 0.021997128087330144 -0.0030061459144803456 -0.0036508350356684949 -0.00086203881787739925 0.027425430930632193 -0.0070105613969066605 -0.0029446745948325721 0.0040828077241157465 0.00069795157742214399 -0.016186872661161953 0.0015591575360257251 0.010207252932017423 -0.00060083634530135976 -0.029327767331983865 0.0018750373169120315 -0.0066057955429715508 -0.00021285903372083315 -0.010316026574150389 -0.006006634528489499 -0.0017296312369233361 0.022155024582135922 0.010595535903420477 0.0021220469812720422 -0.023661813280449504 -0.00093706983471105679 -0.021122102022936916 -0.00016630670488812811 -0.0079806220385157008 0.011775858437019676 0.030962766345014932 0.0081318945502796731 0.0056567160569572141 -0.0013961176674767018 0.0020246736574730689 -0.0087564672260131565 0.0038816813904398429 0.0058732105978007744 -0.001926187450065015 0.00015451358027766709 0.0040847026068768725 0.0039948554869217437 -0.022623232307834959 -0.0048473041413235572 -0.00031162779932057043 0.011157257355867334 0.014097769993490614 -0.0027871388071517189 0.0046507540954766379 0.016519857954655142 0.0072153798664797274 0.001926203043209806 0.018111447319221891 0.002378851239224042 -0.0013035176575514576 -0.00017626688701374282 0.023108387639906271 -0.0060254754295763968 -0.0029226774913356109 0.0073260455039440365 0.0025561893043773288 0.00057279631617100169 -0.022204130627227196 -0.0055538703707512776 0.019315928057936676 -0.016350926129684466 -0.0068678521737106958 -0.0040246697463535682 0.013826829815387687 -0.017313475343287168 0.026586854173791648 -0.0045728162605825212 -0.0018179347700764488 0.0055782972975939654 0.0048413924820446637 -0.0091358200752675884 0.0023933039327063868 0.0053936056730889293 -0.0089465534071101055 5.8800567349697671e-05 0.022391034909240673 0.031102003152269631 -0.021075027292015335 0.004717949129273538 -0.001262823492016972 0.0031453306529844395 -0.00079658188069406377 0.00021661100419961273 -0.028061752379094689 -0.023277311363605491
leaf_weight=208.75786724686623 939.8269779458642 4803.1797190457582 86.667277961969376 2191.9822117835283 12918.341961532831 506.7421463355422 6452.7121604084969 406.44706296920776 35.429487198591232 8740.7352281883359 2761.8022572398186 42.322444118559361 91.974025264382362 2676.0876275524497 9577.2272750586271 43.853830352425575 2521.7666984647512 2217.5406933128834 43.935238674283028 20.593180507421494 235.90514986217022 2362.9726790338755 3660.0691027492285 3441.5623134225607 2932.5767048820853 120.56654793769121 424.76435907185078 455.85955248773098 16402.350614324212 1559.1419344842434 30.040110170841217 8634.8782632723451 3402.2421744391322 261.53247351944447 58.243223048746586 175.68865809589624 105.44614731520414 50.538898639380932 2516.635884732008 3930.1844767779112 17218.053727321327 30.30666509270668 46.778350226581097 6362.2613517045975 13482.86476135999 8244.0306303948164 175.21274439245462 15612.451428338885 263.43011263012886 2495.474278062582 45.697768427431583 5537.8798318207264 60.591612182557583 4374.3033040612936 273.07674487680197 2106.4932760372758 945.44180618971586 108.62934078276157 158.02000668644905 810.48513017594814 101.10063384473324 131.21061673760414 39.95205119997263 839.33783520758152 5024.9124362692237 112.69014336913824 18.456964112818241 21.022196121513844 1776.5731051340699 6867.0736841112375 3569.7800982967019 285.83369885385036 134.96235108375549 3253.5720251575112 226.83251166343689 8167.1586090624332 4190.6460263952613 2133.7515459507704 44.974608905613422 415.15381488204002 2527.3051613271236 354.42327051609755 82.446606241166592 197.05556173622608 651.99491009116173 205.7834232673049 108.8184739202261 223.21139989048243 85.324609510600567 286.51685710996389 927.89136677235365 156.93445041775703 111.70404382050037 30.070033222436905 251.60953398793936 87.002440541982651 46.410034067928791 36.016629755496979 19.953067325055599 2274.6743606701493 121.15332272648811 70.058292888104916 86.313907600939274 251.01521266251802 55.890369839966297 72.491244167089462 378.19117158651352 2900.1157282441854 8368.4454520568252 284.72004671394825 87.988183937966824 180.04358524829149 3138.7790855318308 111.68836352974176 271.5393618196249 151.21649197489023 117.14894583076239 18.138970538973808 228.10893732309341 7385.5996049642563 7428.0682224184275 1902.2423604801297 3238.7410087808967 1685.4163704663515 18.629771396517754 37.99659176915884
leaf_count=1190 7183 37526 622 17484 101335 4051 51110 2729 106 69349 21205 202 452 20997 72519 164 19821 15983 187 61 1453 18682 28766 26618 22878 553 2865 3058 127481 11556 156 68201 26453 1921 330 1103 396 140 18808 30833 132861 125 158 49691 104722 64322 1065 122139 1805 19573 128 43107 301 34187 1760 15683 6101 568 989 6066 451 818 242 6538 39563 549 51 111 13165 53843 28238 2141 846 23961 1342 59609 33176 16989 173 2634 18313 2568 652 1427 4552 1507 793 1468 381 1744 6444 1000 432 108 1570 600 336 160 99 17690 723 369 552 1825 296 387 1127 22669 64710 1633 608 1279 23341 725 1649 749 809 78 1050 58326 57038 14291 25542 12316 113 153
internal_value=-1.97661e-05 0.002 -0.00207898 -0.00309659 0.000896203 -0.000352659 0.00404907 0.00387052 0.0118014 -0.00420589 0.00165586 0.00252948 -0.000179595 -0.00118408 -0.00176863 0.0194764 -0.00373052 -0.00110449 0.00208494 0.00103712 -0.00240243 0.00492708 0.00420326 0.00103887 -0.00425162 0.00214975 -0.000143073 0.000319962 -0.004564 -0.00524122 0.00241994 0.00154 -0.00168478 -0.00370896 -0.00113958 0.000249069 -0.0120479 0.00112572 -0.000443393 -0.00330216 -0.000526814 0.0219515 0.00669329 -0.00198159 0.00314151 -0.000380602 -0.00559918 0.00106944 0.00123433 0.00110522 -0.00219313 0.0034402 0.00778668 0.000427237 -0.000808821 -0.00328855 0.00285485 0.00785084 0.000439597 0.00455979 -3.22171e-05 -0.00928189 0.000248861 -0.00436638 -0.00672292 -0.000779131 0.000755269 -0.0181591 0.00531047 -0.000289798 0.000342022 -0.00144219 0.00369918 0.00528177 0.00500055 0.000354063 0.00271682 0.0064099 -0.00542487 0.00112925 0.00161688 0.00351168 -0.000455826 0.00784849 0.00558889 0.00751527 0.0122812 0.000285539 0.00644946 -0.00293118 -0.00246525 0.00273096 0.0072239 0.0169232 -0.00445203 -0.00812776 -0.0100408 -0.016289 0.00251317 -0.00365368 0.00421038 -0.000923782 0.00963263 0.0034018 0.00129853 -0.00564706 0.0247697 -0.00262019 -0.00200142 -0.00157384 -0.00775887 -0.0139635 0.00225889 0.00161338 -0.00476148 0.00787527 0.0125409 0.00394191 -0.0158461 0.00539981 -0.00037926 0.000877037 -0.000422405 -0.000169789 -0.00147247 -0.00514761
internal_weight=271010 136816 134195 84426.8 88918.9 49768.1 47896.8 46820 1076.73 45998.9 52117.3 20634.3 36801.5 20172.5 38427.8 534.56 38694 26744.1 19044.2 11549.6 12295.9 26185.8 17599.3 16629.1 29810 42191.5 4447.48 37472.2 26877.4 18136.7 37744 17007.8 21229.7 4503.11 16726.6 9752.41 147.769 19201.6 9925.82 4016.85 18270.6 490.706 77.085 8884.03 20736.2 15221.7 16577.6 19151 18657.2 18393.8 2641.66 19020.7 181.158 7409.18 4647.38 11683.7 1805.83 533.394 9604.64 986.174 8618.46 253.333 8365.13 4241.58 7304.88 17330.7 1272.43 122.123 1797.17 15129.7 8372.96 2781.31 7494.65 3569.31 3525.38 8325.18 7850.72 8586.46 271.807 5514.42 5099.27 2571.96 12709.7 1590.05 1054.83 857.778 535.219 1253.98 308.536 2460.5 2378.78 657.717 428.291 141.774 1721.07 793.175 706.172 81.7144 128.772 4950.76 542.174 278.816 263.358 3710.72 142.204 229.426 413.621 12060 9159.91 8653.17 5112.9 454.563 3925.33 3522.01 383.228 403.328 252.111 3459.7 408.153 9748.57 12651.5 5223.43 3321.19 1715.46 6885.7 493.856
internal_count=2080520 1044986 1035534 651416 685025 384118 359961 355151 4810 359496 397752 148102 287273 157417 291920 1680 301841 203718 136995 83213 94516 207049 138950 129856 232329 321792 27526 289602 209451 140102 294266 133965 164220 34912 129308 69987 598 149009 75960 31455 140593 1516 283 69512 160301 118730 128546 148869 145658 143853 16092 147829 854 57152 35947 88202 11434 3433 69389 7169 62220 1380 60840 32991 57655 133410 8001 562 13226 118278 65764 21714 53782 25663 25476 60598 61942 68099 1515 39498 36864 18551 97853 11107 7486 6059 3621 7950 1849 15238 14950 3671 2284 540 11279 4835 4235 288 892 38687 3130 1559 1571 28521 848 1387 1233 93063 70394 66343 40171 2665 28119 25715 2374 2404 1655 26696 2329 77008 97523 40485 26194 12472 53956 3211
is_linear=0
shrinkage=0.02


Tree=5
num_leaves=127
num_cat=0
split_feature=10 10 10 2 14 32 34 32 5 39 16 29 26 25 54 6 8 11 3 19 28 39 39 26 39 48 45 26 15 29 4 28 4 8 10 21 45 1 45 18 2 45 6 29 4 29 24 20 25 34 29 18 21 46 48 10 39 26 29 34 5 16 39 45 7 29 20 7 31 9 15 18 46 16 39 32 48 54 4 34 48 0 52 18 29 6 33 4 35 39 18 29 26 24 29 48 26 48 20 21 29 48 16 26 52 25 45 21 26 56 31 32 16 18 20 32 48 39 31 6 29 5 33 5 39 29
split_gain=2706.44 743.948 495.985 210.475 179.575 160.745 161.997 155.669 138.167 115.245 111.819 107.207 101.901 109.197 100.476 90.5676 89.1605 79.446 79.3312 76.246 72.5002 70.9944 67.0708 70.458 66.9811 75.9992 66.1069 63.2936 63.0418 83.2552 67.8579 66.0678 62.5358 61.7968 60.7521 58.502 56.5395 53.8199 53.4665 53.3186 52.4685 51.848 60.6175 50.2076 57.3061 49.9228 49.7417 47.6014 47.4251 64.0005 54.0374 64.2421 50.0503 46.8544 60.788 46.2234 47.5635 44.79 44.6913 44.6426 46.5451 44.4067 44.0466 63.4816 48.1987 43.075 42.6833 42.471 41.8329 41.8155 41.8066 41.6801 41.1955 57.4763 41.1485 41.802 47.0068 46.1977 41.031 40.8928 40.3521 39.9935 39.9702 39.9281 39.5328 39.5128 39.2007 38.6466 77.246 48.7533 42.9629 38.2448 44.448 37.4683 37.4084 37.3501 46.2544 37.1619 36.9951 36.8743 54.155 43.3022 36.7144 36.5603 36.524 36.3351 36.097 38.4324 36.0354 35.9563 35.8947 35.7644 35.0015 34.8826 34.7984 34.6278 34.5775 34.4407 34.4095 34.2333 35.7752 33.9556 33.7188 33.442 33.3701 40.6984
threshold=0.065010037273168578 -1.3708056807518003 1.1668686270713808 0.0012512126122601332 -0.30005276203155512 0.079930201172828688 0.029166667722165588 0.0024464529706165199 0.08373128250241281 0.059374999254941947 -3.8240343332290645 5.4912567138671884 0.78656607866287243 -1.0000000180025095e-35 0.1811698600649834 2.3318741321563725 -0.97762677073478688 0.63255745172500621 -3.2320886850357051 1.2413820028305056 0.81174489855766307 0.23437500000000003 0.67187500000000011 -0.6035533845424651 0.47187499701976782 -0.010342238005250691 0.0013227584422565999 -0.12940952181816107 2.536934614181519 -2.0829141139984126 0.46755699813365942 0.81174489855766307 0.056467011570930488 0.6022651493549348 -1.9165909290313718 0.41981945931911474 0.015410790219902994 0.022245518863201145 -0.0052591429557651273 0.57998123764991771 0.0049705749843269595 -0.046859376132488244 1.3540658354759219 10.226398944854738 0.36619631946086889 -3.9939314126968379 -28078.328124999996 0.80149099230766307 0.12940952181816109 0.045833334326744087 -7.471388339996337 0.0050371570978313693 0.88028645515441906 -0.064331468194723115 -0.084974996745586381 2.7353969812393193 0.56354168057441723 -0.12940952181816107 3.7413716316223149 0.12083333358168603 0.12236996367573739 -2.4471759796142574 0.78437501192092907 -0.01451978040859103 -0.077488277107477174 1.0484457015991213 0.57561287283897411 0.32988023757934576 0.18999999016523364 -1.6231094598770139 6.8701028823852548 -0.65346822142601002 0.019556418992578987 -3.8240343332290645 0.93437498807907116 0.025875962339341644 -0.011761171743273733 0.10351533815264703 0.27165645360946661 1.0000000180025095e-35 -0.11957830563187598 0.0063669222872704276 0.49695500731468206 0.82129821181297313 2.6538491249084477 4.5736300945281991 0.0023307430092245345 0.23280806094408038 1.0000000180025095e-35 0.24270833283662799 0.30137522518634802 5.4912567138671884 0.60355338454246532 2391.616088867188 0.30879378318786627 -0.020453995093703266 0.12940952181816107 -0.0056720024440437547 0.81651094555854808 0.7142467498779298 -3.9939314126968379 -0.097356535494327531 -0.18089711666107175 -0.12940952181816107 -0.41726675629615778 -0.37940952181816096 -0.046859376132488244 1.1821265220642092 0.78656607866287243 0.084692068397998824 0.18999999016523364 0.065264981240034117 -0.64770579338073719 0.43382224440574652 1.4644113779067995 0.0077586574479937562 -0.051398253068327897 0.12604166567325595 0.14999999850988391 3.1540749073028569 0.34954547882080084 0.46115832030773168 0.015879007987678054 0.066736470907926573 0.63854166865348827 -6.6858110427856436
decision_type=2 2 2 2 2 2 2 2 2 2 2 2 2 2 2 2 2 2 2 2 2 2 2 2 2 2 2 2 2 2 2 2 2 2 2 2 2 2 2 2 2 2 2 2 2 2 2 2 2 2 2 2 2 2 2 2 2 2 2 2 2 2 2 2 2 2 2 2 2 2 2 2 2 2 2 2 2 2 2 2 2 2 2 2 2 2 2 2 2 2 2 2 2 2 2 2 2 2 2 2 2 2 2 2 2 2 2 2 2 2 2 2 2 2 2 2 2 2 2 2 2 2 2 2 2 2
left_child=1 5 3 10 15 8 -7 12 34 67 -2 27 17 58 33 47 36 38 106 78 26 28 23 32 25 41 -6 87 31 -30 -31 59 -18 45 -1 -23 108 40 113 -33 -25 42 -11 44 -17 -9 -13 72 -37 121 52 118 -51 54 -43 56 70 86 -14 60 -21 -19 83 64 -64 122 -53 98 -65 -40 -28 -47 73 -4 75 76 116 -78 -16 -15 -39 -57 -73 -26 -38 -66 -35 -12 -89 -90 -91 -42 -93 -60 -24 -77 -97 -63 -10 100 -71 -102 110 -45 -34 -59 107 -8 -5 -46 117 -62 -96 -3 -81 -36 -29 -75 -52 -22 -121 -50 -27 -58 125 -119
right_child=2 7 4 16 20 6 18 14 9 24 11 46 13 79 19 43 22 61 -20 21 119 35 94 37 62 65 55 74 29 30 -32 39 104 57 115 48 84 80 69 -41 91 53 -44 103 109 71 -48 -49 49 50 51 66 -54 -55 -56 81 123 105 93 -61 111 97 63 68 85 -67 -68 -69 -70 99 -72 82 -74 102 -76 95 77 -79 -80 114 -82 -83 -84 -85 -86 -87 -88 88 89 90 -92 92 -94 -95 112 96 -98 -99 -100 -101 101 -103 -104 -105 -106 -107 -108 -109 -110 -111 -112 -113 -114 -115 -116 -117 -118 124 -120 120 -122 -123 -124 -125 -126 -127
leaf_value=0.0059687003473314791 0.029920183344335532 0.00436327789976141 0.036355709406042103 7.1340265186103862e-05 -0.0029412102453062463 -0.011541645019156388 0.026881969601501559 -0.00051235224346795792 0.0049787028161618037 -0.0062157044897921511 -0.0011073279770016367 -0.019245960641860113 0.00013250640579829396 -0.0046365050998245531 -0.0076681781684416707 0.0006963619958661795 -0.0037094574678580828 -0.021624326076913371 -0.0026380294943808788 -0.010423207269503677 -0.0024065880513811323 0.012446928347735239 0.0011720288795744017 -0.0023454077271929459 0.0052101390933059089 0.00033790385677570986 -0.0062071569262893292 -0.0014462408965035668 0.016300650607746651 0.0079124942007334446 -0.022385726738696352 -0.0042403421349505319 0.0047680233194002958 0.0014084469803329531 0.0035361089534316887 -0.00049029718105583103 0.0015274686742049346 -0.022854971197205094 0.0028208055744648702 -0.029320234212965209 -0.0050863223270602373 -0.025470716721959854 0.013273158889352377 -4.8658860730904012e-05 0.01742797395440053 0.0051000083883627192 0.011473324640697571 -0.0033109060698941041 0.00081126925392972175 0.0062598925029821451 -0.0092995631448918765 -0.025354354683362019 -0.025206265177190754 -0.00045967625464624366 0.0099077219748463768 -0.0051307428782411523 -0.0053433145337272846 0.0042216449956630113 0.0082194450392151196 -0.014560199847910807 0.0044002290540464863 0.0011894237234825681 0.0079118859462314877 0.0050251979271342274 -0.0031307833518313651 0.0061119357327140645 -0.01102578855424291 -0.0048518890942169761 -0.0075710819969707398 -0.011826716715423338 -0.019091039088958754 0.0028516426844927539 -0.0047949417392226142 0.0048107247145936114 0.0055596278495209615 -0.0062469796319993415 -0.00028172907027401608 0.0036444905344412215 -0.030078496799259169 -0.00070868031663659308 0.0014281552098591502 -0.00064686949227959415 -0.00051958154776214995 -0.0050672872057756528 0.0094861446166835169 -0.023651767085157541 -0.0022383860926246495 0.0176448071671843 0.01166699638011468 -0.013575516319203607 0.0031510289058844011 -0.0066432520151026783 0.0047638489218972064 -0.0088291242839887915 0.0025815944234122814 -0.013713625150784461 0.0085865362916121811 -0.0016177798441359384 0.01116306266314266 0.0010348800763568793 0.029862139343089275 -0.00056944596897818829 -0.002161722696394613 -0.026929780005590442 -0.00077028544428575012 0.00087271555837201023 0.011086444376595481 0.0069299449291554561 -0.0034066185351147938 0.0015646081375689247 0.007943721583947759 0.023128081192233231 -0.0025596520384124515 -0.0011065838715472503 -0.0083351205980772645 0.0062723839956796458 0.0032062825890475191 -0.014629922358119513 0.0055040915787271574 -0.011863381643702677 0.011019091989626986 -0.02203706177678217 0.0041926902778496441 -0.0022683790528561279 0.0027550227783559988 -0.0016288386526029594
leaf_weight=11471.619458951056 49.65252897143364 2910.0813400298357 15.524818405508993 5369.7056048512459 6296.6119076833129 83.412396520376205 306.78855782002211 1811.7058632746339 686.84442818164825 88.758364893496037 14308.771197237074 21.285974122583866 3737.9530947729945 3607.3324654102325 110.3584600687027 2708.0128770321608 3305.6611614599824 40.368122279644012 63.137458182871342 81.3598887398839 4531.7620094493032 109.15279227495193 2782.3147296383977 5471.7356666922569 4529.6068502888083 2182.7389370501041 13053.384959995747 752.64200633019209 268.8055993616581 77.961170352995396 46.282711885869503 198.77294130623341 517.30568113178015 2181.3622461035848 11254.949658468366 2135.1917917579412 772.85863102227449 27.128991335630417 3630.5153930336237 40.045719780027866 9433.1330990120769 63.482600331306458 221.45481376349926 38.040626116096973 139.19291426241398 3088.6932265460491 420.95022708177567 14103.147449985147 559.31254096329212 133.44288329035044 196.78053891658783 151.72841356694698 22.798241898417473 5704.4371032416821 27.114281445741653 1701.7418104857206 3657.2228559330106 2022.0641254857183 468.79832971096039 53.634143799543381 895.24278988689184 2587.2242218106985 158.00683516263962 1484.9868927076459 839.17568619549274 1348.8753562793136 189.7039684727788 100.92838098853827 112.58199052512646 171.90720149129629 100.84618175774813 20045.001292578876 1265.1939443573356 501.08508188277483 709.41062612086535 611.77721145749092 10325.064105637372 1355.1706924960017 46.199239075183868 2561.4871228188276 1014.7747753411531 1495.3603092506528 1512.0998998582363 155.5682163760066 368.41110468655825 38.350784443318844 2563.1966442167759 131.72362121939659 95.848369762301445 120.01871678233147 123.96671395748854 225.0901188403368 344.31192487478256 57.041488118469715 619.05626191198826 47.192751176655293 162.38135220855474 6952.6776383891702 895.61746164411306 15104.07140378654 17.76023680716753 6087.9757553860545 4467.2189598232508 42.437115930020809 5873.9947823807597 3610.2625123262405 110.80795287340879 45.27130451053381 1530.2850097194314 97.100419491529465 246.85454884171486 41.852458313107491 3632.2153863236308 554.56108155101538 263.07284992933273 2217.3954574689269 4200.6254807189107 101.11044486612082 91.147822640836239 32.961574397981167 140.49287483841181 26.283317193388939 1553.8241801410913 2313.1036592274904 707.92215887457132 1713.9683300703764
leaf_count=90562 104 22091 19 41813 49497 254 777 13171 4641 482 111935 89 29251 28199 675 20196 26223 179 234 595 35072 552 21802 43214 32520 16509 102062 5557 1253 511 174 1392 3764 17041 89318 13560 5813 75 28260 188 73335 206 1299 212 720 24279 3010 108197 3757 671 1417 734 114 40162 185 13282 29081 15792 3560 360 6009 20071 1063 11174 5589 10064 1213 676 776 1138 613 155784 8659 3663 5562 4110 82032 10283 113 20022 7317 10886 11781 1047 2651 200 19841 641 563 673 677 1664 2483 397 4542 322 1184 54783 6384 119317 67 47512 34551 210 44271 28312 444 128 12007 611 1691 212 28508 4169 2090 17361 32797 583 654 251 1020 140 11530 17632 5201 12604
internal_value=-1.93631e-05 0.00196011 -0.00203741 -0.000952653 -0.00340034 0.00404094 0.0142373 0.000914762 0.00390293 0.00267274 0.000226827 0.000181742 0.000144389 -0.00158027 0.00180239 -0.00215943 -0.00190785 0.000629148 0.0183413 -0.000725087 -0.00437388 -0.000318719 -0.00236491 -0.00283023 0.00221672 0.00124346 -0.00475219 5.02564e-05 0.00304558 0.0100605 -0.00345468 0.000935473 -0.0014766 0.00217817 0.0048986 -0.00190495 -1.79084e-05 -0.00362477 0.00115917 -0.0085547 -0.00392102 -0.000260677 0.00769173 0.00109445 0.00152284 0.00269122 0.00995238 -0.00258517 -0.00235542 -0.00525655 -0.00898338 -0.0115935 0.00153098 -0.000687802 -0.014879 -0.00526284 -0.00563509 0.000869863 0.000901441 0.00305644 0.00399852 -0.000946177 0.00370447 0.00163333 -0.00222191 0.00304912 -0.0174516 0.00768173 0.00413272 0.000836505 -0.00630745 0.00292676 -0.00144996 -0.000903477 0.000841036 0.000648896 0.000866515 0.000173988 -0.0144366 -0.00322547 0.000773606 -0.0030347 0.00261511 0.00486766 0.00410352 -0.00405466 -0.000561561 -0.000921495 0.00470566 -0.000343828 -0.00509466 -0.00478251 0.000249018 0.00635492 -0.000630443 -0.00375268 0.00351887 -0.000856316 0.0084843 0.000499417 -0.000788713 -0.000475888 -0.000983046 -0.0143923 -0.000321188 0.00207573 0.0212047 0.0243461 -0.000700241 0.0109475 0.000626571 0.00526148 -0.00181033 0.0034874 -0.00142204 0.00398698 0.00249899 2.65167e-05 -0.00460696 -0.00207221 0.00662192 -0.000248348 0.00194185 -0.00415273 -0.000924793 -0.00236128
internal_weight=271004 136809 134195 74724.5 59470.3 45745.7 609.418 91063.3 45136.3 20192.4 33436.5 33386.8 48752.8 10695.7 42310.4 26146.8 41288 38057.1 526.005 5476.06 33323.5 5319.5 33246.7 26213.1 18509 11190.7 28618.3 32944.6 1703.96 393.049 124.244 1310.91 9696.96 36834.4 24944 3615.54 8041.26 16516.2 28476.9 238.819 15474.3 6105.25 310.213 3024.78 2944.31 26457.5 442.236 23122 3506.39 1371.2 785.602 629.361 156.241 5795.03 90.5969 22321.7 19124.6 10376.9 4263.79 1072.09 1018.46 9580.27 7318.28 2633.1 1035.53 5085.44 341.432 1683.39 1597.57 25012.2 13154.2 24645.8 9018.88 7753.68 18164.3 17454.9 16633.5 11680.2 156.558 6431.89 1041.9 3197.1 21557.1 4685.18 1141.27 877.526 4744.56 14780.3 471.557 339.834 243.985 10002.5 569.402 525.84 7033.59 821.351 209.574 9539.9 1582.46 21381.7 6277.64 6105.74 7738.16 80.4777 6391.3 5632.33 462.868 352.06 6899.99 236.293 3270.94 937.095 4251.27 3464.64 2824.56 13472.3 4953.27 3024.09 287.928 4705.22 173.454 585.596 3736.56 5970.33 2523 1815.08
internal_count=2080520 1044986 1035534 579021 456513 343585 1837 701401 341748 144507 259539 259435 381106 83519 320295 197117 319482 297587 1583 34294 259396 33506 257198 202346 132806 80437 223053 256336 10694 1938 685 8756 74258 286001 197241 22812 62284 128088 222554 1580 120696 42334 1781 21949 21527 205015 3099 175168 22260 8700 4803 4018 785 40553 391 173556 149388 80986 33208 7176 6816 75033 52369 18802 6852 38103 1947 11701 11950 196294 102675 191844 66971 58312 141847 136285 130669 92315 788 50311 7392 24168 167565 33567 8464 5789 36882 114489 2554 1913 1350 77482 4147 3957 54852 5616 1506 74854 11025 168034 48717 47579 58293 422 48035 44104 1349 905 53820 1331 23742 6221 33050 26260 22112 106679 38354 22051 2071 36343 1271 3897 28039 46713 18388 13187
is_linear=0
shrinkage=0.02


Tree=6
num_leaves=127
num_cat=0
split_feature=10 10 53 16 10 53 32 5 8 34 39 39 40 51 27 27 26 16 1 39 48 55 27 14 55 26 2 40 16 47 48 48 35 14 52 31 25 5 32 48 55 47 21 40 2 40 55 26 6 14 40 8 6 51 52 43 55 40 16 14 15 2 40 31 47 48 55 39 47 52 26 5 48 53 20 26 55 10 12 3 39 15 27 39 6 34 43 47 20 21 47 27 25 47 55 6 57 16 27 48 34 55 19 35 26 19 3 14 34 39 53 57 21 47 27 16 47 15 2 1 49 21 5 25 55 48
split_gain=2670.81 668.082 530.901 257.425 219.685 179.513 141.105 136.431 134.954 131.096 113.475 104.025 103.055 100.883 97.9633 84.5449 79.4279 75.7763 74.7475 72.6991 74.5987 80.2723 68.895 66.5898 62.8728 62.772 80.7804 82.9323 77.3825 98.5341 76.5314 61.4255 74.724 67.7762 60.5625 58.8346 67.6524 59.0842 58.7858 57.3879 59.9093 57.0448 55.0952 54.5896 61.7887 54.2285 76.3185 53.831 53.3953 52.3806 52.2647 51.9546 49.9655 49.8066 48.4932 46.6155 46.5277 46.3584 86.5422 46.1812 85.9195 47.4526 45.9749 58.4251 47.3989 44.0775 50.4166 44.0121 43.6287 42.7363 42.4284 41.6247 41.3072 41.1926 41.0921 41.0439 40.9179 40.2494 55.9915 40.1278 42.7725 39.8811 39.6867 42.6054 39.5575 39.282 55.754 39.1695 38.6522 38.5847 44.9424 38.4881 38.459 98.4491 44.0542 62.9585 47.2087 39.5009 54.8901 39.3005 38.7442 38.4291 37.9357 37.8899 37.7492 41.7352 37.7111 37.6263 37.5663 37.3513 37.3435 36.8883 39.826 36.8399 36.8113 36.6753 39.1973 40.6738 53.6748 36.6444 36.592 38.5721 36.172 36.1207 40.9379 36.1149
threshold=0.065010037273168578 -1.351276636123657 0.62399825453758251 -0.17135739326477048 1.3345944285392763 -0.051660105586051934 0.079930201172828688 0.08373128250241281 1.1144567131996157 0.037500001490116126 0.18437500298023227 0.059374999254941947 -1.0000000180025095e-35 -1.7926004528999326 -1.0000000180025095e-35 -0.87837970256805409 0.78656607866287243 -0.61204731464385975 0.016162095591425899 0.46770833432674414 -0.013015024829655884 0.44070322811603552 -0.87837970256805409 -1.9640475511550901 0.17314021289348605 -0.12940952181816107 0.0036394451744854455 -0.3415063470602035 -1.5161931514739988 -0.041675204411149018 0.10680240020155908 -0.11957830563187598 0.075000001117587103 -3.2473206520080562 -1.2432892322540281 0.14999999850988391 1.0000000180025095e-35 0.31693460047245031 0.0038278856081888084 -0.066444035619497285 0.44070322811603552 0.080028124153614058 1.003859341144562 0.34150634706020361 -0.033483739942312234 -0.12500000000000003 0.21119474619627002 0.78656607866287243 1.6099610924720766 -4.3825597763061515 1.2246467864107191e-16 0.20539768785238269 2.2879006862640385 1.1682707667350771 1.4135287404060366 -0.00020695204875664783 0.060062948614358909 -0.12500000000000003 -3.8240343332290645 -2.417439222335815 8.5644068717956561 0.039359079673886306 0.46650633215904241 0.12999999895691874 -0.020304012112319466 -0.041955051943659775 0.066669836640357985 0.051041666418313987 0.0095384465530514734 0.93065065145492565 0.37940952181816107 0.31693460047245031 0.0050216782838106164 -2.495424628257751 1.2318366765975954 -0.7865660786628722 0.31094969809055334 3.0284645557403569 0.84483158588409435 -0.17492473125457761 0.40520833432674414 0.355750322341919 1.0000000180025095e-35 0.35937500000000006 0.75556895136833202 0.054166667163372047 -0.012622312642633913 -0.0058504038024693719 0.53834712505340587 1.5274503231048586 -0.023893800564110276 -0.60785761475563038 0.12940952181816109 -0.070497356355190263 0.16721238940954211 2.4195865392684941 -0.02382143214344978 -3.0695796012878414 -0.60785761475563038 -0.059318531304597848 0.13750000298023227 0.069061446934938445 2.5490784645080571 1.0000000180025095e-35 0.60355338454246532 3.118250966072083 -0.44569075107574457 -0.12634694576263425 0.087500002235174193 0.39687500894069677 -2.0532188415527339 0.044428493827581413 0.88028645515441906 -0.014929223805665968 -0.87837970256805409 -3.8240343332290645 -0.0099040409550070745 6.8701028823852548 0.015785146504640583 -0.027965533547103402 -0.81996455788612355 0.83558434247970592 0.031662199646234519 -0.37940952181816096 0.058531852439045913 0.0094169029034674185
decision_type=2 2 2 2 2 2 2 2 2 2 2 2 2 2 2 2 2 2 2 2 2 2 2 2 2 2 2 2 2 2 2 2 2 2 2 2 2 2 2 2 2 2 2 2 2 2 2 2 2 2 2 2 2 2 2 2 2 2 2 2 2 2 2 2 2 2 2 2 2 2 2 2 2 2 2 2 2 2 2 2 2 2 2 2 2 2 2 2 2 2 2 2 2 2 2 2 2 2 2 2 2 2 2 2 2 2 2 2 2 2 2 2 2 2 2 2 2 2 2 2 2 2 2 2 2 2
left_child=1 6 4 10 25 8 7 22 24 47 23 73 54 -11 18 123 49 -6 70 20 92 106 84 111 38 30 27 56 -29 69 31 32 33 -2 -33 36 42 -37 79 -16 51 52 62 44 -40 59 -47 -8 -10 -14 -24 -41 101 -19 65 -51 -27 58 -39 -20 61 -61 -26 64 -64 -7 -67 -17 -18 -30 114 122 -72 74 -9 107 -60 78 -69 80 -3 102 83 -53 -1 -38 108 -81 -68 -83 -91 110 93 -13 -94 96 -96 98 -95 -97 -99 -25 -21 -88 -55 -106 -22 -36 -87 125 -52 -4 -113 -44 -12 -28 117 118 -117 -90 -15 -122 -45 -5 -125 -93
right_child=2 5 3 15 17 12 9 11 48 13 14 19 16 120 39 67 68 53 45 81 21 -23 50 41 35 26 115 28 29 -31 -32 34 -34 -35 75 37 85 57 43 40 -42 -43 113 71 -46 46 -48 -49 -50 55 91 82 -54 104 -56 -57 -58 -59 76 60 -62 -63 63 -65 -66 66 88 77 -70 -71 72 -73 -74 -75 -76 -77 -78 -79 -80 87 -82 89 -84 -85 -86 86 103 -89 119 90 -92 109 94 97 95 99 -98 100 -100 -101 -102 -103 -104 -105 105 -107 -108 -109 -110 -111 -112 112 -114 -115 -116 116 -118 -119 -120 -121 121 -123 -124 124 -126 -127
leaf_value=0.0060059531035260459 0.031144746154371336 -0.00097751611046212545 0.011659495848394831 -0.004878760274657795 0.0043786800961760812 -0.0056727333467890733 0.0039089912183860372 0.015809615113380186 0.00018068545192747175 0.023658692336539104 -0.0049847800866556933 0.015291078315662012 -0.015253318514291769 -0.0079944517687297705 -0.014341514026070673 -0.0070932023320434872 -0.0015883073910016063 -0.0015352506299513942 0.023805619441982572 0.0027370818080032283 0.0035262685015964219 -0.031536700936625819 0.0051702500747487935 -0.0064648379231151271 0.00063639479840850389 0.0010097364810525815 -0.028813585963451328 0.015420305972130684 -0.008017519990551886 0.00086809590775632436 -0.032293373379217949 0.0043020648669959286 -0.0084971355289467487 0.0047434479700823578 0.00025954782814472451 0.00063412314186061072 -0.0024036261320670837 -0.018767944644979374 -0.0017556312146612776 0.00058858158636845631 -0.022530157950825868 -0.015684283547988009 0.01270807368285779 0.01016534043236317 0.0039968391178789014 -0.00072227649236555392 -0.016765371774944509 -0.02485953169808448 -0.0037389436678968587 0.00077336060703487826 0.011533815161456776 0.0041744910677341115 -0.00079244417826105501 -0.0045758448283522912 -0.0034238213215499864 -0.0014408147840155989 0.0052598446496168027 0.015228287020818921 0.0011065003805182196 0.0020507975474493264 -0.018999681815135741 0.013256564800305765 0.013807420303286281 -0.023674791096433903 -0.013522783598172144 0.00026177905697073451 -0.0010348438404803109 -0.0030032638281730921 -0.0053512725681516427 0.015331820417289423 -0.0028103335803833472 -0.021865281659167152 -0.0074552298098557578 0.00539323402020644 0.0019276665648032022 -0.0019177194918364576 0.024598141620011994 -0.00077234686906306384 -0.0050484065331867336 0.0039144737669119072 0.0021393732550662645 0.0033229767236218279 -0.0022275977677115176 -0.0012373267677483714 0.010578130153968799 -0.0074426431683084536 -0.022723601478424747 0.0014570282976550883 -0.022888176001094437 -0.0080551337008790639 0.0019385297710999892 -0.0001010677950486813 -0.00067615549421998948 0.025298975304449581 -0.0053787424216452419 0.01747735560116093 -0.017626337621075051 -0.00043628175346189428 0.0030875959727129899 -0.00805346709190468 -0.021048080916503481 -0.0036615735285764951 0.0073534788326844423 -0.0086236846532643848 -0.0005418750461805451 -0.0067646727831888369 -0.0015419792591366765 -0.0065394012959598541 0.021342846730264757 0.0038508098269610888 0.0043535476380034558 -0.013712953755611341 0.012075339146369926 -0.0023428771638991362 -0.0018017111463469828 0.0023198735493152106 -0.0023818919596383602 0.015442931076520129 -0.0065493030892308374 0.0031581436043248007 0.023549039596668597 -0.003970252161202943 0.0013311452394435591 -0.010340492588149832 -0.0055108602607836813 0.004606327024226517
leaf_weight=3186.3832795619965 72.832681700587273 4073.2261407747865 167.32178682088852 1937.7599505037069 601.43335136026144 352.4474690631032 77.058743230998516 346.00375282764435 5470.9762747138739 351.89333706349134 2124.668213903904 179.33528680354357 92.826996363699436 60.620855756103992 121.01416816562414 1848.6923164129257 2780.564793176949 6782.9638834893703 43.700797267258167 1206.4597295373678 4937.6766781359911 26.17125191539526 11941.136363230646 2872.687648139894 1543.0174390897155 1601.1139588057995 18.382291056215763 139.53298054635525 651.48970036953688 14110.421927936375 29.735323011875153 877.79920621961355 62.916177876293659 83.320001289248466 7896.7870234027505 893.28456255793571 1006.1329476982355 55.029348760843277 785.88019287586212 8932.3521248176694 48.615664355456829 167.95702692866325 233.17628584802151 190.37496910989285 14772.313933260739 1223.2995761632919 130.37736441940069 38.081130243837833 1862.5469759479165 8118.5533296093345 363.82066438347101 892.87261661142111 1676.0243022888899 6790.2183379009366 914.52062525600195 7153.443000793457 2895.2314868047833 248.793730892241 68.720780849456787 643.24329052865505 65.047434233129025 196.92612754553556 48.48393302410841 73.031954601407051 51.114143416285515 7293.2669058740139 1047.359151519835 9920.0224049836397 2215.8928573876619 32.006219416856766 1275.8238035291433 29.374362505972385 1924.9866039007902 1267.8969011455774 113.72060516476631 10228.214372389019 51.436824791133404 1551.7390629500151 11661.238466225564 3874.2276613935828 3100.6983784362674 3835.7165638282895 7599.7643170952797 1665.9210013970733 996.94573679566383 35.63672237098217 102.40217795222998 7863.4269907772541 20.677012123167515 274.20680294185877 519.22994845360518 2667.707546941936 1730.5988465696573 51.336599811911583 420.01214790344238 63.205968402326107 179.94907089322805 2729.1872164011002 301.28918702155352 37.809487707912922 35.97696053981781 6162.5071064755321 1745.8161405548453 302.24385698884726 2167.7569605782628 537.34407462924719 665.62075205892324 338.58613723516464 35.068555235862732 4134.0925407260656 1427.6904754564166 60.550110727548599 38.241605944931507 89.541969142854214 4606.6866171061993 1373.1062031015754 3871.6339014172554 75.737483277916908 339.57258608192205 7087.7123510837555 48.728949956595898 33.990879133343697 6009.3180646598339 1756.3653477057815 1178.4718832224607 861.54696898907423
leaf_count=25280 235 31659 997 15328 3691 2533 299 2302 42209 987 16705 1032 447 201 767 14320 21826 52511 212 8633 36971 79 94306 22606 9612 12768 43 616 4692 110923 157 6727 300 490 60808 6042 6385 161 5650 68842 254 1108 1630 1522 114549 9211 793 68 13926 63320 2901 6665 12412 52718 7134 56033 22258 1127 397 4822 356 1328 327 378 372 57968 8008 78455 17234 226 9902 146 15086 8938 789 79399 266 11677 90673 30452 24354 27020 57343 12645 7958 176 512 62512 121 1893 3949 20911 12538 287 2520 382 980 19628 1736 283 227 46483 12870 1824 16932 4201 5062 2705 155 32739 11365 363 230 626 36021 10702 30092 381 2419 54772 155 155 46533 13970 9184 6809
internal_value=-2.74916e-06 0.00196326 -0.0020088 -0.00316871 -0.00064322 0.000954457 0.00389967 0.00377335 0.00170268 0.0134469 -0.00217136 0.00256453 -0.000112443 0.0179099 -0.00155747 -0.00459307 -0.00106782 -0.00258708 -0.00295693 0.00213566 0.00112302 0.0027579 0.00474986 -0.00390575 0.00210819 9.08682e-05 0.000752906 0.0013662 0.000649025 0.000508605 -0.000757592 -0.000707953 0.00979858 0.0171837 -0.000827506 -4.72707e-05 -0.00139687 0.00355653 0.00236439 -0.000668338 -0.000581089 -0.00414772 0.000966591 0.00307262 0.00370611 0.000289291 -0.00227942 -0.00572936 -0.000815048 -0.000355338 0.00429039 -0.000523965 -0.00396529 -0.00284475 0.00105121 -0.000263726 0.0037472 0.00969543 0.00179036 0.00395327 0.00296855 0.00469113 -0.000460531 -0.0102181 -0.00020361 0.00131047 0.0014702 -0.0041226 -0.00325809 -0.00690187 -0.00370956 0.00148985 -0.00560557 0.00726162 0.0123895 -0.00107165 0.011291 -0.00388486 -0.00410857 0.00154829 0.00036963 0.00365227 -0.00150228 0.000651591 0.00709807 -0.00464787 -0.00938093 0.0022685 0.00255054 0.00249257 -0.00151975 0.00317862 -0.00048357 0.000923405 -0.00239138 -0.00661758 -0.0090771 9.20178e-05 0.00638644 0.00792625 -0.000712331 -0.00455358 0.00546887 -0.0122416 -0.00377983 -0.00178039 0.00292386 -2.06203e-05 0.00691904 0.00256081 0.0058179 0.00596139 -0.00369949 0.00853458 -0.00280715 -0.00134527 -0.00125081 0.0011972 0.000558004 0.00307903 0.00372398 0.0123166 0.00160418 -0.00700359 -0.00840405 0.00104878
internal_weight=270877 136804 134073 72494.9 61578.1 89946.7 46856.9 46246.5 52869.5 610.374 42640.6 20667.2 37077.3 495.234 31495.3 29854.3 20361.3 16879.7 12234.8 18939.6 11358.2 5629.47 25579.3 11145.3 45536 44698.4 25108.2 19429.8 14933.5 14793.9 19590.2 19560.5 219.069 156.153 19341.4 4837.12 3519.85 1317.27 40698.8 19260.5 19139.5 10879.2 2038.37 21787.3 15558.2 2302.59 1353.68 115.14 7333.52 15364.8 21396 19090.9 10711.2 16278.3 16716 15272 4496.35 423.981 175.187 948.918 905.217 840.169 1715.65 172.63 99.5981 15801.5 15449 24981.7 4996.46 683.496 9932.17 6229.07 3200.81 1727.62 459.724 18463.6 120.158 23133 21581.3 18911.6 7173.92 7581.43 10158.6 2558.79 4183.33 1481.48 475.351 11737.7 8155.75 4629.15 793.437 9454.86 5728.7 3297.13 2431.58 700.977 599.961 3117.79 352.626 101.015 2765.16 9035.19 2952.28 404.646 9495.32 2705.1 5603.3 8235.37 70.7053 7663.35 1791.51 266.114 98.7917 322.718 6731.35 5678.43 5660.05 1788.42 1712.68 7108.39 143.341 82.7198 6199.69 4872.6 2934.84 3529.25
internal_count=2079903 1045151 1034752 558758 475994 692898 352253 350388 403502 1865 325151 148119 289396 1498 240952 233607 158860 130053 94436 136090 81725 42112 202269 84199 347367 345941 195120 151483 116457 115841 150821 150664 1025 725 149639 29990 21997 7993 317377 146516 145749 82609 12945 168400 120199 16722 10004 367 56135 119800 169031 145495 81501 126362 130536 119353 35026 1951 824 6718 6506 6150 10689 1077 699 123402 120869 195125 39060 4918 77714 48201 24988 12029 3091 142912 663 180805 169128 148977 56013 54365 76653 19310 33238 9052 2667 92964 62901 32862 5842 74725 39613 22910 16703 4165 3500 21878 2023 665 19855 69089 21503 2336 73851 21133 42033 63513 331 60459 14266 1590 593 2256 52726 43637 43594 13502 13121 54893 511 310 48055 38482 23154 27720
is_linear=0
shrinkage=0.02


Tree=7
num_leaves=127
num_cat=0
split_feature=10 10 10 32 16 32 17 47 34 16 47 52 27 8 29 29 39 29 25 32 6 47 26 50 29 29 46 4 34 48 47 20 5 15 39 39 34 32 39 10 39 21 39 5 5 19 55 17 27 39 4 52 1 26 55 26 15 23 54 12 6 39 46 47 6 52 1 29 32 54 11 27 34 3 11 15 39 46 46 19 34 38 47 31 55 24 16 16 21 55 34 57 17 8 34 29 25 34 48 47 31 7 16 55 45 48 31 39 55 38 34 39 29 19 46 29 15 4 26 6 5 47 54 29 16 25
split_gain=2565.16 642.13 474.766 168.523 152.217 144.794 148.096 143.514 127.699 118.697 117.737 99.1169 108.556 97.714 94.7362 88.9806 88.7691 90.3544 84.7251 95.5454 84.3516 82.8083 83.314 75.2556 74.3354 71.815 70.5635 70.1174 68.5608 68.1402 66.704 65.1294 61.8694 61.8189 60.3552 79.6395 59.3236 57.8469 85.7484 57.0491 60.4063 56.1137 74.7409 101.469 86.8788 55.1571 54.8846 55.0687 53.4074 52.6209 52.6017 52.3642 52.3215 52.0868 51.8989 50.1103 49.1908 48.7324 47.6939 46.8748 46.8617 46.1461 45.5603 47.2593 45.5029 44.4699 43.9924 42.8088 42.4559 42.2828 44.0685 41.4161 41.06 41.0184 40.4797 40.4403 40.3735 47.1587 40.2451 42.5893 40.1626 39.9947 47.3575 46.0658 41.4468 39.7139 39.6134 38.2825 38.0852 37.9276 39.3976 37.7038 37.658 46.6974 41.476 40.6021 68.1928 40.8332 52.4877 39.5394 37.9838 37.6394 37.6206 37.3148 43.8309 36.9454 41.4821 38.6669 48.2733 36.5001 36.418 36.4137 36.2941 38.9552 38.6025 36.0443 35.8759 37.0813 35.4577 35.2433 73.5968 47.0193 35.5138 35.0289 34.7534 36.1254
threshold=0.065010037273168578 -1.4529415369033811 1.1668686270713808 6.8577501224353923e-05 -0.25824904441833491 0.079930201172828688 0.14891028404235843 -0.00020007402054034171 0.037500001490116126 -3.8240343332290645 0.060110628604888923 0.57366096973419201 -0.87837970256805409 1.0541390776634219 5.4912567138671884 0.63033699989318859 0.65104165673255932 3.2779932022094731 -0.37940952181816096 0.0055499623995274314 2.7049969434738164 0.00056699768174439679 -0.6035533845424651 1.1804859042167666 -3.9939314126968379 0.5194067955017091 -0.033644940704107278 0.060330953449010856 1.0000000180025095e-35 0.008424974977970125 -0.062383132055401795 0.43173405528068548 0.46115832030773168 2.8343379497528081 0.45520834624767309 0.071874998509883894 0.095833335071802153 0.0038278856081888084 0.076041668653488173 3.0284645557403569 0.93854168057441723 0.76181310415267955 0.70104166865348827 0.36255301535129553 0.17428536713123324 5.9956994056701669 0.31094969809055334 3.4273147583007817 -0.87837970256805409 0.36354167759418493 0.19689860939979556 1.2560780644416811 0.014898523688316347 0.78656607866287243 0.35438294708728796 0.91597560048103344 8.5644068717956561 -0.078032605350017534 0.084881719201803221 0.82402709126472484 -1.3333570361137388 0.38020832836627966 -0.020868165418505665 -0.0038080485537648197 1.6099610924720766 -0.41726675629615778 -0.0035638763802126046 6.3771307468414316 0.015983899123966697 0.11218298226594926 0.34950836002826696 -1.0000000180025095e-35 1.0000000180025095e-35 -0.5720466375350951 0.74691355228424083 0.51724314689636242 0.25937499105930334 0.049086652696132667 0.014893555548042061 2.4226738214492802 0.11250000074505807 0.041714286431670196 -0.070497356355190263 0.12999999895691874 0.44070322811603552 -28078.328124999996 -1.869496703147888 -3.8240343332290645 0.4424163699150086 0.16467465460300448 0.079166669398546233 -0.036391619592905038 0.77083706855773937 -0.75855106115341175 0.054166667163372047 3.6143481731414799 -0.6035533845424651 0.012500000651925804 0.060658397153019912 0.012895010411739351 0.10999999567866327 0.32988023757934576 -1.3776779174804685 0.19821912795305255 -0.0048866313882172099 0.022986332885921005 0.16999999433755877 0.48020832240581518 0.05581477843225003 0.14979083091020587 0.062500001862645163 0.73020833730697643 10.226398944854738 6.8688824176788339 0.025716724805533889 -2.5870919227600093 1.2449562549591067 0.062669444829225554 -0.6035533845424651 1.7773028016090395 0.19553403556346896 -0.012441956438124178 0.21343126893043521 8.4461803436279315 -0.10023415088653563 0.60355338454246532
decision_type=2 2 2 2 2 2 2 2 2 2 2 2 2 2 2 2 2 2 2 2 2 2 2 2 2 2 2 2 2 2 2 2 2 2 2 2 2 2 2 2 2 2 2 2 2 2 2 2 2 2 2 2 2 2 2 2 2 2 2 2 2 2 2 2 2 2 2 2 2 2 2 2 2 2 2 2 2 2 2 2 2 2 2 2 2 2 2 2 2 2 2 2 2 2 2 2 2 2 2 2 2 2 2 2 2 2 2 2 2 2 2 2 2 2 2 2 2 2 2 2 2 2 2 2 2 2
left_child=1 5 3 16 10 6 28 13 55 -5 20 67 -13 24 60 18 17 21 89 53 58 72 27 49 30 -18 115 -23 -1 34 36 -10 80 71 35 101 -3 46 -39 40 59 42 43 57 -44 -38 47 61 118 76 -22 92 65 74 -21 -7 -12 -32 -4 -14 -11 -28 -62 102 -15 -27 73 68 -6 105 -71 -24 -2 -59 103 -36 77 -19 87 109 -33 82 83 -37 -84 -16 -51 -60 -78 -9 110 -43 95 -94 -95 97 111 98 116 -99 -98 -8 -64 104 -20 106 107 108 -40 -80 -91 -97 113 -52 -115 -26 -17 -118 -30 120 122 -122 -83 -63 -65 -126
right_child=2 7 4 9 11 8 29 15 31 14 56 12 39 64 85 51 25 23 19 54 50 22 33 -25 26 52 37 -29 48 -31 41 32 -34 -35 75 81 45 38 69 -41 -42 91 44 -45 -46 -47 -48 -49 -50 86 112 -53 -54 -55 -56 -57 -58 66 78 -61 62 123 63 124 -66 -67 -68 -69 -70 70 -72 -73 -74 -75 -76 -77 88 -79 79 -81 -82 119 84 -85 -86 -87 -88 -89 -90 90 -92 -93 93 94 -96 96 100 99 -100 -101 -102 -103 -104 -105 -106 -107 -108 -109 -110 -111 -112 -113 -114 114 -116 -117 117 -119 -120 -121 121 -123 -124 -125 125 -127
leaf_value=0.0029414132209593636 -0.0019120604514736776 0.0020204648798991384 -0.0035561003619850946 0.030494277127523079 -0.0021562174908755201 0.0040675431346218977 0.0061934817922062457 0.0016561841949225442 -0.0077006223666968012 0.0019079590708566962 -0.0073573373786462283 -0.0072595582294370823 -0.0028762401371094882 0.00050436257587126523 -0.015822263005715313 0.00010348395820195051 0.0016409408472897746 0.00071020909535607888 0.0041644958583103063 0.0019532346146673703 0.00013481731996612317 -0.0037138543803290815 -0.0060415227909009581 -0.0048758306263009914 0.0022415135748198953 0.0032716385634950704 0.00079559669136698187 0.00014460559828144952 0.012269079709969228 0.0048408119722070566 0.0064970140833877721 0.003998231961979736 0.026028101048157355 -0.00049159480107427791 0.0048648353396721477 0.027345821074457217 0.019729833742194332 0.007611091659543932 0.0048025435102665029 -0.000917649862434119 0.00026002774376282154 0.0029144454444306033 -0.0046346083167048855 -0.022192183334915891 0.017820803959822575 -0.011264475711695195 0.0174157457326247 -0.030585846961158684 0.0051605401526650385 -0.016587477596812398 0.0019270242563627132 -0.0029759444585003153 0.0031950701406723296 -0.0034856701340968839 -0.033472049088430815 -0.024884914648568127 -0.022288529334247069 -0.016787092715056406 0.028691561029479572 -0.0049449416084227362 -0.0030398053774599409 0.0028371315822406018 0.011755408619990391 -0.00014615244035693728 -0.0031412506639630277 -0.0030992302567692614 4.7484141006694915e-05 0.0067547652445281983 -0.0079444737537191674 0.0043490401578613266 3.5751351889597748e-06 -0.0036163381925797496 0.00069926571698052467 -0.0056055260031543201 -0.0040486281708609932 0.0014443999502292387 -0.015237675673836942 0.013688501484910248 -0.0045713690902497222 -0.0010713254493593454 0.029647337297369333 -0.0010999996548613725 0.00091290949199173831 0.003225503374237756 -0.02610442460713332 0.011821280487656571 -0.000667632293859349 0.0001080280477955927 0.0079825134633620398 -0.0034670396239985298 -0.029399458042007002 -0.0023450513195552437 0.0070029967228723749 -0.003733612813463869 0.0079862829063425209 -0.0015055304122091832 0.013766316296639715 0.0016121079328523472 -0.0061548442293160059 0.0061935671236506319 0.0055519669002368688 -0.0050176946704362678 0.00097160457831934612 -0.013293398910487255 -0.00084401724244226447 0.0089282190792268224 0.0061553225582157466 0.00417159656350763 0.00058001634072344592 -0.017004399562252265 0.016832832762804412 0.0055616278518190497 -0.015615380323061669 0.0071149951315836657 0.019858667715673704 -0.0042227957844142554 -0.0004072885281565884 0.0044986055204783012 0.0068912989212511037 0.00089373250816801369 -0.018906247505530646 0.0029883169510050815 -0.018614210421030189 -0.015394312805648637 -0.00097954940387812574 -0.0055367051985835995
leaf_weight=4850.0151975676417 7799.1067602783442 1031.5618073865771 4321.7100696265697 51.115342117846012 10281.965014159679 68.988414414227009 1381.905532322824 7037.8203674778342 34.413836523890495 4919.5128010511398 615.33391217887402 4749.9878099709749 5721.0286478251219 5431.2602257579565 21.198303394019604 5443.1292067244649 5247.8682928681374 1534.6691839173436 769.7776020616293 3354.6210836693645 1363.4355297684669 3404.0258099809289 5214.324852630496 855.86542673408985 539.0665558129549 488.51706980168819 9986.7939799129963 4215.8713788092136 672.32468317449093 4319.0663499981165 135.09697917103767 110.40718099474907 286.06343878805637 1567.3369642645121 3702.0871486291289 52.011205457150936 141.96776273846626 1706.0891067907214 1467.831789419055 2228.7795261517167 1132.7222613096237 1141.4887774065137 168.95654141902924 150.90127097815275 114.9886890873313 26.640431798994541 88.375727333128452 20.102803058922291 13723.15780825913 64.607149682939053 289.54151483625174 1074.0669160932302 768.50438244640827 5561.5821034684777 15.623750783503054 35.383745633065701 102.67895545810461 202.59137836098671 17.815966442227364 18821.170260369778 2116.5040449723601 9248.4411454796791 130.37244815379381 8095.9909991919994 1830.027026720345 4186.5571905449033 284.85864034295082 205.31995114684105 532.51592464745045 1311.0611258298159 3237.0656722784042 6148.961081944406 3483.2182233184576 375.27680280059576 1536.3379275351763 2209.8712059557438 28.403201133012772 119.84362208098173 1092.0809380114079 2525.0188773199916 30.558037161827087 970.84115710109472 5716.0500383004546 79.730691634118557 21.801834367215633 355.72794809937477 1336.6429706141353 4841.5954350084066 769.36542005091906 643.48065260052681 21.275729268789291 1041.7743314951658 233.04491527378559 1289.0955260917544 132.27512788027525 857.35572823882103 287.87144733220339 2005.7115165069699 424.36376675963402 1207.7159369289875 1041.3308345004916 130.30420925468206 8764.8630186542869 89.45048526674509 7492.3006685525179 483.80750632286072 1729.338852763176 4554.4162277057767 4126.7267799377441 102.71794889122248 36.403712280094624 440.65920394659042 27.032376073300838 284.26701171696186 143.7448647916317 954.33794277906418 916.0292908847332 1879.1372726857662 1845.2987347990274 909.91132590174675 186.15361464768648 49.22942653298378 47.654694326221943 41.353801019489765 1875.9690691232681 1106.1995800584555
leaf_count=37943 60649 5811 33506 111 80630 265 9841 55418 85 38317 4277 37353 45061 41797 89 42986 41229 11287 6069 25920 10502 26943 41237 6473 3742 3798 78232 32238 5303 32761 947 473 702 11543 27930 307 711 13033 11621 16738 8820 8168 1250 506 625 97 463 56 105897 342 1905 8302 5713 43646 65 53 514 1156 36 146152 14801 72989 733 63416 13661 32727 1981 1441 3992 9578 24179 48463 27128 2588 12172 15278 166 767 7925 18296 113 7257 42612 458 81 2553 10073 35440 5714 4336 123 7437 1592 9400 968 6599 2231 15839 3276 9487 7999 900 68295 603 59437 3817 13540 35793 32147 639 216 3384 145 1942 891 6430 7272 14458 14420 6620 903 293 237 266 14916 8826
internal_value=-2.70063e-06 0.00192411 -0.00196867 -0.00090713 -0.00330305 0.00400292 0.00386354 0.00102086 0.014044 0.000339465 -0.00161565 -0.00391061 -0.00446416 0.00173579 0.000282034 0.000178837 -0.00163127 -0.00210024 -0.000547321 -0.00127171 -0.00123675 -0.00248276 -0.00323858 0.000485095 0.0020882 -2.82422e-05 0.00237425 -0.00157921 0.00502946 0.00261989 -0.000257383 0.0185559 0.0206873 -0.00421616 0.00199899 0.00101515 0.00382596 0.00254186 0.00333821 -0.00398803 -0.00425448 -0.00161365 -0.00468785 -0.00695832 0.00448623 0.0147892 0.00177691 0.00170433 0.00565274 0.00167697 0.00247139 0.00129806 -0.0016376 -0.00193732 0.00177883 -0.0058813 -0.00952198 -0.00463359 -0.00184288 -0.00446288 0.000142849 0.00173964 -0.000250272 4.54118e-05 -0.000414592 -0.00243274 -0.00638323 -0.00227 -0.00244204 0.00290663 0.00125712 -0.00472972 -0.00110578 -0.00954956 -0.00106606 0.00358692 0.00344324 0.00165859 -0.00097943 -0.0025448 0.00973509 0.000222182 0.0010791 0.0128899 0.000805548 0.0102262 -0.00141366 0.000218911 0.0071365 0.00121407 -0.00321825 0.000404421 0.0015824 -0.00127541 -0.00263739 0.00190853 0.00415824 0.00141046 0.000695876 0.00333568 0.00734075 0.0052241 0.00113107 -0.000516846 -0.000376806 0.00351326 0.00329189 0.00280332 0.00168871 -0.00565441 -0.00235551 0.000895343 0.0067427 0.00760694 0.0114335 -0.0018888 0.00104959 0.00289092 0.00833212 -0.00210129 -0.00427449 -0.0143296 -0.00193791 0.00275422 -0.000826256 -0.0026716
internal_weight=270867 136796 134072 74671.1 59400.5 41433.2 40867.4 95362.7 565.815 27437.5 15727 43673.5 32653.7 51572.2 27386.3 43790.5 47233.7 36542.2 26558.7 18819.7 15009 31832.8 20550.5 4709.4 44310.9 10691.4 39494.8 7619.9 21090.8 19776.6 4816.1 461.442 427.029 12930.6 15457.6 9545.59 1200.17 38001.4 18616.3 27903.7 25674.9 3615.93 1432.67 1148.73 283.945 168.608 19385.1 19296.7 16240.8 3853.53 2108.02 17231.8 5443.58 15449.4 3370.24 104.372 718.013 997.824 12900.9 24542.2 27009.4 19276.6 22089.9 19973.4 7261.29 4675.07 862.727 11019.8 10814.5 16910.2 4548.13 11363.3 11282.3 577.868 9887.87 5911.96 2452.28 1654.51 8579.23 3719.82 140.965 8033.38 5869.59 131.742 5737.85 376.926 1401.25 4859.41 797.769 7738.98 701.16 2183.26 16157.7 1654.42 1421.37 14503.3 2627.22 11876.1 8662.66 3213.43 1329.2 1512.21 8895.24 8351.53 8262.08 12362.1 11878.3 10149 5594.56 1194.8 679.884 1298.01 744.586 717.553 428.012 1493.4 8238.3 2795.17 2517.62 2163.79 1253.88 235.383 1018.5 9289.79 11078.2 2982.17
internal_count=2079903 1045151 1034752 578547 456205 310732 309041 734419 1691 212057 116018 340187 254124 392621 211946 341798 366490 283023 208005 147912 111227 248201 160424 34822 337163 83467 305886 59181 163563 145478 31277 1373 1288 101243 112717 69509 6619 295714 143708 216771 200033 24658 9053 7178 1875 808 152006 151543 125620 28349 15385 133793 42238 121927 25985 318 4791 6672 95842 191213 209304 151487 170987 156186 55458 36525 5725 86063 84622 130675 33757 89700 87777 3744 78281 43208 17934 12054 62336 26860 586 58768 43458 765 42693 2642 10415 35476 5880 60093 4675 15605 125491 11960 10368 113531 20213 93318 67992 25326 10230 10741 69028 66109 65506 96918 93101 79561 43768 8564 4552 9983 4883 4738 2833 10172 64716 21730 19723 15310 8690 1196 7494 73255 87158 23742
is_linear=0
shrinkage=0.02


end of trees

feature_importances:
Column_29=79
Column_39=53
Column_55=45
Column_47=43
Column_26=41
Column_40=37
Column_10=35
Column_14=32
Column_27=32
Column_25=31
Column_34=31
Column_38=31
Column_5=30
Column_16=28
Column_6=26
Column_32=26
Column_20=25
Column_18=23
Column_15=20
Column_46=20
Column_48=20
Column_1=19
Column_21=18
Column_53=17
Column_2=16
Column_54=16
Column_45=15
Column_8=14
Column_33=14
Column_52=14
Column_4=13
Column_19=12
Column_24=12
Column_31=12
Column_28=9
Column_35=9
Column_51=9
Column_13=8
Column_9=7
Column_12=7
Column_17=7
Column_56=7
Column_3=6
Column_7=6
Column_23=6
Column_11=5
Column_43=5
Column_49=4
Column_57=3
Column_0=2
Column_37=2
Column_44=2
Column_50=2
Column_22=1
Column_42=1

parameters:
[boosting: gbdt]
[objective: binary]
[metric: auc]
[tree_learner: serial]
[device_type: cpu]
[data_sample_strategy: bagging]
[data: ]
[valid: ]
[num_iterations: 5000]
[learning_rate: 0.02]
[num_leaves: 127]
[num_threads: 3]
[seed: 63]
[deterministic: 0]
[force_col_wise: 0]
[force_row_wise: 0]
[histogram_pool_size: -1]
[max_depth: -1]
[min_data_in_leaf: 100]
[min_sum_hessian_in_leaf: 0.001]
[bagging_fraction: 0.8]
[pos_bagging_fraction: 1]
[neg_bagging_fraction: 1]
[bagging_freq: 2]
[bagging_seed: 29509]
[bagging_by_query: 0]
[feature_fraction: 0.8]
[feature_fraction_bynode: 1]
[feature_fraction_seed: 11097]
[extra_trees: 0]
[extra_seed: 29805]
[early_stopping_round: 0]
[early_stopping_min_delta: 0]
[first_metric_only: 0]
[max_delta_step: 0]
[lambda_l1: 0.05]
[lambda_l2: 1]
[linear_lambda: 0]
[min_gain_to_split: 0]
[drop_rate: 0.1]
[max_drop: 50]
[skip_drop: 0.5]
[xgboost_dart_mode: 0]
[uniform_drop: 0]
[drop_seed: 32569]
[top_rate: 0.2]
[other_rate: 0.1]
[min_data_per_group: 100]
[max_cat_threshold: 32]
[cat_l2: 10]
[cat_smooth: 10]
[max_cat_to_onehot: 4]
[top_k: 20]
[monotone_constraints: ]
[monotone_constraints_method: basic]
[monotone_penalty: 0]
[feature_contri: ]
[forcedsplits_filename: ]
[refit_decay_rate: 0.9]
[cegb_tradeoff: 1]
[cegb_penalty_split: 0]
[cegb_penalty_feature_lazy: ]
[cegb_penalty_feature_coupled: ]
[path_smooth: 0]
[interaction_constraints: ]
[verbosity: -1]
[saved_feature_importance_type: 0]
[use_quantized_grad: 0]
[num_grad_quant_bins: 4]
[quant_train_renew_leaf: 0]
[stochastic_rounding: 1]
[linear_tree: 0]
[max_bin: 255]
[max_bin_by_feature: ]
[min_data_in_bin: 3]
[bin_construct_sample_cnt: 200000]
[data_random_seed: 244]
[is_enable_sparse: 1]
[enable_bundle: 1]
[use_missing: 1]
[zero_as_missing: 0]
[feature_pre_filter: 1]
[pre_partition: 0]
[two_round: 0]
[header: 0]
[label_column: ]
[weight_column: ]
[group_column: ]
[ignore_column: ]
[categorical_feature: ]
[forcedbins_filename: ]
[precise_float_parser: 0]
[parser_config_file: ]
[objective_seed: 3313]
[num_class: 1]
[is_unbalance: 0]
[scale_pos_weight: 1]
[sigmoid: 1]
[boost_from_average: 1]
[reg_sqrt: 0]
[alpha: 0.9]
[fair_c: 1]
[poisson_max_delta_step: 0.7]
[tweedie_variance_power: 1.5]
[lambdarank_truncation_level: 30]
[lambdarank_norm: 1]
[label_gain: ]
[lambdarank_position_bias_regularization: 0]
[eval_at: ]
[multi_error_top_k: 1]
[auc_mu_weights: ]
[num_machines: 1]
[local_listen_port: 12400]
[time_out: 120]
[machine_list_filename: ]
[machines: ]
[gpu_platform_id: -1]
[gpu_device_id: -1]
[gpu_device_id_list: ]
[gpu_use_dp: 0]
[num_gpu: 1]

end of parameters

pandas_categorical:null
