tree
version=v4
num_class=1
num_tree_per_iteration=1
label_index=0
max_feature_idx=57
objective=binary sigmoid:1
feature_names=Column_0 Column_1 Column_2 Column_3 Column_4 Column_5 Column_6 Column_7 Column_8 Column_9 Column_10 Column_11 Column_12 Column_13 Column_14 Column_15 Column_16 Column_17 Column_18 Column_19 Column_20 Column_21 Column_22 Column_23 Column_24 Column_25 Column_26 Column_27 Column_28 Column_29 Column_30 Column_31 Column_32 Column_33 Column_34 Column_35 Column_36 Column_37 Column_38 Column_39 Column_40 Column_41 Column_42 Column_43 Column_44 Column_45 Column_46 Column_47 Column_48 Column_49 Column_50 Column_51 Column_52 Column_53 Column_54 Column_55 Column_56 Column_57
feature_infos=[-0.12282675504684448:0.12634283304214478] [-0.24846416711807251:0.27818778157234192] [-0.41573789715766907:0.35413375496864319] [-19.704597473144531:33.572135925292969] [0:3.7521476745605469] [0.0019177614012733102:3.2415192127227783] [-4.6230578422546387:14.65303897857666] [-1:0.42634573578834534] [-5.3025121688842773:4.9679689407348633] [-7.279541015625:6.5678248405456543] [-9.1616134643554688:8.2049922943115234] [0:1] [0:1] [0:1] [-34.531219482421875:0] [0:52.468753814697266] [-19.838119506835938:0] [0:34.583961486816406] [-7.2840132713317871:6.9259672164916992] [5.2952576405727175e-14:67.51226806640625] [0.16141852736473083:5.375065803527832] [0.15952879190444946:5.891143798828125] [-1.140625:1953124992] [-0.6983831524848938:0.59381306171417236] [-4450607:5111835] [-1:1] [-1:1] [-0.97492790222167969:0.97492790222167969] [-0.90096884965896606:1] [-40.831077575683594:29.869853973388672] [0:0.2800000011920929] [0.059999998658895493:1] [0:0.41573789715766907] [-0.46043086051940918:0.34094354510307312] [0:0.24166665971279144] [0:0.80000001192092896] [0:1] [0:3] [-0.99540281295776367:2.0696976184844971] [0:0.99791663885116577] [-0.49999997019767761:0.49999997019767761] [-0.13978575170040131:0.062328372150659561] [-0.14352041482925415:0.17586652934551239] [-0.23478680849075317:0.18429073691368103] [-0.27067083120346069:0.3176218569278717] [-0.2803453803062439:0.2745024561882019] [-0.40653735399246216:0.26374730467796326] [-0.47866716980934143:0.32452735304832458] [-0.63428956270217896:0.34242543578147888] [-5.1775579452514648:5.0189638137817383] [-7.2305111885070801:6.9093966484069824] [-9.5974292755126953:8.5171289443969727] [-11.687227249145508:9.2923955917358398] [-11.660714149475098:11.100066184997559] [0.0012328242883086205:3.1398792266845703] [0.0038562514819204807:1.8674116134643555] [-0.77270960807800293:0.64030200242996216] [-0.69307607412338257:0.59305393695831299]
tree_sizes=14004 14396 14406 14311 14370 14367 14344 14371 14395 14385 14364 14366 14355 14377 14328 14378 14368 14368 14397 14430 14313 14341 14369 14361 14381 14344 14380 14404 14405 14368 14339 14390 14354 14368 14357 14318 14370 14381 14338 14352 14339 14370

Tree=0
num_leaves=127
num_cat=0
split_feature=51 53 9 16 9 1 34 32 34 5 39 54 38 11 1 12 11 21 53 1 6 39 24 38 29 39 39 29 38 32 4 9 32 0 4 39 29 39 34 24 40 51 26 55 18 40 38 13 47 38 6 33 55 34 4 21 5 12 20 39 29 38 38 4 20 5 40 55 16 45 55 48 33 40 38 47 34 39 40 29 40 47 35 35 4 26 29 11 39 5 29 38 55 57 56 18 46 18 29 29 40 29 7 18 53 55 2 7 2 24 29 47 47 38 46 47 26 38 26 5 17 6 6 55 35 5
split_gain=2844.86 809.676 598.731 409.839 319.781 192.429 169.596 167.444 215.043 176.667 148.061 140.999 161.29 111.345 107.586 99.5373 95.618 95.1204 88.272 82.4987 77.2763 76.2754 71.5735 69.1792 65.2965 64.3763 79.4636 80.419 79.5633 64.1955 63.9518 61.2109 71.0704 60.9784 60.3599 60.2097 58.5986 56.9914 61.4103 63.4741 55.8005 54.8769 52.9016 73.9502 50.0809 49.2615 58.3873 49.1733 49.5977 48.4306 65.5271 53.1777 81.0522 49.1936 82.7503 62.0199 57.7156 48.1559 47.667 47.6585 49.5334 47.1588 47.0318 49.7907 46.8476 59.4711 46.5875 53.3177 45.6735 45.8264 45.0137 44.0568 47.96 43.6838 43.6783 43.4165 43.3907 43.2295 51.2976 42.865 42.8221 46.9079 42.7497 42.2056 42.0591 42.0105 41.6271 41.1279 41.1032 46.1589 40.8797 40.7137 68.3655 78.2433 51.5287 48.1464 44.3567 40.4708 40.4574 39.7804 39.0171 38.4382 38.29 50.8786 41.1583 38.1735 37.6901 37.3602 37.1464 37.0906 37.0297 40.0295 40.9545 36.9684 42.6682 36.3552 36.2568 41.1734 36.1607 43.1627 35.9173 35.8788 35.7821 56.8123 48.3636 37.6056
threshold=-0.28961780667304987 0.62576481699943554 -1.1617222428321836 -0.19246041774749753 1.0792221426963808 -0.0012786514125764368 1.0000000180025095e-35 0.079351320862770094 0.037500001490116126 0.083904404193162932 0.18437500298023227 0.14083452522754672 -0.30658195912837977 0.36180356144905096 0.00020424427202669906 0.82777968049049389 0.71416616439819347 0.58047842979431163 0.09892479702830316 -0.028635160066187378 2.2784855365753178 0.40520833432674414 141.44129180908206 0.086779281497001662 1.0160148143768313 0.046875000000000007 0.47187499701976782 2.7252674102783208 -0.30658195912837977 0.00014094512880546975 0.32457084953784948 -2.0857665538787837 0.057330153882503516 -0.00026804824301507319 0.47046864032745367 0.68020832538604747 4.2027652263641366 0.23437500000000003 0.15416666865348819 132527.64843750003 0.34150634706020361 1.770667612552643 0.37940952181816107 0.069157738238573088 -1.0348583459854124 -1.0000000180025095e-35 -0.1457276716828346 0.52929621934890758 0.079585582017898573 0.11321615800261499 -0.063528247177600847 -0.0069926232099533072 0.18469358235597613 0.095833335071802153 0.47046864032745367 0.66728442907333385 0.36809284985065466 0.23703139275312426 0.63389307260513317 0.63854166865348827 -1.1571466922760008 -0.023948897607624527 -0.18751790374517438 0.25830204784870153 0.56587398052215587 0.18244127929210666 0.46650633215904241 0.3536743968725205 -3.9366215467452998 -0.018394724465906617 0.053422627970576293 -0.010451895184814928 0.012420334387570621 0.12500000000000011 -0.30658195912837977 -0.086883541196584688 0.029166667722165588 0.36770834028720861 0.46650633215904241 -1.1571466922760008 0.12500000000000011 -0.069542206823825822 0.42500001192092901 0.42500001192092901 0.47046864032745367 0.37940952181816107 -4.010042428970336 0.15747676789760592 0.43020834028720861 0.060364242643117912 5.2338719367980966 -0.12449413910508154 0.17061507701873782 -0.091520678251981721 0.0629001520574093 0.29684588313102728 -0.044745977967977517 -0.66779062151908863 -4.9203901290893546 -10.758540153503416 -0.12500000000000003 5.9371590614318857 0.16817944496870044 0.25474648177623754 -2.4780163764953609 0.09072520956397058 0.025666492991149429 0.2494836896657944 0.012525700964033605 -2702.112670898437 -3.119498491287231 -0.055100105702877038 -0.0067172083072364322 -0.027411646209657189 -0.033732572570443146 -0.0056999402586370698 0.78656607866287243 0.0096510760486125963 0.78656607866287243 0.053508833050727851 3.4134984016418461 1.4548918604850771 1.4218564629554751 0.18469358235597613 0.22500000149011615 0.32104983925819403
decision_type=2 2 2 2 2 2 2 2 2 2 2 2 2 2 2 2 2 2 2 2 2 2 2 2 2 2 2 2 2 2 2 2 2 2 2 2 2 2 2 2 2 2 2 2 2 2 2 2 2 2 2 2 2 2 2 2 2 2 2 2 2 2 2 2 2 2 2 2 2 2 2 2 2 2 2 2 2 2 2 2 2 2 2 2 2 2 2 2 2 2 2 2 2 2 2 2 2 2 2 2 2 2 2 2 2 2 2 2 2 2 2 2 2 2 2 2 2 2 2 2 2 2 2 2 2 2
left_child=2 4 6 10 14 11 31 9 21 57 23 16 19 42 80 68 44 -10 36 66 29 -9 97 47 118 102 27 71 -29 30 61 108 75 120 -19 84 73 49 39 64 79 -17 62 -44 -4 -26 -47 -3 109 53 -51 -52 -53 54 99 -56 -55 -8 76 77 -61 -15 101 -64 65 -39 67 -13 -6 -70 -35 91 -73 -7 -38 -33 -54 78 -24 -18 98 -82 -46 85 -28 -67 -77 -25 89 -79 -31 94 -93 -94 95 -27 -97 -5 -2 -14 113 -12 104 -104 -11 -100 -45 -41 -1 -49 -83 -112 -113 -72 -115 -71 -88 -118 -20 -120 -16 -89 124 -124 125 -95
right_child=1 3 5 22 15 18 7 8 17 25 13 12 37 20 33 41 40 34 24 -21 -22 -23 59 87 45 26 35 28 -30 90 -32 32 -34 70 -36 -37 74 38 -40 107 -42 -43 43 106 82 46 -48 48 -50 50 51 52 58 56 55 -57 -58 -59 -60 60 -62 -63 63 -65 -66 83 -68 -69 69 115 100 72 -74 -75 -76 86 -78 88 -80 -81 81 110 -84 -85 -86 -87 116 121 -90 -91 -92 92 93 122 -96 96 -98 -99 105 -101 -102 -103 103 -105 -106 -107 -108 -109 -110 -111 111 112 -114 114 -116 -117 117 -119 119 -121 -122 -123 123 -125 -126 -127
leaf_value=0.024212341576079068 0.018612971133291762 0.018840715566615478 0.026507470817473521 0.020505147596417497 0.050101150628473146 0.021673805691017158 0.026815600601089836 -0.0057836767187167161 0.017941010350502773 0.040247974430625416 0.018487161073164865 0.030018651357801986 0.0057306250086706836 0.01855513674727198 0.021068831498253338 0.017851596133873424 0.025033313021770406 0.032779073448844481 0.01824567630878908 0.018822527616484591 0.021275308848437056 0.03093620565656173 0.014682412710882217 0.035089411362357339 0.02265624634809519 0.029814847781220566 0.027430889344435133 -0.0088352579986045073 0.031306032827763397 0.020105396377095536 0.0068984363541034713 0.04258819809964464 -6.6932171407831087e-06 0.017423465925533944 0.050034262887660663 0.022849014165429025 -0.0017007020783230305 0.019866332193394443 -0.00027306824756917134 0.047696304342861123 0.018262705200741344 0.014930518306444557 0.015441983174452752 0.019798334417486577 0.023278136640895321 0.0035047796701150637 0.019050228869498097 0.018984950798500752 0.0056386633597067665 -0.0042857479669178994 0.040445513513971521 0.025325502761434041 -0.0090329401325986818 0.025924655773333284 -0.01208132593909083 0.023800224282210077 0.050814325182834394 0.024290809748203301 -0.0046803318037272092 0.024010658749643966 0.016028900679324019 0.016528871065345535 0.02150756660373571 0.037461203834680157 0.019183566154619587 0.013331219366209486 0.011480728800436031 0.046352745598685942 0.010943860127171405 0.020827251403163556 0.023749914383437331 0.020521141662225038 0.02531712921714966 0.01941017220390958 0.028042446637950288 0.01604373227702495 0.02345732140292317 0.0064959020892547022 0.019491397886806303 0.021019855544644153 0.032496242201657498 0.016622661705454102 0.0098742837300484949 0.038311471374370049 0.012327592043007414 0.0023021911287383796 0.022738482358227553 0.016810201537088225 0.013954010173649285 0.013554364863008376 0.031950870153176346 0.020849512071200973 0.02417949119940906 0.013231467315605174 -0.0085072467599835618 0.036074161577338205 0.0074024239514442671 0.016434359670411181 0.02245356626527573 0.023111617131496121 0.018860022212450263 0.00079770504520828081 0.026115041721931749 0.0046989594760276504 0.028324095729773444 0.024994963657136701 0.026517003850980388 0.017479037608538441 0.031236477984227202 0.015233888326529436 0.0049504109484787284 0.023384865166479432 0.020347699495424091 0.0008647225259256347 0.020164821393046001 0.018663769381156305 0.021924429178090166 0.016363560396218314 0.018136359592177815 0.01180897852106997 0.032478575675277468 0.024681058737105521 -0.0019977633390097053 0.02807622128396052 -0.0058254328680427195 -0.0061386565552825796
leaf_weight=2899.3368360549212 825.73557341098785 2140.8273002803326 2023.1121134907007 1078.0410242974758 18.490136504173279 8321.982225343585 14225.928276777267 57.148657128214836 58.97781053185463 154.90900300443172 138.61556795239449 156.92373752593994 53.002533033490181 8772.8258904963732 12414.174939826131 8821.5652491897345 1410.2352433800697 116.46358986198902 4275.80241933465 153.5702768266201 2873.8174977302551 36.271455332636833 10946.55031555891 81.170018464326859 2108.3645590543747 399.84360559284687 2660.1561021506786 19.649011328816414 477.0207557529211 2643.4284502118826 229.87943787872791 39.581088662147522 58.359084695577621 3928.61092479527 285.62454219162464 2825.8183337152004 19.467774540185928 501.91130323708057 69.802535444498062 45.829300045967102 2203.286540210247 3634.4608836919069 1692.8494733273983 2244.0032963603735 22281.291240736842 101.24279499053955 1775.3490836769342 1205.843457698822 199.34111286699772 56.402387201786041 39.042766481637955 186.25972385704517 20.114520668983459 144.07086999714375 47.885805711150169 31.429556906223297 49.650375559926033 3847.8036353886127 81.404259592294693 329.76545698940754 5233.0461448580027 9658.3143353611231 8179.8018281906843 78.025274500250816 4363.1064636707306 439.29955163598061 27.098639845848083 166.60994516313076 246.75529269874096 5614.1635736525059 1688.1279757767916 1520.2345659285784 1848.2656038403511 5775.7269829362631 592.97058607637882 470.20632475614548 73.452455624938011 727.97554455697536 966.42806036770344 4337.406114846468 140.12514367699623 748.4503870755434 94.601233646273613 20.596431612968445 75.002681508660316 202.58516167104244 8245.4117412269115 516.86946155130863 4363.0392494499683 763.15431177616119 120.90474024415016 3548.5245025902987 256.89061993360519 431.60082860291004 16.303484320640564 28.303259536623955 81.237022206187248 10351.79224447906 8121.596859022975 2142.1441699415445 4969.6067459732294 75.43793997168541 335.09415991604328 50.130775943398476 464.73857522010803 3338.2116386890411 391.32506994903088 24.808687463402748 335.83501109480858 8483.7773501574993 58.634345933794975 2713.8782154172659 5137.0547105818987 45.974970355629921 1867.5120977908373 6953.0969279259443 1460.1759516149759 837.0030425041914 824.26362849771976 906.68671940267086 110.37024180591106 418.16596594452858 32.462665915489197 99.841619178652763 75.1771260201931 43.49767892062664
leaf_count=22310 5361 16689 15966 8593 26 65035 112262 109 189 1030 826 857 246 66865 96207 68026 10944 502 33709 843 21550 150 84942 598 16253 2465 19087 59 3469 20427 1180 184 240 31318 674 19890 100 3792 338 169 17284 28111 13466 17465 173969 645 13794 9101 1297 264 215 1307 72 1034 118 165 218 30387 462 2543 40937 74475 63745 380 31392 2438 138 596 1588 42984 13005 11482 13729 45009 4142 3279 427 5801 7443 34209 792 5296 696 111 303 991 64227 3727 34023 5776 875 25781 1656 2752 52 161 487 82190 64290 15512 38008 380 2280 304 3235 25269 2902 119 2495 64491 435 21101 40387 230 14485 54489 11414 6554 6575 7017 547 3091 179 588 306 125
internal_value=0.0202647 0.0185099 0.0226588 0.0171899 0.0200797 0.0214217 0.0243487 0.0251168 0.0360101 0.0249361 0.0183469 0.0222545 0.0200548 0.0189915 0.0210709 0.0182724 0.0228731 0.0416107 0.0200245 0.0310371 0.0181963 0.00844576 0.015521 0.0165143 0.0185739 0.0233649 0.0230237 0.0218491 0.0296607 0.0177832 0.0173619 0.0225241 0.0218188 0.0201842 0.0450823 0.0248984 0.0210098 0.0194091 0.0182391 0.0184737 0.020968 0.0169988 0.020501 0.0187025 0.0234938 0.0205587 0.0182025 0.016091 0.015496 0.021676 0.0157003 0.0185732 0.0161573 0.0227835 0.0219562 0.00201644 0.032433 0.0262784 0.00641867 0.0148855 0.0165028 0.0174931 0.0214201 0.0216605 0.0182315 0.0146689 0.0363786 0.0384877 0.0195088 0.0194622 0.019196 0.0213851 0.0231537 0.0207463 0.0270611 0.0219359 0.0162473 0.0143795 0.0150724 0.0220054 0.0221234 0.021058 0.023221 0.0107392 0.0270136 0.00982625 0.0218596 0.0215234 0.0129708 0.0101008 0.0206272 0.0201967 0.0195793 0.0147848 0.025457 0.0266003 0.0148956 0.0168184 0.0228862 0.0226851 0.0200087 0.0121867 0.0282582 0.0232924 0.031334 0.0231943 0.0207976 0.0371789 0.024945 0.0157004 0.0208714 0.021274 0.021398 0.0215935 0.0196907 0.0196303 0.0221195 0.0198979 0.0172572 0.0148185 0.0211704 0.0203301 0.0112471 0.0205779 0.00900543 0.0114042
internal_weight=270869 156302 114568 84905 71396.6 66148.8 48418.8 34072.9 554.486 33518.4 50145.2 41446.9 9097 37099.2 46108.1 25288.5 32349.9 461.066 24701.9 504.203 24299.2 93.4201 34759.8 13046 9991.71 15444.7 14439.8 8878.85 496.67 21425.4 18661 14345.9 11110.7 25024.4 402.088 5560.98 14710.1 8592.8 5667.94 5598.14 7950.93 12456 12800.1 4328.18 24399 3984.96 1876.59 12029.8 9888.96 2924.86 456.676 400.274 361.231 2468.18 2274.46 79.3154 193.721 18073.7 174.971 23330 5562.81 18431.1 8471.88 8257.83 5527.5 1164.39 350.632 323.534 12832.5 12814 12499.8 8382.18 3368.5 14097.7 612.438 11052.4 93.567 17767.1 11913 5747.64 21083.7 8798.14 22375.9 662.481 2735.16 641.885 11012.8 1016.21 5854.17 1491.13 2764.33 5013.68 4488 939.471 525.687 509.384 109.54 11429.8 12285.5 2195.15 8571.22 214.054 1004.87 385.225 619.648 11459.8 2635.33 70.638 3235.17 9689.62 8658.02 7909.57 7850.93 3601.62 1913.49 12567.3 10542.6 2297.18 6006.75 1730.95 12524.5 935.035 682.58 132.304 550.276 475.099
internal_count=2079300 1207733 871567 655778 551955 507171 364396 253693 1624 252069 383530 314892 61824 284536 356731 195224 253068 1365 192279 2434 185372 259 272248 98994 77993 109420 102571 63291 3528 163822 142520 110703 85898 193800 1176 39280 114286 59390 39350 39012 62437 96137 99164 33833 190631 30692 14439 91578 74889 20040 2747 2483 2268 17293 16041 283 1252 142649 961 181465 43480 141340 65331 64125 38724 7332 1591 1453 99087 99061 97046 59763 25211 110044 4242 85658 499 137985 92385 45153 162931 68011 174665 3540 19390 3429 85474 7416 45600 11577 21302 34552 31387 5606 3165 3113 648 90783 94920 15758 65728 1206 6849 2584 4265 89559 20367 288 24805 73592 67219 61923 61488 27720 14715 97473 82195 17968 47301 13592 96754 6818 3950 767 3183 2877
is_linear=0
shrinkage=1


Tree=1
num_leaves=127
num_cat=0
split_feature=51 14 51 53 53 1 16 8 34 12 46 5 17 40 27 40 51 16 12 27 26 18 47 38 38 29 47 38 39 57 34 25 11 1 34 40 21 48 42 4 40 26 48 39 27 16 2 29 50 48 47 25 44 3 29 26 38 15 20 5 26 39 53 29 48 46 40 15 25 29 5 26 39 2 29 43 53 34 38 15 20 39 18 11 23 53 11 2 1 29 20 53 47 24 5 47 5 27 27 39 35 47 21 39 54 1 5 2 54 34 27 13 40 38 27 39 35 5 13 2 17 39 39 48 39 18
split_gain=2732.22 783.192 581.421 286.841 264.426 206.974 166.605 164.608 206.848 154.881 150.54 132.908 123.312 107.57 102.416 99.6326 95.0578 93.3407 92.4728 99.2076 91.7746 83.269 81.2095 77.8733 71.6182 69.6873 68.642 68.2814 67.9004 66.3175 64.8699 64.5037 64.2086 64.0275 63.5993 63.0057 61.3146 65.5313 59.9102 59.0308 57.3607 73.7184 57.1512 62.0592 57.7322 56.9969 62.6578 71.351 55.3922 52.9717 75.3193 50.7179 89.9712 60.2111 50.6849 50.385 75.8601 83.4118 58.6794 68.1937 50.3572 50.121 50.0283 49.4052 48.971 48.8229 48.7812 60.6705 55.8304 48.7521 47.5409 51.9692 45.9225 45.714 44.262 43.8901 43.6294 43.0971 42.7674 42.1965 42.1727 48.0433 41.681 43.4333 43.0911 41.6174 41.5408 41.4413 41.052 40.8233 40.036 43.1697 39.6971 39.6128 39.109 59.3149 61.5771 59.9187 74.5045 51.0085 49.8479 77.4858 54.8246 43.383 39.0011 45.3514 38.8637 39.1999 38.6331 39.6012 38.5444 67.6624 66.2294 50.5909 46.4802 38.4951 38.1098 37.4926 37.3902 37.3549 40.1584 39.0956 37.0296 47.1993 38.0142 45.0497
threshold=-0.28961780667304987 -0.36383271217346186 -1.5334523916244505 0.66850367188453685 0.61167624592781078 -0.047346591949462884 -0.11389553546905516 0.68350097537040722 1.0000000180025095e-35 0.83125239610672008 -0.063792809844017015 0.12864399701356891 0.29502511024475103 -0.12500000000000003 -1.0000000180025095e-35 0.12500000000000011 1.3308975696563723 -0.62915682792663563 0.26300030946731573 -0.60785761475563038 0.37940952181816107 -0.90180987119674672 0.0035248523345217113 0.062633112072944655 -0.30658195912837977 -5.2428007125854483 -0.0044914167374372474 -0.20845020562410352 0.16770833730697635 1.0000000180025095e-35 0.037500001490116126 -0.6035533845424651 0.42603398859500891 -0.0012786514125764368 0.079166669398546233 0.46650633215904241 0.82628804445266735 -0.098494205623865114 -0.016804439015686509 0.24555473029613498 -1.0000000180025095e-35 0.78656607866287243 0.0074962805956602105 0.36354167759418493 0.6078576147556306 -0.73708593845367421 0.0043497125152498492 5.5565536022186288 1.1833713650703432 -0.098494205623865114 0.079585582017898573 -0.7865660786628722 0.032405601814389236 0.34262537956237799 2.0691037178039555 -0.37940952181816096 3.1203815311037899e-17 5.3714334964752206 1.0283582210540774 0.19596777111291888 -0.98296290636062611 0.45104165375232702 0.11694413796067239 -0.15126168727874753 0.013154767453670503 -0.026310279034078118 -0.3415063470602035 2.6578724384307866 0.60355338454246532 -4.010042428970336 0.2918935120105744 -0.37940952181816096 0.080208331346511855 -0.0013599400990642605 -10.758540153503416 -0.023257102817296978 0.86799943447113048 0.17083333432674411 3.1203815311037899e-17 2.4038434028625493 0.99145287275314342 0.2885416597127915 0.81766635179519664 0.51250091195106517 -0.086937673389911638 -2.0970149040222164 0.47535908222198492 -0.019389144144952294 -0.018445472232997414 10.144746303558351 1.2101837396621706 -3.0173258781433101 0.060221116989851005 -28161.518554687496 0.19107693433761599 -0.086883541196584688 0.32104983925819403 -0.60785761475563038 0.6078576147556306 0.44687499105930334 0.12500000372529033 -0.039382034912705415 0.72916510701179515 0.58854165673255932 0.093033023178577437 0.003228276153095067 0.15495909005403521 0.015426306053996088 0.18660692870616916 0.10416666790843011 -0.60785761475563038 0.24015594273805621 -0.3415063470602035 0.024440987966954712 1.0000000180025095e-35 0.27187500894069677 0.42500001192092901 0.058867065235972411 0.65715104341506969 0.061278799548745162 3.4134984016418461 0.40937499701976782 0.48437500000000006 -0.007172112585976719 0.780208319425583 0.44130082428455358
decision_type=2 2 2 2 2 2 2 2 2 2 2 2 2 2 2 2 2 2 2 2 2 2 2 2 2 2 2 2 2 2 2 2 2 2 2 2 2 2 2 2 2 2 2 2 2 2 2 2 2 2 2 2 2 2 2 2 2 2 2 2 2 2 2 2 2 2 2 2 2 2 2 2 2 2 2 2 2 2 2 2 2 2 2 2 2 2 2 2 2 2 2 2 2 2 2 2 2 2 2 2 2 2 2 2 2 2 2 2 2 2 2 2 2 2 2 2 2 2 2 2 2 2 2 2 2 2
left_child=2 3 5 9 16 10 13 8 27 15 30 33 18 17 22 25 82 49 19 90 35 -12 32 26 29 31 -9 -4 -16 88 -1 39 -6 60 -33 55 89 61 78 -2 64 75 43 44 -21 108 47 66 118 -5 -51 53 62 -17 -28 56 57 -15 92 -60 -10 -38 119 -45 74 -23 68 -68 -47 -62 71 -52 85 -43 -29 -42 -19 122 -14 -25 -32 -82 83 84 -3 -39 -30 -22 -13 94 91 -7 -59 -76 -26 97 -97 -96 99 -99 102 -102 -98 -101 105 -24 107 -37 -27 -110 111 -71 113 -112 -114 -78 -93 -75 -11 120 -53 -122 123 -40 125 -124
right_child=1 4 7 6 14 12 -8 23 11 48 21 24 38 20 28 51 -18 76 -20 42 87 65 104 79 36 45 54 40 86 -31 80 34 -34 -35 -36 106 37 72 77 -41 41 73 -44 63 -46 46 -48 -49 -50 50 70 52 -54 -55 -56 -57 -58 58 59 -61 69 -63 -64 -65 -66 -67 67 -69 -70 110 -72 -73 -74 117 93 -77 115 -79 -80 -81 81 -83 -84 -85 -86 -87 -88 -89 -90 -91 -92 116 -94 -95 95 96 100 98 -100 103 101 -103 -104 -105 -106 -107 -108 -109 109 -111 112 -113 114 -115 -116 -117 -118 -119 -120 -121 121 -123 124 -125 -126 -127
leaf_value=-0.00070398238115177889 -0.00089265266836089459 0.0055086939603066929 -0.011577338374943158 0.022626345375305369 -0.00011921353015602777 0.013033647148300163 -0.0055510456763184545 0.0017998705237145932 0.0085187435665129724 -0.0020009601769487803 -0.0073740202170601531 0.015806082050071356 0.00017856600169349667 -0.0026391457077114141 -0.0054814563147195881 -0.00068039877737196359 -0.0038243191093541079 0.0019057851829622436 0.0024137131772115042 0.00081507732296150258 0.019750703530397526 0.014925616297558082 -0.005611017050494712 -0.002637733639537624 2.8584325541105746e-05 0.0033546354800883479 -0.0016566160369681214 -0.019213571043805344 -0.00057240858651351847 -0.011434476856803089 0.026662962041973885 -0.0037276034491188865 -0.004819038353614493 0.0014244013494802898 -0.020169517243603684 0.001467172588650011 0.00056085108545501862 0.017528397624602513 0.00031694771674865342 0.012325560852242064 0.025799183958343554 0.00085772470544390178 0.0067482054470344201 0.0064925851617031894 0.0049391550066363596 0.0042897966137449587 -0.001206628039916619 0.012791989076264713 -0.0037536238099940525 0.0025502795930511754 0.014974283423813352 0.00079393196134799134 0.01921333250092205 -0.0060654310124408917 0.0025638007849513333 -0.00051087292745438304 0.016418546666214343 -0.010569985014690945 -0.022353313247140356 0.015020513414705495 -0.0017089870898900142 -0.022157888353938365 -0.001767237164267043 0.002415373511293372 0.0038033438573550882 -0.0026272105273429432 0.001223337427212046 -0.0093578760266574326 0.00063634508945990462 0.0072266247358843726 -0.026121809493009074 -0.011788954977981039 0.0013680570818418547 -0.0018466237876447237 0.021073423143979864 0.00032430194787515037 -0.0030894352362264544 -0.022407653012521039 -0.011897102330945094 -0.010157034234492036 0.027151558742379431 -0.0082234563452260219 -0.0036266031866439481 -0.0012498257318124628 0.00029815087725897538 0.0043437301379585765 -0.0033143553209196951 -0.0041386474878801569 -0.0047005189844956299 0.018678959229632992 0.010431057259063767 0.0061836332870683769 -0.025276065400606465 0.00073720558254067889 0.026849568635584867 -0.0037859151505494882 -0.025883020195505212 -0.016784450225944152 0.017057825036341966 0.025737381740419642 0.0092409678131603716 -0.023689059094781421 0.0024508524316335231 -0.0069546112059263657 -0.004506899064313695 -0.0085246887307965716 -0.003428487221211501 0.0085712416892985994 0.0098847704888189985 -0.017544489819775692 0.0079174137923635479 0.0030421292983742886 0.0010615075238978621 0.0032244363476930265 0.0036215371679202018 -0.00052418309550092076 -0.022423226574637387 -0.0071588224516731516 0.0023298650282241001 -0.02841207310877834 0.017080935403069753 -0.012413003722474055 0.0070633398428832078 0.0038132992592619531 0.0016737996647182749 -0.0020734380708478514
leaf_weight=46.710974119603634 546.34331193566322 763.62623284757137 188.98756108433008 49.480990685522556 1464.3892890363932 388.60804267972708 4255.4383468478918 5967.6052975207567 896.52386037260294 2041.2680832818151 137.60228847712278 262.69542795419693 300.98653768002987 7185.5556062459946 5292.2457566559315 2924.6858804598451 5797.3223675340414 1636.7590620070696 4993.5602851063013 3511.7156094834208 28.171869106590748 274.48252668231726 3852.0158954188228 2052.3750347942114 1642.3849433809519 2019.3762989193201 7234.1435999274254 43.277115844190121 2630.8617137819529 52.148496434092522 362.66578208655119 909.80286901444197 5653.3099298626184 5247.9674204587936 104.13284973055124 1165.2144035100937 75.290196940302849 129.58136361837387 3676.041216544807 178.45923379808664 26.128613270819187 802.75341691076756 3703.2034670636058 4203.9925086349249 2213.9114934951067 5161.3691465556622 2733.2906332910061 242.66013288497925 4227.9863660559058 4473.0578813776374 40.072198107838631 10630.801984250546 99.00672660022974 1159.4002892076969 1349.6398674845695 6156.2740043476224 79.137463174760342 214.77299039810896 28.088336199522018 58.434399329125881 650.09779079258442 78.94936291873455 3883.5399310514331 1660.9205669239163 2835.4424955621362 81.858075492084026 10076.567134022713 220.50895906239748 2476.9704565629363 3162.1552466452122 53.172713041305542 98.046007767319679 3939.0489545539021 979.34461702406406 37.515471890568733 9786.2817809283733 4105.0826980993152 26.441843211650848 191.04773196578026 348.82734134793282 27.787477761507034 32.107721373438835 1829.849854119122 8428.2780730500817 3744.8015138804913 364.44047245383263 13864.398227080703 7602.6189694777131 45.287096902728081 37.04465426504612 1520.3512181863189 4049.7989790663123 113.26548105478287 7533.8587604984641 38.954257026314735 1087.753456145525 146.45768981426954 93.075329482555389 72.046911254525185 25.932362295687199 70.983728632330894 46.423573151230812 33.248934358358383 40.029828146100044 2777.93496106565 4836.2304457873106 426.46001145988703 423.18774303048849 626.12431965768337 20.874586217105389 1903.5701960027218 3029.9058820009232 4796.4159498512745 1781.6333632916212 6951.4738984704018 5443.9559173732996 17.743865646421909 1165.0072903707623 1307.0995982289314 16.384872980415821 104.86465565860271 20.857726000249386 1881.3453142717481 2663.5136197805405 1301.8423963934183 243.18561012297869
leaf_count=138 3968 6098 1005 193 11692 2903 33360 45179 7037 15843 714 1179 1651 54322 40852 22660 45689 12833 39269 26504 190 1293 30667 15695 11873 14919 56921 203 20871 225 1054 5664 44682 41516 518 9124 428 922 26066 891 95 6244 28795 31848 16812 40684 21162 1818 32195 32930 271 81974 417 8716 10300 47377 403 1429 195 395 4888 416 29981 12965 21909 392 79236 1603 19457 24927 286 657 28821 7797 246 76061 31842 170 1041 2221 130 110 14466 66648 29863 2552 107543 58608 266 205 11972 31300 529 58766 207 6475 493 359 362 93 325 154 172 157 21227 37960 2910 3189 4032 128 15031 23992 37577 14016 54676 42319 82 8970 9642 34 443 128 13912 20160 9560 1770
internal_value=-9.71344e-06 -0.0017294 0.0023365 -0.000597723 -0.0035005 0.00437851 -0.00179199 0.00134233 0.00183328 0.000409633 0.0135262 0.00277012 0.00413704 -0.00138563 -0.0044408 0.000862955 -0.00165431 -0.000115268 0.00486404 0.00543912 -0.00224574 0.00579866 -0.00553173 -0.000398136 0.000540373 0.00168247 0.000152527 0.000363718 -0.00351002 0.00925064 0.0216283 -0.00218035 -0.00385239 0.00341981 -0.00543541 -0.00137794 0.000143146 0.00164325 0.00228005 0.00237303 0.000461487 -0.000438245 0.00458452 0.00389261 0.00241048 0.00196746 0.0016161 0.00204062 -0.00223202 0.00224496 0.00202373 -0.000238288 0.000307628 -0.00221047 -0.000992696 -0.00185918 -0.00293975 -0.00314358 -0.0118572 0.00275945 0.0038716 -0.0111294 0.000178546 0.00533871 0.00156009 0.0108945 0.0018944 0.00099576 0.00310542 0.00368415 -0.010233 -0.00396513 0.00209028 -0.00321161 0.000724255 0.000394861 -0.0011101 0.0026224 -0.00452278 -0.00373427 0.0240952 0.00834819 -0.000802095 -0.000402252 0.00118195 0.0078325 -0.00287716 -0.00404774 0.012782 -0.00192024 0.0076247 0.00666488 -0.0157121 0.000840871 -0.00215757 -0.00432649 -0.00599831 0.00423406 0.000318163 -0.00731816 -0.0140548 -0.00386142 -0.0206507 0.0060754 -0.00657368 -0.00723379 0.00192539 0.0033647 0.00472106 0.00897255 0.0038464 0.00518005 0.00331094 0.00565033 0.0025766 -0.00162728 0.00605311 -0.00473515 -0.00030985 0.000880176 0.000927525 0.0121206 0.00269256 0.00178644 0.00436779 0.00601654
internal_weight=270868 156304 114564 95368.6 60935.3 37511.4 43636.2 77052.7 60100.1 51732.4 963.215 36701.5 36548.2 39380.8 40371.4 44156 20563.9 15899.6 26263.8 21270.2 23481.2 493.943 18583.9 16952.6 8281.78 25316.5 14551.4 23398.6 21787.5 360.131 469.272 1738.74 7117.7 28419.7 1013.94 15850.4 7921.65 4587.31 10284.4 724.803 23209.6 12759.5 15293.7 11590.5 5725.63 23577.7 20911.4 18178.1 7576.35 4713.83 4664.35 18839.5 14755.5 4084.09 8583.78 13835.5 7679.25 7600.12 414.561 86.5227 23171.8 154.24 14656.4 5864.91 10450.1 356.341 17935.4 10297.1 7638.34 22275.3 191.291 138.118 4433.07 2947.11 7614.65 9812.41 11185.8 9792.37 492.034 2401.2 422.561 59.8952 14766.6 12936.7 4508.43 494.022 16495.3 7630.79 307.983 3334.34 5976.5 4456.15 328.038 7571.37 3297.29 1654.91 1384.87 270.039 231.084 159.038 297.114 117.407 179.707 65.9622 11466.2 8688.25 2014.86 1588.4 2666.38 646.999 21625.2 6192.06 15433.1 3685.2 11747.9 9549.04 4067.54 2144.35 3348.37 10772.9 10756.5 125.722 9765.93 6339.55 3426.37 2124.53
internal_count=2079300 1207733 871567 729475 478258 280611 333362 590956 460640 396113 3831 279344 276780 300002 315494 338433 162764 121331 202450 163181 178671 2399 146228 130316 55684 194080 112400 181296 169266 1670 1432 11041 56374 223660 6182 119873 54014 33139 74330 4859 180291 99167 116924 88129 43316 183039 163960 142798 57680 34337 34144 144353 112977 31376 67221 104650 57273 56870 2548 590 182144 844 112560 44813 81124 1685 140980 80839 60141 175107 1214 928 32295 23011 59215 76156 86994 71638 2692 17916 1294 240 117075 102609 35961 3474 128414 58798 1445 20875 46257 34285 1958 59012 20670 8797 7619 1178 971 609 1144 479 665 250 89854 68627 15223 12313 19079 4160 170219 48919 121300 29047 92253 74161 31382 16767 25485 82579 82545 571 71468 46226 25242 15682
is_linear=0
shrinkage=0.02


Tree=2
num_leaves=127
num_cat=0
split_feature=10 10 10 2 14 32 34 5 8 29 16 8 32 6 54 28 21 40 47 39 26 39 38 26 48 45 50 9 40 38 43 39 14 29 38 47 33 39 24 2 48 47 39 34 29 40 19 43 28 29 26 10 15 15 4 38 16 47 29 4 26 38 29 47 6 40 47 38 47 33 39 14 29 48 39 6 5 29 47 1 52 20 40 5 47 29 19 33 5 38 10 54 52 47 29 40 18 45 14 50 33 15 48 32 16 57 21 5 18 38 19 57 2 38 19 34 18 17 34 6 26 38 19 11 57 29
split_gain=3074.79 717.687 638.066 259.625 224.228 142.573 209.42 169.382 128.396 125.353 116.341 115.565 115.467 107.354 102.747 97.5016 97.0949 92.9913 91.0742 89.3846 85.3267 84.748 83.142 81.8428 81.8264 73.6932 68.3559 66.0184 64.2125 63.7419 62.9673 62.0065 60.8307 58.2287 56.9924 61.5615 55.3115 54.5897 53.5422 53.2029 54.4142 52.8526 52.8266 52.7655 52.5486 52.1449 51.495 51.3167 50.6222 55.1277 50.1172 49.2662 51.0745 48.8243 46.0467 45.4392 64.3552 51.0397 45.2321 46.043 45.4867 44.8833 44.5524 44.4492 47.3386 44.3532 43.2013 43.034 42.9691 42.9311 42.8995 72.8323 47.9591 42.4187 54.5585 58.3085 70.4146 45.0243 41.7493 46.7432 41.7343 41.2775 44.4122 42.5877 41.1114 40.8986 63.5105 51.1807 40.1854 39.628 39.2714 38.6311 38.3293 37.5927 41.7603 37.5235 37.258 41.7469 46.2768 37.1656 37.0403 37.039 38.1695 45.1869 50.7867 36.9708 36.7324 39.9341 36.723 36.5861 36.384 36.1738 41.5612 35.9198 40.2767 35.7838 35.7799 54.6282 35.4001 36.8332 38.187 42.9472 74.4992 36.138 35.279 35.0195
threshold=-0.16901602596044538 -1.3676642775535581 1.1052643656730654 0.00091171421809121977 -0.33716261386871332 0.079351320862770094 0.045833334326744087 0.083904404193162932 0.65259125828742992 5.5565536022186288 -3.1364291906356807 -0.97993990778923024 0.0025336927501484756 2.520602941513062 0.12884630262851718 0.81174489855766307 0.58047842979431163 -1.0000000180025095e-35 0.0031560448696836834 0.059374999254941947 0.78656607866287243 0.4760416597127915 -0.02195420395582914 0.91597560048103344 -0.010451895184814928 0.0013800234301015737 1.3844550251960757 1.5766786336898806 -0.3415063470602035 -0.032929126173257821 -0.012606590520590542 0.25937499105930334 -3.2878726720809932 -3.8238525390624996 0.11859846115112306 -0.0055381632409989825 0.0071297422982752332 0.55937498807907116 -28161.518554687496 0.026871512643992904 -0.002599353669211268 -0.086883541196584688 0.56354168057441723 1.0000000180025095e-35 3.62733006477356 -0.12500000000000003 1.2743432521820071 -0.00063347464310936619 0.81174489855766307 -0.28315186500549311 0.78656607866287243 2.8735290765762334 8.6373987197875994 8.6373987197875994 0.47046864032745367 0.023429530672729019 -3.1364291906356807 -0.028864356689155098 10.144746303558351 0.37063603103160864 -0.98296290636062611 0.064876016229391112 -10.758540153503416 0.0012868396006524565 -1.0495207905769346 0.12500000000000011 -0.0067172083072364322 0.16812827438116076 -0.0030516858678311105 0.0081302556209266203 0.66770833730697643 -7.2349367141723624 10.144746303558351 -0.029698301106691357 0.43854166567325598 1.7231453657150271 0.20103961974382403 -4.9203901290893546 0.079585582017898573 0.013442420866340401 -0.18504217267036435 0.65156915783882152 -0.12500000000000003 0.36809284985065466 -0.031292820349335664 -10.758540153503416 3.2499161958694462 0.033224437385797508 0.25498257577419287 0.16812827438116076 -1.7892050147056577 0.27026110887527471 1.6766496896743777 0.0069493488408625135 0.021469593048095707 0.12500000000000011 0.42582696676254278 -0.0050005365628749123 -4.1616735458374015 -0.10361211746931075 -0.026630486361682412 1.5959084033966067 -0.077190380543470369 0.023299348540604118 -1.0025233030319212 0.053932311013340957 0.61967700719833385 0.12864399701356891 0.87983581423759472 -0.030801477842032906 15.132055282592775 -0.055907119065523141 -0.06366445496678351 -0.036436229944229119 2.953505396842957 0.15416666865348819 -0.70119363069534291 0.2562940120697022 0.15416666865348819 2.4684739112854008 0.60355338454246532 -0.17316246032714841 1.6557275056838991 0.26752431690692907 -0.052761374041438096 -4.6644926071166983
decision_type=2 2 2 2 2 2 2 2 2 2 2 2 2 2 2 2 2 2 2 2 2 2 2 2 2 2 2 2 2 2 2 2 2 2 2 2 2 2 2 2 2 2 2 2 2 2 2 2 2 2 2 2 2 2 2 2 2 2 2 2 2 2 2 2 2 2 2 2 2 2 2 2 2 2 2 2 2 2 2 2 2 2 2 2 2 2 2 2 2 2 2 2 2 2 2 2 2 2 2 2 2 2 2 2 2 2 2 2 2 2 2 2 2 2 2 2 2 2 2 2 2 2 2 2 2 2
left_child=1 5 3 9 13 7 23 43 12 10 -2 39 17 26 33 25 -8 44 70 110 41 24 78 -7 55 68 81 28 29 -12 54 46 -24 67 35 69 -26 51 -11 50 -41 -19 62 -1 125 47 61 -34 49 -47 -5 52 -27 -28 -18 56 57 -21 59 -15 -61 -16 -23 64 89 109 99 -14 -6 -10 71 -13 108 74 75 76 101 -77 79 80 -20 111 83 -83 -66 86 87 90 -36 -30 -44 -78 -55 94 -84 -37 97 -43 -99 -48 -87 102 -57 104 -104 -62 107 -64 -73 -35 -9 -4 -113 114 -95 -58 -45 -118 119 120 121 122 -33 -123 -40 -3
right_child=2 8 4 11 15 6 16 19 34 38 27 18 14 58 31 -17 30 20 22 21 -22 42 32 -25 36 37 53 -29 63 -31 -32 118 45 65 88 95 -38 -39 124 40 -42 96 85 116 -46 48 66 -49 -50 -51 -52 -53 -54 92 -56 73 115 -59 -60 60 105 -63 106 -65 84 -67 -68 -69 -70 -71 -72 72 -74 -75 -76 77 91 -79 -80 -81 -82 82 93 -85 -86 100 -88 -89 -90 -91 -92 -93 -94 113 -96 -97 -98 98 -100 -101 -102 -103 103 -105 -106 -107 -108 -109 -110 -111 -112 112 -114 -115 -116 -117 117 -119 -120 -121 -122 123 -124 -125 -126 -127
leaf_value=0.0035390084818103656 0.022595246898266402 -0.0047585601665559533 0.0065173318517430991 0.0003919357890711301 -0.00046159384788751015 0.0035726556567878165 -0.0040716076916229929 0.0075880088482170429 0.0028218632033177094 -0.016795413156848567 0.0044963687109924972 -0.037892954190624113 -0.0016261759390910218 0.0016318522917220352 -0.0016956017171190125 -0.0019324699165955178 0.013137483847719986 0.030264959960304705 0.002399928739349196 0.013452309204882397 -0.0027021679102161395 0.027200546596194343 0.018160216646786846 -0.027698862101092365 -8.7343406581945039e-05 -0.0063096777378954276 -0.0035347813952040382 -0.0023739161844784423 0.0019787772898738516 0.00079163718197066595 0.0044241289478201776 -0.016221765221379098 0.00042912436407810015 0.0062387038825136186 -0.0024202545161148346 -2.6465134027944455e-05 0.0044943127597854658 -0.0039821368973878678 0.0024270924700980352 -0.0046091239843397708 0.0069705263212106764 0.0037239245469205917 0.029636371019272297 0.0073766539228615272 0.0058825603529996827 0.00073497909270237331 0.0033494311889990984 -0.0040628870696854044 -0.0014241577427577656 -0.0066742876559051437 -0.0031561612637129094 -0.002914892410321333 -0.027325524503631377 -0.0054130786533173863 0.03062812378225856 -0.017560115991876152 0.00040034597377764687 -0.0010113846753807951 -0.013775232131505187 0.0359058758634309 0.017068731786607592 -0.031842624632848877 0.0074672945080335711 -0.0012094966458384678 -0.003241179734307262 0.0024376537750289387 -0.00097215172645800658 0.029323826669724967 -0.0039755297725834445 -0.00059666128899461205 0.00081017452372006177 -0.0014111341745468369 0.016355054408497091 0.00079225666857815819 0.0071831788146889302 0.011071899018056271 -0.023974765008749847 -0.003427772223057552 -0.012061811653280604 0.0015291194101223194 -0.0027371031987527415 -0.00084849128577030363 -0.0039799477010822471 0.013947261222143561 0.00030982426456368421 -0.0098957084367859455 -0.031489031663522335 -0.014787426732174432 -0.011984553182954561 0.020800525155201931 -0.0057138189694987034 -0.007098705601065034 -0.02270925567855131 -0.0055072812692111475 0.00017640420226206713 -0.00252594634186282 -0.0018863684671325326 -0.020665610471092003 0.00052727589339388655 0.0099456828673024061 0.0036070557830518994 0.010138079428650408 -0.013040769497382214 0.0036418887340616958 0.0065467527076693314 -0.00034492027814795538 0.0074877573605512593 -0.013633390337222002 -0.0053861679600506578 0.0036311881735314085 -0.015925801104678367 0.027414951294104931 -0.0005029661450730034 -0.0067867825211267857 0.0018918041422087987 -0.027342340058190504 0.0057184098465036708 0.0018734235354645103 -0.018566152751706956 0.005961179343158156 -0.0058031578730281365 0.0046616916424198655 -0.0012999880698835637 -0.00066576535224796768 0.015347355782399635 0.0017388876240239995
leaf_weight=5511.2828421220183 92.177822954952717 339.36300773173571 368.42968468368053 7130.021533742547 1844.6257783994079 100.10549393296242 57.223543636500835 1663.060890711844 3601.421089373529 26.20141426473856 2759.2690788954496 21.244407460093498 1130.2404588162899 2025.3041592985392 58.071087844669819 5334.6502099558711 79.878716424107552 22.92780727148056 699.85765031725168 282.14374220371246 4204.5349400416017 42.245619088411331 47.212231159210205 49.122826963663101 1474.7287849858403 15310.107142969966 9151.2574146389961 3556.7419507950544 5280.6692128106952 5685.5902842432261 59.27315478771925 171.29588550329208 1421.8763567358255 2997.9663030579686 518.79917815327644 5407.4249566420913 3689.1046481579542 7784.6475474536419 113.03610823303461 205.06262975931168 765.62465221434832 1848.8434499651194 27.816644161939621 4271.0538271069527 1236.1382666006684 431.83650651574135 1216.317734837532 3568.9506505355239 1066.4935419857502 5670.171357370913 2049.1686516031623 1849.0594275593758 45.517947159707546 113.47399354726076 278.33388239145279 105.79394548386335 3125.6379954367876 148.52811608463526 68.747886940836906 25.458668537437916 91.058572955429554 29.094588957726955 70.575537800788879 8323.917476311326 1481.9488313123584 8672.2101954594254 616.39765714108944 17.259084179997444 5683.3462976142764 2480.5858536139131 3415.4778201133013 10742.511215060949 57.778782859444618 1068.0967085137963 145.53756602108479 112.06316231191158 152.22732078284025 352.45571525394917 152.75292882323265 1612.6169869452715 6496.4331652745605 4779.5823024883866 1873.9904756471515 78.099819980561733 10812.788206599653 81.551462687551975 32.927106805145741 45.38174657523632 265.54521551728249 44.152508571743965 21.735159307718277 86.03785315155983 94.04471655189991 661.18956607580185 1995.5095823332667 4323.5679368451238 2165.1385844647884 40.397608265280724 9208.6343056634068 475.65483091771603 5311.7742142826319 56.249858357012272 248.91879889369011 179.46017517149448 66.438519045710564 103.39202827960253 1571.0994517728686 70.963246151804924 1017.207503259182 7675.3868953362107 25.815680630505085 20.535181239247322 2227.0958547666669 1642.6100038811564 528.68734333664179 17.708023399114609 13754.659252643585 1658.2691540047526 44.496489070355892 296.51062268763781 641.17722642421722 690.00842486321926 601.32516191899776 1935.489783346653 341.66903750598431 13171.241543404758
leaf_count=43627 242 2336 2688 55582 14459 399 156 11568 27712 109 21156 40 8341 15010 383 41219 323 60 5392 1463 32941 183 275 68 11076 119449 69607 27623 41219 44667 259 887 10970 23319 3864 42418 27586 60774 809 1382 5629 14187 136 33818 9273 3303 8004 27881 8351 44165 16090 13917 260 624 681 596 22486 859 368 105 425 77 514 65160 10220 67950 4487 106 44769 18282 26730 83444 299 7879 1014 628 678 2503 964 12087 50389 36557 14447 399 84513 492 150 187 1497 243 102 443 481 4994 15274 33903 16961 178 72311 3201 38288 428 1730 1222 515 686 11552 432 7938 60261 163 53 16281 12615 3910 106 108656 13041 193 1980 4374 4703 3537 13805 2450 103809
internal_value=-1.43976e-05 0.00233639 -0.00194506 -0.000811832 -0.00345877 0.00430579 0.0137957 0.00417525 0.00114349 0.000402912 0.000274457 -0.00181651 0.00157734 -0.00202265 0.00253524 -0.00443936 0.0202826 0.000766981 -0.00234242 0.00281422 -0.000219297 0.00241359 -0.00319141 -0.00683047 0.00133013 -0.00485052 -0.00242683 0.000219614 0.000487949 0.00200263 0.0236249 0.000399972 -0.00426543 0.00324114 -0.00041193 -0.000150682 0.00318589 -0.00537322 0.0105393 7.06588e-05 0.00452101 0.000566513 0.00409734 0.00527036 0.00193677 -0.00435407 0.00298653 -0.00278309 -0.00544713 -0.00614974 -0.000400292 -0.00600232 -0.00637381 -0.00375343 0.0267781 -0.000228841 0.0012299 0.00847103 0.00208693 0.00257899 0.0112505 -0.0120166 0.00712016 -5.11271e-06 0.000563848 0.00350079 0.00355845 -0.00113467 -0.0031148 0.00142756 -0.00116409 -0.00173377 -0.00166548 -0.00225496 -0.00441706 -0.00566387 -0.00864473 8.43322e-05 -0.00172809 -0.00154743 -0.00223711 -0.00155074 -0.00206414 -0.000607584 -0.000118344 0.00313526 -0.00800153 0.00037786 -0.00567072 0.00213891 0.0143045 -0.0179401 -0.0133276 -0.00311947 -0.00183676 -0.00113726 0.00051282 0.000981107 0.000432378 0.00520917 0.0034009 -0.00524932 -0.00670654 -0.00435324 -0.00890332 0.00785015 0.00660867 -0.00312636 -0.00175549 0.00436421 0.00721878 0.000717379 -0.000235375 -0.00487019 -0.00222004 0.000235094 0.00575487 0.00530494 -0.00101472 -0.000830122 -0.00133025 -0.000484519 -0.00462624 0.000735207 0.01215 0.00157527
internal_weight=270990 122199 148791 85090.5 63700.4 46095.3 623.938 45471.3 76103.5 38518.2 38037.3 46572.3 59506.1 25848.5 27268.9 37852 474.709 32237.2 36422.4 20276.1 17490.5 18587.2 21168.2 149.228 11311.1 32517.3 23534.5 37945.1 34388.3 8444.86 417.486 6775.84 12206.5 20493.1 16597.3 15813 5163.83 24989.3 480.907 10149.9 970.687 13285.9 7276.07 25195.3 14746.7 12159.3 2395.54 4990.83 7168.5 6102.01 9179.19 17204.7 15355.6 9358.78 358.213 6147.3 3574.02 430.672 2313.96 2245.21 219.909 87.1657 1754.88 25943.5 17619.6 19345.6 2308.37 1147.5 7527.97 6082.01 15254.2 11838.7 11817.5 2573.28 1505.18 1359.65 895.126 464.519 8961.66 8808.91 7196.29 14175.7 11559.7 4857.68 12294.7 5521.19 127.861 94.9336 784.344 5324.82 49.5518 238.265 207.519 6701.99 3869.5 9730.99 13263 11097.9 9249.03 1691.97 5393.33 656.861 600.611 494.817 315.357 194.451 1712.64 141.539 11759.7 10673.4 1688.88 2616.06 2247.63 2832.49 1189.88 3143.35 19684 15412.9 4380.3 4335.81 4039.3 3398.12 772.621 2625.5 454.705 13510.6
internal_count=2080040 931347 1148693 659322 489371 346007 1886 344121 585340 298411 295043 360911 457664 194524 205608 294847 1419 252056 282228 144979 136638 133248 163777 467 81212 253628 177930 294801 267178 65823 1263 45631 94945 159977 127676 122315 38662 194400 3368 78683 7011 103697 52036 199142 115418 94670 16152 38851 55819 47468 71672 133626 119709 70712 1004 42550 24914 2322 16594 16226 1216 460 12681 201355 136195 151530 15692 8447 59228 45994 118451 91721 91681 17636 9757 8743 5612 3131 68832 67868 55781 107218 88196 36956 94733 39355 575 425 5361 41462 238 1121 1105 51240 29721 76321 103637 86676 72489 11205 38780 4491 4063 3467 2245 1111 12498 946 91382 83580 11731 19022 16334 21519 8904 22592 155515 121697 29479 29286 27306 22932 4424 18508 3259 106145
is_linear=0
shrinkage=0.02


Tree=3
num_leaves=127
num_cat=0
split_feature=10 53 10 16 10 10 32 6 5 40 8 53 55 28 26 38 40 26 54 39 39 47 48 55 13 26 40 47 44 31 47 29 29 1 39 40 49 55 7 13 17 33 29 39 19 43 16 52 26 39 38 47 6 54 26 14 6 38 4 53 2 26 2 4 1 38 16 47 55 6 39 5 47 8 6 29 55 7 33 46 29 32 39 39 4 47 13 52 14 17 39 57 28 28 46 14 48 17 5 19 20 54 7 53 38 47 54 39 5 40 46 5 38 29 16 1 2 38 6 29 16 19 25 40 20 3
split_gain=2953.08 773.335 689.37 335.479 198.964 159.714 137.108 166.73 162.712 130.776 123.352 136.721 104.416 103.058 100.122 97.8434 95.2669 90.3349 90.2815 85.8596 81.4054 79.4234 78.5971 92.3865 67.4667 66.2972 73.6548 65.1923 72.6627 64.2293 62.1991 60.9381 58.9398 58.5169 57.4471 56.5452 54.3224 53.9224 78.6864 79.3206 53.4577 52.1805 51.942 50.7597 50.5624 50.4457 50.0268 50.4836 50.0031 48.878 48.4972 47.766 46.7066 46.1841 46.0181 60.7122 46.0303 81.2903 48.2425 45.1539 44.716 44.1394 44.0289 44.0003 53.7334 43.6427 61.8289 49.0451 44.1 54.9204 59.8232 57.7292 65.617 43.0298 47.852 42.879 42.6755 46.7041 46.7363 42.4729 41.9022 41.5547 67.0803 56.6083 56.7269 43.8139 40.5489 42.0741 40.4079 40.1423 40.0485 39.9912 39.9737 58.635 67.5921 39.7521 39.7446 39.282 39.021 39.0094 38.7014 38.664 38.6601 47.5041 44.9319 56.8057 38.4842 43.382 38.0228 42.6739 37.9952 37.9838 45.7104 53.1996 37.9319 37.3767 36.463 37.2508 44.8345 36.4405 35.8161 35.8257 35.7614 46.512 35.6871 35.6603
threshold=-0.16901602596044538 0.27687852084636694 -1.3676642775535581 -0.37399232387542719 1.3528838157653811 1.057960629463196 0.079351320862770094 1.4548918604850771 0.083904404193162932 -0.12500000000000003 0.85137018561363231 -0.21923572570085523 0.1935292258858681 0.81174489855766307 0.91597560048103344 -0.30658195912837977 -1.0000000180025095e-35 0.91597560048103344 0.087614953517913832 0.059374999254941947 0.4760416597127915 -0.086883541196584688 -0.010451895184814928 0.43776553869247442 0.1290664151310921 -0.12940952181816107 -0.3415063470602035 -0.044350966811180108 0.032405601814389236 0.14999999850988391 -0.044350966811180108 6.393367052078248 1.0711729526519778 -0.020752206444740292 0.68020832538604747 0.46650633215904241 0.97139072418212902 0.43776553869247442 -0.16230700910091397 0.70068052411079418 0.40368437767028814 0.0074506830424070367 0.72462558746337902 0.56354168057441723 3.0989918708801274 -0.012606590520590542 -3.9366215467452998 -1.012492775917053 0.78656607866287243 0.24270833283662799 0.08249282464385034 -0.0055381632409989825 3.9194630384445195 0.36712509393692022 -0.7865660786628722 -7.2349367141723624 -0.5916670262813567 0.19181682914495471 0.37063603103160864 -0.90916565060615528 0.00098543480271473549 0.37940952181816107 0.0062364975456148395 0.18781381845474246 -0.008801276329904793 0.023429530672729019 -3.1364291906356807 -0.028864356689155098 0.12369704246520997 1.7567236423492434 0.43437500298023229 0.21409656852483752 0.011826529633253815 -0.99532005190849293 2.520602941513062 -10.758540153503416 0.10206624120473863 0.2605442106723786 0.049673473462462432 0.015767779201269153 3.7585318088531499 0.0027402602136135106 0.37604166567325598 0.063541665673255934 0.085281990468502059 -0.0065412805415689937 0.8126465678215028 1.4249806404113772 -0.12691318988800046 0.24744868278503421 0.33020834624767309 -0.20517362654209134 1.0000000180025095e-35 0.81174489855766307 -0.063792809844017015 -1.9427984952926634 0.0036697265459224586 1.5030205249786379 0.020083770155906681 8.7338814735412615 1.1262865066528323 0.27026110887527471 0.12046080455183984 -2.2940098047256465 0.094646267592906966 -0.035670364275574677 0.22268584370613101 0.10520833358168603 0.32104983925819403 0.12500000000000011 -0.022814515046775338 0.15732610970735553 -0.053446326404809945 -3.3631205558776851 -0.12493729591369628 -0.047346591949462884 0.04364494979381562 -0.20845020562410352 -1.2580205798149107 -10.758540153503416 -0.63637197017669667 2.3251178264617924 -0.91597560048103321 0.46650633215904241 0.53251719474792492 -1.3470023870468137
decision_type=2 2 2 2 2 2 2 2 2 2 2 2 2 2 2 2 2 2 2 2 2 2 2 2 2 2 2 2 2 2 2 2 2 2 2 2 2 2 2 2 2 2 2 2 2 2 2 2 2 2 2 2 2 2 2 2 2 2 2 2 2 2 2 2 2 2 2 2 2 2 2 2 2 2 2 2 2 2 2 2 2 2 2 2 2 2 2 2 2 2 2 2 2 2 2 2 2 2 2 2 2 2 2 2 2 2 2 2 2 2 2 2 2 2 2 2 2 2 2 2 2 2 2 2 2 2
left_child=2 4 6 9 25 60 8 14 44 18 11 12 81 34 21 35 42 37 49 102 22 -8 65 41 61 46 31 28 116 33 108 62 -6 92 52 53 99 73 -39 -40 -15 -24 63 75 -1 91 -2 96 98 -3 51 -12 86 -14 88 -56 57 58 -57 -34 80 -23 -27 64 -13 66 67 -21 -67 70 71 106 101 -11 122 -22 -45 -78 -79 -38 -5 82 -4 85 -85 -83 87 90 -49 -46 -7 -9 -17 -94 -95 -19 -48 -55 -18 -20 -80 -73 103 -10 -104 -106 107 -70 109 -31 -109 -43 113 -113 -36 -71 117 -28 -119 -32 121 -61 -75 -124 -44 -120
right_child=1 3 10 5 32 13 7 45 19 17 50 16 15 40 -16 29 48 95 36 20 43 24 23 -25 -26 26 27 -29 -30 30 119 -33 59 -35 114 -37 79 38 39 -41 -42 111 124 76 89 -47 47 54 -50 -51 -52 -53 -54 97 55 56 -58 -59 -60 120 -62 -63 -64 -65 -66 68 -68 -69 69 115 -72 72 -74 74 -76 -77 77 78 100 -81 -82 83 -84 84 -86 -87 -88 -89 -90 -91 -92 -93 93 94 -96 -97 -98 -99 -100 -101 -102 -103 104 -105 105 -107 -108 110 -110 -111 -112 112 -114 -115 -116 -117 -118 118 125 -121 -122 -123 123 -125 -126 -127
leaf_value=0.0044480567718095101 0.02213283654850183 -0.0045222808398435958 0.00020067688386387499 -0.0016200101541872524 -0.0029835837807206844 -0.0039969397718875718 0.018765138363014397 0.0054150290128813731 0.017419844913498777 0.0005254023227027133 0.0013989968959339317 0.0097523069530761116 -7.6230806894257209e-06 -0.0062105059731043123 -0.024062677486854325 -0.012211795762231579 -0.0053356257757391909 0.0045778290418404784 0.0026408415841923973 0.013187403666714457 0.026684474015189134 0.01559505346922206 0.00019060236893962684 -0.035147239517399738 -0.030868275026273304 0.0034818201093894142 -0.017877706982460686 0.00089912715780593206 0.020779042669337736 0.0091558688271319143 -0.027155037365239464 0.014783829112050124 0.0074593099089115067 -0.0014788727906341712 -0.0018192916770804598 -0.014820302483566432 0.0028213003332685665 -0.029254006430752186 0.02299623670903728 -0.013851906679891571 -0.0011823884842678404 0.0034462514523215903 -0.0019076369753951662 0.0052063325177200675 0.0069175835396593213 0.0039631187726066755 0.00077025178128309877 0.00067566769848283431 -0.0026257949774679715 -4.210335687576688e-05 -0.0043914256634127718 -0.0012614575802757564 0.0014092650838435838 -0.0036398145280457858 -0.022224921884751607 -0.00048122776509803254 -0.0027870273598529101 0.023042996080979039 0.030754122316544643 -0.0093641542032515523 -0.0031559273431747948 -0.014370505654262936 -0.0018544601107137735 -0.0085341280166392752 0.00054127572622183107 0.00040177159771638007 0.00023021544851515235 -0.00099128118300631854 -0.028157683675907954 0.013828596111817859 0.0068875987591352243 -0.028339829674921713 0.015234107519280954 -1.2237473341093958e-05 0.0015783368945775315 0.0064772689548622643 0.0025881235556657195 -0.00145939814225751 -0.003294764730199956 -0.0042184363653039667 0.0063077692369721983 0.00958161384801068 0.0032441123533905581 0.0038005705907152697 0.0015918900619331761 0.0029120870419484805 -0.0061366926043813184 -0.0027914186409695508 -0.0070745782531679881 0.0036912495669446017 -0.0076357494133472174 0.02851097510856045 0.0065742433199646715 0.010702369011235746 -0.017133790902995414 -0.0064449189182121834 0.0064505023285634103 0.021509841385652193 0.00028037966664440806 0.012928252516125902 -0.032179059636625762 -0.01011479595236707 0.0060513941952573284 0.0070229257432081419 -0.026815400456165567 0.0016519380317519242 -0.020343786736181799 0.0030760323902295585 0.014142400852179521 -0.0068497661715783411 -0.0079389659756384876 -0.0057634707997555957 0.0040173189451586395 0.015916247871540251 -0.0047518901251397587 -0.0016421631854672753 -0.027743533739667165 0.004824829827086226 0.022251417535342925 -0.0024594381322764862 -0.0012529336842159006 0.016554023720232916 -0.0040512361258972411 -0.00016916120599945426 0.0037281145865969202 -0.0066283625546265856
leaf_weight=15366.911268733442 38.596573702991009 1595.679834343493 5952.1315214410424 7573.1473403200507 10115.764119967818 2668.8957873433828 118.45011046528816 34.560410931706429 248.52457702159882 3134.88778308779 4318.3199316188693 262.14325501769781 84.144361175596714 1038.2895853146911 47.883671157062054 476.20564192533493 517.06805723905563 137.86059446632862 5028.0458400845528 282.07589156925678 42.220953278243542 51.867537751793861 1514.7920991629362 24.112809546291828 28.17810320854187 4989.7560263648629 77.803608529269695 18041.795266933739 43.503871902823448 155.57225050032139 25.328593879938126 174.691535115242 325.88040773570538 1148.1353319361806 3151.6213625073433 33.561638787388802 563.68327553570271 68.368120603263378 33.862631857395172 69.867121934890747 4551.5351767390966 2741.258208990097 494.03954758495092 2232.55510353297 7902.8508868515491 49.616502232849598 1881.7076458409429 7458.0825353637338 3758.6585282981396 2499.1186794191599 1262.5263668596745 7196.1687146574259 386.80485055595636 28.871552288532257 56.165782049298286 4204.4396276548505 5349.8420586138964 59.349716536700726 18.871556550264359 27.449755199253559 17649.814552076161 30.337171755731106 705.06378841400146 203.13489351421595 6814.1391006186604 1289.5319915488362 3143.3309078738093 148.52976769208908 27.540122926235199 78.832535639405251 102.74448800832033 123.97026992589235 20.859325602650642 1685.3970676735044 1215.4231090173125 1712.4408882707357 2825.0439573451877 389.08409283310175 35.28208614885807 871.39976684004068 275.39954159408808 934.92936924099922 5644.1422406062484 11082.051168307662 8022.8361621573567 683.39963090419769 17498.842877715826 3559.4262850061059 278.14816004782915 1923.3571475744247 2222.2819376811385 262.64324340224266 141.20915200561285 45.237992994487286 143.09987135976553 2330.0316943824291 666.93185039609671 163.50307480990887 11056.595916122198 151.03983995318413 38.943665400147438 77.111546717584133 697.27562090754509 606.87027993053198 38.221118152141571 97.781698547303677 65.37388502061367 234.3857699111104 183.38424447178841 115.00296930223703 266.82656153291464 51.313842244446278 478.59294729679823 353.52003067731857 4016.4748417288065 286.09029613435268 27.30367374420166 199.29102187603712 16.571305513381958 264.34585647284985 1831.3432328179479 86.31171203404665 5896.9568812400103 1562.1245319470763 4892.1734277755022 681.14767947793007
leaf_count=121288 119 12482 46597 60021 78522 20933 371 94 1674 24117 32673 2011 440 8253 88 2609 4137 946 37010 1463 183 242 11420 73 68 38798 361 140989 136 996 87 1218 2383 7367 24459 144 4106 203 119 360 34816 21040 3746 16980 62637 204 14502 57183 29384 19511 9203 56455 2861 146 258 32824 41294 284 52 153 139353 90 5428 1220 53834 9534 22592 859 180 437 696 478 105 12776 8717 12498 19378 2707 177 6115 2141 7101 44528 87582 59872 5267 135127 27955 2218 15217 17523 729 874 217 789 17672 5113 640 86056 1114 113 399 4856 4313 179 709 323 1636 796 720 1870 306 3387 2436 31570 1978 68 1480 47 1755 13754 501 44094 11817 38094 4837
internal_value=-1.4109e-05 -0.00190614 0.00228976 -0.0030481 -8.56036e-05 -0.00382907 0.00422001 0.0135293 0.00409203 -0.00116879 0.00112063 0.00148232 0.00230962 -0.0046323 0.00193251 -0.00125416 0.000438373 -0.00230602 0.000544596 0.00275804 0.00236539 0.00745742 0.00130351 0.00312233 -0.00472727 0.000532617 0.00122026 0.000617614 -0.00423505 -0.00247844 0.00252076 0.00317944 -0.00232994 -0.00438192 -0.00505177 0.00936685 0.00198944 -0.00166974 -0.0127629 -0.00170854 -0.00211747 0.00330888 0.00172192 0.00401568 0.00516542 0.0227471 -0.000324907 -0.00036946 -0.000621912 -0.00178888 -0.000671848 -0.000263576 -0.00548399 0.0123489 -0.000754076 -0.00167245 -0.00155021 -4.66978e-06 -0.000334171 0.000581188 -0.00259738 0.00448461 0.00282076 0.000619883 0.000883973 -0.000224389 0.00120525 0.00830344 -0.00221005 -0.00483272 -0.00743771 -0.00924874 -0.0179362 -0.00152726 -0.00214848 0.00697899 0.0030726 0.0016225 -0.00425616 -0.00145258 -0.00134093 0.00264132 0.00168222 0.00317786 0.00287325 0.00676931 -0.00558683 -0.0044475 0.000396008 0.00628661 -0.00565164 0.0258558 -0.00851034 -0.00313784 -0.0104212 -0.00582716 0.00225901 0.0177309 2.89518e-05 0.00294349 -0.018689 -0.0214404 0.00707515 0.0100616 0.00399985 -0.00647832 -0.0059771 -0.0041639 0.00713602 0.00234912 -0.00279008 0.00461135 0.00821752 0.0131584 -0.00346308 0.00172584 -0.00534159 -0.00468531 -0.0035213 -0.00470821 -0.000573891 0.0102644 -0.00264405 -0.00323849 0.00321074 -0.00591015
internal_weight=270986 148792 122194 91436.3 57355.8 64592.5 46091.7 623.537 45468.2 26843.7 76102.1 63325 35327.1 39094.2 276.717 3007.6 27998 16134.8 10709 20275 18586.4 228.833 11310.8 5163.59 110.383 44969.1 24956.9 19087.4 1045.62 2697.52 743.634 5869.51 12386.7 1953.89 33504.3 310.081 6614.17 13666.9 172.098 103.73 5589.82 5139.48 12665.6 7275.57 25193.1 346.82 20012.1 19973.5 15332.3 4094.8 12777 11514.5 26336.3 276.519 17424.9 9688.67 9632.5 4282.66 4223.31 2270.99 25498.4 82.2047 5694.82 7279.42 7076.28 6147.2 3573.94 430.606 2573.27 1283.73 918.812 816.067 221.941 13494.8 10359.9 1754.66 5520.91 3288.35 463.31 1435.08 7848.55 32319.5 11596.3 20723.2 19104.9 1618.33 25949.4 8450.6 7736.23 9826.21 4891.18 297.204 805.753 329.547 188.338 2467.89 2548.64 192.375 11573.7 5179.09 74.2258 201.082 1688.67 855.395 833.278 136.003 594.126 528.752 453.959 270.575 501.212 3624.69 883.427 404.834 7168.1 364.923 1002.12 974.814 897.01 289.674 1945.1 113.761 9144.48 7459.08 5386.21 697.719
internal_count=2080040 1148693 931347 706171 442522 505012 346007 1886 344121 201159 585340 487009 268527 303497 859 17580 218482 120821 80338 144979 133248 771 81212 38662 400 347209 193362 147918 6929 16210 4354 45444 95313 11856 260428 1370 48345 102203 682 479 43069 38589 98905 52036 199142 1027 153847 153728 119577 31993 98331 89128 204399 1226 134113 74712 74454 33160 32876 16791 201515 332 44226 57065 55845 42550 24914 2322 17636 8102 5687 4991 982 101521 77404 12681 39355 22375 2997 10221 62162 250947 91125 159822 147454 12368 201538 66411 59401 77854 38456 823 4489 1880 1006 18618 19615 786 90193 38124 290 877 11731 5987 5744 888 4009 3686 2512 1716 3506 27169 6129 2742 56029 2415 6793 6725 6364 1842 14408 654 68687 55911 41840 4884
is_linear=0
shrinkage=0.02


Tree=4
num_leaves=127
num_cat=0
split_feature=10 53 10 16 10 10 32 45 17 53 40 8 40 55 16 55 28 38 21 26 26 39 18 29 25 29 32 2 55 47 6 46 18 45 16 52 29 38 13 53 39 26 17 1 0 18 40 55 29 47 55 39 39 53 29 32 39 39 29 10 0 14 46 14 1 10 46 6 28 25 55 20 55 47 16 55 39 24 6 52 39 39 26 14 14 12 53 28 47 53 13 51 14 53 6 2 39 9 31 29 17 1 6 25 39 39 29 38 29 16 6 7 20 38 53 29 56 29 44 38 13 53 55 6 31 38
split_gain=2884.8 746.605 693.473 326.497 191.154 134.546 124.951 201.271 147.807 124.849 114.026 111.834 108.993 103.728 94.7981 93.025 89.933 85.8754 83.3594 71.3838 67.1799 63.5494 62.2941 62.1905 62.0484 61.4773 106.834 61.2001 59.5826 58.9374 60.8416 64.5834 58.9713 54.4204 53.8881 55.2769 53.5631 53.3843 53.016 52.5349 51.1805 49.3812 49.006 48.9689 57.5994 48.5995 47.8925 51.6429 45.9196 45.0005 44.6156 44.418 50.2777 44.6254 44.0738 43.975 53.0001 50.2393 44.2587 43.7223 61.7108 43.6857 42.6964 41.9837 41.9262 41.6604 40.6696 42.7122 40.5393 51.688 118.183 61.2833 48.9725 41.3346 64.6832 40.975 44.7344 40.5386 41.5602 41.1757 40.4977 46.2942 40.1671 59.9087 44.6264 39.854 39.7234 39.6113 39.3292 39.1324 41.6599 39.0607 38.8682 38.7341 38.6164 38.334 53.8027 38.18 37.8704 51.1084 67.8095 47.0511 37.8671 37.4092 60.5651 47.1349 40.5424 38.5095 37.2249 57.0879 41.1634 36.8296 35.9983 35.7535 35.5995 35.5821 35.4085 35.3602 35.3054 46.5538 34.9872 34.5799 44.0432 34.3721 34.1002 34.093
threshold=-0.15212605148553845 0.26088041067123419 -1.3676642775535581 -0.35244524478912348 1.3528838157653811 1.0421040058135989 0.079351320862770094 -0.046839609742164605 0.24464726448059085 -0.20229905098676679 -0.12500000000000003 0.85137018561363231 -1.0000000180025095e-35 0.3536743968725205 -0.73708593845367421 0.1935292258858681 0.81174489855766307 -0.30658195912837977 1.1670629382133486 0.91597560048103344 1.0000000180025095e-35 0.55937498807907116 0.35417459905147558 4.0495872497558603 -0.6035533845424651 -5.2428007125854483 0.079351320862770094 0.033644277602434165 0.3536743968725205 -0.050973989069461816 -1.3543592095375059 -0.063792809844017015 0.81766635179519664 0.044169273227453239 -3.1364291906356807 -1.2840625047683714 2.3637056350708012 0.080431878566741957 0.93153557181358349 -2.1404463052749629 0.49687500298023229 0.78656607866287243 4.2763173580169687 0.036193458363413818 0.0050807059742510327 1.0000000180025095e-35 0.46650633215904241 0.3536743968725205 -0.35559833049774164 -0.0052224907558411351 0.073670897632837309 0.055208332836627967 0.4760416597127915 -3.9420416355133052 3.507769107818604 0.0016190396854653957 0.042708333581686027 0.39270834624767309 -3.8238525390624996 -2.182142853736877 -0.0019737578695639964 -1.9427984952926634 0.0027857224922627215 -4.1616735458374015 -0.0080887312069535238 2.8735290765762334 0.061597468331456191 -1.2077820897102354 0.81174489855766307 -0.37940952181816096 0.43776553869247442 0.36537456512451177 0.12162410467863084 0.0036482397699728612 -2.4658083915710445 0.11873549595475198 0.62187498807907116 115.80258941650392 -1.3543592095375059 -0.10264600813388823 0.046875000000000007 0.4760416597127915 -0.7865660786628722 -7.2349367141723624 -0.13244450092315671 0.83125239610672008 2.7652648687362675 -0.56174489110708226 0.0066035503987222919 1.4432913064956667 0.85021421313285839 1.770667612552643 -2.7901768684387203 -1.1860813498497007 -1.5654346346855161 0.016347585245966915 0.35520832240581518 -0.73080214858055104 0.14999999850988391 1.4171719551086428 2.4868249893188481 -0.022118776105344292 1.207207262516022 -0.7865660786628722 0.13854166865348819 0.530208319425583 4.5716285705566415 -0.16242676973342893 3.62733006477356 -0.9018719196319579 0.031331049278378494 0.32895348966121679 1.0076572299003603 0.14028084278106692 -2.4126038551330562 10.144746303558351 -0.05886785872280597 8.5474190711975115 -0.0047271058429032555 -0.24098552763462064 0.2918278723955155 -0.034060467034578316 0.43776553869247442 -0.031643845140933984 0.089999996125698103 -0.13919235765933988
decision_type=2 2 2 2 2 2 2 2 2 2 2 2 2 2 2 2 2 2 2 2 2 2 2 2 2 2 2 2 2 2 2 2 2 2 2 2 2 2 2 2 2 2 2 2 2 2 2 2 2 2 2 2 2 2 2 2 2 2 2 2 2 2 2 2 2 2 2 2 2 2 2 2 2 2 2 2 2 2 2 2 2 2 2 2 2 2 2 2 2 2 2 2 2 2 2 2 2 2 2 2 2 2 2 2 2 2 2 2 2 2 2 2 2 2 2 2 2 2 2 2 2 2 2 2 2 2
left_child=2 4 6 10 20 77 8 18 39 11 14 15 36 -9 66 55 21 46 123 38 34 40 51 91 42 -26 29 98 87 30 -27 -32 54 41 -2 -36 -11 49 68 80 43 63 -22 44 85 -25 47 93 -23 118 -16 -10 121 -54 88 57 -57 -4 -58 -41 -61 -21 -52 64 -14 -18 -3 -68 69 70 75 -71 -70 -73 -75 95 89 78 -5 -79 -1 -82 84 -84 -37 -7 94 -24 -31 112 115 -6 -74 -17 -76 -12 -97 -85 101 100 -100 -19 -64 105 -105 -94 -106 -108 109 110 -33 -88 -77 -65 -102 -91 -15 -78 119 -13 -43 122 125 -8 -96 -53
right_child=1 3 9 5 23 16 7 13 22 12 19 37 33 116 50 17 65 27 -20 61 24 48 28 45 25 26 -28 -29 -30 32 31 108 -34 -35 35 82 -38 -39 -40 59 -42 120 -44 -45 -46 -47 -48 -49 -50 -51 62 52 53 -55 -56 56 58 -59 -60 60 -62 -63 102 113 -66 -67 67 -69 72 71 -72 73 92 74 86 76 117 79 -80 -81 81 -83 83 97 -86 -87 111 -89 -90 90 -92 -93 103 -95 124 96 -98 -99 99 -101 114 -103 -104 104 106 -107 107 -109 -110 -111 -112 -113 -114 -115 -116 -117 -118 -119 -120 -121 -122 -123 -124 -125 -126 -127
leaf_value=0.012875203516718533 0.016925980497009555 0.0039598674282886378 0.00010532534458997125 0.00041169012578493931 -0.0018872737267178602 -0.0043339529670153457 0.0081287869382861682 0.0092834159943002911 0.0069665294113194064 0.00090073507902089112 -0.00047261811858444804 0.011366188671203203 -0.0012200260353230344 -0.0049340383421799996 -0.0028181795890996932 0.0074162857618642912 -0.002691368618369926 -0.0079110746034884421 -0.0010422716496762522 0.0056070692941850688 0.0029397506255046941 -0.00032234153465306663 -0.004878272889180124 -0.0039004855481144063 -0.0068158491798025276 0.0099687987224982722 0.033063670802347726 0.027092982536756245 -0.016580025436040077 0.0015635409668106239 0.020029186730564613 0.012810897721758776 -0.0026629631626921692 -0.026834445039913023 0.0038900700237355442 0.0008675286193889143 0.0039827148944145555 -0.0044224260540500042 -0.015127752575567118 0.0057747049693819674 -0.0085313217643540103 0.00076770343319924514 0.023468167089774613 -0.013859651678383621 -0.002695000461588395 0.0086898171823760282 -0.013781233131173487 0.019393425742869248 -0.0041337751533902616 -0.0015236239705047824 0.0045984200867013889 0.0064620220923419583 -0.0053593295541922194 0.0046285523190907462 0.0083031187411373338 0.0071173201242196839 -1.5578238066243381e-05 0.0030299974254927903 0.0031406963085308459 0.0023739201519028079 0.0048614225921713291 -0.0058588457648513148 -0.0014077858909206683 -0.00019218799227947565 -0.025207877379239688 0.0033130531334805203 0.019990378969633953 -0.0087222484211560997 0.0030899234647224307 0.020807372971482187 -0.026912072020035094 -0.00045533714350528664 0.012421143206255805 0.026674490599882864 0.0031757057123993782 -0.004710892940890059 0.00511837387886915 0.00084441657522524793 -0.0024104674557739285 -0.0039184133668741447 0.0047707746523878288 0.0085395851470611243 -0.020796291812199628 0.0025223877771685761 -0.0067034002399133487 -0.0063099825485751163 -0.0014151846649130611 0.0019010431998353148 -0.0026754465087469909 0.00050940700557228972 -0.0074182259567397973 -0.0045638945927219399 -0.018260470594974855 -0.020683460636418453 0.0047628024223835413 0.0095995078999962045 0.00057829785872611655 -0.0014964661021435763 -0.00019636494440538845 -0.019165040430962347 -0.0049694008466105982 -0.0015159922884566421 0.002704129391758812 -0.016774067536830327 -0.0019392271422995664 -0.00059842434660072866 -0.011217861688742141 0.017503431889467617 -0.033912209367684409 -0.014070889514230219 -0.017297120719577414 0.014438824425530489 -0.014491511570900098 0.0098072928797130216 0.021361842756415263 0.021925045158302622 -0.029387697596672192 -0.01887237887791236 0.0030977314965054243 -0.0016661348267235962 -0.0035350367756173868 0.0048395788015399453 -0.021503515405141421 0.027961828918832202 -0.0058537870909012232 0.00072366566225221256
leaf_weight=383.58919537067413 72.101689845323563 2863.6779677569866 5030.2878720611334 2563.9025005400181 8746.5306915938854 6671.9475324749947 40.926828883588314 144.46906973421574 1011.0321945473552 12107.904346384108 2588.8129314482212 117.55754852294922 64.785197645425797 46.919363081455231 2799.7055532187223 101.46458964049816 5032.6141574978828 737.0337720066309 54.441841877996922 139.50181100517511 5883.4878454953432 1476.9780969023705 501.16747129708529 185.95011278241873 421.18111903220415 79.04755325615406 40.244426436722279 27.321120865643024 93.350329697132111 12726.137396216393 27.447795949876308 63.951203286647797 1542.4671623185277 31.148418262600899 1202.0592525675893 7799.2529995515943 2771.792656339705 1073.553742364049 115.41697163879871 7487.0407971888781 2008.6413097009063 962.08711542189121 45.924340888857841 256.65126476436853 3395.419562779367 356.03699143230915 32.325641617178917 152.64156365394592 8814.7311167344451 2981.5603207498789 783.08823797851801 444.89904336631298 185.48282608389854 4478.4213663414121 365.26856548339128 1237.1268330737948 1947.1304957643151 4408.4861382544041 20271.764215283096 6338.3826813697815 10787.619574964046 2506.6520875915885 3751.7373951971531 13349.766194030643 52.277710601687431 507.95529195666313 22.499098852276802 176.04748659580946 1447.1876529678702 40.798907920718193 67.228021517395973 1383.5545835793018 59.049592770636082 25.671990796923637 213.64232830703259 745.88093739748001 378.56083253026009 786.19495491683483 11206.472850047052 9387.8963469639421 3560.6642429456115 2064.2354214265943 61.425913780927658 1033.3487549126148 323.36000688374043 10588.024905174971 286.87878075987101 1098.7029386162758 939.10390761494637 720.11090772598982 295.33376617729664 2907.0193344652653 139.80915267020464 23.270139500498772 124.00175221264362 420.59296360611916 710.51454297453165 11006.960512392223 580.91166353225708 44.588613957166672 25.334653057157993 1225.4154696315527 1175.6912700682878 81.834404721856117 300.71369352936745 106.22373741865158 22.459854632616043 94.031920701265335 26.121669366955757 267.77857151627541 24.237890727818012 72.592417612671852 188.47412958741188 143.57609847187996 99.317401871085167 31.44069004803896 48.095448270440102 25.286943182349205 2643.2749450653791 1455.8009886816144 3515.1447714567184 1106.5066044926643 33.57355123758316 296.14665155112743 3973.8087037950754 5835.4076255485415
leaf_count=2796 239 20513 39356 20314 67683 52526 91 622 7141 94981 20205 679 398 136 22040 531 38974 4097 151 970 45723 11523 3527 1335 2737 557 85 119 394 99791 154 388 12121 183 9253 59781 21236 7805 707 57566 15542 7516 230 1716 25214 2338 143 587 68905 23354 5938 2701 1226 32874 2630 9521 14027 34751 157872 48508 85481 18992 28430 104500 217 3765 133 1074 11301 206 224 10477 376 128 1610 5242 2770 6181 88927 73909 26821 15455 279 7988 2577 82888 2121 7680 7314 5322 2138 22469 1018 103 961 3161 5399 85227 3552 232 118 7889 8923 480 2218 816 120 604 86 1990 136 511 1421 1007 510 173 108 170 20466 10815 27475 8310 116 772 30065 43219
internal_value=3.71007e-05 -0.00184784 0.00229622 -0.00296116 -3.1964e-05 -0.00377164 0.00423896 0.0130728 0.0041159 0.00113776 -0.00120145 0.0018325 0.000206788 -0.00136719 0.000335319 0.00231501 -0.00449997 -0.00102607 0.0218891 -0.00222909 0.000582746 -0.00489353 0.00247358 -0.00224724 0.00134786 0.000717862 0.000915397 -0.00215564 -0.00113531 0.00083273 -0.00599979 -0.00910121 0.00104753 -0.000834792 -0.000216298 -0.000274817 0.00147514 -0.000264103 -0.00168303 0.00490891 -0.00547996 -0.000788482 0.00310285 -0.00518643 -0.00507795 0.00436915 0.00893874 0.0116301 -0.00358697 0.000356467 -0.000750474 0.00294034 0.00260285 0.00423006 0.00145568 0.0026248 0.00308873 0.00147161 0.00286407 0.00449908 0.00394104 -0.00525211 0.000263405 -0.000188976 -0.0120637 -0.00214021 0.00335243 -0.00537968 -0.00157524 -0.00202711 -0.00073525 -0.00332929 0.000891494 -0.00349481 -0.0043897 -0.000442468 -0.00248829 -0.00259269 -0.00188495 -0.00355022 0.00658655 0.00615531 -0.000522592 -0.00125279 0.00056522 -0.00554649 -0.00456632 -0.000223708 0.00127198 -0.00372503 -0.00106659 -0.00255539 -0.00306272 0.00204332 -0.00509888 0.00086929 0.00393916 -0.00115129 -0.00246048 0.00135941 0.00268317 -0.0039211 -0.000426125 -0.00430622 -0.0011506 -0.0106723 0.00194432 0.011909 -0.0112432 -0.00948661 0.00442364 0.00181481 -0.00669825 -8.49954e-05 0.0160053 0.00143459 -0.0174998 0.00357082 0.00168615 -0.000685155 -0.00261026 0.00157955 0.00100739 0.0255879 -0.0055312 0.0011313
internal_weight=270978 147722 123256 91575.9 56146.4 62697.4 46041.1 630.999 45410.1 77214.7 28878.5 44216.2 32998.5 239.484 11572.4 35944.4 38753 3049.62 391.515 17306.1 43950.9 33212.4 14788.5 12195.5 22452.4 16523 16101.8 2739.92 1693.22 16061.6 488.585 409.537 15573 18118.8 21498.5 21426.4 14879.7 8271.75 14659.9 30621.5 22920.7 18087.6 5929.41 20912 20655.4 541.987 309.702 277.376 10291.7 7198.19 8510.22 13095.3 12084.3 4663.9 14030.5 32894.8 23456 9438.77 22218.9 24613 17126 2646.15 5710.52 13610.4 117.063 5540.57 3062.22 198.547 14544.5 12293.2 6172.24 6120.95 2251.31 6080.15 4696.6 6105.01 2385.09 23944.5 13770.4 10174.1 6008.49 5624.9 20224.3 12101.7 8122.61 17260 4670.92 1599.87 13665.2 1981.24 1046.89 11653.6 804.122 124.735 4311.45 3719.92 1131.11 12040.3 2712.6 750.152 705.564 1962.45 4927.43 745.073 499.04 246.033 417.205 116.492 382.089 355.968 88.1891 359.471 934.355 13493.3 124.652 751.552 95.0148 403.848 4216.63 1573.36 4477.23 7420.39 6313.88 337.073 4097.81 6280.31
internal_count=2080187 1140452 939735 707341 433111 490384 345695 1880 343815 594040 216957 336527 257513 866 87051 273408 301053 17881 1014 129906 339286 258314 107188 93825 173942 127989 125252 16517 11601 125167 3311 2754 121856 141296 165344 165105 116217 63119 109944 236627 177886 141113 45953 162344 160628 3673 1364 1221 80428 55314 65331 95587 88446 34100 109735 255527 181420 74107 171899 191555 133989 19962 43291 106122 615 42739 21720 1207 109237 92304 46225 46079 16933 45873 35396 46001 17236 189331 109241 80090 45072 42276 155852 93494 62358 135414 35268 11207 107105 14296 7633 90152 5632 634 32636 28765 8560 93215 16398 4412 4180 11986 37353 5256 3422 1834 2942 724 2600 2514 524 2632 6663 105507 628 5495 244 2940 31960 11494 34991 54346 46036 863 31026 45920
is_linear=0
shrinkage=0.02


Tree=5
num_leaves=127
num_cat=0
split_feature=10 10 10 2 16 52 16 27 55 32 32 34 5 29 20 38 39 47 40 26 26 4 8 39 39 39 26 10 29 47 39 47 26 6 4 33 39 48 55 48 50 39 27 29 1 39 20 46 13 47 29 29 33 39 39 47 20 38 55 8 26 28 29 18 13 1 32 2 2 27 39 18 29 40 27 48 2 26 40 9 55 23 12 16 34 16 20 48 2 6 25 33 7 18 46 21 38 50 40 20 29 3 29 39 50 1 48 29 5 39 26 31 52 1 46 34 38 31 47 46 6 3 21 16 55 47
split_gain=2770.65 666.14 569.84 230.536 162.427 137.565 130.775 128.766 121.474 148.876 120.215 229.52 145.671 118.286 104.335 101.832 101.174 94.8592 94.7059 92.5899 87.973 95.6139 86.4091 82.345 90.3166 80.1114 75.5448 73.4812 69.4606 94.9512 68.5482 67.3255 75.8981 66.5144 62.9247 62.5371 62.1733 70.2262 84.1594 61.1518 60.3293 60.328 57.4122 56.4194 56.2701 59.2656 57.3637 55.4149 53.9341 52.1233 51.4632 50.4768 50.4264 47.7912 59.2117 47.5516 55.3433 52.03 69.6867 61.5527 50.0016 46.0711 45.6754 45.5306 45.4685 45.4381 45.3784 45.335 45.0847 43.0152 42.7788 42.5441 41.9109 45.2358 44.9681 41.7677 49.559 41.398 40.7981 43.2937 40.7102 43.1943 39.9612 39.8097 39.7929 46.678 39.4511 59.169 39.4188 60.255 47.6399 39.3743 39.2827 48.7666 41.5242 40.5328 39.1385 39.0486 38.8947 38.7071 38.6874 38.5206 38.4611 38.2774 38.1646 37.9337 37.8684 51.7231 62.6113 44.0043 38.0557 37.6647 37.4694 37.4595 85.5464 44.5713 43.6067 39.2052 52.0474 38.3958 48.1248 37.3359 38.044 36.6822 36.4692 37.7796
threshold=-0.15212605148553845 -1.3676642775535581 1.0738775134086611 0.0014975178637541833 -0.37399232387542719 0.37204037606716162 -3.9366215467452998 -0.87837970256805409 0.15741607546806338 0.0028336523100733761 0.079351320862770094 0.045833334326744087 0.0828070603311062 5.5565536022186288 0.43030922114849096 -0.30658195912837977 0.66354167461395275 0.060221116989851005 -1.0000000180025095e-35 0.78656607866287243 -0.6035533845424651 0.056561607867479331 0.59170711040496837 0.57604166865348827 0.49687500298023229 0.22187499701976779 0.91597560048103344 2.8735290765762334 1.8639504909515383 0.0051471425686031589 0.059374999254941947 0.0012868396006524565 1.0000000180025095e-35 2.4684739112854008 0.47046864032745367 0.025348396040499214 0.4760416597127915 -0.010730232577770947 0.43776553869247442 -0.11957251653075217 0.62021249532699596 0.25104166567325598 -0.87837970256805409 3.62733006477356 -0.012915903702378271 0.34687499701976782 0.49712823331356054 -0.0062883859500288955 0.85721015930175792 -0.044350966811180108 0.49838423728942877 -0.78442394733428944 0.012147015891969206 0.27187500894069677 0.55520832538604747 -0.069542206823825822 0.70877581834793102 0.14028084278106692 0.3536743968725205 -0.10311435908079146 0.91597560048103344 0.81174489855766307 6.393367052078248 0.16565435379743579 0.24393430352211001 0.025705705396831039 0.015176136046648027 0.0060875716153532275 0.061278799548745162 0.6078576147556306 0.56770834326744091 0.90203323960304271 -3.8238525390624996 -0.3415063470602035 -0.87837970256805409 -0.029698301106691357 0.049575347453355796 -0.6035533845424651 1.2246467864107191e-16 -2.1268349885940547 0.31074346601963049 -0.057085637003183358 0.38226279616355902 -0.13853013515472409 0.095833335071802153 -1.3077020645141599 0.61951076984405529 -0.016048986464738842 -0.06366445496678351 -0.26111619174480433 0.78656607866287243 0.033224437385797508 0.12979678809642795 0.16024009883403781 -0.01476762071251869 0.84122994542121898 0.15208059549331668 0.98288699984550487 -0.12500000000000003 0.89693245291709911 -10.758540153503416 1.2990713119506838 10.144746303558351 0.43854166567325598 -0.92257159948348988 -0.0071134255267679683 0.0055933231487870225 -0.19267201423645017 0.045967429876327522 0.4760416597127915 0.37940952181816107 0.10999999567866327 -0.29966816306114191 -0.047346591949462884 -0.026310279034078118 0.15416666865348819 0.15208059549331668 0.12999999895691874 -0.069542206823825822 -0.063792809844017015 1.3905297517776491 -0.27824044227600092 1.8709886074066164 -0.091215968132019029 0.080199919641017928 -0.0044914167374372474
decision_type=2 2 2 2 2 2 2 2 2 2 2 2 2 2 2 2 2 2 2 2 2 2 2 2 2 2 2 2 2 2 2 2 2 2 2 2 2 2 2 2 2 2 2 2 2 2 2 2 2 2 2 2 2 2 2 2 2 2 2 2 2 2 2 2 2 2 2 2 2 2 2 2 2 2 2 2 2 2 2 2 2 2 2 2 2 2 2 2 2 2 2 2 2 2 2 2 2 2 2 2 2 2 2 2 2 2 2 2 2 2 2 2 2 2 2 2 2 2 2 2 2 2 2 2 2 2
left_child=1 10 3 6 17 62 -2 -7 9 18 12 26 42 31 -13 25 20 33 43 104 21 -5 72 24 27 -10 -12 48 29 67 92 32 -8 -4 -16 78 37 113 52 -30 -41 -19 77 124 45 -27 -47 -18 -9 -34 -49 111 -39 96 75 56 60 58 -57 64 80 103 66 82 -59 112 99 -22 -43 -67 100 -72 -11 -74 -75 76 -55 -1 -17 -80 -37 -82 -46 98 85 -51 -60 -88 89 -81 -91 -15 94 -94 95 -14 -23 -77 -33 -6 -38 -35 -103 -50 -20 -79 107 108 -44 -110 -111 -25 -52 114 -32 116 117 118 -115 120 -119 122 -108 -53 125 -3
right_child=2 8 4 16 5 7 13 23 15 22 11 14 30 91 34 35 47 41 19 -21 28 53 -24 51 -26 44 -28 -29 39 -31 36 83 49 101 -36 55 70 38 -40 40 -42 68 106 -45 63 46 -48 50 61 84 65 123 -54 54 -56 57 -58 59 86 -61 -62 -63 -64 -65 -66 69 -68 -69 -70 -71 71 -73 73 74 -76 97 -78 105 79 88 81 -83 -84 -85 -86 -87 87 -89 -90 90 -92 -93 93 -95 -96 -97 -98 -99 -100 -101 -102 102 -104 -105 -106 -107 121 -109 109 110 -112 -113 -114 115 -116 -117 -118 119 -120 -121 -122 -123 -124 -125 -126 -127
leaf_value=0.010461874047743685 0.02896894698683386 0.0029830679399981707 -0.0012797331035618103 -0.0034355430591442109 -0.00032236303414281861 -0.0068266377946512189 -0.00025234636274100111 -0.0031573353136976241 0.024905318633711971 -0.00013122572879992029 0.0013312078525817448 -0.0099840094513200823 0.0061043135213639807 0.011177558838191526 0.0095055517097610582 0.0011277530825351779 0.010637344662187036 -0.016115818159045985 0.0017634322856602044 -0.0026998908950764226 -0.00095197934065598263 -0.0014164556299700866 0.000709654738863406 0.0053218711139643117 -0.0077252616628089186 -0.017323507562003605 -0.028668287078619997 -0.00028176227932206826 -0.033436980335718208 -0.0053450501776542503 0.012690488731068783 0.0014426952433121754 -0.0027833716388329238 -0.00012503216457514352 0.026889629247904358 -0.0011165068170936152 0.025854956744092362 0.0012262223485770113 -0.03390756527183892 0.00070785616410344847 -0.0039547269818806206 8.9431637660279361e-05 0.0070805727409151108 0.0058059958557897251 0.02208920717271342 0.023373006903534783 0.0047640191438600588 0.0016236015038197835 -0.0061669240797161649 0.015107844161117276 0.003473918648799645 -0.001804534038207828 0.0051407124602356078 -0.001489616619829953 -0.0038083901773827843 -0.002789053795097239 -0.01490286350115734 -0.016517170428728939 -0.025402977422897446 -0.020009493588840566 -0.013836888616249009 -0.0025159486323749459 0.0071350015007638915 -0.02512882122697694 0.0067829017019365306 0.015113203637358187 -0.0066020425406311846 -0.0039133963974225753 -0.016517150735066207 -0.0042269737563063181 0.0032878942118236103 -0.00724766766920437 0.0050976176031521173 0.0057042761337991587 0.002438869320853446 0.0047152034163789125 -0.028065125939870282 0.012234777387478571 0.010651691773536401 -0.024021742861712787 0.0019832495336426555 0.024285806304328039 -0.011525266402410845 -0.0025395974577300281 -0.0082582916243604237 0.0022348571886284989 0.014156733974323255 -0.023228316897810498 -0.0020345399535243291 0.013384484255944675 -0.018760029237759168 -0.021132350824717462 0.0057756622045882179 -0.0067363504701624059 0.0061012476963802978 0.020363096963420677 0.014589308299467087 -0.00072370821278607998 -0.0012710358422993537 -0.0027606959447279526 0.0060611781915068767 0.0062828427639602469 -0.011760861929352523 -0.0015731805886546905 -0.00030265980355981997 0.0051570828786374262 0.0067152880700533926 0.0023772237544652849 0.0024036658898906288 0.0046241884036967162 0.011112264124746174 -0.00099658221160928823 -0.0024517390409878777 0.015407866853895323 -0.01244797338433423 -0.020956595915242342 -0.0098816428385126737 -0.024110636993023953 0.0013661150126808752 -0.0010101635993489916 0.010108057046270378 0.0038408682324950873 0.017787764023413821 -0.0043228860248560744 0.0028940463876984939 0.00021088127807435291
leaf_weight=1142.608418405056 62.920715764164925 2470.6438113898039 8063.8825684264302 3977.1795296519995 5302.6800920665264 6170.3116295859218 13493.435300774872 9584.476072371006 86.535456605255604 1470.1802179440856 97.978631749749184 43.115604914724827 129.58766484260559 469.44622150063515 114.11807328462601 2973.2738170698285 195.94959008693695 248.09440117329359 5494.73436409235 5021.8491769507527 4768.3559745103121 4037.5549482852221 8141.4510495737195 502.78142634034157 2796.737247787416 33.194868184626102 49.97057668864727 2027.3603532239795 22.128225073218346 7380.542597129941 233.58715402334929 3517.1884659379721 888.63820768892765 948.16485035419464 325.25034250319004 85.644640445709229 39.520907752215862 2411.0820250287652 23.345209434628487 3344.7095012739301 1660.0706291273236 304.14355292916298 3438.7238698303699 1218.2058329507709 22.995915286242962 94.497132457792759 219.45430485159159 3898.6635777503252 8679.6307155564427 112.8158392906189 473.90899061411619 5299.6531036570668 2902.3935687243938 238.02353007346392 617.03600718826056 1484.5037163048983 58.840902216732502 54.762349016964436 89.578990057110786 194.83853400498629 40.983075700700283 2116.2431637570262 229.28236966580153 41.135416053235531 82.930791258811951 123.15919516980648 753.02155864983797 3652.6813326328993 82.258714944124222 72.39310060441494 5375.1272826120257 156.84335500001907 4644.0932787880301 1927.508941411972 13546.618615187705 2488.1258122771978 30.858882278203964 342.47621577233076 101.4228476062417 82.131685748696327 55.113499164581299 94.315452463924885 33.467531733214855 4272.1211119145155 141.93083160370588 11851.02921333164 32.268497616052628 33.531749412417412 2888.9460097104311 45.635865151882172 29.503883309662342 14.671309404075144 670.49313542991877 152.0405068397522 550.30777763575315 212.27189150452614 61.044848464429379 669.47305878251791 5286.5255973339081 5118.7460201457143 1819.3458588793874 1000.4905999973416 48.656108595430851 793.26654759049416 10236.591175928712 2632.9398489743471 3952.9660842269659 4817.1543638929725 3859.065749257803 1844.5181746482849 450.45456033945084 1502.6655967831612 4215.1672202050686 109.32831218838692 69.487856455147266 40.481803730130196 177.52604722976685 59.361440680921078 2478.3919586092234 2941.1459712907672 21.899514622986317 2224.0296967923641 127.70400054007769 4111.5553016066551 4456.0112590119243 9625.4068326950073
leaf_count=9108 128 19585 58583 31561 41226 48501 104203 75087 335 10719 381 94 827 3375 500 20017 1390 1579 43292 39593 37692 30433 63387 3904 21596 148 73 15223 50 57715 1249 27460 6230 7289 832 485 174 18274 68 25461 12757 2067 27347 9442 142 411 1162 30584 67063 686 3714 41170 21668 1734 4675 10213 349 320 378 1085 216 16207 1599 205 506 882 5590 28070 517 534 38523 1065 36351 15154 105432 18898 116 2711 678 368 246 393 161 33944 1033 93044 170 195 20422 191 138 58 4669 926 4050 1390 362 5114 41078 40279 13253 6797 252 6150 80872 20879 31288 38247 30156 14422 3545 11659 32811 675 329 255 1000 260 17899 20722 138 17690 1008 32322 34706 76573
internal_value=3.63623e-05 0.00225041 -0.00181089 -0.00069937 -0.00319911 -0.00363774 0.000384558 -0.00414945 0.00111503 0.00140245 0.0041546 0.0128233 0.00403394 0.000338901 0.0194972 -0.00107432 -0.00173635 -0.000943809 0.000581821 -0.000335754 -0.00224923 -0.000894189 0.00246571 -0.00370774 -0.00432958 0.00740966 -0.008919 -0.00391989 -0.00303754 -0.00368898 0.00278904 0.000218511 0.000798195 -0.000470311 0.0224085 -0.00161005 0.00244059 0.00151835 0.00319564 -0.000989306 -0.00083899 -0.00843792 0.00506513 0.00165343 0.00395499 0.00772643 0.0104248 0.000145496 -0.00426816 0.00188909 -8.96412e-05 -0.00229134 0.0033652 0.000347332 0.00188987 -0.00441534 0.00254436 -0.00559823 -0.00412965 -0.0128035 0.00630718 -0.00518641 -0.00168174 -0.00939169 -0.00252891 -0.00145732 -0.00186336 -0.00223694 -0.00347677 0.00796334 0.00387106 0.00298775 0.00312785 0.00336606 0.00284603 0.00291711 -0.00463601 0.00722309 -0.000551872 -0.00213862 0.00986709 0.0161345 0.00229369 -0.000955657 0.00223236 0.00235758 -0.0168316 -0.00494221 -0.00256816 -0.0122892 0.000669076 0.0101548 0.00661716 0.0034563 0.00952306 0.0149945 -0.00117432 0.00356187 -0.000186714 -0.00152026 0.00649622 0.00279613 0.00543468 -0.00578255 0.000419 0.00597591 0.00463575 0.00406928 0.00491853 0.00370932 0.00590238 0.000588868 -0.00185203 5.79356e-05 0.00690157 -0.000298899 -0.00015064 0.000158814 0.00196547 -0.00138782 -0.0148659 0.00592946 0.00706632 -0.0029052 0.00134742 0.000777389
internal_weight=270971 123249 147722 82037.7 65684.1 54988.4 40110.7 43584.7 77212.8 68253.3 46036.6 630.433 45406.2 40047.8 482.484 8959.51 41927 10695.7 38523.4 20753.2 32947.8 12119.3 29729.9 37414.4 25997.7 531.281 147.949 23201 20828.5 15801.6 20573.6 39563.7 26487.8 10061.2 439.368 8428.23 18858.9 11468 5336.82 5026.91 5004.78 634.497 24832.6 17770.3 444.745 347.146 313.951 8979.24 21173.6 12994.4 8783.29 11416.7 5313.48 8142.12 4043.52 2307.31 334.898 1972.41 1639.88 332.532 276.057 11589.1 11403.7 97.5989 137.693 4884.63 11174.4 8421.04 386.402 195.552 7390.84 5531.97 21588.4 20118.2 15474.1 3426.48 268.882 4118.02 6120.91 3147.64 235.074 149.429 56.4634 13075.8 12105.8 11963.8 155.379 65.8002 3046.22 157.271 75.1397 484.118 1714.7 822.534 892.167 341.86 4098.6 3157.6 8803.71 10421.4 1858.87 1997.31 1049.15 9472.9 15731.3 2975.42 20714.6 14409.9 9592.76 6154.04 2294.97 2005.45 4689.08 6131.21 303.075 5828.14 5787.65 5610.13 2587.72 3022.41 81.261 6304.7 4080.67 9411.21 16552.1 12096.1
internal_count=2080187 939735 1140452 635792 504660 427576 311239 338882 594040 535106 345695 1880 343815 311111 1426 58934 324553 77084 304063 163757 254638 92893 231043 290381 201326 2564 454 179730 161745 123477 147414 307678 205196 72921 1332 56370 135552 82537 40010 38268 38218 4163 196401 140306 2229 1721 1573 69915 164507 100993 68525 89055 39942 61332 30537 14556 1689 12867 10956 1911 1340 89420 88694 508 826 37941 87095 65762 2584 1416 53015 39588 167656 156937 120586 25862 1850 32698 41814 21797 1124 639 303 102482 94763 93730 743 365 21119 697 329 3433 11862 5595 6267 2217 30795 24012 68538 81505 13427 14338 7049 73213 124164 23590 163703 113717 75470 48123 17967 15563 36525 42527 1578 40949 40694 39694 18574 21120 398 49986 32296 73492 130864 96158
is_linear=0
shrinkage=0.02


Tree=6
num_leaves=127
num_cat=0
split_feature=10 10 53 16 10 53 27 40 27 45 32 8 33 5 29 29 16 34 5 29 15 55 14 29 21 14 38 6 19 24 52 53 24 6 40 20 10 16 40 54 34 55 27 45 21 38 5 25 38 31 28 6 46 38 6 20 32 6 52 34 5 11 22 57 29 28 22 29 38 20 46 47 21 38 34 54 18 3 9 27 14 27 25 27 48 40 5 34 55 22 19 31 14 34 5 22 7 24 4 47 15 18 31 27 32 54 48 19 38 54 20 46 38 17 37 29 38 15 4 14 48 43 38 55 38 14
split_gain=2631.29 726.707 573.383 272.081 187.371 161.233 139.099 124.432 124.151 113.306 164.212 110.778 93.0686 87.646 83.7304 78.7466 100.283 78.0975 80.6671 77.5521 76.565 75.4188 74.5247 71.2989 71.1022 68.0159 67.3389 61.3591 60.6252 70.5575 59.1104 57.8882 57.6412 66.7342 56.9587 55.7002 55.6031 55.592 55.2052 74.9863 54.7585 53.8129 52.133 51.9013 51.183 53.4897 50.8859 49.8059 49.7001 51.8019 48.8506 48.4829 48.4279 95.2145 56.261 55.8602 48.2727 47.1886 46.533 46.4653 50.158 49.9357 46.4064 45.3995 44.2482 44.2276 62.3484 54.0356 55.9922 52.2735 43.9288 43.8543 43.5617 43.1636 43.1087 41.7209 41.6712 51.6833 41.0161 40.7713 52.8322 40.7065 44.0485 40.3675 53.8396 52.4691 46.4023 40.1758 40.0072 39.6609 48.4133 47.0315 55.9254 51.1514 50.6518 39.5892 39.316 39.2326 39.0217 38.1188 38.0476 37.8291 37.8205 39.0436 37.722 52.9474 37.9402 37.6767 37.6741 37.4447 40.6064 39.6713 50.6253 37.3751 37.1351 45.3129 37.045 37.0271 36.8759 36.856 36.7863 36.6595 36.3347 36.2098 41.7413 58.1537
threshold=0.065279826521873488 -1.3281418681144712 0.59743010997772228 -0.3183454275131225 1.3528838157653811 -0.20229905098676679 -0.60785761475563038 -1.0000000180025095e-35 -0.87837970256805409 -0.046839609742164605 0.079351320862770094 0.85137018561363231 -0.0083496752195060236 0.081764347851276412 6.393367052078248 6.393367052078248 -3.9366215467452998 0.070833336561918273 0.2918935120105744 1.0443389415740969 0.30009150505065924 0.17061507701873782 -7.2349367141723624 1.8151819705963137 1.1323512196540835 -7.2349367141723624 -0.30658195912837977 1.7231453657150271 8.7338814735412615 132527.64843750003 -0.33268895745277399 -3.0173258781433101 170.32004547119143 2.4684739112854008 1.2246467864107191e-16 0.76843747496604931 0.92109602689743053 -1.4776378870010374 0.46650633215904241 0.36712509393692022 0.17916666716337207 0.204898476600647 -1.0000000180025095e-35 0.044169273227453239 0.69581258296966564 -0.24098552763462064 0.46725425124168402 -0.37940952181816096 -0.30658195912837977 0.12999999895691874 0.81174489855766307 1.4218564629554751 -0.020989786833524701 0.16812827438116076 -1.2580205798149107 1.115924119949341 0.0025336927501484756 -1.5231703519821165 -1.3031569123268125 0.037500001490116126 0.030708274804055694 0.72158604860305797 0.23178503662347796 -0.036628885194659226 -10.758540153503416 0.81174489855766307 -0.032049657776951783 0.70356130599975597 8.0044079984036301e-18 0.8403679132461549 -0.01573184039443731 0.060221116989851005 0.66400635242462169 -0.24098552763462064 0.012500000651925804 0.048474352806806571 -0.3356392085552215 -3.2725095748901363 -1.6682970523834226 -1.0000000180025095e-35 -1.8111705780029295 0.87837970256805431 -0.91597560048103321 -0.87837970256805409 -0.077190380543470369 0.46650633215904241 0.25498257577419287 0.012500000651925804 0.14494763314723971 0.011617538053542377 1.4280688166618349 0.16999999433755877 -7.2349367141723624 0.020833333954215053 0.27129057049751287 -0.083498302847146974 0.35640302300453192 1933.799011230469 0.29507356882095342 -0.014685335569083689 2.8465032577514653 1.2475854158401491 0.16999999433755877 0.6078576147556306 0.01565541792660952 0.080047596246004118 -0.0083731357008218748 2.0438015460968022 0.23691798746585849 0.36712509393692022 1.2831727266311648 -0.044745977967977517 -0.18751790374517438 1.5030205249786379 0.91839963197708141 -0.070554018020629869 0.016587005928158764 2.2820770740509038 0.47046864032745367 -2.7901768684387203 0.0074962805956602105 0.0054428230505436668 0.091745313256979003 0.14865379035472873 -0.017826678231358525 -1.3485014438629148
decision_type=2 2 2 2 2 2 2 2 2 2 2 2 2 2 2 2 2 2 2 2 2 2 2 2 2 2 2 2 2 2 2 2 2 2 2 2 2 2 2 2 2 2 2 2 2 2 2 2 2 2 2 2 2 2 2 2 2 2 2 2 2 2 2 2 2 2 2 2 2 2 2 2 2 2 2 2 2 2 2 2 2 2 2 2 2 2 2 2 2 2 2 2 2 2 2 2 2 2 2 2 2 2 2 2 2 2 2 2 2 2 2 2 2 2 2 2 2 2 2 2 2 2 2 2 2 2
left_child=1 6 4 12 15 11 20 23 36 10 17 21 28 34 37 16 -2 -8 35 40 31 56 -17 78 -12 -21 38 -13 29 65 63 -1 -10 42 -11 -19 -5 -6 39 -23 41 73 47 59 88 -46 -32 -34 -43 109 81 70 57 55 -55 58 -3 -18 -54 61 -61 108 122 -28 -58 66 -4 68 69 95 -24 72 -27 -15 -33 -66 -65 -78 -7 80 -56 82 -14 84 -77 -85 99 96 -29 90 -51 92 -92 -94 -93 -67 -74 -72 -83 -86 -71 -75 107 -104 105 -39 -107 -79 123 110 111 112 -50 -41 -60 117 -106 -116 -16 -52 -95 -25 -35 124 -9 -126
right_child=2 5 3 8 14 7 9 43 32 13 24 27 50 19 118 22 52 18 -20 25 -22 26 51 121 -26 71 30 44 -30 -31 46 74 33 62 -36 -37 -38 104 -40 113 -42 48 -44 -45 45 -47 -48 -49 49 89 119 -53 53 54 79 -57 64 -59 114 60 -62 -63 -64 76 75 67 -68 -69 -70 100 97 -73 87 101 -76 83 77 102 -80 -81 -82 98 -84 85 86 -87 -88 -89 -90 -91 91 94 93 120 -96 -97 -98 -99 -100 -101 -102 -103 103 -105 116 106 -108 -109 -110 -111 -112 -113 -114 -115 115 -117 -118 -119 -120 -121 -122 -123 -124 -125 125 -127
leaf_value=0.012635238961160969 0.025134001813237133 0.0014510951016063985 0.0019440030023085196 -0.0038073682519993951 0.016954526091671401 0.0039359324408822826 -0.0039330591473415175 0.00077067658397176307 -0.002533336559697038 0.0050930519345384678 0.024317873809887973 0.00064295489348069833 -0.0001468826278504529 0.013560078476562326 0.0086767998184816425 -0.020161836336917337 0.0067151676558534195 0.012769678861344773 0.02436958955993803 -0.017573558925224657 0.0039029248320884896 -0.0026432012553666002 0.024326990890533157 0.0037535567704531508 -0.003645333110491809 -0.00033234808877793005 0.00034808742578150442 -0.0038724081886929058 0.0062409302385776121 -0.012062318231738844 0.0035152175922209677 0.0039657808555776707 -0.0038643251456949926 -0.0026469403930669167 0.0027781925737544256 -0.011128303853159039 -0.0076507150973371867 -0.0033064062204991185 -0.014654406887488678 -0.0032606429920116098 -0.02230235656718085 0.010987172776507457 -0.0038342155581202642 -0.022741416598237588 0.013008931724521472 -0.0026252018558605627 0.032128888720799872 -0.0070456124604498585 -0.006696620377820095 0.011452171896765435 0.025647614762594136 -0.0059167090431871405 0.0047201153779295874 0.02713836513712348 -0.017245443896372958 -0.0012222420078563672 -0.022394056100243392 -0.0034195733218510172 -0.00034370443260574107 -0.0059838160130617959 0.0036189855628277006 -0.0036043873086324457 0.0078490414316790841 0.003282606723348222 0.0047025553243370943 -0.022953017129721927 -0.0018322657558686021 0.0049667440650711173 0.0069791753301899073 -0.0070874323364842964 0.012031786118095123 0.019405631899074235 0.0037158995414791163 0.0019423966947722492 0.0074589699903713901 -0.01933969689420877 -0.033393731265675505 -0.0033901336438858787 8.4328849323752518e-05 0.013651865614372727 0.011426470777150683 -0.00035993006472724028 -0.0042101834837224876 0.0026450961866824611 0.011173554247353034 -0.001234720309876945 -0.020448691605511823 0.0087300781832700819 -0.019171555862521849 -0.019717309449360967 -0.022774940196566357 -0.0064660000542634197 -0.015750171994318694 -0.0043084666749519411 0.01711610625873573 0.0077814687176864595 -0.024132421707200456 -1.4745425307806082e-05 -0.017322994822011842 0.0044727517294068436 -0.024615590171040973 -0.0089766550850261719 0.0094463519127216868 -0.0082219579051289633 -0.0032175545288603757 -0.0023670109841790396 0.0012294054728942691 -0.010242828445310858 0.025590028279891954 -0.01075000529204923 -0.021694052916938929 0.00041039394350781875 0.018261201807755065 0.020773305835216315 -0.00016008216159376878 0.0026064077283945064 -0.012238054833176843 0.0043771310566782032 -0.015160236733403035 -0.00015817608879352323 0.015403639200300608 -0.0047668244423878531 0.0066934801224815231 -0.0035562035419287232 0.003382531287016162 -0.0019247216861816997
leaf_weight=662.71677171438932 62.402271419763565 12502.253418713808 2351.7275246977806 2149.9119692370296 56.714574351906776 1213.6103895306587 279.92857190966606 5619.4685388579965 12600.588483646512 9660.7367903888226 306.29120894521475 7885.0742844566703 1221.6747647970915 125.82513070106506 347.70602498203516 37.844193503260612 197.69850850105286 84.929031535983086 108.34764233976603 50.575177758932114 5631.6339402496815 113.28879853338003 77.780201978981495 4231.9328121840954 40.912338614463806 473.06133837997913 1577.479470282793 145.66618154942989 553.64165399968624 207.39977095276117 543.73980131745338 2000.3016413673759 3295.4695801436901 1855.3216130211949 7607.0695066377521 70.4488270804286 5060.4084397926927 10139.005019895732 38.15201935172081 29.70954130589962 37.685066714882851 107.45843318849802 17397.206283204257 43.231789790093899 90.461401954293251 2037.9614105075598 25.09355990588665 4912.8456452861428 42.333910293877125 64.506102152168751 21.362226486206055 82.436007022857666 1000.0361432507634 68.091487675905228 50.860214240849018 10334.866564117372 26.390922084450722 2447.8217196166515 15384.380859479308 255.97672432661057 1418.0534025803208 3213.9376859217882 219.51437538862228 249.25319899618626 4740.8419633060694 18.891540244221687 6811.9599352627993 1193.8897754475474 158.10397989302874 144.39935666322708 338.35104762762785 88.416450828313828 820.30856923013926 12428.083242975175 4859.191441334784 33.331593371927738 25.192700408399105 761.24693699926138 12368.875564977527 136.80441839247942 49.989041425287724 2292.9554620012641 8469.2107614576817 13617.352720864117 474.85284525901079 1552.3235238566995 25.22540308535099 1210.0483111441135 129.26488316804171 80.259025044739246 101.22188673168421 87.84360259026289 139.47158379852772 202.39637670665979 60.778174690902233 105.7541134506464 19.795887880027294 158.46991731226444 54.566165775060654 1199.44816018641 75.637354403734207 127.22273395955563 132.04979118704796 79.194746136665344 424.78068307042122 2599.8828331977129 2136.4601719900966 556.63144415616989 20.471498735249043 87.447015874087811 23.761537373065948 325.81853601336479 132.3979025259614 184.38218507170677 8271.1095528826118 4999.816227145493 319.63525369763374 786.9599399715662 27.117237843573093 2201.5104421824217 45.52868240326643 211.17958825081587 182.00933092087507 1852.0149491280317 913.87213890999556 8482.302840732038
leaf_count=4985 141 98370 17722 17097 245 9464 1519 44067 99607 76302 774 60650 9424 768 2301 99 1392 564 560 158 42122 603 444 32692 102 3369 10094 1109 3887 1057 3705 15690 25710 14127 60094 423 39760 80052 168 145 209 527 134626 254 574 15619 58 38459 190 349 124 558 7720 370 316 81842 135 17158 119680 2048 10930 25183 1604 1748 37671 145 50543 8938 1196 1099 2406 640 6190 91626 37836 203 62 4893 97136 879 353 17492 64719 104621 3704 12044 140 8938 660 424 323 537 773 1073 298 739 117 1102 300 9372 490 947 780 477 2967 19457 16166 3347 105 445 139 2093 799 697 65021 39105 2298 5491 85 16873 322 1500 1341 13221 7077 67365
internal_value=-1.3762e-05 0.00193759 -0.00200474 -0.00319119 -0.000563096 0.000862643 0.00391413 -8.11913e-05 -0.00408746 0.00325558 0.0102941 0.00163367 -0.00154021 0.00307164 -0.00241539 0.000105263 -7.87453e-07 0.0034169 0.0112076 0.00204661 0.005668 0.00212645 0.00678032 0.00114841 0.021019 0.00517904 -0.000364617 -0.000209712 -0.000211529 -0.000534924 -0.00112554 0.00698863 -0.00365639 -0.00416414 0.00407355 0.00192599 -0.00650556 -0.00263894 0.00783568 0.0104963 0.00145978 0.00152456 -0.00445473 -0.00109705 -0.00300671 -0.00195446 0.00483341 -0.00576914 -0.00205472 -0.00306811 -0.00262278 0.00836194 -3.72526e-05 0.000131648 0.0112327 4.81141e-05 0.00244107 -0.00265958 0.000479447 -0.00105299 0.00214732 -0.00131965 -0.000866214 -0.00212951 0.00301209 -0.000313604 -0.000862926 0.00265143 -0.00284334 -0.00735892 0.0104189 0.0056266 0.00513587 0.00194849 0.00644119 0.00304415 -0.00429607 -0.00551337 0.000428812 0.00657673 -0.00305086 -0.00312573 -0.00369812 0.00257869 0.00547048 0.00224795 0.00596874 0.00639767 -0.0111127 -0.00647537 -0.00493356 -0.00660915 -0.00960169 -0.00610733 0.00322105 0.00296972 0.00303059 0.00819501 -0.000761856 0.00637932 -0.0132013 0.00183097 -0.00503186 0.00281033 -0.00271123 -0.0024909 -0.000744618 -0.00629083 -0.000884598 0.00128918 0.00331567 0.00454578 0.012205 0.0174338 0.000335219 0.00107825 -0.00710332 0.000234438 0.00691386 0.000100794 -0.000637202 0.00334738 -0.00180913 -0.000918304 -0.000592666 -0.00140813
internal_weight=270909 136816 134093 73556 60537 88620.8 48194.8 39844.9 47673.3 35040.9 890.858 48775.9 25882.7 34150.1 16051.3 44485.7 43790.8 543.654 263.726 16882.2 13153.8 38487.4 694.881 18025.6 347.204 2662.21 4315.41 10288.4 11621.4 11067.8 3949.88 7522.21 40463 27862.4 17267.8 155.378 7210.32 15676.5 365.533 327.381 14220 14182.4 25605.5 21819.3 2403.35 2128.42 568.833 8208.32 1501.22 1393.76 14261.3 657.037 43728.4 41082.9 305.745 40777.2 34172 2645.52 30442.3 21776.1 1674.03 20102.1 2256.85 3381.05 21669.8 10860.4 9163.69 1696.68 502.786 344.682 574.601 2611.63 2523.21 12681.1 6859.49 21643.4 1803.57 1554.32 13582.5 237.654 100.849 12038.4 9690.89 16902.5 1732.86 15169.7 1699.53 2050.15 274.931 782.005 701.746 637.24 488.619 387.397 148.622 124.646 840.104 496.821 2347.52 1674.3 220.037 12555.3 1529.12 211.245 15619.8 14875.3 4736.34 1317.88 16888.1 611.759 524.312 500.55 174.732 214.092 29442.3 14057.9 744.416 9058.07 374.823 2222.87 247.925 4443.11 2037.33 16867.7 15015.6 9396.17
internal_count=2079643 1044916 1034727 567079 467648 682691 362225 311042 372331 261592 3942 371649 194748 257650 123571 344077 339468 3066 1547 121254 100633 293037 4609 140792 876 19412 26777 78612 85816 81929 25164 58511 315474 215867 136396 987 56857 121185 1613 1445 101842 101633 198795 170250 17962 16193 3763 64169 8292 7765 108932 4510 339327 320777 1918 318859 266260 18550 237017 169996 12978 157018 17072 21401 167890 80872 68265 12607 3669 2473 3952 19254 18614 93341 53526 167755 11307 9559 106600 1548 669 91935 74143 130084 13419 116665 13216 15245 1769 4099 3675 3326 2491 2168 835 884 6307 3508 17792 13076 1589 92573 9497 1257 120940 115675 35623 8240 131835 3666 3221 3082 989 842 229297 109617 5265 70512 2386 16997 1395 34192 15468 131730 118509 74442
is_linear=0
shrinkage=0.02


Tree=7
num_leaves=127
num_cat=0
split_feature=51 53 12 16 12 27 32 34 17 16 2 26 29 1 54 38 40 1 40 34 40 38 51 39 40 39 26 55 6 12 27 32 38 29 16 2 20 45 18 24 18 5 39 29 29 27 32 26 44 6 38 29 1 19 39 14 55 39 27 26 46 5 1 34 16 14 38 6 40 46 47 14 21 54 16 37 29 15 43 33 55 15 14 39 38 29 28 34 39 14 29 14 39 55 55 33 45 38 26 29 47 14 34 15 38 46 29 44 6 34 6 47 28 25 40 18 21 32 45 34 55 54 5 26 27 5
split_gain=2149.01 731.619 419.717 331.359 270.794 145.64 128.348 131.596 130.352 118.584 106.452 101.026 98.7052 95.0975 103.922 104.318 90.8457 83.7958 94.3851 80.4974 80.3452 77.4046 76.6529 76.4071 68.6631 67.7689 67.124 67.4093 68.6168 66.6945 65.6981 64.9393 64.1659 64.1658 63.8612 62.3531 70.2641 60.8457 60.3882 59.6586 58.7219 56.8834 56.2307 101.616 80.4489 56.3003 56.0797 55.6844 55.211 54.6205 56.1284 57.0092 53.5357 52.9681 51.5063 56.4032 50.6334 52.8055 50.5132 50.1062 49.9208 49.1222 48.2621 57.0318 48.2165 47.5278 46.8339 84.6921 46.7451 46.71 46.0534 45.8282 59.0304 80.8201 45.7236 45.3858 44.2091 44.0233 43.5979 54.8371 43.2619 42.9384 42.3979 42.2964 71.9315 60.9752 41.4432 48.292 41.3038 42.1454 41.2987 41.1492 40.5787 40.5489 40.3859 40.237 39.9397 42.6405 39.8296 55.4396 39.8291 69.2105 39.623 38.7825 38.6447 55.6022 40.1242 38.5996 43.4881 38.318 38.2488 38.2085 40.0401 45.2993 38.1904 38.1585 45.7117 56.5267 48.2888 44.1 40.2572 38.0591 37.5614 59.0917 37.1554 42.7391
threshold=-0.42508278787136072 0.66850367188453685 0.19095233827829364 -0.37399232387542719 0.82777968049049389 -0.60785761475563038 0.079351320862770094 0.037500001490116126 0.51665902137756359 -0.09343624114990233 0.0033418070524930958 -0.12940952181816107 2.1252691745758061 -0.0012201658100821076 0.13913925737142566 -0.30658195912837977 -0.12500000000000003 -0.028635160066187378 0.46650633215904241 0.012500000651925804 -1.0000000180025095e-35 0.10122497752308847 1.6937134861946108 0.17187500000000003 -0.3415063470602035 0.23020833730697635 0.78656607866287243 0.15080669522285464 -1.7141768336296079 0.6258128583431245 -0.87837970256805409 0.0025735804811120038 -0.30658195912837977 1.8639504909515383 -0.73708593845367421 -0.023895834572613236 0.7863619625568391 0.019671242684125904 0.58025574684143078 -1.0000000180025095e-35 -1.0348583459854124 0.46725425124168402 0.4760416597127915 2.8910756111145024 -0.36887228488922114 0.6078576147556306 0.064297948032617583 0.78656607866287243 -0.032952412962913506 0.73174256086349498 0.016587005928158764 -0.764063000679016 0.0021605383371934299 8.7338814735412615 0.57604166865348827 -5.9657454490661612 0.31074346601963049 0.16354166716337207 -1.0000000180025095e-35 -0.12940952181816107 0.021760025992989544 0.36809284985065466 -0.017486494965851303 0.062500001862645163 -1.2132018804550169 -2.0145595073699947 0.11321615800261499 0.16424407809972766 1.2246467864107191e-16 -0.063792809844017015 -0.0032980185933411117 -1.5589863061904905 0.6511158049106599 0.46138055622577673 -3.9366215467452998 0.833856761455536 8.5474190711975115 8.6373987197875994 -0.0012265256955288348 0.049673473462462432 0.3536743968725205 2.9140770435333256 -0.32432973384857172 0.56354168057441723 -0.30658195912837977 0.60575008392333995 0.81174489855766307 0.037500001490116126 0.038541667163372047 -2.0145595073699947 -6.0533671379089347 -4.4700565338134757 0.25520832836627966 0.3536743968725205 0.2647025734186173 -0.064272567629814134 -0.022078155539929863 -0.30658195912837977 -0.91597560048103321 6.393367052078248 0.079585582017898573 -3.7355720996856685 0.12083333358168603 5.9389948844909677 -0.1457276716828346 -0.01476762071251869 3.8976967334747319 0.0049782393034547576 -1.1478304862976072 1.0000000180025095e-35 3.1261864900588994 0.026488445699214939 1.0000000180025095e-35 0.98296290636062633 0.46650633215904241 0.35417459905147558 0.52863863110542308 0.079351320862770094 -0.046839609742164605 0.079166669398546233 0.12585920840501788 0.087614953517913832 0.2918935120105744 -0.37940952181816096 -0.60785761475563038 0.12734083831310275
decision_type=2 2 2 2 2 2 2 2 2 2 2 2 2 2 2 2 2 2 2 2 2 2 2 2 2 2 2 2 2 2 2 2 2 2 2 2 2 2 2 2 2 2 2 2 2 2 2 2 2 2 2 2 2 2 2 2 2 2 2 2 2 2 2 2 2 2 2 2 2 2 2 2 2 2 2 2 2 2 2 2 2 2 2 2 2 2 2 2 2 2 2 2 2 2 2 2 2 2 2 2 2 2 2 2 2 2 2 2 2 2 2 2 2 2 2 2 2 2 2 2 2 2 2 2 2 2
left_child=2 4 5 16 10 19 8 68 42 23 11 29 24 14 40 17 34 18 93 80 33 96 64 52 32 66 27 98 -29 -2 -11 47 -13 61 100 36 77 76 -37 -25 -4 69 43 45 -44 88 91 104 -9 50 -42 109 -5 58 55 -12 60 -58 75 124 110 70 63 -46 -6 -28 71 -68 -8 -34 -15 72 73 -17 -31 -41 -14 81 103 -80 -1 -26 -49 85 -85 114 87 -67 -7 -90 -71 -33 121 -16 -19 -79 -21 -98 99 -18 -3 -102 -83 -10 105 -22 -106 108 -59 -52 -57 -86 113 -113 -30 116 -27 119 -119 -118 -117 -36 123 -103 125 -51
right_child=1 3 13 9 22 6 7 48 78 30 54 12 37 20 15 25 26 94 -20 21 31 -23 -24 39 35 115 65 28 83 74 -32 46 41 -35 92 38 -38 -39 -40 53 49 -43 44 -45 62 -47 -48 82 -50 59 51 -53 -54 -55 -56 56 57 107 -60 -61 -62 -63 -64 -65 -66 86 67 -69 -70 90 -72 -73 -74 -75 -76 -77 -78 95 79 -81 -82 102 -84 84 111 -87 -88 -89 89 -91 -92 -93 -94 -95 -96 -97 97 -99 -100 -101 101 122 -104 -105 106 -107 -108 -109 -110 -111 -112 112 -114 -115 -116 120 117 118 -120 -121 -122 -123 -124 -125 -126 -127
leaf_value=0.0038026809029754411 0.00080978439748212157 0.0031758654590234503 0.0048382195150425003 -0.0025046348512787774 0.017050264782849024 0.0058896463658513034 -0.020756388757435934 0.026208824820879717 -0.0013393983296900306 -0.00766267841565963 -0.030054494537749964 0.024778465276793053 0.0050227126645822351 0.0025420589567032538 0.010584696789885195 0.0011219141931731221 -0.0022437201039079654 -0.015418271715049945 -0.012782828399756006 0.013289255744353893 0.015346880539215268 -0.0011548981721148102 -0.0045714916810435874 -0.0011612677877552867 -0.0042311972320609077 -0.0082076798494177781 0.0048647243847768753 0.01016017806015152 -0.013991766996716795 0.030571219165632876 -0.0044301546575300456 0.017821404406026638 0.03193826831272932 0.0043898449904547976 -0.0045133796323230339 0.001689850608650251 0.0032774932025497784 0.029580310641628357 -0.0013370040395419905 -0.0049270205082712097 0.0036137786115228734 -0.024258693595955144 0.0063393101534194585 0.010266845262712323 0.001732291823938705 0.0038585632539745274 -0.028063515592096425 -0.005375179877653645 0.0091119735117364958 0.0037365589232542726 -0.0018309883725170367 0.00037879790236455607 -0.0057338870268118271 0.0028350008888638639 0.00073655257301961528 -0.0021277220619988343 0.024587045898934633 0.028506776559398778 -0.002440182013299107 0.0026783381442181888 -0.011790291535101576 -0.018838465179308185 0.0031602818508236403 -0.017177765101847903 -0.0016001802711438041 -0.0062725978505070862 -0.024352409260606448 -0.00016477239350129181 0.0085990157823490343 -0.0037777113884474283 -0.00017190024936775949 -0.0015464681754305044 0.0063354925921956804 -0.026446898090729247 -0.0014326959372623295 0.00025852240275548984 0.020907442803622708 0.024068050616824918 -0.0042796088530838317 -0.023969333405941342 -0.024411681974629475 -0.015785921047246895 0.00031511160091294649 -0.025701010927206825 0.0065243792284048283 -0.003671388317629691 0.00025940668376097395 0.0070902589952884648 -0.0012770162245161162 0.0018544480786829732 0.0036060190392063051 0.0016901532392141964 0.00061585913436538109 0.02460043953715256 0.0053202044461122941 -0.0078288552514937885 -0.027722584973438207 0.0076325342454584399 0.00012090414320328002 -0.018700719316044254 0.021995629700012388 0.017543547661471589 0.010210120238833595 0.026906122428619263 -0.00067894697981608053 -0.010845613614039762 0.0047649829560842474 -0.010411913590061031 -0.0050967372200312645 0.0047157919071822299 0.011951780275718192 -0.0038332673726153062 0.0040180970415796954 -0.024609486957754875 -0.002878544375960974 0.0055209898083483176 1.7901519573610881e-05 0.023541597794562979 -0.0028356276655506279 -0.0063190237216928383 -0.0061142975580423644 -0.00023130796571362255 -0.024078475316972738 -0.013222306217324899 -0.0013589960056886682 -0.0059272163093775131
leaf_weight=3299.1850446537137 14044.903778575361 3300.9595278501511 3619.3236757218838 3143.418176241219 54.702153459191322 704.48809406906366 47.679653242230415 208.27676706016064 1293.8867889046669 3054.6295158267021 27.806535333395004 54.450823523104191 1638.624245211482 4276.5144669860601 176.35992056131363 298.76524244993925 2200.7710709199309 67.246736362576485 46.849833808839321 535.38471730053425 36.070187292993069 387.01575716584921 4507.0827413350344 9003.5016229972243 775.32949669659138 316.64888159930706 213.31101410090923 129.64216669648886 494.91065853089094 16.889874763786793 14319.801760129631 63.468340672552586 21.705517284572124 2569.6911018043756 1590.3762260526419 16268.745086789131 508.47614748775959 42.89374253898859 3145.2279638424516 7645.8714657574892 11774.773317947984 29.129648469388485 5024.548096716404 664.67678609490395 164.06877126544714 5435.7384552508593 24.016665309667587 1958.0182079076767 120.94993504881859 1270.4109682962298 415.99779435992241 5934.9669095948339 5942.5106066912413 581.77958249300718 3725.0003879740834 7429.4918498024344 55.266689166426659 30.646448232233524 11851.335742644966 3606.6852814480662 212.55517189204693 49.393896870315075 4063.577990077436 103.13212505728006 11999.232565425336 2853.1126881614327 68.441482961177826 349.14997933804989 38.312066219747066 320.62113282084465 6020.1943422481418 645.07840882986784 1518.1025569364429 48.572053372859955 9315.6998228058219 740.00901389122009 72.402368865907192 35.871039487421513 217.845863327384 75.811738446354866 20.889836750924587 252.35658181458712 714.31039395183325 42.94455199688673 276.7091885432601 1225.9320644512773 538.98378325253725 111.57054712623358 2545.9197117835283 5287.681829161942 5253.4000160992146 3443.7713115885854 4631.7020825445652 159.5236819088459 82.630045272409916 26.970208756625652 12.715114466845987 5127.4579067677259 8369.256796464324 84.098053380846977 29.388150222599506 34.301571063697338 25.118965707719326 18.739641755819321 7810.3793114200234 261.38746426254511 580.87499652802944 58.568627797067165 29.432024821639061 2517.7243160381913 76.989627324044704 228.58982641249895 200.12674287706614 50.627121239900589 165.92464537918568 132.60386830568314 3737.6092263683677 70.903051026165485 44.80092615634203 496.73760591447353 1091.6835071668029 1737.240612976253 55.913442343473434 84.456863902509212 4000.1893802657723 212.86138974130154
leaf_count=25694 108501 23921 28465 24805 236 5269 123 534 8023 24177 88 244 12694 33156 933 1878 16635 394 177 3443 194 2419 34879 71159 5415 1886 1498 867 3312 36 111933 363 120 19580 12474 127911 3797 160 24716 59942 92059 98 37711 4980 1172 41347 100 15251 495 10067 3163 46685 45674 4483 28703 57343 328 168 91949 28113 1472 177 31830 663 92933 21909 338 2204 121 2193 47588 4911 10543 130 71895 5886 490 104 1510 403 77 1545 5679 196 1904 8462 4143 832 18160 41295 41203 26709 35746 542 418 172 46 39894 64707 590 108 233 112 63 61434 1628 4241 338 166 19607 565 1629 1388 373 1139 993 26886 218 240 3380 6756 13157 281 575 31012 1561
internal_value=-1.34866e-05 -0.00144069 0.00220982 -0.00273369 -6.88837e-05 0.00398679 0.00321607 0.0142347 0.00303676 -0.00362498 0.000525168 0.000913287 0.00171323 0.00131771 0.0019104 4.70396e-05 -0.000982704 0.00863417 0.0135891 0.00612311 0.000407453 0.00749425 -0.00234642 -0.0030113 0.00141132 -0.000472368 -0.00190248 -0.0012456 -0.00399742 -6.09504e-05 -0.00499894 -0.000593646 0.00336262 0.00156178 0.000396108 0.000884381 -0.00287877 0.00630821 0.00119938 -0.00252187 0.00243281 0.00315076 0.00340605 0.00263155 0.0046174 0.00226759 0.0017748 -0.00132999 0.0199775 0.00213983 0.00270866 0.00150657 -0.00461719 -0.00311015 -0.00120264 -0.00211472 -0.00201237 0.00862849 -0.00328125 0.000847759 -0.00225333 0.000858917 0.00261842 -0.00559957 -0.00151405 -0.0042816 0.0020138 -0.00418012 -0.00771762 0.00329794 0.000955324 0.00304573 0.00463425 -0.00279533 -0.0013714 -0.00446933 0.00570728 -0.00568591 -0.00247744 -0.00943027 0.00361756 -0.00665929 -0.00385425 -0.0046847 -0.000824989 -0.00631736 -0.00483997 -0.00576715 0.00125426 0.000836562 0.00318052 0.00198735 -0.000594381 0.0172975 -0.00401863 0.0104547 0.00808431 0.00753951 -0.000518019 -0.0028578 0.00264516 -0.00590854 -0.0134008 -0.000915216 -0.000553152 -0.00762534 -0.000301455 0.00104316 0.0122144 0.00378682 -0.00198161 0.000618756 -0.00279477 -0.00767832 -0.0112115 -0.00170842 -0.000883221 -0.000348065 0.0133829 -0.000726573 -0.00484977 -0.00227889 -0.0107075 -0.00425542 -0.000356371 0.002346
internal_weight=270900 164989 105911 84933.7 80055.6 35398 26015.3 415.218 25600.1 56282.9 63494.6 51848.8 28471.3 70512.7 42704.6 9351.71 28650.8 532.61 382.733 9382.65 27808.1 6062.57 16561 38908.4 26717.4 8819.1 17186.5 13469.5 2815.41 23377.5 17374.4 14892.3 5679.31 12915.8 11464.3 21038.1 1624.12 1753.92 19414 29822.5 33352.9 5624.86 23993.8 14638.5 9355.33 13973.8 3531.26 11361 329.227 29733.6 20643.5 8868.69 9085.93 20819 11645.8 7920.76 7892.95 173.914 20237.2 9090.15 7719.04 10346.1 4330.78 267.201 12053.9 3716.98 2928.11 417.591 85.9917 5595.73 10296.7 2510.52 1865.44 347.337 9332.59 8385.88 1711.03 1115.65 1606.28 293.658 3320.07 1052.81 2672.33 2685.76 798.997 1886.77 3503.67 2964.68 8538.09 7833.6 5574.02 3507.24 7959.32 335.884 149.877 62.8412 5675.56 5140.17 10654.1 2284.87 3505.02 204.06 277.476 1312.63 8688.71 297.458 8391.25 118.647 60.0785 2933.72 7506.48 756.053 479.344 279.217 660.835 5890.99 4666.7 4350.05 115.704 4234.35 1224.29 3327.62 174.672 118.758 5483.46 1483.27
internal_count=2079643 1274712 804931 656087 618625 265272 193699 1273 192426 440008 490577 401406 220974 539659 323559 62827 216079 2464 1652 71573 216100 45802 128048 303898 207630 60363 129584 101202 19270 180432 136110 115599 43858 100501 86495 163772 11145 13344 152627 233419 260732 43614 182427 111051 71376 106071 27172 88427 1029 232267 161514 69455 70479 162260 89171 60468 60380 1000 157777 70753 59380 80921 33665 1835 93169 28382 20004 2542 244 43516 80744 17462 12551 2008 71931 65828 13184 7348 9999 1913 25771 7072 20930 18403 5490 12913 26884 22741 64724 59455 43396 27072 61377 1475 812 276 43383 39940 81932 17225 25118 1197 1657 8086 67497 1822 65675 672 334 22770 57908 5294 3390 2002 4451 40359 32610 30724 458 30266 7749 25631 1089 808 42640 11628
is_linear=0
shrinkage=0.02


Tree=8
num_leaves=127
num_cat=0
split_feature=10 10 53 16 10 32 34 17 10 27 53 8 20 39 27 19 55 39 10 56 57 8 26 29 51 29 6 39 26 26 48 54 48 29 43 6 24 29 29 34 13 57 34 16 21 52 17 27 45 6 21 32 39 39 29 39 39 19 20 53 48 21 56 39 15 56 20 29 39 45 32 54 29 55 11 39 54 3 45 43 27 34 17 45 55 53 37 18 55 39 45 29 1 26 12 54 27 48 27 39 32 26 15 54 48 52 54 29 48 6 55 34 33 55 29 28 49 26 55 28 18 21 16 3 29 33
split_gain=2498.15 629.312 622.935 317.444 161.26 126.525 185.811 126.634 118.057 140.364 110.731 111.249 92.363 90.7033 88.3763 86.8122 79.7353 73.7787 78.901 71.9593 74.4917 71.5901 61.9163 61.2129 60.6237 59.7932 59.2522 57.7888 58.0519 57.367 56.0255 55.9593 54.2724 58.9045 55.8629 78.752 52.9017 52.5132 52.3056 50.4902 48.3297 56.1561 53.4146 46.6459 59.0382 47.7198 46.2586 52.9819 45.5011 44.5392 44.7091 44.1157 53.7001 52.0811 45.103 43.9759 70.2132 65.2737 44.4638 43.7577 43.3933 43.3862 43.3619 50.6946 49.4053 42.6218 42.1231 41.8629 41.2602 40.1211 39.3471 39.8571 39.2087 38.7009 65.8864 38.5236 59.7349 45.2698 38.5117 38.3568 39.6452 37.9718 44.2499 37.904 41.9341 37.8738 37.6708 37.4821 37.3722 37.0328 37.003 36.9941 36.5945 35.8526 35.7403 35.2458 38.4775 70.8848 51.7779 38.9641 38.0924 35.1312 34.9127 34.8149 34.7464 34.7018 34.436 58.8465 34.3937 34.3135 34.1689 33.943 33.9352 33.7792 36.2263 35.2375 33.6947 36.2686 45.0721 35.6295 33.5193 33.1962 33.4626 32.7577 32.3249 37.4055
threshold=-0.11847987771034239 -1.3676642775535581 0.26088041067123419 -0.36314129829406733 1.3890823125839236 0.079351320862770094 0.045833334326744087 0.25342106819152838 0.96476411819458019 -0.87837970256805409 -0.18470364063978192 0.85137018561363231 0.43030922114849096 0.67187500000000011 -0.60785761475563038 3.0046485662460332 0.17061507701873782 0.57604166865348827 2.8735290765762334 -0.13303229212760923 -0.027291306294500824 -0.91850191354751576 -0.12940952181816107 2.7252674102783208 -1.8160406351089475 0.44917464256286627 2.7636984586715703 0.49687500298023229 -0.6035533845424651 -0.98296290636062611 -0.014214023016393183 0.46138055622577673 -0.051495738327503197 6.393367052078248 0.023301788605749611 0.57418787479400646 132527.64843750003 2.0161092281341557 4.0495872497558603 1.0000000180025095e-35 0.30259582400321966 -0.013005836866796015 0.15416666865348819 -1.184996962547302 0.40400712192058569 -1.2462991476058958 1.2893378734588625 1.0000000180025095e-35 -0.0033908532932400699 1.5856142640113833 0.68006372451782238 0.0023271680111065511 0.37187500298023229 0.063541665673255934 -10.758540153503416 0.46354167163372045 0.13437500596046451 8.7338814735412615 0.80104053020477306 -2.4126038551330562 -0.098494205623865114 1.1547579169273379 -0.074425335973501192 0.38020832836627966 5.9389948844909677 -0.17214143276214597 0.49039168655872351 -0.78442394733428944 0.055208332836627967 0.044169273227453239 0.015176136046648027 0.079565748572349562 -10.758540153503416 0.14160650223493579 0.51250091195106517 0.42604167759418493 0.025828603655099872 -2.6164084672927852 -0.0065567579586058846 -0.011609282344579695 -0.87837970256805409 1.0000000180025095e-35 0.072926282882690444 -0.012477633077651261 0.058039717376232154 -1.977208614349365 0.81058648228645336 -0.020415395498275753 0.2647025734186173 0.38020832836627966 -0.0054986856412142507 10.144746303558351 -0.036911353468894952 0.91597560048103344 0.91274607181549083 0.048474352806806571 -0.87837970256805409 -0.077190380543470369 1.0000000180025095e-35 0.74687498807907116 0.045970283448696143 -0.7865660786628722 0.17303824424743655 0.16846612095832827 -0.053799064829945557 -0.92646440863609303 0.058686139062047012 -0.33034980297088617 0.020190625451505188 2.2376090288162236 0.14494763314723971 0.037500001490116126 -0.018808805383741852 0.051482392475008971 -6.6574780941009513 0.81174489855766307 1.0000000180025095e-35 0.12940952181816107 0.31074346601963049 0.81174489855766307 0.35417459905147558 0.51741063594818126 -0.84550082683563221 -0.25845468044281 0.13930201530456546 -0.015685954131186005
decision_type=2 2 2 2 2 2 2 2 2 2 2 2 2 2 2 2 2 2 2 2 2 2 2 2 2 2 2 2 2 2 2 2 2 2 2 2 2 2 2 2 2 2 2 2 2 2 2 2 2 2 2 2 2 2 2 2 2 2 2 2 2 2 2 2 2 2 2 2 2 2 2 2 2 2 2 2 2 2 2 2 2 2 2 2 2 2 2 2 2 2 2 2 2 2 2 2 2 2 2 2 2 2 2 2 2 2 2 2 2 2 2 2 2 2 2 2 2 2 2 2 2 2 2 2 2 2
left_child=1 5 4 13 22 7 19 14 -5 -10 11 16 -8 21 15 -1 51 18 27 -7 -21 23 43 -4 61 31 36 28 94 -16 55 75 34 83 65 -36 86 39 70 -31 41 46 92 44 -2 -45 -18 66 -40 -13 110 52 103 85 -55 56 58 120 59 -9 -15 -14 -46 -64 -65 -24 72 -19 -67 -38 71 -6 -48 90 -75 81 -77 -78 -61 80 -59 82 -12 -34 -85 -53 116 -50 -83 -72 111 -28 93 -42 -11 -56 97 -97 99 -98 -99 108 -54 123 -52 -94 107 -41 -47 -35 -51 -27 -69 -30 -115 -116 117 -23 119 -119 -57 122 -86 -3 -62 -126
right_child=2 10 3 8 38 6 12 30 9 17 25 49 24 60 29 -17 40 67 -20 20 -22 26 32 -25 -26 73 91 -29 113 37 -32 -33 33 109 35 -37 69 -39 48 106 42 -43 -44 45 62 101 47 -49 87 50 104 53 102 54 95 57 -58 79 -60 78 124 -63 63 64 -66 68 -68 112 -70 -71 89 -73 -74 74 -76 76 77 -79 -80 -81 -82 88 -84 84 121 -87 -88 -89 -90 -91 -92 -93 105 -95 -96 96 98 100 -100 -101 -102 -103 -104 -105 -106 -107 -108 -109 -110 -111 -112 -113 -114 114 115 -117 -118 118 -120 -121 -122 -123 -124 -125 125 -127
leaf_value=0.0044894141553379749 0.025400117896617669 -0.0024722237040170967 -0.00069559109248470269 -0.0023712093978045805 -0.0030298568587084408 -0.02904910512445864 -0.0090871240837176962 0.0086649809013534841 -0.0070149533359621938 -0.0021578220093728911 0.00053184739174853097 0.00052561068628271927 0.028371575408857257 0.021291657541755375 0.0087326586133799466 0.0084105566599126259 -0.002650496372097614 0.0014043779881291246 -0.00064343988044651506 0.013401547726410562 -0.01987891836292182 -0.0001559661743736727 0.014429179256217313 0.0043222493082105632 0.0087461055031605416 0.0034476457453734362 0.0022175032529299856 -0.0075498123391996297 -0.0068975008635884264 0.0013376199882882858 0.0034441422202925714 -0.025087021908265991 -0.0037296802179969568 0.011270889802216324 -0.011136027362371698 0.028462934339861447 -0.0052954359763135476 0.0071211455719721629 0.013543485059105898 0.006934246157985771 0.013515094700943657 -0.0066060790782287585 -0.03042358232713516 0.003396056606441468 0.012619974509721597 -0.00021872504647751849 0.027752354369200531 0.011848070475091113 -0.0085085101129583514 -0.0030713129736197513 0.0061249407180034533 0.012387744089398552 -0.00069101179373710008 -0.023431583392171409 0.0043215849559078154 0.005117684687841172 -0.0019745994991870446 -0.033774213206839231 0.0067488572900261936 -0.0093282844103203515 0.0041978289846097278 0.0073601221281190425 0.00577437049082947 -0.0010570437186489382 -0.021849569394134898 0.0080177344618460426 -0.0046807000335802838 0.0010061873876768641 -0.0042022622350263144 -0.023595126042353795 -0.001904482194144128 -0.00036392215158708894 -0.0012477747641640904 0.0012697142941150387 -0.0062181372477296687 -0.003638308991385706 -0.025137498500386636 0.001408837730865996 0.0067772279447110353 0.0028219161465268812 -0.0078807068151356095 -0.00024939132747080732 -0.0033947342814296096 0.00025267330450722653 0.018468053988087561 0.0048665877046062756 0.00066887167238866658 0.0048628694300763727 0.016198963217663155 -0.011156665220886741 0.0011558906440100689 -0.017211000220438685 -0.0021763072452530615 -0.012191651630358777 -0.0050694791616416289 -0.02301262869916787 4.3208522829193808e-05 0.0062711904562904345 0.003143164571709091 0.0042329914375765481 -0.020720692483308569 -0.0016309645836929301 0.0035518573608936178 0.010958416044623664 -0.0025124973977650139 0.003975575019822407 0.0030693481923188565 0.0030730432867320831 0.00466923793760355 -0.01843613972072787 -0.017576325061066919 0.012955050501316803 -0.0031176936425319187 -0.021937644220460732 -0.0050211371434998424 -0.0017100048744233777 -0.0035639875899966889 -0.0050205949078365661 0.013084447250066725 0.0019055040829592429 -0.001379862227470759 0.0017906636302928128 0.0044129152539710429 0.00086371867220456455 0.0040744516961062202 -0.00066499585696348134
leaf_weight=5247.289395660162 49.738999478518963 1688.2066353410482 4363.5274331867695 21860.354572609067 6959.4877153113484 40.217422008514404 43.422828584909439 125.38728800415993 6008.2387912943959 5858.6803227588534 1547.8097745105624 6171.6024782434106 292.96104796230793 42.652933806180954 919.71577221900225 3973.6485590785742 1021.0506551116705 1093.246312007308 2158.9534940570593 75.454707756638527 40.506570883095264 3195.3215389922261 54.441513285040855 1250.1980115175247 117.44227287918329 1102.2124505713582 1407.718063518405 2446.6357097923756 3313.2386423870921 3994.0989962667227 7547.9955947250128 36.235976502299309 582.92997295409441 313.02398122102022 31.331985108554363 52.765895068645477 118.77674221247435 1592.0700270831585 143.7032722979784 3146.0877344086766 177.65938606113195 812.4594554901123 19.016632243990898 1139.1917062401772 146.58084481954575 7119.7633116841316 34.319582715630531 229.65041161328554 125.94693493843079 128.3844822794199 204.03205451369286 334.34676134586334 930.95334374904633 25.381138399243355 4380.2227513790131 1931.2870625033975 2976.871500454843 28.705651797354221 745.90155776590109 234.29293873161077 1153.8485134691 46.505628652870655 301.55682433396578 171.08686570823193 61.489069893956184 117.52420119941235 246.96523157507181 880.20882786810398 1642.9144197925925 80.45558013021946 311.41407971829176 3311.6607795655727 39.202262908220291 1291.0530924573541 737.7984476312995 1151.2738114371896 24.796958222985268 6459.9280134066939 78.557941943407059 102.07236754149199 122.36542524397373 5517.8262121230364 4436.0304393470287 7686.3199597448111 71.226073376834393 1352.3446537181735 1428.2144396007061 246.01149855554104 54.812233962118626 390.67428752779961 11246.237322255969 39.32311125844717 637.21173906326294 23.873087510466576 2370.175599373877 33.708474799990654 5695.7328363209963 1509.4592288807034 7105.465253084898 1050.9266246408224 20.239818468689919 9671.9751248434186 4632.2231125459075 114.25222127884626 2036.7368893325329 861.22896982729435 9032.774989053607 3176.7551098167896 625.45897717028856 15.459180623292921 131.9816579669714 173.35475149005651 8483.0077220574021 46.638589315116405 7231.8657316491008 1566.3763077557087 8106.9049474969506 1878.2065084204078 63.112394362688065 352.10398688167334 379.32556200027466 12460.747777350247 1146.3748941421509 3885.0781848505139 854.38219916820526 3008.6034391820431
leaf_count=40716 189 13045 33717 172854 54930 67 100 805 47199 45661 12303 47483 753 163 7088 31258 6771 8462 16121 314 118 24024 430 9340 464 8626 10099 19000 26234 31122 56996 189 4286 2183 157 155 649 12168 898 24813 881 4962 37 8842 866 55240 97 1187 916 967 1387 2567 7418 127 34824 13447 20519 106 5254 1371 8559 152 1712 1120 286 851 1327 6552 11517 394 2166 24956 191 9209 5355 9199 74 50764 559 777 847 43161 34474 61262 441 10450 10669 1713 335 2755 88702 218 4021 150 18077 194 43772 11785 54798 8034 120 75236 36494 832 15695 5719 67905 25240 4779 79 625 1352 66567 294 56035 11955 60316 14428 383 2701 2473 97095 8939 30745 6311 23025
internal_value=1.69994e-05 0.00208706 -0.00176466 -0.00278307 -8.43738e-05 0.00394777 0.0126602 0.00382137 -0.00356078 -0.00418794 0.00100757 0.00165121 0.0185965 -0.000982076 0.00453754 0.00618002 0.00213072 -0.00370858 -0.00429884 -0.00634834 0.00169719 -0.00153097 0.000472662 0.000422294 0.0212437 0.000139899 -0.00218878 -0.00464437 -0.00429529 0.00384446 0.00226144 -0.000592031 0.00114691 0.00142363 -0.00209771 0.0137405 -0.00255643 0.00362933 -0.00219156 0.00334162 -0.000497432 -0.00234063 0.00205774 -0.000372435 0.00458137 -0.000567727 -0.000131531 0.00453816 0.00402747 -0.000386722 -0.00263763 0.0024599 0.00144475 0.00299079 0.00270334 0.000933497 -0.000335877 0.00299343 0.00378114 -0.00127164 0.00143507 0.0255261 0.00302367 0.000369651 -0.00662852 -0.00283933 -0.000717331 -0.00229742 -0.00338182 -0.0127713 -0.00248424 -0.00217051 0.0124667 0.00110719 -0.0014545 -0.000544427 0.000557758 0.00130331 -0.00527224 -0.00662866 -0.0129972 -0.00127277 -0.00237898 0.00129751 0.00143489 0.00636453 -0.00242006 0.0003219 -8.45493e-05 -0.00706279 0.00152241 0.00167733 0.00243935 0.0104198 -0.00299711 0.00273808 0.00228782 0.00526176 0.00195174 0.000696529 0.0059001 -0.00082722 0.00284167 7.79398e-05 -0.00172319 0.00135911 0.00386269 0.00499523 0.000176421 0.00981806 -0.010467 0.00474966 -0.00272985 -0.00517352 -0.00452691 -0.00443202 -0.00274465 -0.00153387 -0.00345229 -0.00392634 0.00405044 0.00209907 0.0052504 -0.000146856 0.00126184 0.000383759
internal_weight=270937 125325 145612 90661 54950.8 46011.7 656.51 45355.2 63317.6 41457.3 79313.3 45533.9 500.332 27343.3 31082.4 9220.94 36861.2 35449 24992.6 156.179 115.961 22283.9 43461.9 5613.73 456.909 33779.4 16670.1 22833.6 20387 21861.5 14272.8 19228.7 24175.1 22276.1 1898.98 84.0979 15223.1 20941.8 11488.9 19349.7 4102.64 2383.65 1718.99 19286.8 730.453 18556.4 1571.19 550.137 515.662 8672.74 2501.14 32758.5 11250.7 21507.8 19821.1 6724.77 4161.01 2563.76 1184.14 438.238 5059.49 339.467 680.714 534.133 232.576 1814.88 320.487 10456.5 1760.44 199.232 10973.2 10271.1 73.5218 14550.7 2028.85 19192.5 7636 6484.72 312.851 253.143 151.071 11556.5 5983.84 21947.6 21364.7 1686.69 15023.9 371.958 5572.64 702.088 12521.8 1447.04 1699.97 201.532 8228.86 19795.8 15415.5 1563.41 13852.1 6746.66 1529.7 17417.2 5563.18 5687.54 2240.77 1498.44 15355.6 6322.84 7745.22 328.483 260.366 1275.57 9363.22 12158.1 8844.88 8798.24 13595.6 5488.74 2293.42 2230.31 2310.61 13678.3 1217.6 5573.28 5016.83 3862.99
internal_count=2079886 955880 1124006 700007 423999 345432 1968 343464 495011 322157 610448 346705 1469 204996 240310 71974 280548 274958 193377 499 432 166938 335665 43057 1369 263743 123881 177256 158256 168336 103154 150499 187395 174285 13110 312 113564 161248 88334 149080 25343 14535 10808 148270 4173 144097 9573 2802 3527 66157 18674 255205 88534 166671 153654 46158 28508 17650 7989 2735 38058 905 3984 3118 1406 12798 1615 81581 12368 1043 84807 79886 288 113244 14564 150310 60037 50838 1930 1730 953 90273 46777 172023 167737 13017 112521 2629 43496 4921 98680 10317 10771 1031 63738 153527 118703 12099 106604 51806 11905 135255 43912 44622 17082 9740 117958 50053 60019 2262 1592 9978 73119 94518 68284 67990 101852 41536 17512 17129 15920 106475 9380 43790 37895 29336
is_linear=0
shrinkage=0.02


Tree=9
num_leaves=127
num_cat=0
split_feature=10 10 53 14 10 53 27 27 8 8 40 1 46 39 29 39 38 55 1 40 19 39 55 38 53 19 39 10 15 34 39 29 1 55 5 29 1 34 25 28 28 39 39 40 1 13 48 40 56 27 34 29 6 21 38 15 27 34 29 4 40 35 18 15 18 55 2 39 39 38 35 34 2 55 25 14 55 39 35 38 19 31 4 39 4 53 29 10 46 38 46 39 18 29 39 21 48 29 6 39 29 15 2 38 29 29 54 7 15 29 43 48 55 20 29 40 46 14 14 15 35 54 54 38 28 14
split_gain=2401.15 685.815 534.82 271.817 141.516 137.328 120.355 116.469 113.757 103.129 99.3863 85.5032 137.73 83.9182 83.3025 111.674 80.7873 76.6587 99.1667 87.923 97.8805 72.3425 71.8336 84.0468 70.5841 68.8656 66.8263 64.8051 67.3533 64.0942 66.4262 62.6201 61.9249 60.7137 60.3857 59.0412 58.0406 56.5459 56.2274 55.9524 54.5091 56.2214 60.9711 51.8269 57.4579 51.6969 51.603 51.3323 51.0195 56.5488 50.9605 50.243 48.6042 53.154 54.5061 48.4748 47.6759 47.2641 47.0546 47.8372 66.4315 56.9206 53.0227 46.8318 46.5844 46.3072 46.2913 47.9081 45.3494 45.3429 52.9894 51.8112 74.929 45.2524 45.1158 54.0987 45.8509 46.1147 44.9036 44.8801 43.5954 43.3099 60.9982 42.6956 43.6944 43.258 41.4011 41.1983 41.1449 53.3825 41.0627 45.1198 40.7749 40.1378 39.7743 39.1068 39.101 38.9766 68.7939 38.5467 37.8414 42.4671 37.7391 38.3138 42.8971 38.1371 38.0648 37.0525 36.9973 36.9324 36.9302 36.8523 38.3659 36.8234 50.1069 38.6765 42.6488 56.5998 36.8212 36.798 36.4527 36.393 36.2362 36.2238 46.7652 50.2408
threshold=0.065279826521873488 -1.3676642775535581 0.26088041067123419 -0.36383271217346186 1.3890823125839236 -0.050537440925836556 -0.87837970256805409 -0.60785761475563038 0.83634826540946972 -0.91850191354751576 -1.0000000180025095e-35 -0.047346591949462884 -0.063792809844017015 0.66354167461395275 0.88568925857543956 0.48854167759418493 0.14028084278106692 0.080199919641017928 0.020853262394666675 0.12500000000000011 9.5375452041625994 0.038541667163372047 0.1935292258858681 -0.30658195912837977 0.83945146203041088 2.986186265945435 0.17187500000000003 3.0496335029602055 8.6373987197875994 0.10416666790843011 0.42187500000000006 2.4322092533111577 0.0021605383371934299 0.14326598495244983 0.074965357780456557 -0.31829774379730219 0.015020190738141538 0.16250000149011615 -0.7865660786628722 0.81174489855766307 0.81174489855766307 0.35937500000000006 0.17187500000000003 0.46650633215904241 -0.020752206444740292 0.37053006887435919 -0.085472311824560152 1.2246467864107191e-16 -0.042672427371144288 0.6078576147556306 0.062500001862645163 4.0495872497558603 1.5856142640113833 0.68006372451782238 -0.24098552763462064 2.4038434028625493 0.87837970256805431 0.012500000651925804 -1.0000000180025095e-35 0.47046864032745367 0.34150634706020361 1.0000000180025095e-35 0.34756357967853552 0.33606886863708502 0.16565435379743579 0.045523816719651229 -0.001589905936270952 0.37187500298023229 0.26770834624767309 0.10470659285783769 0.32500000298023229 0.054166667163372047 -0.012724760454148052 0.3536743968725205 -0.37940952181816096 -1.3485014438629148 0.16493443399667743 0.39270834624767309 0.17500000447034839 -0.044797316193580621 1.8168370723724367 0.16999999433755877 0.29507356882095342 0.063541665673255934 0.085281990468502059 -1.977208614349365 -1.3159692287445066 0.9351925551891328 -0.020989786833524701 0.15208059549331668 0.022632901556789878 0.25104166567325598 1.0000000180025095e-35 0.063580274581909194 0.68020832538604747 0.72916510701179515 0.0082013383507728594 5.5565536022186288 -0.18059224635362622 0.61770832538604747 -0.35559833049774164 0.49439072608947759 -0.01524733519181609 -0.070732891559600816 -0.15126168727874753 -0.96845030784606922 0.079565748572349562 -0.47352315485477442 4.9835979938507089 -8.459493160247801 0.0047087857965379962 -0.06628719717264174 0.079732980579137816 1.1477766633033755 6.393367052078248 1.2246467864107191e-16 -0.063792809844017015 -7.2349367141723624 -2.3810684680938716 0.18514394760131839 0.22500000149011615 0.10292804241180421 0.36712509393692022 0.14028084278106692 -0.56174489110708226 -5.9657454490661612
decision_type=2 2 2 2 2 2 2 2 2 2 2 2 2 2 2 2 2 2 2 2 2 2 2 2 2 2 2 2 2 2 2 2 2 2 2 2 2 2 2 2 2 2 2 2 2 2 2 2 2 2 2 2 2 2 2 2 2 2 2 2 2 2 2 2 2 2 2 2 2 2 2 2 2 2 2 2 2 2 2 2 2 2 2 2 2 2 2 2 2 2 2 2 2 2 2 2 2 2 2 2 2 2 2 2 2 2 2 2 2 2 2 2 2 2 2 2 2 2 2 2 2 2 2 2 2 2
left_child=1 7 4 9 58 8 87 25 22 36 31 12 26 27 15 16 21 18 79 20 24 -13 66 43 97 69 -9 28 32 30 -14 111 -8 -21 35 120 -4 -36 78 -26 56 42 -42 44 122 81 -18 50 -31 -50 -28 102 -10 118 -55 74 -34 -17 59 88 61 -61 -63 -27 -46 -44 83 -68 -49 71 -71 73 -73 -1 -12 76 77 -76 95 -11 -41 -25 -83 85 -85 -3 -38 -5 123 -90 91 -58 108 -15 -77 -16 -40 -19 -99 -35 101 -59 103 105 -105 -6 -104 -47 -53 -87 -33 -7 -113 115 -115 -60 -117 -118 -54 -69 -23 -94 -24 124 -2 -126
right_child=2 5 3 6 51 10 13 11 52 17 55 14 29 93 38 57 46 19 -20 33 -22 34 23 45 39 63 47 -29 -30 48 -32 110 40 99 37 -37 86 -39 96 80 41 -43 65 -45 64 107 -48 68 49 -51 -52 92 53 54 -56 -57 90 100 113 60 -62 62 -64 -65 -66 -67 67 119 -70 70 -72 72 -74 -75 75 94 -78 -79 -80 -81 -82 82 -84 84 -86 109 -88 -89 89 -91 -92 -93 121 -95 -96 -97 -98 98 -100 -101 -102 -103 106 104 -106 -107 -108 -109 -110 -111 -112 112 -114 114 -116 116 117 -119 -120 -121 -122 -123 -124 -125 125 -127
leaf_value=0.0039806031123143801 -0.006415737850933999 0.01176898389182859 -0.0002954833013500992 -0.0038282044715539851 0.005180130500480936 -0.011641612208184339 -0.0024839259897387676 0.030181584896023631 0.00050198632068773315 -0.0014706706407825797 0.00064538494143392424 0.0061572828880463813 -0.0099437903847938904 0.00043935548140439941 -0.0014143343634472397 0.00221796574445807 -0.020585338392479224 0.0013690045465872469 0.0060163613848388834 -0.0016716923478654702 0.012794399819634988 0.0048318488759195024 0.0026428509015712308 -0.0046984534936760219 -0.0020954003081406882 0.0082172032969637532 -0.012962969614453234 -0.0001836708142435354 -0.021876821094843773 0.019599569254413921 0.0076251892772296491 0.0041611484737380149 -0.0057196262462457523 -0.0056069817526171869 0.00045633486283355029 0.00058587495614415746 -0.0065262611831150355 -0.024440249678110596 0.0040278720228611887 -0.0030295030912504991 -0.0040826918226267005 -0.0058089212241569689 0.009948956606193075 -0.014452452975047245 0.011016829521848228 -0.01577185040540224 -0.0031187492221945662 -0.0016777064416171096 0.019235929943147562 -0.021079200267579319 0.011905001990637603 0.0005457987424800397 -0.017047647735904854 0.0129231493310186 -0.0021606877084052543 -0.0040604333283894411 -0.0049158090914314216 0.0071805442605716585 0.0030181425517572936 0.019985657963828004 0.026600460951162485 -0.031660518673844937 0.0099913797551820401 0.0045672729115931324 -0.017270154177222049 0.00044977609834404258 -8.0228899243137403e-06 -0.0013344784733769456 0.024419280462797878 -0.00069505690107945757 -0.028088185519355716 0.020347351235016062 0.004198895315639147 -0.020897638017852892 0.00039573518151887131 -0.0025634400988216238 -0.0048696261639178916 0.0078300605678987573 -0.0096295311185220205 -0.0043246058557361447 0.004587767706046914 -0.0026925785439680851 0.016478511307148992 0.0031237453433848512 0.0013803095053905824 -0.024084758364735736 0.0055748138277630296 -0.0072266201196361859 -8.6037283288780634e-05 0.0088476034789865352 -0.0082411338208257384 -5.4116084754766107e-05 0.0011745828413005314 -0.0025882485502608204 0.00060820854250678033 0.0054309799310342409 0.0084885318691731836 0.014456241081022399 -0.0058783681851177503 0.0038768825462783575 0.0028373383013709946 0.0029768407458820151 -0.0029684819404098366 -0.012994186464189109 0.0012507716082142382 -0.015483528204946083 -0.00036418075311614218 0.0029158696050051512 -0.022833024460691069 0.004435867129389111 -0.0046179994027461544 -0.00019220286074029034 0.0020472848791688618 -0.00086414224147811662 0.017675765157652578 0.022927699880005835 -0.028073620086963499 0.00063680714671964628 -0.0031149073110100316 0.0031251865747531789 -0.0033533669444034964 0.014252919149975847 0.02078628381396945 -0.0093601177986914561 0.015262854320078529 -0.00070397521334113406
leaf_weight=5469.0043078064919 599.51383304595947 358.18563462048769 5242.7281236201525 1975.8684945032001 154.93328206986189 98.459472149610519 6710.2562489360571 117.66931286454201 8294.7342832759023 2879.5764972344041 6563.8667172417045 1431.778198570013 208.02472552657127 2455.2065865620971 483.62366078048944 3015.4970901757479 93.555484503507614 2689.3465103656054 438.05147837847471 6355.7294502109289 225.68778723478317 3891.2047578766942 59.606802143156528 1845.5001260563731 7281.1872856095433 4178.2956990674138 48.01860723644495 1699.8302325606346 85.118406750261784 116.42171691358089 145.36951748281717 2988.2382990941405 13382.025209113955 2982.8845880702138 8641.3159131929278 2739.7089301720262 124.1559828966856 35.644446842372417 1229.6849889755249 432.41134826093912 1055.4791375175118 1272.5229253172874 259.91732940077782 34.933119632303715 47.737788289785385 43.513433396816254 240.15524370223284 32.252288587391376 23.511706918478012 31.218867771327496 99.728835292160511 142.49921773374081 158.54010420292616 98.685116522014141 2472.0029733926058 1875.9509667232633 1387.2182392776012 3808.2990647479892 5599.7474607601762 30.965314358472824 62.563987597823143 28.056803002953529 20.400318905711174 2128.8688926845789 43.602732099592686 964.27313534915447 6232.3891208097339 862.17856720089912 146.81698949635029 259.58937787264585 30.715569742023945 191.9307236969471 286.50487691909075 28.414531283080578 803.66596511006355 8344.8776754289865 323.76362663507462 570.28632164001465 114.3376584649086 9430.1874514222145 979.4315981566906 206.61669439822435 96.622468650341034 15402.681935139 9183.3235982507467 17.365868136286736 1179.9384298250079 5186.5191441252828 20248.216456666589 270.12992592155933 535.05883457511663 1697.9746266901493 164.31802418082952 6103.3440071046352 1950.3691580817103 1072.821514852345 2198.4097322374582 233.19396586716175 92.23919004201889 181.06886878609657 1947.6261542141438 1289.7643042206764 6961.2167203202844 389.01377379149199 107.59855881333351 45.34233483672142 3315.0860599130392 909.76325331628323 32.393115900456905 1722.8286073878407 203.87843216955662 8909.3108471855521 4658.9303224012256 3295.4062375053763 58.357507154345512 33.095185332000256 26.610572658479214 5211.6376059427857 146.10380770266056 5191.635810084641 229.69936311244965 176.39483647048473 172.54401528090239 296.55807110667229 83.59105709195137 1155.4814945459366
leaf_count=42368 4442 2742 40816 15755 983 682 53276 344 63883 22562 51410 10706 964 19337 3608 23168 403 20271 3249 48674 1493 30714 311 11073 54332 32706 170 12639 458 612 698 23047 104462 20764 63153 21759 808 220 9294 3221 8149 9915 2051 154 238 188 1500 112 121 112 291 1087 768 640 18968 13529 10834 29002 43412 130 174 109 115 15612 221 7432 48792 6866 455 1745 75 1283 2247 101 6182 66149 2285 4453 808 74291 7125 1347 441 121868 68637 76 8705 40724 158347 1757 4042 13165 1228 47753 15486 8114 16878 1613 660 1310 15245 9089 54944 2806 771 320 24983 5826 185 13318 1450 70833 35733 26081 421 88 78 40195 1129 40847 1755 1027 638 1779 430 8466
internal_value=1.666e-05 0.00187966 -0.00188623 -0.00283774 -0.00020873 0.000872518 -0.00391346 0.00386937 0.00152094 -0.00165573 -5.9482e-05 0.00325198 0.00910438 -0.00346069 0.00307698 0.0026394 0.00166489 -0.00209595 -0.00332431 -0.00136586 -0.000222148 0.00185676 0.00199367 -0.000767487 -0.000474221 0.00551051 0.0172826 -0.00397352 -0.00420902 0.00215275 -0.00271281 0.00107713 -0.00415302 -0.0027993 0.00146003 0.0028621 0.000643768 0.000351141 0.00542418 -0.00138878 -0.00469772 -0.00244289 -0.000561794 0.00838793 0.0108944 -0.00182804 -0.00806535 0.0125575 0.0121623 -0.00370788 0.00378326 -0.00214776 -0.000274709 -0.00251506 -0.00157645 -0.000997345 -0.00516858 0.00431493 0.000393038 -0.000170191 0.0113615 -0.0008118 -0.0142575 0.00698631 -0.00251634 0.00247391 0.00223889 0.00122274 0.0197302 0.00402401 -0.00368328 0.00439915 0.0107081 0.00384806 -0.000687434 -0.00141698 0.00188976 0.00348568 0.00241289 -0.00365725 0.00225359 -0.00354743 0.00344679 0.00270665 0.00247266 0.00544522 0.00441785 -0.00628991 -0.000243011 3.19534e-05 -0.00313038 -0.00224132 0.00394775 -0.00171965 -0.00196249 0.0033038 0.00689039 0.00216215 0.00868928 -0.00506286 0.00521183 0.00611803 -0.0024346 -0.00693645 -0.00990948 0.000443233 -0.00212856 0.00204617 -0.00388388 0.00413701 0.00359885 0.000487847 0.000576791 0.00129564 -0.000536066 0.00186081 0.000630847 0.000485435 -0.010401 0.00248976 0.00437466 0.00797036 0.0161634 -0.00288461 -0.00183507 0.000383822
internal_weight=270926 136898 134028 85518.4 48509.1 90892.7 44770.6 46005.5 53601.1 40747.8 37291.6 33432.2 969.033 37608.2 32463.1 27364.2 17303.1 34201 12747.8 21453.2 11933.5 16969.4 42431 3460.44 11707.8 12573.3 444.486 29049.7 27349.8 524.547 353.394 16858.8 27264.7 9519.68 15537.6 6860.61 6546.82 8676.96 5098.88 8693.03 20554.5 3552.19 2279.67 358.424 323.491 3102.02 333.711 326.817 171.152 54.7306 147.747 11488.8 11170.1 2875.33 2570.69 20432.8 17002.3 10061.2 37020.3 22795.5 141.986 79.4224 48.4571 6307.16 91.3405 1224.19 38970.6 12286.2 179.069 6266.16 290.305 5975.85 478.436 5497.42 18556.8 11993 1697.72 1373.95 1670.78 12309.8 1411.84 2148.74 303.239 26684.4 24586 2098.38 1304.09 7162.39 22653.5 20518.3 3620.25 3085.19 515.605 8558.55 10295.2 1556.45 3428.09 3014.78 325.433 3163.95 7045.69 5098.06 10973.2 696.888 496.612 200.276 10276.3 953.277 174.892 1740.19 3192.12 13666.7 13568.2 14224.9 3353.76 10871.1 5271.34 5238.25 304.644 6053.81 4120.9 340.713 232.151 2135.14 1838.59 1239.07
internal_count=2079886 1045642 1034244 659886 374358 700210 349992 345432 408971 309894 291239 249295 3879 293513 245416 206714 130210 259565 100102 159463 88715 128307 323583 20437 87222 96137 1372 226423 213784 2507 1662 131745 213326 70748 117601 54228 50329 63373 38702 64678 160050 27547 17632 1562 1408 18875 1903 1028 845 233 461 88334 85388 21505 19608 159494 132503 76504 286024 175749 528 354 224 48318 459 9483 303146 96505 567 47819 1820 45999 3530 42469 145965 94555 12920 10635 12530 96853 10346 12861 1788 206641 190505 16136 9513 56479 175221 160104 28041 23999 3527 67090 81635 11722 26172 22544 2273 22074 53336 38091 84807 4880 3577 1303 79927 6014 1272 13394 24497 107248 106566 110275 26502 83773 40361 40273 1897 47713 32469 2255 949 15117 13338 8896
is_linear=0
shrinkage=0.02


Tree=10
num_leaves=127
num_cat=0
split_feature=10 53 10 16 10 32 34 17 27 8 27 55 32 40 20 29 26 39 16 29 16 16 26 38 1 45 26 55 26 16 2 26 40 32 53 40 40 38 1 10 15 27 40 53 18 4 18 26 0 48 40 39 38 38 10 40 53 48 25 48 54 9 16 55 39 1 48 38 1 16 32 54 54 21 39 34 21 29 29 55 45 4 51 48 38 29 40 29 28 39 51 2 29 40 39 18 39 16 48 48 25 28 48 35 21 26 38 53 12 48 27 48 18 55 38 31 34 35 55 46 18 35 1 38 33 39
split_gain=2251.98 656.435 501.773 253.083 213.55 124.464 144.554 118.305 112.371 108.005 90.487 89.087 114.598 85.857 79.9248 77.6831 77.5151 72.6333 71.6281 68.0582 101.955 96.4392 67.6537 66.9169 85.5287 66.1526 62.1084 63.9468 94.8044 61.8867 60.6743 75.2736 90.1406 70.1756 57.6227 54.6838 53.8596 52.9744 54.5156 52.9468 52.2462 51.7674 51.4341 48.2962 48.1838 47.9354 47.7186 47.6394 46.7816 46.4425 46.2281 45.7871 45.4335 45.3362 45.3019 45.0963 45.0776 44.621 44.4702 44.3537 44.0613 43.684 43.5916 47.8377 64.0917 60.9197 46.2972 43.2001 43.1751 42.5386 42.2117 44.9508 41.9871 43.7193 41.9478 41.8247 41.4143 41.031 40.9054 40.7367 40.4103 40.2287 39.8485 39.6352 46.0785 40.4217 42.0047 39.4549 38.5343 38.3086 37.8195 37.3582 36.9029 39.9239 38.8578 36.6294 37.4836 36.5887 45.0135 47.4837 36.4852 42.0079 36.3965 60.2714 38.2271 39.0499 36.2643 35.8378 35.6937 35.6805 35.5689 50.1184 35.5682 35.2361 35.1698 34.6716 34.5842 38.7883 36.8387 34.5776 34.4193 34.3216 34.0976 51.8341 33.8585 33.6456
threshold=-0.30304153263568873 0.59743010997772228 -1.3676642775535581 -0.39689242839813227 1.3528838157653811 0.079351320862770094 0.045833334326744087 0.33478140830993658 -0.87837970256805409 0.83634826540946972 -0.60785761475563038 0.17061507701873782 0.0034705654252320532 -0.12500000000000003 0.43030922114849096 3.8976967334747319 0.91597560048103344 0.15937499701976779 -0.71943700313568104 6.393367052078248 -2.1184504032135005 -3.9366215467452998 -0.98296290636062611 -0.30658195912837977 -0.022118776105344292 -0.0047683890443295232 0.91597560048103344 0.43776553869247442 -0.91597560048103321 -0.09343624114990233 0.0036278050392866139 -0.12940952181816107 -0.3415063470602035 0.026810175739228729 -2.1404463052749629 1.2246467864107191e-16 -1.0000000180025095e-35 0.16812827438116076 -0.0067528293002396813 1.0738775134086611 0.23096203804016116 -0.60785761475563038 0.46650633215904241 1.278514087200165 0.16565435379743579 0.47046864032745367 0.51113131642341625 0.37940952181816107 0.0050807059742510327 -0.098494205623865114 0.34150634706020361 0.25104166567325598 -0.30658195912837977 0.080431878566741957 0.61901676654815685 1.2246467864107191e-16 1.0000000180025095e-35 -0.011013331823050974 0.78656607866287243 0.0064179347828030595 0.085936967283487334 -2.1268349885940547 -2.7368187904357906 0.11967896297574045 0.56354168057441723 0.012548127211630346 0.066905315965414061 -0.11045521497726439 -0.010842359159141777 -1.4284998178482053 0.033028366044163711 0.24253566563129428 0.46138055622577673 0.89114996790885936 0.055208332836627967 0.11250000074505807 0.920332431793213 -0.38210451602935785 -2.6856660842895503 0.15080669522285464 -0.0026043861871585246 0.47046864032745367 1.1503048539161684 -0.014947938267141579 0.018540816381573681 -2.7815639972686763 0.34150634706020361 7.5535535812377939 -0.56174489110708226 0.38437499105930334 -1.8160406351089475 0.0075470805168151864 1.4513194561004641 0.46650633215904241 0.29687500000000006 -0.041488261893391602 0.32604165375232702 -1.1329859495162962 -0.062221048399806016 -0.013179174624383448 -0.37940952181816096 0.81174489855766307 -0.017757597379386422 0.37500000000000006 0.99868938326835643 0.12940952181816107 -0.16242676973342893 0.68284603953361522 0.84878531098365795 -0.071228876709938035 0.87837970256805431 0.018460566177964214 0.041694710031151778 0.3536743968725205 -0.24098552763462064 0.18999999016523364 0.087500002235174193 0.22500000149011615 0.1105025000870228 -0.010480190627276896 1.5049549937248232 0.47500000894069677 0.004083094885572792 -0.18751790374517438 -0.0089142788201570494 0.33020834624767309
decision_type=2 2 2 2 2 2 2 2 2 2 2 2 2 2 2 2 2 2 2 2 2 2 2 2 2 2 2 2 2 2 2 2 2 2 2 2 2 2 2 2 2 2 2 2 2 2 2 2 2 2 2 2 2 2 2 2 2 2 2 2 2 2 2 2 2 2 2 2 2 2 2 2 2 2 2 2 2 2 2 2 2 2 2 2 2 2 2 2 2 2 2 2 2 2 2 2 2 2 2 2 2 2 2 2 2 2 2 2 2 2 2 2 2 2 2 2 2 2 2 2 2 2 2 2 2 2
left_child=2 4 5 13 19 7 16 10 39 11 34 12 25 18 -8 69 -7 43 49 21 -21 -2 110 24 42 89 27 62 -29 47 31 54 52 40 121 59 -27 56 -39 -5 -34 76 113 -10 119 75 74 92 -45 -3 70 60 -33 124 -23 57 -32 -22 67 -12 -20 -25 -15 65 109 100 -66 78 -57 -6 71 107 -51 -74 -9 -16 -38 -28 112 116 -60 -56 -71 84 85 -76 -87 -50 -49 -4 -47 -59 -24 120 -95 -30 -97 -42 -99 -100 -64 -102 103 -35 105 -104 -62 -14 -17 -65 -19 115 -37 -13 -68 -112 117 -69 -119 -26 -94 -1 -54 -124 -11 -31
right_child=1 3 9 8 15 6 14 46 17 53 35 23 50 26 45 108 -18 22 51 20 55 30 29 61 44 36 77 28 95 125 37 32 33 102 -36 58 41 38 -40 -41 97 -43 -44 48 -46 90 -48 88 87 72 -52 -53 122 -55 81 68 -58 91 80 -61 106 -63 63 64 66 -67 114 79 -70 82 -72 -73 73 -75 83 -77 -78 -79 -80 -81 -82 -83 -84 -85 -86 86 -88 -89 -90 -91 -92 -93 93 94 -96 96 -98 98 99 -101 101 -103 104 -105 -106 -107 -108 -109 -110 -111 111 -113 -114 -115 -116 -117 -118 118 -120 -121 -122 -123 123 -125 -126 -127
leaf_value=0.0089969435936521226 0.020640635059222364 0.022089273779322256 0.001357083555255778 -0.003833523823802368 0.014689154864613148 0.0052662707975338272 -0.0090020606129083431 0.0066952066607732577 -0.0029783429581176982 0.0054891511495812817 0.0036675250936386754 0.0084009500159686508 0.0037904913318157762 0.014330396790857538 0.0019011452008649442 0.0090154161753770896 -0.025730221447993539 -0.0073340551418177346 -0.0059052252201325399 -0.016914552835469169 0.030079942527178938 0.00034756092320202276 -0.00059475467319023128 0.0082023201733097441 0.016611741824061669 0.0014442876548829162 0.0040445296650775033 0.019486721798181096 -0.03213155478226417 -0.0021123521555032562 6.9282667975850988e-05 0.02340076257544697 -0.0031117138725434978 -0.0078846825627844896 0.005012989463120684 0.017444425232080753 -0.0007649085594258493 -0.0172218190493332 0.01582304751858106 -0.0069864255904497552 0.0087831325460608605 -0.0012810524926337532 -0.010233582194835127 -0.0065162939960014031 -0.022822312824314694 0.028239058716551097 -0.0031509710430992531 -0.0050415157251290886 -0.0012691752247867044 0.0030096280476443211 0.0013052901396679237 0.00065625711774134298 0.00400571557041719 -0.0045342035530827399 -0.0016724388037738826 -0.023897017222882445 -0.0024375732681681879 0.014366214702746473 0.0072455812885062077 0.0061990422848295403 -0.024505026085205172 -0.0020444384321310887 0.00018829348554183511 -0.020850338537685826 0.0027687702545233844 0.002436414878632288 -0.027846662519262537 0.0025037771492358212 0.0038231975498227086 -0.0013845976657717468 -0.001467340101391946 0.022552880960081925 -0.02050386663980866 0.01337440040823802 0.004118982706485648 0.028780116963316872 0.0029610673962096696 -0.0059846123455543562 0.0021165687515125133 -0.0030811763544745185 0.0018093322958150065 0.020784606240804759 -0.0034872436056630199 0.0030593251688384379 -0.0021849080792487679 0.0019006785765609505 -0.0065187329547670052 -0.019283018883347283 -0.0022420876813036375 0.0048035572572050532 0.011844204788115273 0.0030718674968967245 -0.0035034134668412839 -0.0038668126041593305 0.0061524159900416854 0.011488340673969316 -0.022424197534573233 -0.0046837056835027898 0.0028622926737628279 0.00055958785409248137 -0.0042192303792450642 0.0029695991290900432 -0.016737871790620983 0.013529661593943421 0.019424186774803481 0.004245734837362073 -0.00012447707301105511 -0.00095823380039533189 0.00055149001491422856 -0.004362553650112541 0.001964562659696426 -0.0093436728987304919 0.0041843107198194784 0.024050825896727881 -0.0041006956639612954 0.023898467215127176 -0.0049188344588813352 -0.00695493043008431 0.011730931318103089 -0.011621502739969918 0.0031042106320186601 -0.017397397681673313 0.021153310004514817 -0.0007949045298683967 -0.00058664900290260542 -0.0045023764303034446
leaf_weight=2058.2642562910914 91.683353863656521 48.897817820310593 2807.9744300469756 3806.6238084882498 55.751803137362003 98.989413425326347 39.708088845014572 739.71055399626493 4412.9787747710943 381.3008139654994 9514.9168229550123 113.74320193380117 13424.273539721966 70.106740951538086 84.921785846352577 307.14063664525747 46.680768579244614 1799.2643831968307 1080.8666737377644 70.999021522700787 45.717293858528137 13596.403574757278 10193.359883420169 171.4269483089447 35.953624814748764 12090.43532282114 177.14887610077858 25.899700559675694 65.313832595944405 3404.9748230278492 5554.7583358064294 44.258181028068066 1217.0663668587804 757.39415249973536 8157.6158965229988 188.87499589473009 2164.85979501158 22.781732223927975 126.96147417277098 4857.9990563616157 247.94559324532747 8983.7281210571527 32.107666313648224 5184.3429162949324 46.613148681819439 244.96255524456501 738.29765594005585 2904.9562691301107 1106.2017023488879 2979.9529854506254 5898.9038092270494 3609.0901423767209 4775.4249001741409 1156.7773431614041 7594.7133663222194 23.693805225193501 5931.8519044667482 272.67365359514952 1345.9581744298339 3911.9883199483156 23.838353715837002 4773.2229973450303 2437.2193301543593 52.577515743672848 976.89540949463844 2145.4751960635185 26.880516462028027 7217.7835050225258 248.99353359639645 5950.9499668776989 679.40705053508282 49.108786106109619 57.806319855153561 19.746908843517303 1533.6604098826647 30.968883700668812 2655.8432153016329 1962.9358691424131 373.95698207616806 705.58157278597355 923.3133248463273 31.040654696524143 9161.3247575759888 4450.2352417781949 1706.1187939122319 694.69713450223207 358.47826463729143 49.897649049758911 6104.8982535079122 2388.8953355252743 76.050719656050205 206.45207190513611 5196.499371163547 256.63866241276264 387.05800876021385 20.225049458444118 33.216501735150814 528.28259564936161 5076.1560622230172 12171.492664121091 2285.0909912958741 378.15506669133902 47.44380995631218 55.559743799269199 42.995082356035709 131.48307500034571 1400.6316636428237 666.56157017499208 565.43857591599226 2927.5866300091147 208.48468947410583 161.5220942646265 142.8157986998558 119.5503903850913 245.50490029901266 32.52497361600399 283.05406112968922 298.8349109813571 48.154659524559975 31.730812929570675 334.78995371609926 18.983045369386673 43.867660865187645 1055.6530909612775 9083.150375045836 7682.1996588036418
leaf_count=15626 223 186 21698 30241 258 395 95 5108 34452 2811 72534 590 104146 419 385 2127 72 13989 8440 281 223 105187 80134 1133 182 95623 1249 111 172 26611 42645 234 9728 5218 63956 1276 17179 139 797 38110 1577 70760 134 40480 236 566 4835 22814 7995 21540 45659 27731 37373 8459 58970 123 45922 1986 10422 30518 122 30923 19019 362 7169 16114 154 56263 1674 46137 4863 372 264 122 10118 118 21149 14889 2650 5057 7308 131 71025 33399 11688 5002 2533 310 47687 18730 261 1498 40051 1943 2954 100 186 3937 39670 96219 17779 2956 299 375 337 929 10624 5203 3922 21134 1578 1192 926 408 1728 237 2130 2230 367 183 2528 83 269 8144 70432 60275
internal_value=5.36126e-06 -0.00154588 0.00214828 -0.00279718 -0.000210929 0.00375954 0.012638 0.00363758 -0.00350085 0.00105352 0.00418776 0.00139781 0.00165099 -0.00102393 0.0179588 -0.00226076 -0.0047676 -0.00313235 0.000470821 0.000336967 0.0058917 0.000255283 -0.0027278 -0.00106547 0.00701426 0.000883069 -0.00202054 -0.00144671 -0.0146168 -0.00252205 0.000223268 0.000540861 0.0012581 0.000624056 0.00577172 0.00353789 0.000469689 -0.00107075 0.0107081 -0.00560198 0.000897058 -0.000383871 0.01323 -0.00458651 -0.00739963 0.0204263 0.00174305 -0.00197725 -0.005705 0.00294345 0.00280326 -0.000785498 0.00342931 -0.000798354 -0.000344411 0.00794189 -0.00122531 0.0113649 0.00252692 0.00440558 -0.00286227 -0.0016874 -0.00128036 -0.00137706 -0.00306702 -0.000390206 0.000734512 0.00191142 0.00133242 -0.00259467 0.00339934 0.00363334 0.00262981 -0.0118045 0.00212447 0.0092772 0.0012878 -0.00515247 0.00666478 0.00151842 0.00503591 -0.00157818 -0.00265947 0.00173693 0.000365466 0.00204812 -0.000967625 -0.00206352 -0.00314525 0.00294217 0.0244069 0.00951817 -0.00133411 -0.00255415 0.00215645 -0.0221635 -0.00959629 0.00116796 0.0010612 0.00123748 -0.00157965 -0.00319738 -0.00444672 -0.00640511 0.00271938 -0.00137477 -0.000550089 0.00356573 0.00353878 -0.00466067 -0.00613223 -0.000752883 0.0117678 0.0164934 -0.00654103 0.00501526 0.00193243 0.00218953 -0.0043326 0.0033848 -0.00310281 0.008747 0.00327473 9.82818e-05 -0.000341209 -0.00376872
internal_weight=270980 157191 113789 81136.3 76054.4 46033.6 622.282 45411.3 58085.2 67755.6 35190.1 57134.3 51810 23051.1 476.612 16040.6 145.67 49420.6 9220.83 60013.7 868.529 59145.2 38667.2 5324.35 379.699 31091.7 13830.2 11690.1 144.655 36465.4 59053.5 47417.2 26195 20275.8 10234.9 24955.2 25894.9 11636.4 149.743 8664.62 19240.9 13804.4 265.401 10753.4 114.298 436.904 10221.2 25378.2 6340.44 3106.4 20718.3 6114.43 5919.2 10621.2 21222.2 797.53 11486.6 524.843 11528.3 13426.9 2505.34 4944.65 11545.5 11475.4 4229.44 7245.94 1249.28 9259.06 272.687 15168 14819.4 14139.9 3057.51 77.5532 9482.9 115.891 4820.7 2140.08 705.648 8553.41 2269.27 7625.75 15112.3 8743.19 4292.95 2586.84 1053.18 1156.1 9009.85 5196.87 321.013 479.126 16368.3 6174.99 643.697 118.755 53.4416 18023.9 17775.9 17247.6 5100.47 2663.25 1034.88 812.954 221.922 178.927 1424.47 14090.8 872.579 2980.16 2201.8 402.532 331.691 233.294 272.385 241.01 7847.83 7564.77 346.99 67.6844 5531.29 2077.25 5874.95 1099.52 9464.45 11087.2
internal_count=2080522 1213728 866794 626151 587577 345921 1892 344029 453581 520873 271346 439171 405382 172570 1425 123469 467 385230 69029 464108 5785 458323 301993 33789 1733 245139 103541 87403 569 284997 458100 368597 204309 158289 79665 191681 204711 89503 936 68351 151131 109088 1132 83237 601 1330 72683 198111 48785 22112 160243 46917 46020 81702 164288 5504 88567 3707 88629 103052 19186 32056 86834 86415 30547 55868 9051 70899 1797 117420 114584 109721 21926 386 67848 503 38328 16138 4852 66047 17730 59101 117162 62740 29341 17653 7535 8305 70501 40428 827 3484 127610 47476 4897 458 286 141403 139826 135889 39754 20735 7158 5593 1565 1228 10746 109349 6049 21496 16996 3007 2202 998 1882 1815 60990 58860 2597 365 42579 15709 45786 8413 73243 86886
is_linear=0
shrinkage=0.02


Tree=11
num_leaves=127
num_cat=0
split_feature=10 53 10 16 10 32 45 17 27 40 27 40 19 29 27 21 16 53 48 29 16 16 24 6 26 53 26 32 40 26 14 26 32 40 10 6 18 35 15 25 47 27 22 27 26 21 25 48 48 47 5 14 40 43 5 48 26 40 48 29 27 5 6 1 25 29 26 29 14 48 14 48 28 25 48 16 56 53 6 11 45 15 26 29 15 29 4 46 35 48 27 45 37 4 52 19 35 26 5 18 47 16 46 6 40 47 48 53 29 29 53 21 31 57 32 5 25 46 17 12 14 11 35 18 16 47
split_gain=2162.96 630.505 482.053 243.065 205.1 119.969 123.448 113.74 107.949 87.8549 87.1815 82.4639 76.9487 74.6146 72.1312 70.5229 68.8043 66.0109 66.6235 65.3937 97.9958 92.8248 64.974 73.3991 59.6498 58.8317 58.0326 56.5414 59.5449 54.1206 53.5369 73.7642 59.4014 50.8904 50.876 49.1383 48.5226 48.0488 47.8268 47.538 47.1231 53.8717 46.0944 45.8752 49.3408 45.2711 78.3946 47.7518 44.6945 68.9157 44.6096 43.756 43.3747 47.5011 43.1631 43.005 43.0039 51.0021 52.7222 56.186 42.3819 52.0841 46.1143 46.0878 47.5882 46.4018 42.023 41.9223 42.9523 52.44 41.5938 41.5276 41.4561 41.2002 53.3678 40.8916 40.5469 40.3683 39.8733 39.646 39.4623 38.5438 43.0241 38.4083 46.6959 45.4224 62.8382 39.6053 38.044 38.541 37.7797 37.7202 58.951 45.119 108.888 44.3185 38.7923 39.7041 37.5415 38.0521 36.26 35.8016 43.3513 35.5726 41.217 35.4559 35.3827 71.9787 58.5858 38.9898 39.1086 36.0704 36.5368 35.0256 34.6675 42.6416 37.1865 34.5448 34.3629 34.2928 34.0578 34.0018 33.4648 33.4086 36.1614 33.2769
threshold=-0.30304153263568873 0.59743010997772228 -1.3676642775535581 -0.39689242839813227 1.3528838157653811 0.079351320862770094 -0.046839609742164605 0.3515839576721192 -0.87837970256805409 0.12500000000000011 -0.60785761475563038 -0.12500000000000003 3.0989918708801274 3.8976967334747319 -0.60785761475563038 1.1670629382133486 -0.71943700313568104 -0.20229905098676679 -0.051495738327503197 6.393367052078248 -2.1184504032135005 -3.9366215467452998 141.44129180908206 2.4684739112854008 0.91597560048103344 1.0000000180025095e-35 -0.12940952181816107 0.026810175739228729 -0.4665063321590423 0.91597560048103344 -3.4206897020339961 0.60355338454246532 0.0045022245030850181 1.2246467864107191e-16 1.0738775134086611 -1.3399030566215513 0.35417459905147558 0.22500000149011615 0.21380782127380374 0.78656607866287243 -0.0056999402586370698 1.0000000180025095e-35 0.22166370600461963 -1.0000000180025095e-35 -0.98296290636062611 0.64099857211112987 -0.37940952181816096 -0.062221048399806016 -0.098494205623865114 0.079585582017898573 0.36809284985065466 -0.25355219841003412 1.2246467864107191e-16 0.010808798018842937 0.46725425124168402 -0.011013331823050974 0.37940952181816107 0.46650633215904241 0.024557149037718776 -2.436330914497375 -1.0000000180025095e-35 0.46725425124168402 -0.047385301440954201 0.015020190738141538 -0.6035533845424651 1.5585660934448244 -0.37940952181816096 -7.3928415775299063 -2.7901768684387203 0.060768006369471557 -1.9789367914199827 0.0064179347828030595 -0.56174489110708226 0.12940952181816109 -0.019612353295087811 -1.4284998178482053 -0.067649036645889268 -2.1404463052749629 -0.16649334877729413 0.16946154832839969 -0.0026043861871585246 8.6373987197875994 -0.37940952181816096 0.56771039962768566 3.7112653255462651 -0.57699382305145253 0.079283282160758986 0.0019157124916091563 1.0000000180025095e-35 -0.020619475282728669 0.87837970256805431 -0.046839609742164605 1.2067277431488039 0.29507356882095342 -0.26664496958255762 4.1685984134674081 0.22500000149011615 -0.91597560048103321 0.054253138601779945 -0.63763499259948719 -0.012516504153609274 -1.3077020645141599 -0.051636224612593644 -0.063528247177600847 1.2246467864107191e-16 -0.0087206433527171594 -0.045625960454344743 -2.4126038551330562 0.9882330894470216 -1.0447233915328977 -1.4570761919021604 0.53880986571311962 0.14999999850988391 -0.098981916904449449 0.01565541792660952 0.081764347851276412 0.12940952181816109 -0.01476762071251869 3.4134984016418461 0.84878531098365795 -3.0627250671386714 0.70270219445228588 1.0000000180025095e-35 -0.58036762475967396 -0.98415017127990712 -0.039382034912705415
decision_type=2 2 2 2 2 2 2 2 2 2 2 2 2 2 2 2 2 2 2 2 2 2 2 2 2 2 2 2 2 2 2 2 2 2 2 2 2 2 2 2 2 2 2 2 2 2 2 2 2 2 2 2 2 2 2 2 2 2 2 2 2 2 2 2 2 2 2 2 2 2 2 2 2 2 2 2 2 2 2 2 2 2 2 2 2 2 2 2 2 2 2 2 2 2 2 2 2 2 2 2 2 2 2 2 2 2 2 2 2 2 2 2 2 2 2 2 2 2 2 2 2 2 2 2 2 2
left_child=2 4 5 11 19 7 15 10 34 30 12 16 -1 75 17 103 48 18 54 21 -21 -2 35 43 60 26 76 38 -29 37 31 106 -32 71 -5 -10 73 -8 -28 -35 41 91 -25 44 -24 46 -33 -47 -3 -50 100 83 55 -54 -11 -22 57 58 66 -60 61 62 -13 64 -64 -66 118 -62 -69 -70 -26 -12 105 -9 -75 -6 101 -49 -59 -27 -41 82 -51 84 85 86 87 -42 89 123 -18 92 -16 96 95 -95 97 120 -34 -100 -48 102 -23 -7 -105 -58 107 -4 109 110 111 -109 113 -113 115 -77 -116 -19 -45 -15 -93 -119 -65 -43 -125 -103
right_child=1 3 9 8 13 6 29 36 22 14 33 24 -14 119 40 -17 90 117 -20 20 52 25 23 42 70 79 27 28 -30 -31 32 45 98 39 -36 -37 -38 -39 -40 80 51 88 -44 56 -46 47 50 77 49 81 -52 -53 53 -55 -56 -57 72 78 59 -61 67 -63 63 122 65 -67 -68 68 69 -71 -72 -73 -74 74 -76 114 -78 -79 -80 -81 -82 -83 -84 -85 -86 -87 -88 -89 -90 -91 -92 93 -94 94 -96 -97 -98 -99 99 -101 -102 125 -104 104 -106 -107 -108 108 -110 -111 -112 112 -114 -115 116 -117 -118 121 -120 -121 -122 -123 -124 124 -126 -127
leaf_value=0.0041471476708058634 0.020266849715092738 0.021675238332849647 -0.015653644343627142 -0.0037569419637477819 0.014406631356014695 0.004557310430997271 -0.00039597792800952827 0.0032345005842766244 0.00040732970894288612 -0.0078982332339823276 0.0035747659136880928 -0.0054649050081747429 0.007631485721884595 0.0088371367761191019 0.019498603620784784 -0.0024580483658147695 -0.0014963740326958508 0.025202403195214811 0.0040294743779260003 -0.016586604440898094 0.02953068193770525 -0.017126729160047309 -0.012121191115594012 -0.0013143726225981012 0.0061108100581213232 0.0019236823514411836 -0.0032311952750954378 0.01111441792329273 -0.0039953905659967292 -0.023194929958083057 0.001284661619592505 0.0099295126729323675 0.0054274605045978291 0.0018604334345720364 -0.0068476986175514381 -0.0025299211430732625 -0.0023382487264667798 0.022814458005626811 0.0017294014881264481 0.0072186568168444336 0.0048748172455411127 0.0072218246167398067 0.0071977586976627525 -0.003112134892968142 -0.0047093904249821232 0.015868909270934685 0.0029364721586705028 -0.0088067215108128157 0.0032961645222766289 0.013305502577422544 -0.03162187753686295 -0.0093726653924515579 0.0036448329454902249 -0.028238866913274679 0.020412453081623091 0.0093321053971386399 -0.025549823266195398 0.0063995895090658093 0.032407389231623195 -0.0051059089776113479 -0.015964153004562689 -0.024523786298809105 0.0011494178464581768 0.0055891588600944873 -0.002566372630354666 -0.011459243499632841 -0.00035308658013464373 0.010944865827688952 4.8602483831779281e-05 -0.0050718765453406905 -0.0057445107851586694 0.0060024395146153252 -0.0037120952023120745 -0.0025187663921844654 0.0026559763385245422 -0.0031170411315998383 -0.00073285369778138183 0.0063427871717758114 -0.0019596867892215913 -0.0011069448061549446 0.0018772034250726681 -0.025710978417863992 -0.012087492060122012 0.00069135555023747532 -0.016416580268153329 -0.0026471596304049757 -0.0024599545899884902 -0.003000801293421544 0.0036587219799663053 0.0023867764321346499 0.0026309720972834661 0.026857164253358646 -0.014321795141310855 -0.02178394947927528 0.026161669988818536 0.0040216948970425758 -0.0077859543786499502 -0.00086502380788619038 0.0051343993018149866 0.001918614443935268 -0.029834750139883126 -0.0072370428570374392 0.01611980923943725 0.016539976796944932 0.031823363578071133 -0.0067649417507568612 -0.005617889160775459 0.017967192934457504 0.032943298046272738 -0.022205829029779429 -0.00369785906192939 -0.017506129194044248 0.013272803482704765 0.0021274682659703078 -0.0028486043078285858 -0.00075778576992003677 -0.011984877311487469 0.00047797405524421202 -0.022803156037603821 0.00054048241832069135 0.0046423592509676828 -0.0048233334531918382 -0.0043934941249528618 -0.01038361350188393 -0.0012274985650934465 0.0014638277472092979
leaf_weight=5983.156250923872 91.526806563138962 48.854736693203449 107.04642886668444 3806.5550527572632 55.728072725236416 38.856942899525166 160.1624159142375 5229.2755031734705 2733.2229541689157 276.86030785739422 9706.3054049536586 1595.4686669185758 4408.5248699560761 307.0907833725214 77.603930920362473 51.056417636573315 5038.8651207536459 20.228334970772266 4293.3692367374897 70.974752083420753 45.655462384223938 17.290380217134953 373.33253526687622 2408.5402753129601 124.88312657922506 1945.346224039793 806.51704267412424 113.10757724195719 1216.9549502804875 30.993484362959862 23443.515941411257 87.172613479197025 2119.6044733449817 9476.2280812188983 4857.3155526965857 13660.16543135792 1092.9717020839453 44.85886887460947 20846.478773228824 1372.7371855601668 1220.1007258147001 105.65873541682959 283.50264284014702 4882.0132715553045 9336.4957244098186 167.50599639862776 52.594306908547878 86.892798624932766 2892.1979324072599 38.210394188761711 40.934871643781662 253.75531352311373 253.48704718053341 19.171236626803875 22.382716096937656 478.94672497361898 40.35253019630909 425.45403634011745 15.049973808228968 3707.1004409268498 68.729171074926853 43.709409937262535 710.56191044300795 546.07537657022476 703.51091329008341 352.13294901698828 3357.2423318848014 130.51316495239735 6449.8409975469112 912.24475837498903 2015.0988763198256 3979.7115798294544 5957.0265718847513 1431.5581062808633 1796.3009486868978 9958.4834776967764 14151.769730485976 352.11122263222933 490.07794532924891 15284.646608442068 928.82916735112667 44.235982678830624 82.704324908554554 3764.6695833206177 84.678343586623669 5633.8484075292945 1562.9570867940784 322.06970159709454 2790.4526312798262 1170.5731988623738 1075.5311694070697 31.336065225303173 27.092385284602642 135.09362453967333 26.564273297786713 32.666320629417896 295.93394954502583 2783.1212261840701 1794.2369044572115 8203.4443649053574 17.084923796355724 182.17140658199787 114.45378759503365 131.9461517855525 163.27213551104069 1714.8372644782066 1038.5406306609511 74.611296363174915 22.319057524204254 27.465675733983517 326.09132474660873 41.384541280567646 99.753661207854748 253.95521104335785 406.20622791349888 4429.2269148901105 318.17881909757853 2965.5340862572193 34.753780886530876 565.43576245754957 195.17620673775673 577.2520796507597 177.10260765254498 280.35799141973257 447.67422237247229 4374.1496651247144
leaf_count=46271 223 186 562 30241 258 92 608 37180 21554 1926 73951 12088 34580 2127 304 142 38678 134 33652 281 223 80 2927 18276 857 15249 6447 746 8407 73 184212 510 16859 72525 38110 107966 7191 189 162780 10623 9682 767 2076 37985 72924 916 315 590 20917 253 110 2029 1714 83 112 3484 305 3203 104 28229 318 111 5568 4051 5447 2674 26232 800 48579 6451 15281 31036 46098 9713 13610 78899 108770 2424 3780 119395 7349 204 552 28982 538 44480 11711 2555 20936 9110 8239 203 135 502 92 204 2122 21268 13946 62661 93 1301 702 387 401 13372 6914 421 59 153 1668 229 577 1490 2825 33170 2268 23416 199 3922 1508 4563 1316 1777 3456 34223
internal_value=5.26794e-06 -0.001515 0.00210551 -0.00274137 -0.000206675 0.00368495 0.0124097 0.0035653 -0.00343098 0.00103251 0.00408192 -0.00100355 0.00562602 -0.00221556 0.000209805 0.019375 0.000461389 0.00180854 0.00339313 0.000330276 0.00577613 0.000250218 -0.0030698 -0.0035808 -0.00198028 0.000218834 0.000624027 0.00129853 -0.00270233 0.0010056 0.00166299 -0.00100148 0.0018725 0.00345155 -0.00549045 -0.00204015 0.00162533 0.00476372 0.00154445 0.00248716 -0.000404038 0.000760636 -0.000415237 -0.00386168 -0.00499569 0.00410649 -0.00418403 0.00681416 0.00288489 0.00257732 -0.0153049 -0.00116587 0.00778647 0.00130436 -0.00571639 0.0111447 -0.00332752 -0.00262114 -0.00296843 -0.0049453 -0.00141792 -0.00304744 -0.00281144 -0.0011089 -0.00285014 -0.00554177 -0.0020785 -0.000527762 -0.00038392 -0.000586349 -0.00504967 0.00428116 -0.00450951 0.0021379 0.000360595 -0.0025428 -0.000198782 0.00332875 0.00192658 -0.000764623 0.00506522 -0.00994954 -0.0040115 -0.000999622 -0.0017212 -0.00157683 0.000365056 0.00322853 0.0021493 4.65247e-05 -0.000769893 -0.00108633 0.0106847 -0.00144169 -0.0107828 -0.0167591 -0.000889161 -0.000208314 0.00300951 0.00249629 -0.00539311 0.00141301 0.0116528 0.0227121 0.0250748 -0.00721169 -0.00306628 -0.000280538 0.00168063 0.000792933 0.00161483 0.00530529 0.00287231 -0.00067011 -0.00260632 -0.00239092 -0.00687399 -0.000234054 -0.00325613 0.00346846 0.00782452 -0.000386642 0.00314039 -0.00323711 -0.00476421 0.00111422
internal_weight=270967 157187 113780 81133.5 76053 46026.7 621.146 45405.6 58083 67753.3 35855.5 23050.5 10391.7 16040.4 29397 385.132 9220.6 8155.63 4592.61 60012.6 868.235 59144.4 49419.2 33025.8 13829.9 59052.9 41822.9 22983.1 1330.06 236.015 38356.3 2795.46 35560.8 25463.8 8663.87 16393.4 9550.11 205.021 21653 11777.8 21241.4 8399.3 2692.04 30333.7 9709.83 804.297 197.787 606.51 3106.2 3057.35 110.614 12842.1 797.26 272.658 299.243 524.602 20623.9 12911.7 11996.2 3722.15 11689.9 4128.56 4084.85 2489.38 1766.21 1055.64 8274.01 7561.33 7492.6 7362.09 2139.98 13686 7712.22 8457.13 3227.86 15167.8 18839.8 439.004 915.532 17230 2301.57 165.151 120.915 12588.3 8823.65 8738.98 3105.13 1542.17 4794.72 2004.26 6114.4 3604.59 104.696 3499.89 194.324 167.76 3305.57 3009.63 12117.3 9997.68 69.6792 4688.07 131.744 334.075 295.218 1755.19 1991.17 952.627 845.581 823.262 795.796 469.705 395.093 295.34 15112.1 14387.7 724.385 3563.01 4916.77 872.527 226.512 3542.79 723.178 833.691 728.032 4556.32
internal_count=2080522 1213728 866794 626151 587577 345921 1892 344029 453581 520873 276335 172570 80851 123469 226164 1022 69029 63803 35690 464108 5785 458323 385230 255710 103541 458100 323456 178380 9153 870 294709 17031 277678 195484 68351 129520 67694 797 169227 90497 162361 62384 20352 235358 75851 4958 1028 3930 22112 21926 518 99977 5504 1797 2038 3707 159507 99732 92749 28333 87403 31255 31144 19056 13689 8121 64416 56148 55830 55030 16138 104987 59775 60503 23323 117420 145076 3014 6983 134644 17972 1009 805 97948 68966 68428 23948 12237 36046 15110 46917 26338 439 25899 798 706 25101 22979 93466 76607 408 36306 782 880 788 13677 12073 5159 4597 4538 4385 2717 2296 1719 117162 112069 5093 28113 38184 6049 1711 27979 5367 6000 5233 35524
is_linear=0
shrinkage=0.02


Tree=12
num_leaves=127
num_cat=0
split_feature=10 10 53 16 32 40 10 32 34 5 27 26 40 55 51 38 39 8 55 25 26 39 26 40 39 27 11 26 39 38 23 1 46 40 47 32 21 33 33 13 38 24 15 55 52 39 26 10 55 54 55 39 40 51 26 39 52 15 16 47 53 45 5 34 55 15 34 47 26 28 47 1 56 35 25 1 47 17 45 13 57 39 4 14 26 4 55 7 33 5 46 4 8 47 21 5 28 34 33 38 55 3 55 27 40 22 13 45 38 5 28 55 21 4 50 21 55 27 4 21 54 38 5 53 46 39
split_gain=2053.13 568.228 488.728 256.563 121.324 119.091 115.371 114.121 165.304 123.972 104.763 102.239 89.3094 82.651 81.7002 81.5331 88.4029 78.1999 78.0664 76.6026 74.5495 67.2896 65.8133 65.3289 64.5811 57.3838 56.9254 56.8772 56.8464 57.073 56.9234 55.5782 54.6527 52.9388 57.4621 77.6248 52.3483 51.9882 51.9073 51.6489 51.574 51.019 50.559 51.7936 49.9309 48.8529 48.6437 47.9323 47.8 47.3909 47.36 46.5338 55.156 46.4482 45.5682 44.7667 44.5292 42.1741 42.0133 42.3906 41.7761 40.6883 39.7424 39.696 38.5561 39.002 38.1716 50.4757 44.3189 38.1396 38.0362 37.9803 39.9814 37.5621 42.4311 37.1054 36.3491 36.3391 36.2633 35.7435 35.7403 35.4791 35.4137 35.158 35.117 41.8775 34.797 44.2611 52.0757 34.5443 34.5045 34.3823 34.259 33.9671 60.8003 55.1651 50.9869 54.5717 50.8749 47.0622 47.4034 44.7621 42.8781 50.3942 36.6967 42.8243 35.4047 33.3964 33.2363 50.6059 47.4976 38.5349 33.2266 33.1999 33.1306 33.3139 38.6868 33.0817 33.0022 32.9362 42.2801 32.7386 37.2729 32.598 32.5739 33.7464
threshold=0.065279826521873488 -1.3281418681144712 0.2451811879873276 -0.36314129829406733 0.0024112007813528184 -1.0000000180025095e-35 1.3890823125839236 0.079351320862770094 0.045833334326744087 0.0828070603311062 -1.0000000180025095e-35 0.78656607866287243 -0.12500000000000003 0.1935292258858681 -1.8160406351089475 -0.30658195912837977 0.21770833432674411 0.34752550721168524 0.089235652238130583 -0.37940952181816096 0.91597560048103344 0.34687499701976782 0.37940952181816107 0.46650633215904241 0.059374999254941947 -0.87837970256805409 0.75839936733245861 -0.12940952181816107 0.4760416597127915 0.15208059549331668 -0.057085637003183358 0.0033088362542912368 0.0040249293670058259 -0.3415063470602035 -0.050973989069461816 0.064297948032617583 0.54907420277595531 -0.0032669001957401629 0.027842929586768154 0.76330697536468517 0.023429530672729019 225.09239196777347 6.8558037281036386 0.23953387141227725 -1.2462991476058958 0.56770834326744091 -0.6035533845424651 0.90467613935470592 0.14682907611131671 0.13746055960655215 0.049491377547383315 0.79270833730697643 0.46650633215904241 0.90879213809967052 0.60355338454246532 0.63854166865348827 -0.13484243303537366 2.3231327533721928 -0.71943700313568104 -0.024854815565049645 0.61167624592781078 0.044169273227453239 0.46725425124168402 0.16250000149011615 0.059207433834671981 1.4517247676849367 0.020833333954215053 -0.0087206433527171594 -0.12940952181816107 -0.56174489110708226 0.079585582017898573 -0.0085453591309487802 -0.11235729604959487 0.12500000372529033 -0.6035533845424651 0.016307182610034946 0.0095566753298044222 0.13825297355651858 -0.046839609742164605 0.8432731330394746 0.040943462401628501 0.055208332836627967 0.47046864032745367 -2.3244798183441158 0.12940952181816107 0.13183838874101642 0.10206624120473863 0.2549238801002503 0.043072288855910308 0.063578214496374144 0.014130130875855686 0.037518864497542388 -0.6304260492324828 -0.055100105702877038 0.6987455189228059 0.36809284985065466 -0.56174489110708226 0.095833335071802153 0.020274164155125621 0.23691798746585849 0.43776553869247442 -3.2725095748901363 0.28404527902603155 0.6078576147556306 -0.4665063321590423 0.032510535791516311 0.29545123875141149 -0.0047683890443295232 -0.20845020562410352 0.36809284985065466 0.81174489855766307 0.21235296130180362 0.54402741789817821 0.47046864032745367 0.33316701650619512 1.303799629211426 0.022330706007778648 -1.0000000180025095e-35 0.37063603103160864 0.52329114079475414 0.27026110887527471 -0.30658195912837977 0.46725425124168402 3.0469992160797124 0.061597468331456191 0.23854166269302371
decision_type=2 2 2 2 2 2 2 2 2 2 2 2 2 2 2 2 2 2 2 2 2 2 2 2 2 2 2 2 2 2 2 2 2 2 2 2 2 2 2 2 2 2 2 2 2 2 2 2 2 2 2 2 2 2 2 2 2 2 2 2 2 2 2 2 2 2 2 2 2 2 2 2 2 2 2 2 2 2 2 2 2 2 2 2 2 2 2 2 2 2 2 2 2 2 2 2 2 2 2 2 2 2 2 2 2 2 2 2 2 2 2 2 2 2 2 2 2 2 2 2 2 2 2 2 2 2
left_child=1 7 6 12 5 39 27 9 20 25 19 26 18 17 113 16 -15 60 92 31 73 -18 51 37 82 46 108 44 29 38 -31 -5 -20 64 35 79 62 42 48 -3 63 -24 43 70 -2 112 91 -21 -26 57 -43 52 -12 89 -55 -39 93 -25 59 -38 -6 -58 118 -40 77 -66 67 -19 -68 90 75 72 -23 74 -9 -14 -13 -29 -16 -35 -33 -45 -11 -70 85 114 -47 -88 -89 -8 -52 -1 -4 96 95 102 99 101 -99 100 -17 -98 -95 -104 -103 -106 -101 -48 110 -110 111 -7 -30 -10 -49 116 -116 -44 -34 -57 -121 -67 -123 -71 125 -61
right_child=2 4 3 10 13 11 53 8 14 24 22 76 23 15 78 56 21 66 32 47 -22 71 41 49 28 -27 -28 33 45 30 -32 80 36 34 -36 -37 58 55 40 -41 -42 50 117 81 -46 86 107 84 -50 -51 69 -53 -54 54 -56 119 61 -59 -60 124 -62 -63 -64 -65 65 121 68 -69 83 123 -72 -73 -74 -75 -76 -77 -78 -79 -80 -81 -82 -83 -84 -85 -86 -87 87 88 -90 -91 -92 -93 -94 94 -96 -97 97 98 -100 106 -102 104 103 -105 105 -107 -108 -109 109 -111 -112 -113 -114 -115 115 -117 -118 -119 -120 120 -122 122 -124 -125 -126 -127
leaf_value=0.014279905989246862 0.0042233490302731411 0.0009723347016771072 0.00064277500171833679 -0.0013997565725935054 0.0028276157406699675 0.0010111117448656697 -0.0019133010267278639 -0.0013367238786831225 0.011724885948804732 0.006289835353365184 -0.0026517942908987377 -0.0020965624599734419 -0.0024432461765798194 0.024489305875412475 0.014118420365683648 -0.0043500520887682975 -0.022132022433869941 0.0048983614637903425 0.0067839416435438518 -0.0035142055510935287 -0.025893584029858942 -0.017010745389325444 -0.0021037753663359911 0.00051488173117966013 0.0013500091026287431 0.0038732691228220823 -0.0027321749607245498 0.0058307769246659993 -0.0066392919145009024 -0.00036948228857798564 -0.016026532714628849 -0.0027273505014023137 -0.0036028316382987584 -0.0088985435491059986 0.00078162652115394639 0.018435429721427043 0.025808846884723305 -0.005049187734872178 0.0069643220029807209 0.0057558290607726981 0.00035800158263652745 -0.0080336779576314753 -0.017680949769754248 0.023855626736663995 -0.00074034809652483646 0.0041836253051162091 0.0086395814815703256 -0.0032911202858467814 -0.002244026045278109 -0.0033610217885307733 -0.0046483176124295193 0.00024296915365321485 0.0015924684864893769 -0.0037355587513928181 -0.00032923446720483106 0.012311716794788315 0.0051813930395219511 0.0072933267663391008 0.00046245380927984066 0.0011538807974888707 -0.00052725857103563887 -0.027024910163314455 -0.025256009651494833 -0.01916827532284459 0.0060085503795104305 0.019803627443008606 -0.001481255371449843 0.00056205447645201866 -0.0016631072385468796 -0.0036037841143623972 -0.01915045611426865 -0.01085216879306526 0.010540663256887768 -0.010117273022117321 0.031603207587404362 0.00053657440888878292 -0.0054851549438431815 -0.0014490294810577131 -0.0054834092001651482 0.015114312953287806 -0.0059867575521573768 0.0039906365868429437 -0.012938790597406505 0.0022023086479583801 -0.004643635685687421 -0.00081005081722219127 0.0019581982393804165 -0.0015776776851540372 -0.018965037727624472 0.0020166777723792692 -0.011032173517915578 0.0072095851520292452 -0.0030882927593946508 -0.0091302001009814383 -0.0014425471770759136 -0.021712463626394809 -0.021288434467850451 -0.0061923276926563351 0.021905778383726572 0.022614140638532582 -0.02010138408513298 0.016156590577817712 0.010446630492674087 -0.013648209708771883 0.0023846395720301151 -0.011087186682444088 -0.0059923493259332111 0.0038827386680706827 0.00036733709843465883 0.022358696907403153 0.010963044792786845 -0.019807084549579235 0.0065358713296008574 0.026623400415135726 -0.00075197344973207804 -0.011566092311741712 -0.0077228657612502093 -0.004856772722707881 0.021124741873076731 -0.00047280169422059455 -0.026613325092350041 0.0015443408542436382 -0.025724606059820951 0.0027500296432134996 -0.0051377530138830346 0.0072304278483849406
leaf_weight=441.15901170670986 854.86441247165203 20786.35650292784 1628.1179939284921 4952.1440942957997 21340.01500979811 53.434206701815128 1853.5451103523374 34.442593052983284 81.580417729914188 1754.9254466369748 16339.729466341436 4423.090292185545 4661.7500726729631 90.351461708545685 82.646427176892757 318.8054116293788 38.662920504808426 1727.4534785374999 813.87292808294296 5157.1976125910878 49.875799082219601 22.035558290779591 4777.189486682415 939.56680618226528 7469.4701588302851 21707.066712222993 2851.1027126535773 358.67671395838261 79.004720725119114 238.64005210995674 151.26146794855595 2734.0840075835586 652.79773254692554 516.27339985966682 15013.148083493114 48.417062394320965 35.483948230743408 3894.6411882713437 1321.9236008524895 943.0570647791028 917.87707829475403 1416.8076268658042 109.7069604024291 39.53046565502882 15323.520247012377 2373.497378885746 791.72706162184477 724.99398683011532 1844.8706522732973 624.24487853050232 1023.0269825533032 3331.3175895065069 1323.0363114625216 5552.9042730107903 2191.6873332858086 77.026513122022152 415.03355867415667 602.19221332669258 2704.1187502816319 602.53532981127501 1594.8590807616711 15.314027085900305 32.083050400018692 22.711412757635117 1902.8678266778588 37.692020706832409 4435.2745772302151 2837.1830336302519 1245.999554939568 4772.7683014571667 47.490826956927776 47.748566634953022 255.44548432528973 45.942769080400467 27.456127502024174 2604.3860500603914 1775.6321353837848 1154.0624691620469 67.954020723700523 25.129003971815109 2658.0435422584414 328.48967064917088 38.230855226516724 3836.3817942887545 5356.1503700017929 427.65840645879507 2925.9329667240381 403.43428666889668 82.193416006863117 1727.5054881349206 508.27206154167652 743.81413930654526 2486.1228414028883 571.59960962831974 1084.1693259775639 110.78118897974491 35.41541763395071 34.71491040289402 94.5682003647089 37.07689605653286 99.998875200748444 60.935787260532379 106.29988781362772 50.337797962129116 544.27402721345425 113.14011504501104 31.025800198316574 2336.3770299628377 16469.753851652145 40.964670151472092 41.890503823757172 104.27847783267498 1857.9375455826521 254.75329821556807 347.22858820855618 820.84856523573399 3916.5341141670942 300.61840263754129 21.33047204464674 803.29500412940979 24.54188247025013 1391.6240531429648 19.3416403606534 345.52892653644085 141.93536231666803 931.98706589639187
leaf_count=3535 6566 162769 12784 39293 165168 364 14704 121 331 12303 126757 34685 35800 310 300 1975 174 13460 5969 40927 70 112 37757 7384 56272 171644 22347 2865 511 1317 798 21327 4746 3405 117326 133 194 29471 8677 7223 6460 11189 617 204 117876 18096 6271 5730 12614 4387 7971 26059 10137 42749 16960 525 2786 4512 20312 4230 12464 88 135 144 15019 197 34169 22266 9293 36860 358 212 1238 197 112 19009 13858 9181 237 158 20664 2218 172 30144 42016 3014 20074 2825 356 12702 3887 5915 19405 3586 7405 345 148 210 474 141 360 328 712 315 3289 668 163 18579 129159 145 280 482 13558 588 2776 6478 30848 1807 102 6223 161 10355 78 2546 889 6571
internal_value=5.14335e-06 0.00172843 -0.00175439 -0.00265623 0.000778761 8.97601e-05 -0.000136832 0.00347761 0.0118311 0.00336398 -0.00335729 -0.000830062 -0.000954766 0.001573 0.0175866 -0.00109328 0.00689639 0.00187396 0.000505148 -0.00428416 -0.00593106 0.00247033 -0.00261498 -0.00192925 0.00223923 0.0042924 -0.000120683 0.000408419 0.00190801 0.00104447 -0.00647162 -0.00293021 0.00197254 0.00110894 0.000540851 -0.00557706 0.00120669 -0.00246924 0.00129823 0.00118024 0.00401488 -0.00374278 -0.00149061 -0.0011245 -0.00047776 0.0032458 0.00640022 -0.00512 0.000637875 0.00128384 -0.00471295 -0.00192484 -0.00233375 -0.00190103 -0.00277188 -0.00411836 -0.00206983 0.00316612 0.00201549 0.00446632 0.00259427 0.00397301 -0.00384516 0.00650827 0.00293049 0.00412648 0.000700671 0.00220403 -2.03863e-05 -0.00400416 -0.00149329 0.00545697 0.00829591 0.00344533 0.0135285 -0.00137513 -0.00306812 0.000279094 0.00528925 -0.00775634 -0.00433507 0.00618599 0.00587233 0.00125432 -0.00583387 -0.00685489 0.00232433 0.00102963 -0.0045555 -1.7159e-05 -0.00677373 0.00985249 -0.00161177 -0.00286077 -0.00457447 -0.00861379 -0.000452714 0.00241115 0.0143636 -0.00564292 -0.00815234 0.000343462 -0.00659277 0.0026596 0.00143944 5.13192e-05 0.00966918 0.0050894 0.000324964 0.000423311 -0.00776663 -0.0127855 0.00599481 0.0230581 -0.00729947 -0.00787005 -0.00715572 -0.0083226 -0.0027888 -0.000109714 -0.00128014 0.00165118 0.00115187 -0.0031742 0.00399887 0.00484741
internal_weight=270843 136831 134012 86040.4 88684.5 47489.6 47971.3 48146.7 644.651 47502.1 60932.6 25760.1 25107.9 41194.9 486.934 4177.73 454.244 37017.2 10050.4 27094.9 157.717 363.893 33837.7 15057.5 21481.9 26020.1 19561.4 36645.6 19688.8 11966.8 389.902 10344.3 5936.14 20467.2 15603 589.819 5122.27 12891.5 11576.9 21729.4 2262.51 12843.6 8091.97 7681.65 16178.4 7722 4313.08 16750.6 9314.34 2166 8066.4 20994.1 17662.8 11325.6 7744.59 4799.5 3723.49 1541.76 4416.06 1711.94 22934.9 430.348 706.211 1344.64 4864.26 3351.53 14082.3 4564.64 9517.66 6649.6 7313.63 325.23 277.481 107.841 61.8987 7266.14 6198.72 1512.74 150.6 541.402 5392.13 368.02 1793.16 5082.38 11593.4 6237.26 5785.06 3411.56 485.628 3581.05 1531.3 1184.97 4114.24 3293.14 1923.19 839.018 1369.96 883.048 129.283 486.907 418.804 753.765 728.237 156.638 718.35 657.414 68.1027 3128.1 16710.3 16510.7 199.603 157.713 1936.94 336.334 5809.61 5084.61 4263.76 410.325 674.128 904.863 827.837 1448.66 1410.97 5118.3 1676.46 1534.52
internal_count=2079915 1045392 1034523 664249 683315 371312 370274 362077 1956 360121 476236 201320 188013 312003 1456 25039 2046 286964 75337 213073 500 1736 263163 112676 154177 205944 152777 283159 141702 86282 2115 81284 43148 158717 121022 3696 37179 96393 84167 169992 15281 100210 60013 57589 124442 55420 34300 131789 68886 16283 62453 162953 136894 87115 59709 36380 22993 11896 32196 11884 177632 2874 4983 8821 37695 25649 109332 35726 73606 51264 55167 1562 1350 430 233 54809 48543 12046 537 3563 41991 2422 12475 39437 90862 48846 41351 23255 3181 27406 11858 9450 32189 20119 12363 4958 7756 5117 684 2639 2335 4433 4613 1027 4285 3957 304 24850 130430 129304 1126 846 14069 919 45832 40102 33624 2424 4848 6909 6384 10630 10433 39406 11690 10801
is_linear=0
shrinkage=0.02


Tree=13
num_leaves=127
num_cat=0
split_feature=10 10 53 16 53 32 34 5 10 27 40 8 40 20 39 24 54 29 26 29 10 55 26 40 10 39 39 29 27 31 54 26 35 26 48 48 44 45 26 26 50 33 29 15 55 44 51 40 55 2 49 47 26 54 2 46 19 49 46 15 29 18 32 39 29 57 40 27 48 39 34 34 39 27 1 48 2 0 2 10 40 56 52 27 18 29 54 34 27 29 55 12 31 19 48 18 5 15 26 53 16 35 55 55 55 27 55 32 54 46 18 40 51 33 52 21 20 40 17 29 15 15 47 25 31 40
split_gain=1971.94 546.017 469.415 246.429 119.969 116.426 168.372 116.42 110.807 102.585 99.5823 86.8205 85.7816 81.2987 78.0529 87.6464 75.2555 72.0323 68.6872 66.7436 65.9841 65.6247 65.6056 62.7466 58.7073 58.632 66.7053 57.5383 56.5905 56.3861 69.9006 69.1096 60.3344 54.6286 58.2025 54.2342 72.6312 53.9565 50.3398 55.3801 50.6093 49.9339 49.5464 48.5831 49.7643 48.5238 48.1077 46.5754 47.0864 46.0814 55.0777 45.7795 45.521 45.5186 55.4221 44.7934 44.0442 53.1305 51.5533 43.8644 51.6873 43.7923 43.6069 48.8703 48.2323 46.0483 45.8603 44.2623 51.5408 45.6809 43.5043 43.3482 42.9897 42.5777 77.3517 42.4452 42.1356 42.0221 41.2891 39.6871 39.0905 39.1674 38.4412 38.4248 38.1289 38.2902 53.394 45.6256 44.0874 45.0218 43.8207 38.0339 62.7527 37.7942 37.6837 37.6695 37.3705 37.1489 36.9524 36.8198 40.426 36.5445 36.376 51.7638 48.0725 36.3277 36.3152 36.1978 39.1099 40.4182 38.6991 36.5114 35.9734 35.9407 35.6417 35.5897 35.4455 34.9381 34.9323 34.9155 34.877 34.7867 68.9256 35.1055 34.4074 34.2857
threshold=0.065279826521873488 -1.3676642775535581 0.2451811879873276 -0.36314129829406733 -0.11891197040677069 0.079351320862770094 0.045833334326744087 0.0828070603311062 1.3890823125839236 -0.87837970256805409 -1.0000000180025095e-35 1.2107930779457095 -0.12500000000000003 0.43030922114849096 0.68854168057441723 124.05725097656251 0.08701385930180551 -0.82852840423583973 0.78656607866287243 1.0711729526519778 2.8735290765762334 0.1935292258858681 0.91597560048103344 0.46650633215904241 0.9351925551891328 0.059374999254941947 0.4760416597127915 2.4322092533111577 -0.87837970256805409 0.14999999850988391 0.36712509393692022 0.91597560048103344 0.17500000447034839 -0.12940952181816107 0.10664898529648782 -0.051495738327503197 0.032405601814389236 0.044169273227453239 -0.6035533845424651 -0.7865660786628722 1.3152332901954653 -0.0032669001957401629 1.1306822299957278 6.8558037281036386 0.23953387141227725 -0.0028714382788166399 -1.8160406351089475 -0.3415063470602035 0.059207433834671981 0.017353075556457046 -0.018881815485656258 0.0093118669465184229 -0.6035533845424651 0.13746055960655215 0.017917328514158729 -0.040034575387835496 8.7338814735412615 -0.41556310653686518 0.017181689850986007 0.38740634918212896 -0.38210451602935785 1.0748438835144045 0.0023271680111065511 0.36354167759418493 -4.010042428970336 -0.11655878275632857 0.34150634706020361 -0.60785761475563038 -0.06628719717264174 0.48020832240581518 0.17083333432674411 0.037500001490116126 0.63854166865348827 -0.87837970256805409 -0.03216083534061908 -0.098494205623865114 0.0037335115484893326 -0.016804618760943409 -0.019389144144952294 1.890169143676758 -0.4665063321590423 -0.16553301364183423 -0.18504217267036435 0.87837970256805431 -0.3508253395557403 -8.459493160247801 0.22268584370613101 0.095833335071802153 1.0000000180025095e-35 -4.6644926071166983 0.23953387141227725 0.35354927182197576 0.18999999016523364 2.0438015460968022 -0.077190380543470369 0.79850944876670849 0.020083770155906681 6.8558037281036386 0.60355338454246532 -0.90916565060615528 -0.66854059696197499 0.12500000372529033 0.43776553869247442 0.28404527902603155 0.23953387141227725 -0.60785761475563038 0.18066526949405673 0.079351320862770094 0.46138055622577673 -0.051636224612593644 0.28417015075683599 -0.12500000000000003 1.1503048539161684 -0.0033702012151479717 1.1106869578361513 1.1547579169273379 1.091430187225342 0.46650633215904241 0.13825297355651858 -10.758540153503416 0.18514394760131839 8.6373987197875994 0.019832804799079898 -0.37940952181816096 0.14999999850988391 1.2246467864107191e-16
decision_type=2 2 2 2 2 2 2 2 2 2 2 2 2 2 2 2 2 2 2 2 2 2 2 2 2 2 2 2 2 2 2 2 2 2 2 2 2 2 2 2 2 2 2 2 2 2 2 2 2 2 2 2 2 2 2 2 2 2 2 2 2 2 2 2 2 2 2 2 2 2 2 2 2 2 2 2 2 2 2 2 2 2 2 2 2 2 2 2 2 2 2 2 2 2 2 2 2 2 2 2 2 2 2 2 2 2 2 2 2 2 2 2 2 2 2 2 2 2 2 2 2 2 2 2 2 2
left_child=1 5 8 12 11 7 22 28 33 24 27 21 16 -8 15 79 114 83 37 25 38 62 101 41 -5 -9 73 -6 52 70 102 91 -33 34 45 36 80 96 39 40 -17 43 98 44 49 -2 115 48 118 -14 -51 71 -1 54 -25 -21 57 -18 -59 60 -28 -45 63 -3 65 -64 -66 68 -68 -69 82 -20 -43 74 -27 -60 -40 93 -53 -11 -35 -82 84 -16 -23 86 -86 107 125 -90 -91 -32 -93 -61 -26 -79 105 -38 112 -44 -101 -7 103 104 -31 -12 119 108 109 -88 -111 -110 -10 -13 -4 -15 -49 -22 -37 -67 -65 -77 123 -123 -76 -87
right_child=2 4 3 9 10 6 13 19 42 14 18 113 23 46 17 20 56 -19 51 55 117 29 -24 53 94 26 59 -29 -30 30 31 32 -34 35 -36 47 97 -39 76 -41 -42 72 99 61 -46 -47 -48 116 -50 50 -52 78 -54 -55 -56 -57 -58 58 75 77 -62 -63 64 120 66 106 67 69 -70 -71 -72 -73 -74 -75 124 121 -78 95 -80 -81 81 -83 -84 -85 85 88 87 -89 89 90 -92 92 -94 -95 -96 -97 -98 -99 -100 100 -102 -103 -104 -105 -106 -107 -108 -109 111 110 -112 -113 -114 -115 -116 -117 -118 -119 -120 -121 -122 122 -124 -125 -126 -127
leaf_value=0.0098428293630906227 0.0030290118381244612 -9.7189337658534726e-05 0.00012676478212807224 -0.0030000781171285523 0.00052061597335040591 0.012955702044967692 -0.0085066519430342224 0.005566217160632281 -0.0014111018621677791 -0.0016739295434852009 -0.00093442016371060675 0.0027049015377395226 -0.0025821764387875755 0.0271826791175791 0.0045551474441049202 -0.002312075433845331 0.0040628818319956338 -0.0020030674172730541 -0.0021003377302390934 -0.010209485433850658 -0.0015164038493316878 0.0023446429864347027 -0.025145179601128175 0.00053194757406137424 0.022025035211311557 0.023617890621952863 0.0061096424595159481 0.0034630457404829563 0.0038491850645038625 0.0025717186590243778 0.023753361903373429 0.014930816831680451 -0.025883445364051145 0.0075067161799282772 -0.03180337571782732 0.0057310996018097868 -0.00073873415143501156 -0.023723815507075648 -0.0030292953993618478 -0.00073602092997875751 -0.0057770841215280403 -0.0049483810243058021 0.0075055851692520893 -0.011500881323933395 0.0060638458844185974 -0.0007702768227375083 0.0091774113620665919 0.0014426444201603409 0.0046222892746480343 0.0042189603889637344 -0.0018553143582689645 0.021864705938198666 0.0051206170001673254 -0.0032939302030127317 0.0086956459657833735 0.0053418278050747251 0.010518549140070799 0.0025234441704344223 0.018427935426821578 0.015596668684892206 -0.0010318856800881468 0.0045418640762497518 0.0074236226625040026 -0.00087574628698503659 0.0032109447773000801 -0.01998483473082889 -0.018615726106751485 -0.00053415618358760078 0.0045707884041754614 0.0038525972056557638 -0.032876946926888376 0.006178887419799238 -0.00010785062911441061 -5.2737299571349423e-05 0.0051184253170695306 -0.0016026883835567548 -0.0055379847799285403 0.0025575086911959412 -0.0053607175149391895 -0.0056173061354447698 0.013922146542552678 -0.0049315545689625727 0.0045662131281124828 -0.006898156478663469 0.016440255463773562 -0.0041206548311582625 0.011398137546749008 0.014939907284226422 -0.010643109995087672 -0.004412437080261452 0.007658958777502143 0.015855836181178022 -0.016760640951590095 -0.0097275739088142563 -0.0064393966322450159 -0.0084597613095821096 -5.7189526256256296e-05 0.02838266461701958 -0.0004261776001606199 0.013531331322830296 -0.00082852859483802761 -0.010786980134479927 -0.014083283998281446 0.011591992715848289 -0.010139607827932896 -0.010226007389059315 0.0085220031768289267 0.0064612598579964755 -0.0045608611022740688 -0.018599074625202456 0.0018989437928607703 -0.032701305959134154 -0.0044075498603306706 -0.0014920245631443998 -0.0038032114462138045 0.007607024141688231 -0.00078071110914747514 0.0070680644769149084 -0.0014088010930335679 -0.0017635286054794761 0.0028164133915796656 0.019282959605640037 -0.019753922419852608 -0.010720288132271103 -0.0033758429496143706 -0.012125195724621665
leaf_weight=1128.7245709449053 1479.2100873365998 7271.8450605943799 1907.1049103438854 3159.2835465371609 14270.756599567831 59.493284545838833 41.835882782936096 1481.9294856488705 2613.750768981874 12090.0041430071 404.98179539293051 970.04725410044193 4886.6187868118286 273.52714636176825 1032.0510095506907 3255.1879499480128 2112.4362287074327 9837.9837939962745 2640.8757838383317 75.028180427849293 2067.8504509478807 450.60715533047915 48.549385473132133 1057.0426098629832 17.694801539182663 75.519833900034428 2340.2619305625558 3266.3572677373886 20664.171151392162 355.65311994403601 121.17279057949781 24.457699857652187 32.796199187636375 120.42251158505678 22.676642820239067 358.51399113982916 28.623299539089203 38.308744177222252 3441.2255684360862 2735.803951561451 3504.7631716653705 3894.5233346745372 294.58813098818064 324.926354393363 368.01915319263935 14676.51731672883 113.05429895222187 10423.102202676237 2979.6967504844069 1056.306202031672 1370.6752185747027 21.525713302195072 2976.300594650209 624.24086954444647 484.67102989554405 2996.0871458053589 223.40172649174929 1911.9518840312958 38.877720504999161 25.742478713393211 489.66846692562103 85.336856231093407 264.17992101609707 1224.2295901030302 17942.114928238094 42.10566969960928 38.224190920591354 4277.1032364889979 1747.0474410280585 1219.3366559147835 17.469022519886494 278.72922065854073 904.84149669855833 8860.6018384918571 666.50715474039316 1890.5677472874522 12174.995033860207 2946.8179190903902 2252.9050135239959 1114.6375228688121 44.580146409571171 1360.0070780813694 309.02860822528601 131.19719184935093 72.913940787315369 385.826625905931 52.646998159587383 54.230066739022732 165.74726267158985 248.09084793925285 231.60456078499556 96.48667573928833 30.207142114639282 201.5496124252677 6159.2440106570721 128.59635004401207 15323.457835622132 43.712891571223736 2553.507812410593 81.377410389482975 1630.3720441311598 44.39879135042429 67.026616305112839 149.96268009394407 177.59661967307329 287.61493268609047 134.87947216629982 88.895614884793758 33.408849619328976 76.59522757679224 69.671749196946621 41.48606775701046 4151.8768849745393 5114.3029697835445 1787.0029553025961 44.237095057964325 3955.5084007680416 207.76359559595585 1152.4648320376873 1789.9322098717093 6212.3027091696858 34.763528920710087 117.24622246623039 26.757974371314049 266.11571023613214 485.36096147447824
leaf_count=9010 10789 56983 14906 25137 111976 219 98 10211 20349 95507 3240 7262 37312 715 8035 25206 15701 77216 20770 430 15432 3039 69 8271 136 404 16922 24997 163416 2311 476 152 134 888 112 2864 134 219 27142 21206 27101 29471 2156 1884 2422 113541 446 81222 23075 7908 9947 134 23652 4387 3625 22138 1641 14209 190 114 3677 540 1896 9762 139542 214 261 33223 13709 9591 35 2168 6909 63545 5011 13830 94386 21217 17575 8691 349 9550 1957 1014 386 2343 257 253 1027 1712 1476 498 155 986 48451 843 119410 124 19882 473 12197 187 386 930 1078 2301 932 322 123 336 386 101 32058 39276 13920 154 31343 1576 9168 13020 48855 189 593 158 1871 2868
internal_value=5.03666e-06 0.00169399 -0.00171937 -0.00260323 0.000795542 0.00347076 0.012038 0.00335232 -0.000134083 -0.00329033 -4.65631e-05 0.00142261 -0.000935694 0.0179241 -0.00294108 -0.00334608 0.000495117 -0.00144647 -0.000967234 0.00223932 -0.00399143 0.00171957 -0.00620374 -0.00189074 -0.00521971 0.00176138 0.00140862 0.00106888 0.00427576 -0.000783499 0.0031507 0.0112049 -0.00847425 0.000400279 -0.000468199 0.00108683 -0.00245043 -0.00032031 -0.00428695 -0.0031377 -0.00410928 -0.00241996 -0.00186305 -0.00146085 -0.00110199 -0.000422188 0.0205068 0.00138644 0.00316431 -0.00146349 0.000788657 -0.00296619 0.00642137 0.00125824 0.003103 0.00495838 0.00181449 0.00149559 0.00014566 0.00304655 0.00487365 -0.00815855 0.00194751 0.00106853 0.00241832 -0.00039974 0.00266763 0.0013285 0.00406364 0.000439348 -0.00227605 -0.00130775 -0.0040362 0.00039046 0.00428292 -0.00201047 -0.00498546 0.0014797 -0.00509311 -0.00200728 -0.00338387 -0.00432297 -0.00207062 0.00325771 -0.00290727 -0.0040878 0.000770766 -0.00199992 -0.00565717 -0.00168971 0.00141755 0.0157703 0.00800102 -0.00679928 -0.00635414 0.0020939 -0.000262791 0.0169928 -0.00247683 0.000987178 -0.000137768 0.00279351 -0.000134136 0.00125147 -0.00167092 -0.00480356 -0.00145426 -0.00456955 -0.00816497 -0.00347911 -0.00888181 -0.0203872 -0.00325047 -0.000822396 -0.00177458 0.024493 0.000830925 -0.000729442 0.000287311 -0.00219353 0.00220843 -0.00240365 -0.0108127 0.0062547 0.00269257 -0.00859013
internal_weight=270828 136821 134008 86037 90872.1 45948.7 625.096 45323.6 47970.5 60929.7 38785.5 52086.6 25107.3 472.654 51593.5 40592.2 10050.1 11001.2 21248.4 20554.4 27387.6 46002.2 152.441 15057.2 9336.22 17483.3 16001.4 17537.1 24769.2 3838.94 1055.36 305.121 57.2539 36645 16178.4 20466.6 1597.35 16054.4 25112 9495.76 6759.95 12891.2 11325.5 8091.88 7681.62 16155.7 430.819 18869.3 4490.68 7313.6 2426.98 5194.04 4105.03 2165.95 1541.71 3071.12 6356 6132.6 4020.17 6132.64 2829.93 410.263 42163.3 14708.4 27454.9 2231.1 25223.8 7281.71 1785.27 5496.44 2783.58 2919.61 4799.36 9868.74 1008.14 2108.21 15616.2 3302.71 2274.43 13204.6 1525.01 1404.59 2766.11 1163.25 2457.09 2006.48 489.849 416.935 1516.63 645.443 479.695 247.867 126.694 227.292 6176.94 3075.41 16016.1 72.3362 9319.14 2006.34 1711.75 103.892 750.239 683.212 533.25 692.597 1966.92 362.705 273.809 198.914 146.267 74.8949 6765.63 6084.35 3694.11 317.764 14378.6 2275.61 1510.98 1832.04 7436.53 2069.34 178.768 61.5215 932.623 871.188
internal_count=2079915 1045392 1034523 664249 700057 345335 1888 343447 370274 476236 302790 397267 188013 1413 402512 316247 75337 86265 165817 147369 212049 350729 475 112676 73724 124801 114590 136973 196078 22741 6120 1415 286 283159 124442 158717 11045 125170 195041 73513 52307 96393 87115 60013 57589 124330 1315 147672 35107 55167 17855 40647 32662 16283 11896 22568 46511 44870 29169 43759 20599 2424 327988 115600 212388 16062 196326 56784 13970 42814 16621 22938 36380 70831 7286 14960 121528 23160 17709 104198 10787 9899 16586 9049 14629 11590 2164 1778 9426 4215 3188 1129 653 1100 48587 22060 124951 258 72289 14826 12670 406 4705 4319 3389 5541 14166 1525 1203 979 722 224 52407 46538 28826 869 112565 17008 12032 13234 58617 14770 940 347 6882 5211
is_linear=0
shrinkage=0.02


Tree=14
num_leaves=127
num_cat=0
split_feature=9 53 51 9 16 34 39 1 54 1 32 55 29 7 38 9 56 19 8 38 39 47 34 54 29 39 31 28 34 53 40 47 15 38 51 53 33 29 16 53 21 25 8 57 21 39 47 29 44 29 40 34 39 18 39 53 28 54 55 9 29 38 28 45 46 38 46 57 19 29 47 29 45 2 18 25 12 29 28 46 2 55 1 44 12 29 21 12 47 4 12 12 35 33 44 28 18 39 29 35 15 38 55 15 18 38 28 7 0 9 46 54 4 9 52 0 38 47 12 24 22 2 12 46 18 39
split_gain=1691.29 739.135 360.566 208.323 179.997 116.541 104.644 102.829 101.143 92.332 90.0627 88.9293 80.178 78.7053 76.1212 77.2716 73.8226 72.8055 69.5383 67.3823 71.0884 73.1049 63.9838 63.1531 61.9691 76.302 61.433 61.1799 60.9001 60.5893 59.292 76.1853 66.5941 58.5439 58.0618 55.9581 55.9498 54.5098 84.2924 55.8912 52.5386 62.5216 52.347 52.1522 52.1055 51.3637 48.4376 48.3677 52.6425 47.6842 44.6926 44.5864 44.5205 45.0515 44.3817 44.3587 47.9576 44.3102 44.0556 43.6799 43.2482 43.2255 43.3249 42.53 42.0969 40.4948 45.7206 48.5723 40.4162 40.1672 40.962 39.6854 40.8421 40.2582 39.4123 39.0281 43.3043 38.9529 38.8241 38.4622 38.4233 46.2348 38.3546 37.7003 37.4481 43.992 43.1212 37.0162 36.8506 36.7855 37.2721 36.4969 36.2913 36.2095 48.4905 35.6913 35.5056 35.442 36.8025 35.3977 35.7379 35.3851 35.3542 35.3189 35.232 35.022 34.6848 34.2924 34.2774 35.4214 34.2599 34.0652 33.9864 33.6193 33.6034 33.5145 35.4183 33.3128 57.9564 39.1051 54.0332 38.327 42.294 33.2222 34.4766 32.9939
threshold=-0.46737843751907343 0.66850367188453685 -1.4476959705352781 1.2190263867378237 -0.18504858016967771 1.0000000180025095e-35 0.18020833283662799 -0.047346591949462884 0.080568868666887297 0.00085180476889945577 0.064297948032617583 0.15080669522285464 -4.010042428970336 0.27807627618312841 -0.18751790374517438 -2.0857665538787837 0.019471783190965656 9.5375452041625994 -0.66322621703147877 0.024440987966954712 0.45937500894069677 -0.055100105702877038 0.16250000149011615 0.16273638606071475 3.62733006477356 0.38020832836627966 0.12999999895691874 0.81174489855766307 0.13750000298023227 1.5260738730430605 0.34150634706020361 -0.069542206823825822 6.8558037281036386 -0.02262879908084869 2.0091637372970585 -2.0970149040222164 0.043072288855910308 6.393367052078248 -2.1184504032135005 0.2451811879873276 1.1983426809310915 0.37940952181816107 0.7607487440109254 0.27458913624286657 0.82346463203430187 0.92604166269302379 -0.044350966811180108 6.393367052078248 0.025579494424164299 5.5565536022186288 -0.3415063470602035 0.045833334326744087 0.055208332836627967 0.43371149897575384 0.77187499403953563 -1.4802989363670347 0.81174489855766307 0.320052981376648 0.43776553869247442 -2.6243785619735713 0.4651248455047608 0.15208059549331668 -0.56174489110708226 0.011689256411045791 -0.026310279034078118 0.012881523929536344 0.017181689850986007 -0.077865313738584505 2.1747560501098637 -1.8098145723342893 -0.0050681421998888245 -4.6644926071166983 0.013823845889419319 0.019117565825581554 -0.26704059541225428 -0.37940952181816096 0.81775760650634777 5.2338719367980966 0.81174489855766307 -0.0058234003372490397 -0.0026611600769683714 0.060724902898073203 0.016307182610034946 0.00031512518762610858 0.18334035575389865 -10.758540153503416 0.75007954239845287 0.25188870728015905 -0.055100105702877038 0.29507356882095342 0.40789620578289038 0.50264936685562145 0.42500001192092901 0.025348396040499214 -0.019801148213446137 -0.56174489110708226 -1.1183862090110777 0.85937500000000011 -0.24876594543457028 0.27500000596046453 1.5565037727355959 3.1203815311037899e-17 0.3536743968725205 0.12283921241760255 0.45783817768096929 -0.095980130136013017 1.0000000180025095e-35 -0.053559819236397736 0.0033159058075398211 1.1407250165939333 -0.011043737176805733 0.15759033709764483 0.0901026986539364 -1.2664586305618284 -1.4895648956298826 0.016577655449509624 -0.094131018966436372 0.067394435405731215 0.65046164393424999 27077.168945312504 0.15389280021190646 0.039494939148426063 0.67866018414497387 -0.0023848868440836664 -0.68482765555381764 0.74270832538604747
decision_type=2 2 2 2 2 2 2 2 2 2 2 2 2 2 2 2 2 2 2 2 2 2 2 2 2 2 2 2 2 2 2 2 2 2 2 2 2 2 2 2 2 2 2 2 2 2 2 2 2 2 2 2 2 2 2 2 2 2 2 2 2 2 2 2 2 2 2 2 2 2 2 2 2 2 2 2 2 2 2 2 2 2 2 2 2 2 2 2 2 2 2 2 2 2 2 2 2 2 2 2 2 2 2 2 2 2 2 2 2 2 2 2 2 2 2 2 2 2 2 2 2 2 2 2 2 2
left_child=2 3 7 9 6 14 117 10 35 28 13 12 -7 64 16 -16 23 18 82 22 21 -21 26 -4 25 50 46 33 30 55 42 32 106 54 47 -9 59 39 -39 51 87 -42 -2 75 -28 -22 57 68 -49 92 71 -11 53 -13 58 56 -14 -10 -20 -12 -19 102 -63 -53 -1 66 67 -52 99 89 88 72 -17 123 -37 76 -6 113 107 -40 81 -69 -8 -70 85 -48 -87 -38 -71 -33 -91 -35 103 94 -46 -55 -82 -56 -99 -5 -101 111 104 -23 -27 -68 -32 -26 109 -77 -92 -95 -47 -57 -59 -85 -117 119 -119 -3 121 -121 -123 -73 -125 -64
right_child=1 4 5 34 43 11 17 8 19 37 36 52 29 -15 15 24 -18 60 27 20 45 49 -24 -25 78 61 44 -29 -30 -31 31 69 -34 91 -36 74 40 38 79 -41 41 -43 -44 -45 93 112 84 48 -50 -51 65 63 -54 95 97 77 -58 114 -60 -61 -62 62 125 -65 -66 -67 105 80 83 70 -72 73 -74 -75 -76 108 -78 -79 -80 -81 96 -83 -84 115 -86 86 -88 -89 -90 90 110 -93 -94 101 -96 -97 -98 98 -100 100 -102 -103 -104 -105 -106 -107 -108 -109 -110 -111 -112 -113 -114 -115 -116 116 -118 118 -120 120 -122 122 -124 124 -126 -127
leaf_value=0.01309644669026782 0.0021671825910120619 -0.003734173763013536 0.009483129970520884 -0.00039267396909893431 -0.0013933979093357165 -0.0028328623452728453 5.9278345546931628e-05 0.0063732860733096844 0.012741687757201093 -0.00017137475504440486 -0.011668802304552622 0.011409984119612674 0.0050128432375239531 -0.012743868855228662 0.0037402739735267082 -0.011317959144126538 0.006796335038925419 -0.004116665304686796 -0.0017157177347380515 -0.0095397477504948012 0.0044589057177690126 0.0050248545263972258 -0.024508907667093661 -0.017172949120064007 -0.00080663022894940611 0.0012593637635436134 -0.00077776055409529857 0.00045069027315914717 -0.010752387072103672 -0.0037375478237474183 -0.0049088973684305185 -0.0021543387256387531 0.03124428502244633 -0.00077478513127106938 -0.004181877551487038 0.0049686781662876709 0.025025823017780228 -0.022545738244948516 0.015701534809634946 -0.0022367452447919767 0.018245181063983869 -0.019327870545802647 0.00048494062258783898 -0.011069301694270417 -0.0037831825246597995 0.0060417741931348091 -0.016196526365214105 0.0069493846152511333 -0.027434783022700988 0.022049831482212335 0.0019283005962573861 0.0044339754015753994 -0.0013330766168336836 -0.025697558683959121 0.0046777294594187576 0.003275240349950363 7.4930075364009252e-05 0.0035537490498784227 -0.018093046812767459 0.010528904312099468 0.0074121862111110716 0.025623415196793568 -0.0068767265506687681 0.025661368431187003 -0.0034181724435139926 -0.0045144247998823456 -0.013185904594036759 0.0096445830916459061 -0.00049139226354220499 -0.017225578375790883 -0.00086582976811575159 0.0032488966200462351 0.0135697917230136 0.0073347799945074153 0.002937791360959154 -0.0035671071251838146 -0.0038569765227156527 0.010566955156581475 0.0088708537667557662 0.0040448333993570503 0.0072875721945507852 -0.0014744081350715487 0.0052077280267834695 -0.003306192613489814 0.0021630570868303757 0.0016420132298604762 0.0073536360190699672 0.0065965796265281141 0.00211290819094808 -0.024477100831346198 -0.010085210872743522 -0.0038082736435280208 -0.018399986170167915 0.0038316495742303459 0.0032626327945182334 0.0067526665681352264 -0.0041939699070110267 0.0058057502468422308 -0.0024286621462921861 -0.0014592458279202919 -0.015673607004419176 -0.019146178463743852 -0.021852781008769528 -0.0009523362794290536 -0.0013235548685938752 0.0051697164137418442 0.014177601423452674 0.0047235793656983556 -0.0027449024570185654 -0.0054680608167862813 0.020139078950921437 0.0125656887883782 -0.0079013846224707928 0.0015505785905935608 -0.027042611611865247 -0.004006116030693091 0.015841441133405507 0.00086674355443908916 -0.015410891804893023 0.0030510738293734563 0.011750299231976472 0.014537089867363594 -0.0093515948223272735 0.0042605892158006928 -0.0014057323139819704 0.014530250572021992
leaf_weight=184.02724406123161 20147.721195228398 9282.3477864488959 40.619215413928032 11110.047508470714 4870.2322162538767 1139.6529595628381 4083.7106388434768 4199.3151695728302 469.74330884218216 17371.911914080381 42.161969490349293 206.71108712255955 5032.2084497064352 103.92074271291494 2493.0125466957688 198.12562593817711 94.321401089429855 166.30228759348392 7814.2552983239293 366.23557940125465 2105.4615398794413 452.62114361673594 32.324110954999924 253.43917346745729 870.78117524087429 11429.340253211558 2024.2086784914136 3900.7875481024384 172.85071084648371 591.99020717293024 71.571726471185684 1788.733888939023 52.112295553088188 1922.5610871613026 3110.2615497484803 6506.5955205112696 281.23987258225679 38.285503476858139 167.59916634112597 6297.3826185166836 43.232387587428093 28.556731276214123 11696.753761485219 394.62669861316681 456.02341419458389 97.117453992366791 35.476497180759907 403.21200469881296 17.648902490735054 37.210573434829712 1057.9318377003074 241.77324464172125 3857.8036531507969 25.531574204564095 815.03608869016171 7105.1819243878126 933.02190457284451 65.444538667798042 65.285614416003227 199.64298961311579 587.28505201637745 53.446600697934628 56.601765677332878 43.942446731030941 92.010412149131298 2169.688298560679 43.864886693656445 186.16905684024096 3183.4780379384756 38.868765510618687 5602.3377478346229 1033.663957901299 29.50598619133234 320.02128803730011 9292.9233596995473 6557.5429485067725 6904.2352052852511 223.04741390049458 408.04063806682825 349.06167375296354 110.39873084425926 743.83024623245001 673.46172977238894 6982.2484147399664 2193.151536591351 706.9125040769577 2110.4782923310995 52.768862828612328 3456.8745932206511 60.087589219212532 78.663078486919403 9113.5321248695254 43.305364266037941 388.00379889458418 2692.2233196869493 26.984373971819878 3324.3800225257874 275.74563974142075 1006.160480864346 168.20063671469688 121.62943196296692 18.970085807144642 26.654999285936356 3081.1196995079517 2590.072512216866 570.43972503393888 79.336550951004028 922.78376593440771 4566.2331989705563 9802.3998966962099 17.499445386230946 332.78588230907917 242.84280396997929 12449.995489880443 17.322117075324059 67.59586974978447 74.923777282238007 137.92699445784092 237.27117824554443 333.49231776595116 148.1439121067524 32.346126392483711 270.73788563907146 484.53865741938353 3719.5746546089649 56.65747157484293
leaf_count=1050 155593 71365 307 86150 38529 8191 31888 32980 3080 134301 107 1386 39283 522 19305 1374 461 1292 59451 2075 15437 3361 203 1286 6505 89754 14309 29689 1073 4612 474 13396 195 15017 24023 51329 899 147 1101 49049 186 79 90246 3125 3034 767 173 2669 46 240 8295 1793 25082 90 6196 55949 7155 384 276 746 4306 280 334 192 435 16972 295 1482 24693 296 44065 8062 201 2368 73370 52215 53337 1722 3115 2447 868 5513 4881 54240 16529 5239 15664 156 26946 266 429 69772 251 2794 19932 160 25956 2113 7760 1332 835 88 140 22694 20387 4339 445 6906 34525 77503 96 2163 1633 98029 81 378 388 941 1527 2227 959 174 1716 3840 29329 331
internal_value=-1.24757e-05 -0.00125902 0.00199126 -7.24157e-05 -0.00275123 0.00107769 -0.00186322 0.00351115 0.00334196 0.000505186 0.00975228 0.00194777 0.00235853 0.00201118 0.000251872 0.000355937 -0.0085391 -0.00127018 -0.00142619 0.00225263 0.000610833 -0.00103776 0.00316639 -0.0134678 7.83099e-05 -0.00017396 0.00324631 -0.00184928 0.00106082 0.00258332 0.00110848 -0.000139835 0.0119703 -0.0022763 -0.00162341 0.00432051 0.0142825 -0.00047554 0.00571545 -0.000619236 0.018817 0.0032252 0.00154935 -0.00384764 0.00182376 0.00329404 0.0047478 -0.0012636 0.00544349 -0.000173574 -0.00122236 -4.22198e-05 -0.00079308 0.00721352 -0.00116565 0.00272885 0.00424081 0.0103679 -0.00185382 0.0066222 0.00486458 0.000858109 0.0109524 0.0077803 0.00759562 -0.00217133 -0.00132845 -0.00191452 -0.00139392 -0.000363627 0.000194072 0.000123729 -0.00804235 0.000459755 0.00377448 -0.00376012 -0.00283826 0.0022726 0.00330922 0.0078511 -0.0028464 0.000758307 0.000789284 -0.00230141 0.0041303 0.005641 0.00592198 0.0221456 0.00189274 -0.00297166 -0.0122487 -0.00328003 -0.000411133 0.0031783 0.00224085 -0.0091903 -0.00382263 0.00141942 -0.000653467 -0.000573111 -0.00746123 0.00715809 0.000737463 -0.000185257 0.00078204 0.00383809 0.00514608 0.00203914 -0.00427861 -0.00470643 -0.0044241 0.00787733 -0.00390923 0.0021774 -0.00308417 -0.00310984 0.00645862 -0.00359069 -0.009438 -0.00337175 0.000913327 -0.00162156 -0.0067594 3.81893e-05 -0.000751573 0.00385672
internal_weight=270850 166974 103875 93012.6 73961.7 64880 40866.4 38995.4 37967.8 67773.4 1027.56 31592.1 27475.1 379.958 33287.9 32899.5 388.38 30424.1 29670.5 17969 6425.91 3980.49 11543.1 294.058 30406.5 28204.9 11510.7 24913.4 43263.4 26335.4 43090.6 11246.1 203.021 21012.6 25239.2 19998.8 647.603 24510 554.946 23955 405.798 71.7891 31844.5 33095.3 5912.22 2445.42 5598.53 22129 420.861 3614.26 13992.1 17657.6 4117.03 259.227 9976.48 25743.5 5965.23 552.51 7879.54 241.805 753.587 14212.8 166.706 285.716 276.038 8206.7 6037.01 5422.71 21708.1 11043.1 9098.08 5785.43 227.632 5557.8 15799.5 32700.6 11774.5 19778.2 2201.61 516.661 4364.78 929.999 4757.17 10308.2 5046.02 2852.87 2817.39 334.009 3495.74 1944.98 156.25 11036.1 3577.05 3888.01 3148.25 52.5159 3434.78 2096.94 1281.91 11399.9 289.83 739.76 14046.1 3533.74 14019.4 614.305 150.908 1793.56 20926.2 16359.9 96.1625 720.79 339.96 19555.2 82.7667 7124.77 142.52 10442.3 375.198 10067.1 784.72 636.576 303.084 5237.78 4204.11 113.259
internal_count=2079742 1288088 791654 717304 570784 499664 311550 291990 287810 522550 4180 241659 214941 2007 258005 255951 2054 232641 227043 130131 46458 28621 83673 1593 236646 220120 83470 190274 333520 206750 332447 86608 1114 160585 194754 157679 2173 189030 3695 185335 1320 265 245839 259234 42320 17837 41150 170731 2715 26546 108894 136286 26718 1636 75796 202138 46438 3545 59727 853 5598 111226 945 1985 1485 63720 46748 42114 168016 85494 71307 45174 1575 43599 124699 256109 91866 155700 16526 3548 33819 6995 36769 79699 37605 21076 20903 1055 27242 14187 791 84789 26306 28011 22966 250 26824 16069 9873 88317 2167 5045 110281 26055 110141 4634 919 13411 164243 129718 525 4957 2400 153978 465 55006 766 78909 2468 76441 5076 4117 1890 41231 33169 665
is_linear=0
shrinkage=0.02


Tree=15
num_leaves=127
num_cat=0
split_feature=10 10 10 2 16 29 8 32 47 55 55 32 34 39 26 26 4 20 40 16 48 39 39 46 28 25 6 26 29 47 48 29 55 37 38 55 18 29 45 13 2 20 17 17 38 47 50 29 38 19 47 39 38 47 10 0 29 4 46 38 48 40 25 7 45 29 34 46 47 28 1 21 25 4 19 2 4 39 39 29 49 35 29 24 28 11 16 28 32 6 55 31 31 45 2 34 26 21 38 55 55 47 49 40 54 29 21 28 46 21 38 12 45 38 6 48 16 19 40 29 28 45 29 45 39 55
split_gain=1855.31 458.859 375.837 170.018 120.957 101.922 100.697 96.1539 85.8836 83.165 80.7276 84.4659 152.439 78.2412 95.0964 77.77 77.079 74.704 69.8778 69.1135 67.9555 91.1926 84.0706 65.6215 76.6711 64.0674 63.41 59.8305 54.0454 90.1832 58.3548 53.5737 51.287 64.1248 48.2602 55.3282 47.8006 47.6002 47.164 46.8006 46.1916 46.0927 45.5454 45.4533 45.2674 45.6851 44.3111 44.2015 43.5678 51.81 78.5783 43.5417 43.1235 46.9827 42.8294 42.1177 52.4189 42.088 41.7181 41.5942 41.5295 41.3485 93.2509 41.2612 41.0317 41.0129 40.4595 39.9807 53.6103 45.1126 39.5039 38.9431 38.9263 38.5782 39.379 38.9664 38.5608 38.085 62.5445 53.6272 45.3126 37.9543 37.4388 36.8179 36.373 36.2829 35.9326 35.8765 38.3432 35.7973 35.6484 34.8297 65.1749 40.9331 39.9636 34.9838 34.3951 34.3291 34.143 34.0447 33.8839 33.8052 33.4979 33.6292 33.3091 46.9556 43.6797 39.0613 52.3776 33.6598 32.6022 32.5145 32.2855 32.2459 32.1715 31.9983 31.783 36.3436 31.5654 31.5188 31.2715 34.2123 31.266 31.2448 32.6662 39.3502
threshold=-0.11847987771034239 -1.3281418681144712 1.1052643656730654 0.0014975178637541833 -0.37399232387542719 5.5565536022186288 0.85137018561363231 0.0017005053232423963 0.060221116989851005 0.17061507701873782 0.056533116847276695 0.079351320862770094 0.045833334326744087 0.66354167461395275 -0.6035533845424651 0.78656607866287243 0.056561607867479331 0.43030922114849096 -1.0000000180025095e-35 -3.9366215467452998 0.010233565233647825 0.4760416597127915 0.076041668653488173 -0.0035038571804761882 0.81174489855766307 0.78656607866287243 2.6979520320892338 0.78656607866287243 1.8639504909515383 0.0036482397699728612 -0.11957251653075217 0.49838423728942877 0.082054425030946745 0.87999534606933605 -0.20845020562410352 0.43776553869247442 0.92716246843338024 6.393367052078248 -0.0043305885046720496 0.85721015930175792 0.0063901981338858613 0.79801818728446972 0.3768384456634522 2.4868249893188481 0.089256402105093016 -0.047464583069086068 -0.33710482716560358 3.507769107818604 0.067428246140480055 2.3062502145767216 -0.015891399234533306 0.25104166567325598 0.062633112072944655 -0.0052224907558411351 -2.0159491300582881 0.011057352647185327 5.2338719367980966 0.24555473029613498 -0.015222172252833841 0.056193653494119651 -0.002927139168605208 -0.3415063470602035 0.60355338454246532 0.031292831525206573 -0.0050005365628749123 1.4171719551086428 0.16250000149011615 -0.021849513985216614 0.0012868396006524565 -0.56174489110708226 0.022257118485867981 1.1732182502746584 -0.7865660786628722 0.17560487985610965 7.3236606121063241 0.04364494979381562 0.24555473029613498 0.27187500894069677 0.55520832538604747 -3.8238525390624996 0.48340520262718206 0.27500000596046453 -10.758540153503416 -28161.518554687496 0.81174489855766307 0.47963646054267889 -1.3077020645141599 0.81174489855766307 0.010841696057468654 -1.0397225618362425 0.15504640340805056 0.14999999850988391 0.12999999895691874 -0.03163646720349788 -0.027767293155193325 0.070833336561918273 0.12940952181816107 0.60101208090782177 0.023936715908348564 0.21235296130180362 0.25043855607509619 0.00047702834126539534 -0.60064309835433949 0.34150634706020361 0.25490155816078192 -0.54321289062499989 1.383719325065613 -0.56174489110708226 -0.01269187545403838 1.9181641936302187 0.14028084278106692 0.53178066015243541 0.017738462425768379 -0.06154364347457885 -0.49420936405658716 -0.027345786802470681 -0.10242164134979247 3.2279403209686284 1.0000000180025095e-35 8.5474190711975115 0.81174489855766307 0.018679894506931308 -1.3838946819305418 0.00060073845088481914 0.63020834326744091 0.017037305980920795
decision_type=2 2 2 2 2 2 2 2 2 2 2 2 2 2 2 2 2 2 2 2 2 2 2 2 2 2 2 2 2 2 2 2 2 2 2 2 2 2 2 2 2 2 2 2 2 2 2 2 2 2 2 2 2 2 2 2 2 2 2 2 2 2 2 2 2 2 2 2 2 2 2 2 2 2 2 2 2 2 2 2 2 2 2 2 2 2 2 2 2 2 2 2 2 2 2 2 2 2 2 2 2 2 2 2 2 2 2 2 2 2 2 2 2 2 2 2 2 2 2 2 2 2 2 2 2 2
left_child=1 10 3 5 8 19 7 18 26 82 38 20 15 14 16 63 -5 -14 47 -2 21 22 32 25 39 37 -4 34 29 40 -30 59 -12 44 84 64 104 81 -1 41 114 -25 60 -11 -34 -46 -32 -3 66 50 57 -10 53 -8 -22 123 -57 -50 -18 -15 -26 62 -21 -13 122 -56 -24 69 86 96 -48 85 97 -28 75 -75 -64 110 79 -79 -81 115 -9 -7 99 -19 -69 -27 -89 -88 -54 92 93 -45 95 -93 -63 -67 111 -20 -94 -43 -84 -104 105 -23 -107 -106 109 -109 -60 -40 -61 -31 -16 -6 117 -66 -76 -85 -115 -122 -36 -41 125 -125
right_child=2 6 4 13 23 83 52 9 51 43 11 12 17 31 28 -17 58 71 27 61 54 36 48 24 42 87 73 -29 30 113 46 -33 33 -35 35 -37 -38 -39 98 55 -42 101 -44 91 45 -47 70 -49 49 -51 -52 -53 90 -55 65 56 -58 -59 77 112 -62 67 76 -65 116 72 -68 68 -70 -71 -72 -73 -74 74 118 -77 -78 78 -80 80 -82 -83 102 119 -86 -87 89 88 -90 -91 -92 94 100 -95 -96 -97 -98 -99 -100 -101 -102 -103 103 -105 107 106 -108 108 -110 -111 -112 -113 -114 120 -116 -117 -118 -119 -120 -121 121 -123 -124 124 -126 -127
leaf_value=0.0064649984661122022 0.024311665877545244 0.0010322323948797789 -0.00094711690317827264 -0.0028616960353737863 -0.0036689354059076459 -0.015811687576812998 0.0013735100777660333 -0.021757542777874561 -0.01487485419769443 -0.0015449348432516753 0.00072578561301645547 0.017685098868103443 -0.0097927425211902699 0.00079980558739938304 0.00103107019408355 -0.027409861052644244 0.019250145871003987 0.022028226027534448 -0.0013498117290606888 0.0026504909363730105 0.0061275628967376837 0.0052476210936370582 0.0010057822815489035 -0.0014810346548350115 0.0010282110447157385 -0.0035450992199490268 5.0381466152937293e-05 -0.0025994050530152887 -0.03137161706963424 -0.0017216942146306546 0.0018226025156630188 -0.001262964297148097 0.0047650712365853113 0.011075772668660108 0.0092694087512174804 0.028848304442251727 -0.005622056763177786 0.010291670618175795 0.0046506998515118518 -0.0021755339540611503 -0.0036481592092830048 -0.0022661560600222615 -0.00060043124514238991 0.020683723505492285 -0.027953851393099426 -0.00032747355496666122 -0.0030985714798322018 0.004808681837092924 -0.0094313288939247945 -0.00021705316455304405 0.00254282174952928 -0.0037805389460426049 -0.0018752468549281974 -0.0012548657186221394 0.0018798319236248903 0.0015809956039827178 -0.0096609930970506779 -0.025944395327223951 -0.0011807568317307891 0.0048156395303094205 -0.0073526949013538283 -0.011159137122545624 -0.001816017786499908 -0.0075791033196529736 -0.00048136395186425095 -0.0082398326102493865 -0.019891013818870432 0.0089791029741241885 -0.0012155661899788525 -0.00082842197463678727 0.0027839178683121387 0.0020107153946223441 0.0076675412750665467 0.0049185061522036997 0.015973475851503452 -0.011030941116917752 0.015170451510657735 -0.010108314444907718 -0.0039968082757366082 0.0050999884790352565 0.00021463871822511538 -0.0098815954820601487 0.0031233409277648494 0.0076125819317655885 0.0082477726154535861 0.0012279272297112478 0.0018946475122654171 -0.0065943586074077108 -0.023445304075189643 -6.927886824558625e-05 -0.0079212113763528092 0.024983110210244259 0.012287352075859088 -0.0014136177156765708 -0.014009822715299226 0.0062369366517705483 -0.0022413297454447244 0.0037196419540046722 0.0021213703633726285 -0.02245094222030819 -0.012143443918410195 -0.0044013242927610739 0.0022967346653945731 0.00023638385310297265 0.0074701525487349662 0.0011320940937116825 0.0087507564806463493 0.00084149717162773901 -0.019790142419535514 -0.022529519786794388 0.011648161091860848 -0.018070689658490468 0.021332544655436336 -0.0058529565036860931 -0.0024042496675223523 0.00036191751863188365 -0.0046005955626693277 0.0028273466748104602 0.0049911668412012779 0.019850915909728716 -0.0032498957146766382 0.0093300333490205205 0.0018988430534537543 -0.014549327707374278 -0.0033451036231571187 -0.0051901919204113082
leaf_weight=3766.8622645139694 46.400872379541397 13089.244631402194 8008.287956237793 3995.4899086356163 956.65533822774887 21.265142969787121 4357.9446035325527 24.83118624985218 228.84046587347984 3543.99672601372 891.09677616506815 42.121028080582619 42.227920137345791 3205.5964882671833 2486.8168058916926 50.424012944102287 46.308575488626957 353.1160856410861 47.299998812377453 6511.6924128159881 2910.7632929012179 5616.7636471986771 10858.48210452497 5780.4460771009326 330.19260952621698 1326.4818444773555 700.23738855868578 4116.5896090343595 24.19086792320013 1168.9906130582094 1661.4158107191324 5030.9884481355548 686.9489986076951 723.91204915195704 265.00987964123487 26.112218119204044 216.54844541847706 162.74576323479414 7855.0543835833669 1989.3379871547222 3132.7644894495606 4645.9535294026136 5451.9618043452501 74.908380024135113 33.859641209244728 76.777947552502155 2861.9160264357924 1368.834799811244 249.17913430184126 1220.5178977549076 188.63803352415562 371.61924771219492 1551.3702380806208 7235.05641053617 3618.0029564276338 887.83015974611044 202.97089947760105 82.340584017336369 4073.1729265749454 774.79865435510874 828.76645439118147 373.96212857216597 3129.067182764411 63.60200921446085 8585.3428482860327 115.21085303276777 36.18592145293951 203.19806592166424 9685.4763019308448 1423.9955753237009 542.31605432927608 54.939849942922592 1207.0069336667657 326.88682162761688 218.09741608053446 74.351892597973347 53.382696993649006 121.98025833815336 629.00625886023045 2111.5716752558947 1186.4732384458184 171.58627741783857 12120.5627149418 353.12328416109085 32.584291182458401 37.302565142512321 5379.6002653688192 181.19765266776085 76.912165522575378 11971.236448407173 520.91576882451773 76.447794303297997 26.557487890124321 59.70499375462532 20.262490481138229 84.181143492460251 322.94605138897896 551.04996893554926 3180.2409877181053 86.796102076768875 130.62962168455124 8233.2450297698379 11429.991879560053 4386.0175643637776 170.00763773173094 2445.735379807651 342.42703088372946 346.49323836714029 68.03459770232439 25.529975064098835 79.802010610699654 24.296333029866219 49.604202248156071 6135.0076559409499 1940.1347437649965 4438.2226133495569 628.56467584520578 1569.847888328135 203.63059809058905 110.95300214737654 957.90312813967466 94.046999752521515 1724.1836071833968 181.64516045153141 4496.6749849542975 13128.506275206804
leaf_count=29727 105 102753 58167 31673 7247 92 32967 123 1487 22883 6710 175 95 25188 19647 82 277 1052 304 50741 22133 41557 80913 45214 2614 10383 5423 32234 53 8888 12596 39004 4787 5018 1955 70 1521 1139 62539 15474 23993 36862 41776 346 162 557 22098 10303 1550 8417 1377 2479 12068 56784 28058 6120 1284 290 30624 5992 6598 2722 24530 235 67416 885 235 1193 75942 9870 3986 197 9290 2233 1386 392 317 841 4785 16044 9005 1334 94168 2628 210 127 42247 1431 516 93887 3452 359 160 303 104 413 2305 4224 25204 390 508 64969 89116 34131 953 18793 2669 1982 314 135 496 193 341 48230 15319 34390 5028 12358 1373 697 7569 732 13388 1454 35030 101860
internal_value=-1.22239e-05 0.00177129 -0.00154858 -0.000652758 -0.002702 0.000289314 0.000815437 0.00115051 -0.000698152 0.00192331 0.00330339 0.00275693 0.00992688 -0.00153419 -0.00198315 -0.0072324 -0.000582012 0.0154277 0.000366922 0.000176105 0.00261537 0.00207865 0.00111839 -0.00308166 -0.00336057 -0.00132107 -0.000235489 -0.000499085 -0.00279974 -0.00337345 -0.00100529 0.000113211 0.00453872 0.00676924 0.000167833 0.000307542 0.00364352 -0.00033614 0.00453131 -0.00369386 -0.00179009 -0.00296543 -0.00136641 -0.000767379 0.00285028 -0.0089659 -0.000853914 0.00139015 0.000464925 -0.00247214 -0.00775106 -0.00802804 -0.000741936 -0.000266709 0.00416581 -0.0043444 -0.000516875 -0.0136014 0.00052236 0.00183134 -0.00496525 0.000146782 0.00127926 0.00254841 0.000246863 0.00312483 0.000934464 -0.000227133 -2.11127e-05 -0.00287139 -0.00216062 0.0178378 0.00552659 0.00350342 0.00643667 0.00194042 -0.0015261 0.000414168 0.00179427 0.0028605 0.00334338 -0.000648836 0.00230988 0.0093887 -0.010492 0.0200516 0.000637904 -0.00487907 -0.0116906 0.00053965 -0.00339861 0.00505117 0.000763065 0.0109374 0.0119207 0.0152643 -0.00703721 0.00164084 0.00387209 -0.0150804 -0.00795784 -0.00363141 0.00233208 0.00172548 0.0038668 0.00419431 0.00207094 -0.000643212 -0.00378975 -0.000815748 -0.000931256 0.00457823 0.00583531 -0.00480543 -0.000474454 -0.000353222 -0.000239987 3.02452e-05 0.0106974 0.0105771 -0.00530656 -0.00211648 0.00288545 -0.00455521 -0.00482087 -0.00531908
internal_weight=270835 125335 145500 81896.6 63603.3 39586.3 77183.8 63518.5 10132 31978.1 48151.7 33325.2 643.733 42310.3 33249.3 156.147 12243.8 487.586 31540.4 39101 32681.5 24279.5 15047.9 53471.3 46157.5 7313.8 9531.49 17082.3 21005.5 15915.7 5089.84 9060.99 2412.6 1521.5 12965.7 12799.1 9231.54 5729.21 14826.5 39546.6 7559.72 18659.6 6610.92 4016.69 797.587 110.638 5065.65 14458.1 12635.3 1740.68 520.158 600.46 13665.3 11593 8402.03 20887 1090.8 331.52 8248.31 4030 1158.96 39054.6 9694.14 105.723 12772.9 5491.27 10894.7 29360.4 27239.5 2120.9 3404.23 445.359 1873.27 1523.2 822.967 401.239 3182.45 8202.01 4049.03 3420.03 3298.04 5566.46 27961.4 485.341 166.68 390.419 17554 1584.59 258.11 17350.8 2072.29 472.692 291.8 134.613 180.891 160.629 696.908 666.261 11059.6 134.096 157.187 12879.2 27936.6 15816 9014.99 8404.93 2788.16 610.065 440.058 372.023 4152.97 7879.35 824.403 8355.95 4426.95 5394.88 10783.8 10155.2 421.728 464.076 7186.96 1051.95 1989.19 19796.2 17806.8 13310.2
internal_count=2079742 956450 1123292 634657 488635 307276 594294 489023 72940 242614 362156 244493 1963 327381 256856 492 93745 1471 246409 303859 242530 177940 110016 415695 359255 56440 68974 133353 163111 124378 38733 70525 17234 10524 101119 100215 67924 44110 117663 308267 58959 147045 50988 25076 5506 719 38680 113056 92782 11634 3217 3966 105271 89751 64590 161222 7404 1840 62072 31521 9212 303754 75588 410 100145 42457 81148 228166 213269 14897 26084 1376 14399 10807 5384 2625 24847 61795 30675 25890 25049 42971 217538 3417 904 1179 137327 12330 1947 136134 15520 2193 1317 649 876 772 5027 5109 87936 694 668 101831 217415 123247 66403 63019 21462 3384 2431 2117 31120 62732 6333 65419 34966 41637 84802 79774 2759 3325 56531 8301 15343 153818 138344 103314
is_linear=0
shrinkage=0.02


Tree=16
num_leaves=127
num_cat=0
split_feature=10 10 53 14 53 40 27 10 27 8 55 1 40 32 34 51 55 17 29 56 17 25 3 40 13 46 8 10 1 29 57 27 7 48 34 11 34 55 25 14 1 33 47 55 33 25 48 40 29 2 8 25 2 4 35 29 40 20 14 52 48 25 46 4 11 21 34 29 4 47 9 47 20 47 53 47 55 29 33 2 53 4 19 47 24 20 28 53 2 54 21 22 34 34 34 40 29 40 2 1 29 14 47 19 53 55 14 25 19 25 13 31 48 47 54 1 29 47 25 19 21 27 29 29 57 14
split_gain=1810.09 520.317 407.306 190.889 125.356 110.595 103.978 97.5446 93.4008 88.1973 78.782 102.052 96.6328 72.4865 80.0684 73.9878 63.5096 61.7615 61.1339 56.6191 56.2412 63.6028 82.6423 55.6451 55.6034 52.7965 61.3655 47.5846 55.4127 47.5765 45.5778 45.5233 45.0124 44.2638 42.8522 48.2362 42.6133 42.2024 41.9246 41.4536 40.9538 49.562 42.3066 40.5051 39.9026 39.353 54.0225 42.6785 39.2525 63.8452 39.0251 39.2861 38.9772 42.8328 41.0766 38.5607 40.5699 39.3531 38.5073 38.4596 38.4364 46.5821 38.2455 53.5205 44.2375 37.6031 37.5891 37.2133 46.9318 42.5345 37.2043 36.6063 36.5807 35.563 35.25 35.1946 35.0563 53.5931 50.5179 36.4063 34.9695 34.9158 34.6551 36.7443 50.6975 35.2078 41.2349 35.2041 63.9426 46.3898 33.8214 33.7442 33.4051 32.9632 41.9154 32.6155 35.0546 32.3505 32.3474 32.8438 32.2217 31.8381 35.6179 31.782 31.7748 31.4459 38.248 38.715 46.2426 36.7739 39.4419 34.3005 31.9946 31.3835 31.2544 31.0572 30.8141 30.7519 30.7125 30.6623 30.3126 30.2852 38.3844 35.0162 32.7247 30.2475
threshold=0.098728489130735411 -1.3676642775535581 0.2451811879873276 -0.36383271217346186 -0.20229905098676679 -1.0000000180025095e-35 -0.87837970256805409 1.3528838157653811 -0.60785761475563038 1.1505412459373476 0.080199919641017928 0.017026267945766452 -0.12500000000000003 0.079351320862770094 0.045833334326744087 -1.8160406351089475 0.1935292258858681 0.2562940120697022 1.8151819705963137 -0.12864855676889417 2.4868249893188481 -1.0000000180025095e-35 -0.20044147968292234 1.2246467864107191e-16 0.1290664151310921 0.0086343218572437781 1.0137439370155337 2.8735290765762334 0.0026267215143889193 1.0443389415740969 -0.028996458277106282 -1.0000000180025095e-35 0.34139356017112737 -0.06628719717264174 0.037500001490116126 0.66066735982894909 0.095833335071802153 0.088757447898387923 0.78656607866287243 -0.68684518337249745 -0.015219647902995346 -0.012370844371616839 -0.0076753695029765359 0.14326598495244983 0.049673473462462432 0.78656607866287243 -0.029698301106691357 0.12500000000000011 5.9371590614318857 0.0098069659434258955 -0.58117413520812977 -0.37940952181816096 -0.0026611600769683714 0.08247591927647592 1.0000000180025095e-35 2.1252691745758061 1.0000000180025095e-35 0.45963384211063391 -0.73390901088714589 -0.28279227018356318 -0.0003057966823689639 -0.37940952181816096 -0.020989786833524701 0.47046864032745367 0.7768763303756715 0.55391770601272594 0.037500001490116126 10.144746303558351 0.47046864032745367 -0.086883541196584688 -1.9412795305252073 -0.0099310930818319303 1.115924119949341 -0.033972058445215218 -1.8367438316345213 0.060221116989851005 0.16245891898870471 8.5474190711975115 0.035595303401350982 0.023655689321458343 -0.90916565060615528 0.47046864032745367 1.4397229552268984 0.067394435405731215 20551.870117187504 0.75343406200408947 0.81174489855766307 2.4958082437515263 0.04364494979381562 0.20807950198650363 1.8270924091339114 0.0095880478620529192 0.070833336561918273 0.087500002235174193 0.15416666865348819 0.46650633215904241 -0.96845030784606922 0.34150634706020361 0.011337498668581249 -0.0029762228950858112 4.0495872497558603 -5.2733452320098868 -0.050973989069461816 5.7819275856018075 -0.050537440925836556 0.14865379035472873 -1.3659864664077757 -0.37940952181816096 2.3970063924789433 0.78656607866287243 0.54673564434051525 0.12999999895691874 0.0044053015299141416 0.0030471766367554669 0.087614953517913832 -0.047346591949462884 1.8639504909515383 -0.0015860543353483079 -0.6035533845424651 2.3970063924789433 0.79074132442474376 0.87837970256805431 -0.48207044601440424 2.6477754116058354 0.094891093671321883 -0.80655813217163075
decision_type=2 2 2 2 2 2 2 2 2 2 2 2 2 2 2 2 2 2 2 2 2 2 2 2 2 2 2 2 2 2 2 2 2 2 2 2 2 2 2 2 2 2 2 2 2 2 2 2 2 2 2 2 2 2 2 2 2 2 2 2 2 2 2 2 2 2 2 2 2 2 2 2 2 2 2 2 2 2 2 2 2 2 2 2 2 2 2 2 2 2 2 2 2 2 2 2 2 2 2 2 2 2 2 2 2 2 2 2 2 2 2 2 2 2 2 2 2 2 2 2 2 2 2 2 2 2
left_child=1 8 7 10 9 18 45 55 24 16 11 50 25 17 19 81 52 23 33 -15 59 -22 66 100 44 37 32 28 -8 -9 -21 60 65 -6 35 70 71 -12 -25 -35 41 -11 -42 -26 -1 -5 -47 117 121 -50 -4 -52 53 116 -54 62 -57 -58 -53 -18 61 -30 63 -2 97 -27 -23 69 -69 -59 -7 -36 101 -67 -46 -19 79 78 -78 -20 -31 -16 -14 85 -85 -84 87 120 89 -89 -45 -33 -68 -94 115 -55 -97 -65 99 -40 -10 -64 104 -93 -103 106 -72 108 -108 -107 111 -111 -109 -82 -75 -95 -3 -48 -86 -17 -87 123 -123 -39 -125 -124
right_child=2 4 3 6 5 34 27 29 13 40 12 -13 82 14 15 119 20 75 76 30 21 22 -24 38 43 26 -28 -29 31 80 -32 91 -34 39 36 -37 -38 48 98 -41 42 -43 -44 90 74 46 47 -49 49 -51 51 58 54 95 -56 56 57 67 -60 -61 -62 -63 72 64 -66 73 92 68 -70 -71 105 -73 -74 114 -76 -77 77 -79 -80 -81 113 -83 83 84 118 86 -88 88 -90 -91 -92 103 93 94 -96 96 -98 -99 -100 -101 -102 102 -104 -105 -106 109 107 112 -110 110 -112 -113 -114 -115 -116 -117 -118 -119 -120 -121 -122 122 125 124 -126 -127
leaf_value=0.0062927880695686387 -0.0028895372797883966 0.0029529971415049438 -0.001283779289831711 -0.0048813212160527218 -0.011065241609474846 0.0028467432645401737 -0.0020017282221006069 -0.0023637396715486402 0.0039931784204114817 0.015359680811585405 -0.0015333473192494318 0.0040481907433283313 -0.0043110299298629194 -0.025381562972368116 0.0084540316547060922 -0.012239045174693436 -0.002797730264075305 0.0013118280753313225 0.0030722690659444035 0.014879334101308794 0.010557949904778983 -0.021304350189659101 0.014629061403972063 0.0014937330682908711 0.0042639329571001715 -0.0036859292303776056 -0.003615358316002086 -0.00052447181478716622 0.00090419896252439107 0.0070043145979236778 -0.014660036038388143 -0.0018495158262212721 0.014854198373265919 0.001721058836588873 0.018252868180222814 -0.0031396500466548956 -0.014128723978003323 0.0033290308260344767 0.0062726366655782876 -0.00046595945896567834 0.0018102684332338556 -0.0051559842612535559 -0.0016645332134273228 0.000506462741494781 0.026357358446790297 0.005295400868399215 -0.002471455074507811 -0.0051749549579671603 0.017319688847928831 -0.00042671655802111499 -0.0021005959474482113 -0.0076560572548096811 0.00030604347259924271 0.0018329580975442463 0.0025036515214150617 0.0047646366821862329 0.013038511539086155 0.031457491818174435 -0.0038551236774330097 0.0037501758334413126 -0.0058806041731628957 -0.0049689024729542008 0.020309539277546168 0.0055793778725488977 -0.007109305568674805 0.027876630857739022 0.013440875323805571 0.0020877683544011771 -0.034223375186606383 -0.00087047943818232957 0.0022413859102367864 0.0020062111699111372 -0.00088405693465496023 -0.0026336482086756975 0.00042966720274526372 0.015190621589949929 -0.00092971548602874504 0.011271261434354014 -0.016577648177282585 0.0097653749744014782 -0.0015484151103942476 0.024909055158066847 0.00014849636367370345 -0.002083799251411464 -0.0026392757560979628 -0.001403353289681517 0.0013335486164533794 0.00085357552192509394 -0.012012589077852617 0.013366163038778944 -0.017645135585189851 -0.0040806429860941696 -0.022736731501826892 0.015813861420501337 -0.021303913589450014 -0.0042365536457611083 0.0031208607999290627 0.032997106189361254 0.017680705982641175 0.0010374030080648644 0.010212034334716898 -0.0060879609031548685 0.00082876048741424113 0.00011223343210607272 0.012144347804011385 -0.004640792045566812 -0.00098779071479178251 -0.00053626704411158059 0.0034634089871834238 -0.018141290033160756 0.012175183923582394 0.0050868453846896191 -0.0030621023600877562 0.0045749232037279883 0.0020071438068988957 -0.011574432390557594 0.008405000230840726 -0.013907953845508461 -0.018956296789719128 0.008722961223496346 -0.0043493433737561297 -0.0014663288188793984 0.019381937475990398 -0.0051153485445396916 0.012456659349441455 0.0063361510909170742
leaf_weight=4307.4079227074981 2344.9664769843221 14040.811900958419 3662.1744745224714 5684.8801124840975 133.01582892984152 1049.3838187232614 10543.089541763067 9779.5045865401626 11571.879128955305 48.295831307768822 734.31726484745741 853.44206192344427 1977.5249428600073 34.030394300818443 72.135474622249603 40.562363356351852 2686.5457386299968 10818.93244767189 3747.2888649851084 58.594428882002831 337.76783683896065 61.024853214621544 88.471727356314659 7987.9189824610949 7318.4677362665534 712.9751259163022 1706.5491147041321 2851.660469815135 851.38799328356981 318.36781108379364 31.204482831060886 5450.9196673855186 88.532198742032051 6123.561082445085 56.460204638540745 4452.2704957276583 62.507722645998001 1493.7574550583959 1210.8482772260904 7986.6283296868205 2595.3490636348724 1068.9248820841312 3044.5749097838998 756.79734613001347 72.281393341720104 104.04302179068327 108.79025249183178 534.74456011503935 202.44129979610443 134.57545685023069 3978.5569567233324 1331.5941384807229 9387.6943896561861 10251.499038413167 5336.3477504476905 1529.49255245924 82.364204093813896 15.54753954708576 5384.6461352333426 413.08570946007967 5601.2845392897725 1474.3422745242715 32.199187107384205 31.95506077259779 33.065732523798943 19.047364957630634 37.13516266644001 26.873883821070194 28.908107221126556 1002.4472012668848 1546.9378782212734 1641.405908562243 7419.8575108721852 707.8449772298336 29.542619146406651 72.607876516878605 353.85037936270237 103.55640362203121 106.74420243501663 355.49555610865355 1464.0130382403731 195.26538734138012 4644.840995170176 420.98821820318699 67.084713466465473 2288.4255837574601 1223.0668296739459 567.56716994196177 124.31952940672636 148.92419704794884 42.410100698471069 10064.580740056932 40.154120333492756 48.362334720790386 29.232980281114578 755.91654226928949 392.77846299111843 37.85421272367239 73.007687881588936 794.60778373479843 342.85102304816246 457.57589016854763 21778.460715405643 778.5475530102849 40.754748217761517 1544.4145991206169 2896.4309087321162 3698.1911834925413 1376.295659378171 43.389583878219128 114.23885829001665 58.673881761729717 4387.075228407979 432.96355506032705 3203.0793302878737 24.016101390123367 426.85189136862755 727.79736188799143 150.5106663480401 83.984263651072979 3596.0373415872455 125.11206345260143 121.02892780303955 379.64101754873991 46.72112063318491 174.81156089901924
leaf_count=32442 16678 111138 28888 44822 897 8132 83831 75957 89346 240 5689 6419 14908 66 287 133 16623 78011 29379 234 1558 184 444 61247 57676 5184 12439 21421 6616 2321 102 42592 634 47257 413 34853 485 11366 9409 63591 20038 7341 23955 5069 302 833 859 4248 1381 965 31323 10437 73773 76736 42043 11553 521 22 42412 2706 43866 11612 196 142 135 99 193 179 65 7500 11913 12744 58798 5528 164 514 2561 625 679 2719 10886 431 34271 2941 420 17428 9165 4270 863 967 213 77864 156 241 75 5673 3024 88 568 6314 2582 3149 170136 5916 195 10992 22858 29371 10882 288 768 386 34797 3156 23690 150 3383 5779 887 310 27258 925 901 2927 340 1344
internal_value=-2.8088e-05 0.0015656 -0.00170593 -0.00253087 0.000705151 -0.00010665 -0.00342947 -0.000208625 0.00330745 0.00136962 -0.00153163 -0.00266707 -0.000842331 0.0027547 0.0101885 0.0146093 0.00169388 0.00263773 0.00102555 -0.00380135 -0.000790356 0.00447719 -0.00178712 0.00324799 0.00478029 0.000700785 -0.00036513 -0.00300877 -0.00321251 -0.00176425 0.00455519 -0.0037394 0.000807467 0.000374461 -0.00104051 -0.0012899 0.00195674 0.00271161 0.00215266 0.00048315 -0.000758747 -0.00425528 -6.53035e-05 0.00379711 0.00658889 -0.00563871 -0.0085511 -0.00960546 0.00387606 0.01025 -0.00306658 -0.00367679 0.00192438 0.00239199 0.00110269 0.000326617 0.00262853 -0.000198207 -0.00460989 -0.00192384 -0.00498295 -0.00281902 0.00013438 -0.00226801 0.0117811 0.000536266 -0.00788027 -0.00122565 -0.0169836 -0.000345376 -0.000796979 0.00255749 0.000332294 0.00130325 0.0189219 0.00140583 0.00301193 -0.00165898 -0.0045864 0.00365469 0.000881566 0.0205218 -0.00184179 -0.00147238 -0.00614949 -0.00123466 -0.00204299 -0.00265731 0.00116869 0.00347074 -0.000476353 -0.00313408 -0.00320265 -0.007633 -0.00149125 0.00147481 -0.0017194 0.0207169 0.00468263 0.00420037 0.00417305 0.000736912 0.000707667 -0.00377952 -0.00457354 -0.00104129 -0.000722201 -0.00109341 0.000446234 -0.00355882 0.00414778 -0.00485849 -0.00190712 -0.000148631 0.00116648 0.00667856 0.00311449 -0.0124267 -0.0139654 0.00184498 -0.00320427 0.00295406 0.00780705 0.0018861 -0.00316281 0.0117239
internal_weight=270771 138868 131903 85046.2 92952.7 41837.8 44776.1 46857.2 45915.3 51114.8 40270.1 15210.4 25059.7 33388.4 515.777 391.947 44357.7 32872.7 18910.1 123.829 3765.8 666.165 328.397 21981.1 12526.9 9850.43 6438.03 37615.8 34764.2 11994.8 89.7989 24221.1 4731.48 14243.2 22927.7 21167.3 1760.37 3412.41 10066.4 14110.2 6757.14 1117.22 5639.92 8117.68 4409.23 7160.26 1475.38 1371.33 2678.09 337.017 14357 10694.8 40591.9 25867.9 14724 34862.3 2685.63 1156.14 6716.24 3099.63 7927.01 2325.73 32176.7 2447.84 102.875 4642.95 239.926 1073.78 55.782 1017.99 16715 1697.87 29728.8 3929.97 101.824 10891.5 4666.94 564.151 460.595 4102.78 2215.34 267.401 15209.3 13231.8 638.584 12593.2 7948.34 6725.27 840.811 716.491 799.207 16294 178.901 141.766 101.611 11400.2 1148.7 69.8093 2078.46 2005.46 11914.7 22309 22276.8 10843.1 498.331 15665.6 13904.9 12358 4272.73 1760.72 216.302 102.063 8085.27 1896.98 3910.92 72.3784 14467.7 836.588 217.595 124.547 5884.46 2341.07 420.953 1920.12 426.362 295.84
internal_count=2079889 1061684 1018205 656528 716264 326590 350259 361677 345420 389674 306269 119479 186790 249554 1563 1161 338100 247991 147708 402 22330 3001 1443 169466 95866 73412 47574 293718 272297 92320 336 188466 35135 111745 178882 165240 13642 25838 77538 110848 51574 7581 43993 62958 32908 56541 11719 10886 20149 2346 113060 84172 315770 199954 115816 269357 19840 8287 52849 19329 62094 18228 249517 17043 365 34501 999 7766 244 7522 130387 13157 232474 29317 466 78525 35963 3865 3240 32098 16363 718 113378 98470 4248 94222 59951 50786 6100 5237 5282 126372 815 622 466 85433 8697 230 16291 15723 91928 173676 173480 83780 3344 122255 109821 97908 33740 12434 1442 674 64168 14042 29218 391 114521 6638 1307 443 44686 17803 3170 14633 3267 2245
is_linear=0
shrinkage=0.02


Tree=17
num_leaves=127
num_cat=0
split_feature=10 10 53 16 53 40 27 10 27 8 28 26 32 45 10 26 55 54 55 24 6 55 17 25 3 26 13 49 21 1 45 2 27 26 25 28 10 34 6 55 55 1 43 19 1 55 9 40 28 54 4 4 14 6 18 2 4 35 32 52 55 34 25 7 12 53 25 45 19 15 50 40 14 18 26 52 25 55 55 4 40 27 40 22 52 53 55 22 24 15 46 40 2 21 6 6 34 17 55 1 31 17 34 12 34 25 17 2 40 27 26 26 6 49 22 2 13 16 45 35 6 2 55 6 15 34
split_gain=1738.53 499.876 391.222 201.053 120.401 106.217 96.7659 93.6867 89.7524 84.7084 71.0556 74.7525 69.8992 103.208 65.4793 64.1022 61.0026 60.4003 58.829 58.7251 59.186 56.8295 54.0179 61.1461 79.455 53.8595 53.4601 52.9013 52.2512 49.9037 49.4462 47.2768 45.8997 69.0777 48.1401 47.8621 43.8751 43.4548 42.7284 42.6194 46.4929 54.3131 40.3806 48.2385 39.3282 38.9215 38.6989 38.448 40.6596 38.4152 38.2468 38.0373 73.1028 37.5924 48.3844 37.4409 41.1469 39.4534 37.3484 36.9398 36.4284 36.1354 35.7817 35.6679 35.6186 35.4298 35.4249 40.0481 35.2884 49.4023 35.1555 35.0767 39.895 42.5005 35.0356 37.6364 34.3339 37.2041 37.9824 44.3522 35.2225 34.3203 51.3232 34.3168 34.0849 33.8662 33.6487 38.2814 33.3248 33.1824 33.066 32.6797 32.5846 32.509 32.4711 32.3984 32.1361 32.0591 31.7095 39.1416 32.8449 32.359 31.7088 41.5726 33.2409 31.7028 31.5975 31.4035 31.3254 32.0019 30.9082 30.8425 30.3634 30.3285 30.2905 30.157 30.0801 30.0542 34.1835 30.7585 30.0452 31.2764 29.9069 35.8705 32.9168 31.0488
threshold=0.098728489130735411 -1.3676642775535581 0.2451811879873276 -0.34537613391876215 -0.20229905098676679 -1.0000000180025095e-35 -0.87837970256805409 1.3528838157653811 -0.60785761475563038 1.1505412459373476 0.81174489855766307 0.37940952181816107 0.079351320862770094 -0.046839609742164605 -2.1348726749420162 0.78656607866287243 0.1935292258858681 0.057153150439262397 0.069157738238573088 141.44129180908206 3.2516418695449834 0.25043855607509619 2.4868249893188481 -1.0000000180025095e-35 -0.20044147968292234 1.0000000180025095e-35 0.1290664151310921 1.2588159441947939 1.1547579169273379 0.016307182610034946 0.044169273227453239 0.0025198278017342095 -1.0000000180025095e-35 0.37940952181816107 -0.37940952181816096 -0.56174489110708226 0.9351925551891328 0.17916666716337207 -1.3399030566215513 0.074474900960922255 0.25043855607509619 0.017824176698923114 -0.00020704093913082031 6.3026604652404794 -0.015219647902995346 0.14326598495244983 -1.9100561141967771 0.46650633215904241 1.0000000180025095e-35 0.20807950198650363 0.079782966524362578 0.47046864032745367 -2.0979017019271846 2.4684739112854008 0.7315523922443391 -0.0026611600769683714 0.08247591927647592 1.0000000180025095e-35 0.079351320862770094 -0.28279227018356318 0.13306839019060138 0.037500001490116126 -1.0000000180025095e-35 0.30902211368083959 0.12078132480382921 -2.5561680793762203 0.60355338454246532 0.010388117283582689 1.2398080825805666 2.2056877613067631 0.26863515377044683 -0.3415063470602035 -2.8756052255630489 0.625339835882187 0.60355338454246532 -0.87393429875373829 0.37940952181816107 0.3536743968725205 0.12478553876280786 0.10942707955837251 0.12500000000000011 -0.60785761475563038 0.46650633215904241 0.10641307756304742 -1.17369669675827 1.367395877838135 0.15288866311311725 -0.21959900110960004 64892.345703125007 8.6373987197875994 0.049532521516084678 0.46650633215904241 0.011923648416996004 1.8270924091339114 -1.9852640032768247 0.11386466026306154 0.070833336561918273 1.6010582447052004 0.059975931420922286 0.0043713140767067679 0.16999999433755877 0.13083815574645999 0.087500002235174193 0.35354927182197576 0.14583333581686023 0.37940952181816107 2.0473718643188481 0.020369395613670353 0.46650633215904241 -0.87837970256805409 0.12940952181816107 -0.98296290636062611 -0.54936343431472767 -0.71618643403053273 -0.07084955275058745 -0.033674793317914002 0.32036593556404119 -0.80868005752563465 0.03113531414419413 0.12500000372529033 1.0913611650466921 0.015426306053996088 0.3536743968725205 -0.92274972796440113 8.6373987197875994 0.037500001490116126
decision_type=2 2 2 2 2 2 2 2 2 2 2 2 2 2 2 2 2 2 2 2 2 2 2 2 2 2 2 2 2 2 2 2 2 2 2 2 2 2 2 2 2 2 2 2 2 2 2 2 2 2 2 2 2 2 2 2 2 2 2 2 2 2 2 2 2 2 2 2 2 2 2 2 2 2 2 2 2 2 2 2 2 2 2 2 2 2 2 2 2 2 2 2 2 2 2 2 2 2 2 2 2 2 2 2 2 2 2 2 2 2 2 2 2 2 2 2 2 2 2 2 2 2 2 2 2 2
left_child=1 8 7 10 9 39 36 25 26 16 11 27 17 28 -15 30 55 -10 -13 38 32 -16 59 -24 61 84 65 29 -14 81 46 62 34 88 -21 -35 -5 47 50 85 -41 -42 -31 114 -11 -28 -7 64 49 112 -8 52 -33 54 74 56 -3 -57 71 -18 -55 -25 -20 122 -19 86 -38 70 -64 -70 -68 98 -73 -74 75 -9 77 78 79 -12 -79 82 -4 -22 -2 -6 115 -88 91 97 -53 -34 -85 -47 -83 -93 -63 113 101 100 -100 -27 -98 -104 -105 -46 -52 -96 -58 -110 -90 -36 -49 -78 -44 -1 -17 119 -119 -80 121 -101 124 -124 125 -54
right_child=2 4 3 6 5 15 19 53 12 44 76 18 13 14 21 116 22 37 31 20 83 -23 23 24 -26 58 45 -29 -30 42 -32 51 33 35 111 -37 66 -39 -40 40 41 -43 43 -45 105 93 -48 48 -50 -51 106 90 63 60 -56 57 108 -59 -60 -61 -62 96 68 -65 -66 -67 67 -69 69 -71 -72 72 73 -75 -76 -77 89 80 117 -81 -82 94 -84 92 -86 -87 87 -89 110 -91 -92 95 -94 -95 107 -97 102 -99 99 120 -102 -103 103 104 -106 -107 -108 -109 109 -111 -112 -113 -114 -115 -116 -117 -118 118 -120 -121 -122 -123 123 -125 -126 -127
leaf_value=-0.0021897796681393821 0.0029873706551318008 0.0030525171107563826 -0.0038137322012137499 -0.0030459484596302012 0.00054131425561023522 0.003788196179742308 -0.00035077303847142328 0.0042893268292466639 0.0039273471222502397 -0.0041699813072045141 -0.00079722518111124659 -0.0063191254378704353 0.020017194528907 0.013267989989113632 0.013324067941215947 -0.00014451235631932394 -0.0027417908006613372 0.0033215282861172326 0.0058766095117967036 -0.0028207984954751585 -0.0026055541397168318 -0.018126559000179669 0.010353082858455933 -0.020896449311338255 0.014344083123000437 0.0058692841248722781 0.0041795092765405436 -0.0036231949281884481 -0.0047131389817050883 0.0049093738440391822 -0.021162379636929095 0.011898135817787424 -0.0021491133449079796 -0.0071995250475843913 -0.010875816751348896 -0.0035236068455934619 -0.0050746187437161992 -0.016417732133788152 -0.0022881268048449283 0.0023620597218420012 -0.0077377415466658387 0.021476533215938346 0.0088397938107340045 0.0097292425564267232 0.0011513188726127875 0.00049635494986242153 -0.00057800452942703825 -0.0065956007022730748 0.003046693421356023 -0.012065392213921946 0.0094985734006001101 4.442555092698043e-05 -0.0036629660474260875 0.0017057140533535424 -0.0046756126675408889 0.00029992507532989194 0.0017963853372363586 0.0024537162254593429 0.019011419929193859 0.00367562232916031 0.018587712125984836 0.013182142207258041 -0.022343911620800811 0.0045168866407816408 0.0016514451899269512 0.0054653760008671216 -0.0019339270434710731 -0.00028327491638680582 -0.0040557840470943117 0.01095029904738869 -0.010954688239024259 -0.0040342196039929654 0.0012988725835730137 -0.0018431794956137012 0.00058155476858020845 -0.002436230466848602 0.0083333071196135602 0.027395299004687047 -0.0091293384112105958 0.0056957636292554606 0.0013912012043392496 0.011746104245536456 0.0063566778780001481 -0.00052337133966646229 -0.00071781300732768228 -0.003175319962615772 -0.0070987657192109668 0.02100832590810128 -0.011551949210016618 -0.017889740546195253 -0.02898297848689519 0.0054534913434758341 0.0092997525342870761 -0.017298818537685431 0.00034993457048138505 -0.0021610565460799753 -0.022310509782668155 0.012765151579584471 0.006427651954654277 0.00075952902113910609 -0.00058385038224171345 -0.0014383847857550173 0.018308065415390821 -0.00047134094530251638 -0.029529315144875314 -0.0019133441210316541 -0.017490170551603478 -0.0032904886723858716 0.010157250165472779 -0.0026237535254824956 0.0090125538406001533 -0.0052301846027963915 0.00053980676463312579 0.00096270898792908972 -0.0014977626791306791 0.0094137755995530089 -0.0036601818457593568 -0.0028258979026874577 0.0093471320066962696 0.013731030626973225 0.011310337893018196 -0.011514827999248387 0.019367658114310828 -0.0084196946418634792 -0.018749578106186559 0.0095653827191048407
leaf_weight=101.17767598479986 1058.1340827047825 14466.263654433191 2211.7315277084708 2977.7030685991049 9377.5509592220187 853.21832001209259 2717.7300555333495 349.93491844087839 9527.6897137537599 1117.2189657688141 1177.6928758621216 1706.4896145015955 279.93910778313875 74.444826677441597 29.670986220240593 1253.7801160737872 2686.5512303933501 8689.8917240872979 470.44537357240915 4111.3751545101404 437.20493834465742 92.075591377913952 337.58418954908848 60.99157926440239 88.444957546889782 306.05860732495785 7317.005636267364 1998.0755983665586 38.447880923748016 1214.5809283331037 44.837682634592056 132.95003301650286 12459.720072411001 1834.5687412694097 414.63420540094376 6249.5409593358636 4402.1943660676479 49.924159362912178 13611.554909840226 8108.8651360571384 302.19793763756752 26.812322720885277 120.81186673045158 192.948705047369 3403.2639646232128 756.78508443385363 16411.813965111971 325.28374324738979 828.50765253603458 150.50515896826982 245.59734277427197 25.262733936309814 4613.6274670287967 280.63051427155733 2092.0856937170029 9387.6379130408168 10251.031069502234 5336.0713720470667 45.383064180612564 413.05571218580008 61.637856759130955 37.126464739441872 30.310191534459591 235.24711111187935 12411.430118858814 3376.9792530313134 201.63395731896162 207.00463358312845 361.36028842628002 114.79386004060507 1240.5218153893948 727.31278153508902 10445.185880370438 2060.722368426621 2761.4477651715279 6448.8304623514414 330.06740961223841 37.515718594193459 364.23874980211258 653.41916573047638 45.822141773998737 89.918544821441174 217.05713009089231 243.83780198544264 15919.061342678964 1094.1726829409599 21.538753688335419 157.20725649595261 234.17804105579853 25.601520672440529 40.148712337017059 465.75708170235157 301.03150465339422 42.413923911750317 5400.2304996848106 427.85887481272221 40.122215434908867 168.43661356717348 1708.2073158621788 939.40689895302057 316.27858673781157 1149.6222535893321 29.157020151615143 50.433621555566788 21.966221131384373 2236.6386836618185 17.733044743537903 1148.5156857594848 83.574871376156807 1065.1449035704136 32.578819192945957 5926.7356115356088 885.88695137947798 688.20236829668283 1634.7815092429519 750.70068924874067 4363.8624885156751 489.50426645576954 112.64671904593706 24.259716212749481 96.158229626715183 90.076453290879726 47.801926873624325 29.211363464593887 56.098138272762299 71.111420676112175
leaf_count=581 8149 114521 17242 23696 74550 6619 21581 2604 75521 7581 9215 13408 752 292 145 9810 16623 63522 3561 32078 3321 278 1558 184 444 2441 57676 14449 96 8700 237 840 96661 14278 3264 48423 34618 311 107675 62494 1824 144 879 1346 26400 5069 128075 2434 6161 826 1843 136 35095 2122 16178 73773 76736 42043 138 2706 341 193 208 1725 92411 25665 1607 1619 2789 819 9823 4880 81805 16173 21326 49749 2590 209 2350 4865 272 651 1699 1881 122508 8696 89 804 1489 156 159 3536 2099 213 41339 3315 156 1221 13199 7173 2407 9149 129 291 46 17593 101 8464 638 8059 198 46389 6805 5375 11524 5769 34141 3543 751 144 691 644 272 181 342 514
internal_value=-2.75127e-05 0.00153443 -0.00167187 -0.00248039 0.000691075 -0.000104518 -0.00313074 -0.00020442 0.00324191 0.0013423 -0.00102618 -0.00147443 0.00270004 0.0100086 -0.001397 -0.0010197 0.0016601 0.00258529 -0.00302972 -0.00278476 -0.00327113 -0.0104074 -0.00077473 0.00438918 -0.00175424 0.000320135 0.0046859 -0.000606877 0.0170223 -0.000113771 -0.000417123 -0.00212743 -0.00341885 -0.00289408 -0.00450802 -0.00435871 -0.00503571 0.0020373 -0.00181318 0.00100507 0.00206274 -0.00529606 0.00204875 0.000263525 -0.00074354 0.00372182 -0.000361967 0.0020776 -0.000444054 -0.0025694 0.000355131 -0.00287899 -0.0026856 -0.00172899 -0.00192108 0.00188601 0.00234433 0.00108067 0.00108604 -0.00188537 0.00479414 -0.00773089 0.00191043 -0.00307179 0.00233939 0.00645969 -0.00601399 -0.00851632 -0.00177603 -0.000420572 -0.00969636 0.00103932 0.000515933 0.00078094 -0.00131777 -0.00208934 0.00138622 0.000205647 -0.000185158 0.00152105 0.0132952 -0.000868406 -0.00290216 0.00156337 -0.00048666 0.000152608 0.00970825 0.0175952 -0.00202443 0.00421194 -0.0179253 -0.00188409 0.00490901 -0.000467233 -0.00012387 0.00180823 -0.00314324 0.00470425 0.00254244 0.00367023 0.00533203 0.000100349 -0.00749066 -0.00146556 -0.00958339 -6.39932e-05 0.00761804 -0.000288773 0.00144537 -0.00168498 -0.00901241 -0.00560114 -0.00137958 0.00335867 -0.000781183 0.0080335 -0.00287588 -0.00333827 -0.000535262 -0.00766767 0.000678502 -0.000323599 -0.0034434 0.00884219 -0.003645 -0.00345996
internal_weight=270755 138857 131898 85041.6 92949.4 41837.1 58760.7 46856.2 45907.5 51112.3 26280.9 22163.5 33383.7 514.578 196.191 22927.5 44355.2 32869.1 7934.86 49731.6 33139 121.747 3765.43 665.826 328.242 34861.6 12523.8 14228.7 318.387 12230.6 17309.9 6228.37 32156.9 21704.2 10452.7 8084.11 9029.06 23341.4 16592.6 18909.6 8437.88 329.01 3163.12 1948.54 6757.12 8116.2 17265 23291.5 2190.18 1361.68 2981.06 5251.46 5186.05 11994.6 11652.3 40589.7 25866 14723.7 17884.4 3099.61 342.268 239.797 976.91 5053.1 21101.3 4407.6 6051.35 1649.16 506.464 476.154 1442.16 17839 13233.2 12505.9 9560.21 6798.77 4117.41 2905.1 2821.76 1831.11 83.3379 9067.45 2428.79 982.074 16977.2 10471.7 1030.62 178.746 13620.1 1212.31 65.4114 13353.3 544.869 799.199 6638.66 893.616 178.806 1186.71 4605.81 3150.13 2024.49 1455.68 141.679 101.557 72.3998 5639.9 263.33 6548.75 11399.8 1148.72 266.757 6341.37 1211.17 1018.27 1755.59 851.878 5617.64 990.649 602.151 388.498 1125.64 1029.48 4817.85 77.0133 4740.84 4684.74
internal_count=2079889 1061684 1018205 656528 716264 326590 459495 361677 345420 389674 197033 166342 249554 1563 715 178882 338100 247991 60049 388132 256932 423 22330 3001 1443 269357 95866 106293 848 91844 134931 46641 249631 167900 81731 62701 71363 172470 131200 147708 64462 1968 22449 13749 51574 62958 134694 172159 16226 10065 23525 39264 38969 92320 89857 315770 199954 115816 138700 19329 2463 999 7377 38129 155933 32908 47667 13049 3816 3608 11430 138562 102858 97978 73679 52353 30691 21349 20868 14080 481 69395 18941 7301 130657 83246 7243 893 105199 9342 295 103512 3980 5282 50454 6851 815 9186 35704 24114 15606 11590 622 466 337 43993 1944 49803 85433 8697 1687 49653 9239 7965 12403 6350 43951 6788 4294 2494 8508 7817 36404 453 35951 35609
is_linear=0
shrinkage=0.02


Tree=18
num_leaves=127
num_cat=0
split_feature=10 10 53 16 29 10 53 27 32 34 5 16 20 33 56 40 11 29 16 39 39 55 13 34 57 34 27 26 40 25 34 4 48 26 39 55 16 19 15 51 17 29 39 46 7 29 49 15 48 2 27 29 39 29 40 15 6 38 20 46 39 29 19 38 6 34 33 33 29 38 38 55 14 19 55 29 32 39 15 39 52 48 39 54 27 27 46 25 4 55 19 38 5 55 33 6 38 55 53 31 6 48 38 46 33 1 20 4 48 16 35 54 48 20 57 26 39 2 5 52 19 55 55 20 55 34
split_gain=1644.13 472.416 385.038 164.883 120.132 128.83 99.2375 90.5032 88.1605 138.068 91.5958 83.9551 78.7997 75.9629 72.8549 72.7036 68.6565 68.3829 64.4452 64.0392 82.6 60.9787 65.105 94.128 60.5015 58.0536 55.5098 54.7169 60.0932 53.767 53.2683 52.7694 52.6494 51.9536 50.1809 86.8739 49.2901 47.4719 47.4063 46.575 45.9088 45.8478 45.7965 45.3731 64.0935 45.0575 44.7929 67.9446 59.6085 53.7047 44.4902 44.3465 48.515 47.7995 44.2813 53.6005 43.6813 68.9743 62.8658 44.2544 43.6582 46.0623 49.499 43.2057 112.892 62.2422 47.336 43.1118 61.4432 44.3455 41.9879 41.7141 48.6382 46.1421 41.6828 40.5986 46.3081 43.092 40.3107 40.2153 39.9938 39.2937 49.2223 39.2059 49.1841 53.5886 39.186 38.996 38.7997 38.7436 38.4075 38.0289 37.3352 53.9048 49.0754 37.1813 37.0935 36.7876 36.7726 38.1206 36.7674 36.4453 36.4176 36.4 39.4288 36.2962 36.2436 36.2352 36.1367 35.7661 35.2602 39.9063 38.6984 34.8976 34.7495 34.1209 37.6704 39.5318 53.6015 40.8164 34.7739 34.3606 39.4484 40.9958 33.952 33.7353
threshold=0.081857129931449904 -1.3281418681144712 0.58360141515731823 -0.3383189439773559 6.393367052078248 1.3528838157653811 -0.11891197040677069 -1.0000000180025095e-35 0.079351320862770094 0.045833334326744087 0.0828070603311062 -2.1184504032135005 0.43030922114849096 -0.0065164542756974688 -0.12864855676889417 -1.0000000180025095e-35 0.63716056942939769 1.0443389415740969 -3.9366215467452998 0.071874998509883894 0.4760416597127915 0.1935292258858681 0.31311221420764929 0.095833335071802153 -0.027291306294500824 1.0000000180025095e-35 -0.87837970256805409 0.37940952181816107 0.46650633215904241 -0.37940952181816096 0.13750000298023227 0.37063603103160864 0.0057905856519937524 0.78656607866287243 0.18854166567325595 0.43776553869247442 -1.4776378870010374 8.7338814735412615 4.6893119812011728 -2.0161070823669429 0.74703097343444835 2.4322092533111577 0.94062501192092907 -0.013441810384392737 0.21451740711927417 -2.3611336946487422 1.0000000180025095e-35 8.6373987197875994 -0.077190380543470369 0.015426306053996088 -1.0000000180025095e-35 -0.62925219535827626 0.36354167759418493 0.72462558746337902 0.34150634706020361 6.8558037281036386 -1.0698707699775694 0.10863239690661432 0.53748133778572094 -0.020989786833524701 0.68437498807907116 -0.36887228488922114 2.7346721887588505 0.10122497752308847 1.3905297517776491 0.15416666865348819 0.027842929586768154 0.0076124046463519343 -0.4247069358825683 0.23691798746585849 -0.092240281403064714 0.14865379035472873 -0.72041153907775868 6.5142629146575937 0.12369704246520997 -3.8238525390624996 0.0039994723629206428 0.35937500000000006 4.4338285923004159 0.076041668653488173 1.4249806404113772 0.01886848080903292 0.530208319425583 0.048474352806806571 -0.87837970256805409 1.0000000180025095e-35 -0.040034575387835496 -0.37940952181816096 0.21007864177227023 0.10206624120473863 5.5090610980987558 0.10863239690661432 0.36809284985065466 0.16245891898870471 0.02934762462973595 0.27317447960376745 0.073471341282129302 0.1935292258858681 -1.009513199329376 0.16999999433755877 3.9194630384445195 0.027484645135700706 0.15208059549331668 -0.0058234003372490397 0.035595303401350982 0.0034734415821731095 1.1711149215698244 0.099215582013130202 -0.06628719717264174 -3.9366215467452998 0.27500000596046453 0.080047596246004118 -0.032380903139710419 0.47557669878005987 0.040943462401628501 0.12940952181816107 0.65937501192092907 0.0059445493388921031 0.020083770155906681 0.95859870314598095 3.4391443729400639 0.064259156584739699 0.026794324629008773 1.2302412390708926 0.080199919641017928 0.012500000651925804
decision_type=2 2 2 2 2 2 2 2 2 2 2 2 2 2 2 2 2 2 2 2 2 2 2 2 2 2 2 2 2 2 2 2 2 2 2 2 2 2 2 2 2 2 2 2 2 2 2 2 2 2 2 2 2 2 2 2 2 2 2 2 2 2 2 2 2 2 2 2 2 2 2 2 2 2 2 2 2 2 2 2 2 2 2 2 2 2 2 2 2 2 2 2 2 2 2 2 2 2 2 2 2 2 2 2 2 2 2 2 2 2 2 2 2 2 2 2 2 2 2 2 2 2 2 2 2 2
left_child=1 8 4 13 5 18 16 29 10 14 25 -6 -11 37 -10 41 21 19 -2 43 63 75 23 38 -16 -1 95 28 60 32 54 -25 42 71 35 -15 -7 46 -23 -14 45 108 97 44 -12 -22 49 -48 -49 102 -36 52 -28 -53 67 90 57 78 -59 -58 101 -62 -63 65 74 66 -21 68 -18 -69 -45 72 -17 91 -65 -3 77 -77 -20 -13 92 -55 -83 -78 -85 -86 -19 -68 -39 -47 -56 -73 93 -43 96 -27 -95 107 99 -61 115 -9 113 104 -81 -34 -105 -5 -8 -24 111 -38 -113 -4 -107 121 117 118 -117 -120 -118 122 123 -31 -110 -29
right_child=2 6 3 7 11 36 15 27 9 12 17 79 39 34 24 33 30 86 56 20 40 22 109 31 -26 26 51 125 -30 100 -32 -33 105 -35 50 -37 110 88 -40 -41 -42 80 -44 70 -46 89 47 48 -50 -51 -52 53 -54 81 55 -57 59 58 -60 98 61 62 -64 64 -66 -67 87 69 -70 -71 -72 73 -74 -75 -76 76 83 -79 -80 103 -82 82 -84 84 85 -87 -88 -89 -90 -91 -92 -93 -94 94 -96 -97 -98 -99 -100 -101 -102 -103 -104 106 -106 114 -108 -109 124 -111 -112 112 -114 -115 -116 116 120 -119 119 -121 -122 -123 -124 -125 -126 -127
leaf_value=0.0020697264251669256 0.020684196721908795 -0.00068489803239780381 0.011292802589878605 -0.0022682704905582205 -0.015951587580822952 0.015856449887854944 -0.010955262477479053 -0.0020939639000961061 -0.027627819173615165 -0.010019485884910041 0.012010245167148978 0.020611743232770686 0.023227207472710877 -0.0048242855647767559 0.013458234146084618 0.0012418070443261564 0.0033789282865500326 -0.0093107922257166398 0.00092214696927148511 -6.3729619705096645e-05 0.00566654879100475 -0.004450038244141476 0.014323151101409165 0.00021254806830297551 -0.017261900052864269 0.0050297501330573346 0.0033222904649110839 -0.0041151114568470397 0.0027087851144542768 -0.00051817570348944558 -0.011766460987878744 0.024300903814298284 -0.0023014279471314904 -0.0026332238038379429 -0.0034177954482467717 0.032459438504526837 -0.002738436390570561 -0.00022196906113735519 -0.022684332596321397 0.0098186397716577209 -0.0014372277824757035 0.0043004858852077098 0.0078844644856668894 -0.012778231708173011 -0.00022685405764289962 0.0040529492224150856 -0.0011235324494230264 0.013439780346811694 -0.015904547581323029 0.0032344988950954688 -0.00043240329977661042 0.0024041169309183003 0.0069485624055706484 0.0036239655061336201 -0.0010704745165844222 0.020113825929697581 -0.0032224681724406902 0.020996558625731177 0.0031126457775005061 0.0021657047953640737 0.0052267194854476017 -0.0028861370467718754 0.0016411957716966291 0.0035570565459627263 0.0023282936741895847 -0.019667053499573026 0.0070938224971156261 -0.00040838602678451081 -2.7975510022428573e-05 -0.014616301273738284 0.0033461374909930213 -0.0038073795548000462 -0.0011035143274516028 -0.024485606538871281 -0.01417636957915165 0.00029591399108162239 0.0051575103167683864 0.0024912068782373753 -0.0076599279786256826 0.013152233035047969 -0.006445640019373082 0.013183493779817772 0.003634074528245801 0.0063459207713556466 0.00059315235374120885 0.003477222169033053 0.0050570109337364664 0.00076642435872478906 0.010014749177290748 -0.00041003326499700586 -0.0088789976160908984 0.0047814065919050122 0.023031203994166822 0.0055472054422721854 -0.012797107785241573 0.0093801822741968657 -0.012720118617918731 -0.020893015215689436 -0.00052520445012861421 -0.0022979981886572889 0.0047660145546718439 -0.0047003210371509875 0.018130843920611924 0.00095364567257334428 -0.017961893768443905 -0.0034633893681859326 0.014755132596333003 0.0038823255208820591 -0.00024385766332064821 0.0014810246936477187 -0.0089172344977682533 -0.0035320475753065038 0.00045714589150836724 -0.0013796268250961996 -0.0081558145941721498 -0.010365390099873247 0.0034745217174103303 -0.006453617307883134 -0.00578467452893893 -0.00051743765387972829 -0.0069132233810796501 -0.0042440385126129923 -0.0082628718705937878 -0.0078846610184126007 0.0018308853330870421 -0.0010354519866015569
leaf_weight=5860.8938496857882 59.472724951803684 2047.4271636754274 88.495243534445763 3358.9718211516738 62.448123447597027 60.088070087134838 110.89626441150904 8805.388507515192 43.470065198838711 42.884699679911137 601.5351234972477 88.344014495611191 276.26249231398106 3103.3191865980625 71.881379067897797 6931.0371216088533 4486.786107160151 76.839636974036694 12082.120995260775 7422.3722664937377 2412.607450991869 1405.3399660289288 93.298628687858582 76.830217204988003 38.569016762077808 2074.8899318575859 2777.4711679443717 8643.1792671978474 1119.9052607640624 636.21491356939077 145.72030853480101 68.264247305691242 1847.1642773374915 5150.1894950345159 3210.498984105885 24.209620460867882 10083.196318969131 269.77333179861307 58.564580388367176 169.69932182133198 826.94667512178421 2655.579662270844 206.2087539061904 68.337403982877731 238.88732016831636 1715.249631524086 6081.693070165813 31.14586915075779 206.21996891498566 2333.5325524359941 5282.2045515924692 8506.7354673668742 3159.7544764429331 1470.3267139419913 4483.6045035645366 45.298005022108555 2056.0610417425632 126.92251080274582 205.54162559658289 4182.9061692878604 511.2851352468133 2498.1909082755446 1573.4753832370043 61.47573858499527 506.9531706944108 60.007629796862602 739.82639187574387 4053.0130833387375 4007.8830747678876 88.828529730439186 944.5135163217783 1569.6096108779311 7220.7577885314822 38.706652283668518 365.34436271339655 6954.5465735197067 2798.9750418588519 7365.7601630687714 221.95182912796736 324.69388299435377 169.34154654294252 490.153539031744 387.71859463304281 1201.7215867936611 5031.1812752559781 5285.2777340784669 3199.7309598699212 823.22105547040701 326.76644910871983 1422.3134056404233 266.0608398988843 236.40861917287111 37.739134155213833 207.46918182820082 145.04972226172686 1271.4306690022349 55.515832498669624 38.830568000674248 22951.47227268666 935.55068774521351 152.83186957985163 2839.8074611499906 39.253892742097378 453.42034105956554 16.276729732751846 1178.1423013955355 90.552394710481167 431.42818005383015 9362.4453917443752 1093.0651157125831 300.63517571240664 1307.4814037457108 3788.8105997741222 3016.0458098649979 1367.7202481403947 353.59302911162376 465.00347847491503 2390.1395802944899 842.18894818425179 1950.4832006394863 177.18334860354662 2726.0087286531925 3214.075520798564 575.37382312119007 4756.8995111584663 1705.1632530093193
leaf_count=46473 136 14900 613 26647 213 256 761 68672 79 99 3897 563 739 23668 299 54203 34588 433 94951 54986 16687 8169 293 505 111 16522 21845 67244 8579 5079 951 278 14642 40309 24750 138 79600 2077 187 647 5272 20760 1629 427 1521 13249 45169 133 1077 17131 40075 67647 24898 11597 34461 186 14277 717 1410 32611 3956 19602 12256 448 3396 390 4748 30384 31511 488 7018 11214 57503 225 1906 54614 22215 58118 1322 2168 1273 3906 3029 9317 38641 40791 23596 5732 2126 10425 2052 1532 188 1489 940 10150 396 228 179226 7375 1144 21468 230 3127 64 9128 607 3264 74440 6825 2212 9501 28604 23245 10631 2831 3683 18644 6675 15457 1403 21111 25495 4607 36484 13358
internal_value=-5.68397e-06 0.00152508 -0.00159186 -0.00255837 -0.000393872 -0.000513757 0.000667408 -0.00321689 0.00312361 0.0104767 0.00302383 0.0063545 0.015671 -0.00119783 -0.0060082 -9.71568e-05 0.00124615 0.00205732 5.22997e-05 0.00157846 0.00117896 0.00177754 -0.00104984 -0.00367002 0.00266323 0.00382242 0.00433233 -0.00245682 -0.00176996 -0.00417742 0.000233878 0.0116413 -0.00292346 -0.000886304 -0.00235944 -0.00452508 -0.00207353 -0.000108463 -0.00519518 0.0181605 0.00295669 0.000856323 -0.00127339 0.00510118 0.00853457 0.00361169 -0.000387092 -0.00153445 -0.0120097 0.000936442 -0.00156136 0.003863 0.00525318 0.00310212 0.000334923 -0.00130123 2.30992e-05 0.00101004 0.00998555 -0.000390867 -0.00207925 -0.000425269 -0.00113635 4.2637e-05 -0.00405076 0.000465716 0.000602454 0.0009559 0.00177158 -0.000716794 0.0022457 -0.000323679 4.50751e-05 -0.00315161 -0.0116175 0.00203517 0.0022297 0.00142524 0.000766645 0.00780164 0.00299122 0.00562821 0.008976 0.0030341 0.00251761 0.002071 0.00471703 0.00376459 0.0053911 0.00202999 -0.00150987 -0.00268053 0.00350873 0.00326048 -0.00349966 0.0066853 0.00165363 -0.00176874 -0.000183315 0.00134935 -0.00496094 -0.00272999 -0.000769496 0.00649985 0.0116158 -0.00443836 0.0032758 -0.0015671 0.000365391 0.00250302 -0.00214421 -0.00200942 -0.000566599 -0.00101456 -0.00598692 -0.00507289 -0.00398247 -0.00451427 -0.0030391 -0.00210774 0.000600631 -0.00601411 -0.00710297 -0.0040209 0.000455146 -0.0036079
internal_weight=270852 137833 133019 73621.1 59397.9 58362.2 89705.1 49608 48128.3 642.767 47485.5 1035.74 488.847 24013.2 153.92 38647.6 51057.4 21486.2 42822 18209.6 16356.3 33480.3 2795.36 1609 110.45 25999.4 20138.5 27696.4 17348.1 21911.6 17577.2 145.094 8428.47 21146.7 11620.2 3127.53 15540.2 12392.9 1463.9 445.962 6377.12 17500.9 4035.44 1853.27 840.422 5550.17 11796.4 6319.06 237.366 5477.33 8492.7 16792.2 5937.23 10854.9 17431.5 4794.96 42762.5 12636.5 332.464 30126 16228.1 4582.95 4071.67 9979.2 933.773 9045.43 8985.42 12636.5 8494.67 4141.84 1012.85 15996.5 14151.8 1844.72 426.82 30684.9 28637.5 14320.3 12304.1 973.287 3270.7 2348.2 877.872 14317.2 11518.2 10316.5 3276.57 1563.05 596.54 3137.56 4749.67 1806.02 3101.35 3063.61 408.035 3346.32 262.985 3829.23 28069.9 5118.46 13483.1 11645.2 3143.79 884.943 340.971 4393.03 543.973 3790.4 14230.2 1186.36 15480.1 15179.5 5096.29 3104.54 2545.86 13330.3 6178.59 5536.4 3146.27 2792.67 642.187 7151.67 4425.66 1211.59 14119.3 10348.3
internal_count=2080168 1053363 1026805 567865 458940 452198 691191 387433 362172 1974 360198 6742 1485 180432 489 301717 389474 154131 332025 130102 117239 254853 16257 9139 410 206067 159594 215135 134533 172298 134621 783 66169 164986 88631 23806 120173 91801 8356 1386 45633 136731 31768 12863 5418 40361 87598 46379 1210 41219 64825 132922 46743 86179 133670 36699 331889 98400 2127 233489 125954 35814 31858 71606 5750 65856 65466 96971 66099 30872 7445 124677 111706 12971 2354 238596 223696 112732 96273 6529 25046 18532 6935 110964 88749 79432 24029 10480 4203 23674 36513 12746 23773 23585 2825 26672 1885 30139 219212 39986 106129 90140 24088 5966 2232 34401 3734 29911 111685 7118 119917 117705 38105 23858 19759 104985 48693 43607 24963 22132 5086 56292 35181 9686 110924 80602
is_linear=0
shrinkage=0.02


Tree=19
num_leaves=127
num_cat=0
split_feature=10 10 53 16 53 27 8 12 32 34 5 20 56 33 39 29 39 34 32 10 5 39 29 16 39 24 5 51 8 33 27 46 26 28 26 32 27 51 38 50 38 5 34 29 48 47 17 29 29 48 26 26 46 38 10 2 11 38 34 53 47 33 29 38 20 46 15 39 15 1 39 18 39 27 31 40 47 39 27 38 33 31 26 40 20 48 27 51 29 38 5 25 29 32 5 26 43 39 2 5 40 32 53 16 26 27 10 5 47 38 33 43 40 20 47 25 38 29 29 35 48 34 18 18 16 18
split_gain=1579.18 473.404 341.157 184.788 113.267 100.961 99.1623 91.2961 85.0545 133.119 88.0136 76.0189 70.1941 67.4735 65.8899 63.8685 74.6862 62.249 59.8958 56.6053 53.3873 53.5154 52.0509 75.9925 51.2751 51.2508 49.7075 49.0336 48.4009 48.3973 47.9095 47.7868 46.9073 58.1431 48.1408 46.6258 45.5852 45.4769 45.4324 45.2702 48.1677 56.8756 44.9045 44.7996 44.5335 44.3754 44.1023 43.3648 43.295 43.0491 42.8665 42.4764 41.8025 65.3783 41.0446 40.0184 40.0158 39.6661 58.3696 50.1641 60.3036 45.2354 39.6175 48.2647 39.3648 39.1429 58.4946 40.9438 52.61 38.7704 39.6257 60.802 52.352 39.7672 38.6137 38.5388 40.3071 38.3465 40.1213 62.9589 38.1367 50.5455 38.0724 42.4898 41.9955 43.7537 41.8278 37.602 37.5597 37.1458 36.0941 36.0873 37.4425 35.9959 35.5767 35.4407 35.3089 35.14 35.0636 34.7801 34.7513 34.6959 34.3389 36.2878 34.1471 33.997 33.6879 34.5156 35.2013 33.5602 33.4296 41.9209 47.0136 35.7252 33.2673 33.2077 33.0194 48.4457 41.3116 40.0207 44.0208 36.4591 32.8733 32.787 32.7027 32.4925
threshold=0.14868939667940143 -1.3281418681144712 0.2451811879873276 -0.36314129829406733 0.66850367188453685 -1.0000000180025095e-35 0.83634826540946972 0.85567837953567516 0.079351320862770094 0.045833334326744087 0.0828070603311062 0.43030922114849096 -0.12864855676889417 -0.0099952714517712576 0.059374999254941947 1.0443389415740969 0.4760416597127915 1.0000000180025095e-35 0.064297948032617583 -1.9118936657905576 0.12864399701356891 0.080208331346511855 3.2816588878631596 -3.9366215467452998 0.68854168057441723 170.32004547119143 0.46725425124168402 1.770667612552643 -0.91850191354751576 -0.0041349276434630147 1.0000000180025095e-35 0.036418914794921882 -0.6035533845424651 -0.56174489110708226 -0.7865660786628722 0.0062948593404144057 -0.87837970256805409 -1.8160406351089475 0.08249282464385034 -0.30359496176242823 -0.20845020562410352 0.36809284985065466 0.16250000149011615 0.27949810028076177 0.009966124780476095 0.012105084955692293 0.74703097343444835 -0.34290254116058344 -2.3611336946487422 0.011960312258452179 0.60355338454246532 -0.91597560048103321 -0.020989786833524701 0.16812827438116076 2.8735290765762334 0.0083058304153382796 0.4180788397789002 0.10122497752308847 0.15416666865348819 -2.4780163764953609 -0.013567865826189516 0.027842929586768154 3.7585318088531499 -0.11045521497726439 0.80402228236198436 0.061597468331456191 8.6373987197875994 0.68854168057441723 3.3439517021179204 -0.0036588710499927397 0.48020832240581518 -0.52158829569816578 0.40937499701976782 -0.60785761475563038 0.2099999934434891 0.46650633215904241 -0.035670364275574677 0.40937499701976782 0.6078576147556306 -0.17316246032714841 0.043072288855910308 0.22999999672174457 -0.12940952181816107 -0.4665063321590423 1.115924119949341 -0.014947938267141579 -1.0000000180025095e-35 1.3671541810035708 -0.51166415214538563 -0.02262879908084869 0.2424769923090935 0.78656607866287243 -0.31829774379730219 0.079351320862770094 0.088985092937946333 0.78656607866287243 0.00010291434227838182 0.18854166567325595 0.012221687473356726 0.061966603621840484 -0.12500000000000003 0.0015793690108694138 1.6136376261711123 -0.10012686252593993 -0.7865660786628722 0.87837970256805431 1.1670830845832827 0.057336961850523956 0.067394435405731215 0.031516104936599738 -0.064272567629814134 -0.010081549175083636 0.46650633215904241 0.53251719474792492 0.0091008874587714689 -0.37940952181816096 -0.15370451658964154 7.5535535812377939 5.2338719367980966 1.0000000180025095e-35 -0.033412277698516839 0.012500000651925804 0.36092327535152441 2.5297808647155766 -0.70181190967559803 -0.82414683699607838
decision_type=2 2 2 2 2 2 2 2 2 2 2 2 2 2 2 2 2 2 2 2 2 2 2 2 2 2 2 2 2 2 2 2 2 2 2 2 2 2 2 2 2 2 2 2 2 2 2 2 2 2 2 2 2 2 2 2 2 2 2 2 2 2 2 2 2 2 2 2 2 2 2 2 2 2 2 2 2 2 2 2 2 2 2 2 2 2 2 2 2 2 2 2 2 2 2 2 2 2 2 2 2 2 2 2 2 2 2 2 2 2 2 2 2 2 2 2 2 2 2 2 2 2 2 2 2 2
left_child=1 8 7 13 6 25 17 22 10 12 19 -11 -10 65 -12 16 57 18 26 36 69 80 23 -2 32 43 62 -9 -15 -8 110 -24 34 56 96 -21 -1 -13 88 40 -6 50 45 51 74 93 48 -46 -18 -38 55 -5 -25 82 106 -42 -34 58 61 75 64 -16 77 -64 -61 67 -67 -4 -69 70 71 -19 -73 -74 -26 -59 -77 101 124 -80 81 -22 104 -84 98 -86 -87 -49 -31 97 -40 -71 -93 -32 -53 -14 -7 105 125 -27 -57 -3 103 -41 -54 -30 -35 -108 -109 -36 -23 112 113 -112 -65 -63 117 119 -118 -17 -121 -122 -45 -98 -79 -85
right_child=2 4 3 5 39 24 29 27 9 11 14 37 95 28 15 116 46 20 -20 35 21 30 31 52 44 99 -28 -29 89 38 42 -33 33 54 109 -37 49 -39 90 102 41 -43 -44 122 47 -47 -48 87 -50 -51 -52 94 53 -55 -56 100 -58 59 -60 60 -62 115 63 114 -66 66 -68 68 -70 91 -72 72 73 -75 -76 76 -78 78 79 -81 -82 -83 83 84 85 86 -88 -89 -90 -91 -92 92 -94 -95 -96 -97 123 -99 -100 -101 -102 -103 -104 -105 -106 -107 107 108 -110 -111 111 -113 -114 -115 -116 -117 118 -119 -120 120 121 -123 -124 -125 -126 -127
leaf_value=0.0076773478116988229 0.025476304711787693 -0.0013289348629298456 -1.5414529335292431e-05 -0.0060526296632888174 -0.014867532414286717 0.00065771016700671417 0.0024049584182630262 -0.0011397705025697571 -0.027148269988158731 -0.0098216306475627374 0.0056922034970772395 0.021847823135093022 0.0090923528679481818 0.00026254920151229296 3.1816355606690743e-05 0.012678957952791031 0.0055546683063489493 0.0058878118287263061 -0.018380586376369905 0.0023265487557082628 0.0076263916197241788 -0.019787334143193031 0.0041500660787777361 -0.0024995366215356998 0.001379651789480505 -0.0055770223911518584 0.020146670562153184 -0.004485437985509654 -0.0055252119054821037 0.00082113611209384818 0.0021649623954817778 -0.024876046893689129 0.00044367359977383092 -0.0016411716059368364 0.0023865813387013686 0.0050630612093899184 0.0035965714884818173 0.0075147714437771053 -0.0028765981946948871 -0.00055024564676166971 8.8929934752429108e-05 0.025873828077639258 -0.023651984362076942 -0.0030955468453052123 0.004875947016647196 -0.0056122157091731814 -0.0014084608135544155 -0.0052261767352120648 0.0019896079671620336 0.0070376648633774267 -0.0015747234318411582 -0.0014281358306944762 0.0004893798141454794 0.010476048160258669 0.0020699903614337521 0.0062160438094816086 -0.0061618612069526965 0.005020386993438054 -0.018825633648952206 -0.017517965597850755 0.00060240345026878412 0.0067736318302731345 -0.0048635913160184696 0.003120341858022499 -0.0039025921384416734 9.4467885334645997e-05 -0.017471963317228327 0.00076854130740847354 0.0081102687235549108 0.0021692472132374234 0.0044833777938882227 0.0021359038387531778 0.0048387175516018469 -0.0051779781310898202 -0.0088446368628069139 -0.022174526076520304 0.010329612264257233 0.0047862491713784776 -0.024621263164870691 -0.00043923418698693325 -0.0066955326998716334 -0.026777313909435826 0.0042296282461923417 0.0067101420660172001 0.0030038210384249454 -1.8233117007591919e-05 -0.0043814433975159746 -0.00086012865134311458 -0.0014567918835100089 -0.0036802090126666475 -0.011612922226010132 0.0021634126668799132 -0.002022236357775375 0.014316391605733999 0.0054262941937320511 -0.016827200484104333 -0.0032344223458894918 -0.00028788495715983525 -0.00386478292664795 -0.0036979994038791953 0.0013967589752688625 0.0010570664915830535 -0.0036640949015119312 -0.0047283213796871001 -0.001504022601985468 0.0028991878868893568 -0.005675142327351286 -0.0024499856944570921 -0.013917848552644703 -0.0023016861982792475 0.018317061157342024 -0.0022337833443562458 -0.013741362321317948 0.0034997893026082866 0.011108065290416087 0.0010234759988081935 0.0040981160829431781 -0.01450547415053105 0.011353597237877005 -0.030226335891437341 -0.017928292916416195 0.0074857228969363396 -0.0066573524767629989 0.0079531549293514591 0.0013732822949253987 0.0011812330457281134
leaf_weight=1852.1055158600211 46.139065332710743 6803.6287186294794 8206.3644078671932 763.0093649327755 81.238511800765991 1252.2642098665237 2075.6535359472036 7910.0803514122963 43.371801517903805 42.893683664500713 1787.6490102186799 319.89469559490681 83.208771429955959 3413.5433460026979 7646.8915782943368 97.978868216276169 2412.0036921426654 1509.204353928566 65.663005501031876 11436.40234863013 712.70685245096684 39.394098550081253 1620.9612668603659 2362.2550525143743 3281.594570286572 7652.2203928008676 50.950270317494869 2250.8075156062841 1102.7197065278888 4992.5933471396565 2863.834007717669 22.017534658312798 410.63468433171511 4906.2497508898377 1741.3681918606162 3185.9520185962319 7726.0433370172977 124.60159152746201 1013.8915047571063 8817.7942356020212 4073.4612038135529 34.218585349619389 26.854975432157516 3159.9619436338544 306.59239206463099 289.37459647655487 826.9799133092165 1540.6849282905459 3137.2601977139711 1793.7526959329844 2990.1230672299862 4830.7110797911882 6288.0476383268833 247.55375900864601 700.4684047177434 989.06257209926844 3406.6801237910986 308.70272060483694 60.809192880988121 225.49469109624624 234.86306170374155 754.84950489550829 187.12938731908798 525.06304407119751 137.37919861078262 201.60911057889462 120.4134039208293 1092.7401795089245 606.96620305627584 10310.095595598221 5061.8461258634925 6079.4918606802821 202.30199817568064 719.6378289014101 153.70621874928474 45.419516883790493 21.964079856872559 1382.0863821953535 42.774921931326389 2672.6140331700444 93.577279448509216 16.529613748192787 1339.7216505631804 442.61431656032801 820.49921154230833 1823.4756934717298 1696.3377559036016 1618.4862991124392 6888.8435937166214 5173.1208362802863 232.08040220290422 1520.3841909617186 1950.2201405242085 100.03396447002888 322.12154507637024 27.160990990698338 5865.3408793658018 3772.7391615062952 527.9591272175312 8157.541491471231 1517.1357460319996 3797.3933488950133 2294.8142729625106 917.26911837607622 7578.6064934358001 231.0380057990551 2520.4256284087896 4286.3391249030828 108.91243044286966 939.26564745604992 86.446113005280495 3252.0607635229826 47.669591128826141 258.29881442338228 346.81594444811344 859.42350617796183 2342.2457529082894 85.559747867286205 362.37174890935421 20.59161826223135 29.513741157948971 85.818353317677975 1545.8310324177146 105.71418955922127 5990.4906807020307 10317.383520700037
leaf_count=14759 104 53195 60247 6048 428 9741 15552 61029 79 99 12462 902 360 26463 56631 598 16687 11934 267 90969 4832 140 11707 16557 25761 60876 181 17370 8271 38077 19777 56 3272 38641 13479 25082 61044 484 7765 68995 32030 163 125 25002 2354 1975 5272 12136 23674 14213 23470 38569 48867 1584 5163 7595 26594 2061 396 1107 1597 4838 1295 3959 888 1402 619 8319 4145 81629 39713 47578 1595 5639 1225 200 165 10150 233 20906 496 104 10519 3490 6443 14493 13451 12499 53995 39493 1423 12066 15524 453 2448 50 45305 28329 3847 62717 11677 29312 17777 7317 59258 1702 20016 32643 762 7292 418 22266 223 1600 2668 5958 17679 431 2678 86 180 543 12263 741 47447 80720
internal_value=-5.56443e-06 0.00144865 -0.00160939 -0.00236753 0.000622184 -0.00296372 0.00100306 -0.000211782 0.00306174 0.0102935 0.00296385 0.0154049 -0.00589908 -0.000882596 0.00201639 0.00168245 0.00119717 0.00138582 0.000547861 0.00374676 0.00190715 0.000445844 0.000271083 0.000100495 -0.0022283 -0.00388578 0.000605764 -0.00188136 -0.00180057 -0.000432027 -0.000124227 0.00374558 -0.00263169 -0.00329005 -0.0015452 0.00292316 0.00480534 0.0178581 -0.000880825 -0.000644268 0.000373359 0.000503918 0.00163336 -0.0028106 -0.000693961 0.0018496 0.00289799 -0.00229329 0.00354007 0.00424573 0.000410404 -0.00165143 6.46966e-05 0.000259685 -0.00263081 0.0013128 -0.0054511 0.000143562 0.000545019 -0.003695 -0.00729148 0.000674334 0.000559014 0.00433022 -0.012391 0.000346331 -0.00650478 0.000569779 0.00339409 0.00232308 0.0030819 0.0022478 0.00146229 -0.00297606 0.000919453 0.00202263 -0.0115689 0.000365728 0.00124836 -0.00082946 0.0052662 0.00680959 0.000177294 0.000812609 0.000519372 -0.00115228 -0.00212197 -0.00299069 -0.000499531 -0.00248573 -0.00451268 0.00157549 -0.000188226 0.00258011 -0.000998478 0.00261099 -0.00239458 -0.00127498 0.00116227 -0.00460784 0.00330079 -0.000474132 -0.00146361 -0.000944465 -0.000600041 -0.00406408 -0.00290958 -0.00380893 -0.00273748 0.000743244 -0.00168947 -0.00148819 0.00467817 0.0072604 0.00630793 0.00371545 0.00435626 -0.00171764 0.00507443 0.00299764 -0.00401535 0.000875415 -0.00426696 -0.00303489 0.00201379 0.00140936
internal_weight=270834 142042 128792 83497.4 93922.8 59576.1 72207.6 45294.5 48119.2 641.132 47478 487.39 153.742 23921.3 21483.8 19696.1 16672 57004.6 21864.6 25994.3 35140 7786.78 35133.6 33490.6 33144.7 26431.4 21798.9 10160.9 13693.2 15203.1 6963.97 1642.98 26243.7 16339.7 9903.95 14622.4 11371.9 444.496 13127.4 21715.1 9685.24 9604 3280.1 10621.6 6901.06 3253.24 6376.24 3465.76 5549.26 9519.8 9569.78 5915.84 33444.5 31082.2 12522.4 6579.66 3817.31 10295.8 9321.97 973.823 597.737 9261.16 21748 1059.01 362.874 10228.1 322.023 9906.07 1699.71 27353.2 13572.5 8510.64 7001.43 921.94 3435.3 376.086 67.3836 20689 10088 2715.39 822.814 729.236 30834.6 16968 15628.3 4340.31 3519.81 3159.17 11881.4 10279.6 1245.97 13780.7 3470.6 2963.87 5152.83 110.37 7223.32 5106.5 11288 15809.8 2506.2 10601 12029.9 9735.06 13866.7 1333.76 11821.9 6915.68 4395.25 2680.63 3683.87 3644.48 392.415 344.745 871.879 1614.27 3024.08 319.462 2704.62 233.903 135.924 115.332 4705.79 5971.06 7372.58 10760
internal_count=2080168 1086136 994032 644537 723964 465547 554512 349495 362172 1974 360198 1485 489 178990 154131 141669 119474 437700 169613 206067 268087 52409 271096 259333 257624 207923 169346 78399 104258 116812 46977 11763 203649 127091 76558 116051 90016 1386 101260 169452 75363 74935 22330 84330 53975 22205 45633 26989 40361 75257 74772 47065 259229 242672 97225 51302 29866 73841 67823 6018 3592 67427 169165 7922 1995 74732 2021 72711 12464 215678 106459 66746 54812 7234 26986 2426 365 161243 78736 21139 5432 4936 241088 132963 122444 34387 27944 24635 92072 77795 9188 109219 27590 20230 41017 410 55787 38302 88057 123593 19272 82507 94089 76312 108125 9973 92062 53421 33405 20771 24647 24507 2241 2018 6627 10796 22195 1838 20357 1407 809 723 37265 46046 57597 84210
is_linear=0
shrinkage=0.02


Tree=20
num_leaves=127
num_cat=0
split_feature=10 10 10 2 29 6 27 16 55 2 55 47 9 49 26 29 38 1 32 34 26 20 15 29 54 29 19 12 47 46 26 38 21 15 47 47 46 38 20 38 54 38 35 1 38 12 14 4 18 18 38 27 20 55 9 38 16 48 55 2 22 54 29 27 26 52 16 57 47 54 47 47 34 29 35 34 5 0 55 31 34 26 25 25 18 18 52 20 20 15 13 34 5 46 48 38 22 25 26 14 0 1 16 0 20 35 29 29 55 20 47 55 23 29 23 4 26 38 54 37 29 31 26 12 27 22
split_gain=1511.2 375.165 311.663 182.408 112.11 102.792 88.8782 88.2137 78.3635 78.7793 78.3162 83.695 75.1575 73.1282 78.9946 96.4516 72.0054 75.4881 71.6142 87.7932 83.8124 71.4471 62.4459 60.1359 64.4866 95.0055 59.6091 58.5669 55.1517 53.4831 52.1953 54.3699 51.0284 50.8708 50.4585 49.5313 65.4938 48.3934 48.322 52.9907 47.4386 45.9533 57.6427 49.9675 45.6436 43.0692 41.7782 41.617 41.5961 41.4555 43.8964 53.888 46.1825 41.0048 40.7113 40.3032 40.052 41.2266 40.0188 62.7854 39.9498 41.6901 67.6059 52.8311 43.4663 43.7148 39.3152 38.7355 38.341 39.117 37.77 37.2433 36.5233 36.4832 36.3128 36.286 36.2774 35.8727 35.3418 46.4641 52.1551 42.9646 42.0612 77.6706 39.9008 49.9244 38.4501 36.0708 35.3296 35.2816 35.2306 38.5962 39.756 34.5465 34.2059 34.1548 34.0262 35.9544 33.9147 33.5502 33.3167 33.2678 33.2124 33.016 32.1311 32.1141 32.0931 32.0209 31.7204 31.2482 47.5261 87.9306 43.2808 54.9804 40.5747 40.0215 39.12 37.8522 60.7668 39.1328 36.2675 44.3554 35.7687 47.2563 41.8018 31.2808
threshold=-0.30304153263568873 1.2331769466400149 -1.3281418681144712 0.0010534340399317446 5.5565536022186288 2.4684739112854008 -0.60785761475563038 -3.9366215467452998 0.15741607546806338 -0.0036091591464355584 0.057654283940792091 0.060221116989851005 1.7552641034126284 -0.66680380702018727 0.78656607866287243 3.1737685203552251 -0.30658195912837977 -0.022118776105344292 0.079351320862770094 0.045833334326744087 0.37940952181816107 0.43030922114849096 1.2340784072875979 1.7674863338470461 0.057153150439262397 -0.24876594543457028 2.986186265945435 0.90442878007888805 0.006775391288101674 -0.01573184039443731 0.78656607866287243 0.011049724649637939 0.6511158049106599 8.6373987197875994 0.060221116989851005 -0.0055381632409989825 -0.020989786833524701 -0.042475396767258637 1.1970177292823794 0.021937643177807335 0.081604793667793288 0.10470659285783769 0.32500000298023229 -0.019521330483257767 -0.12889766693115232 0.17506957054138186 -7.2349367141723624 0.25830204784870153 0.21558783948421481 1.1521240472793581 -0.24098552763462064 0.6078576147556306 0.81921902298927318 0.061126988381147392 -2.0857665538787837 0.13196688145399096 -1.273757219314575 -0.049343260005116456 0.060350712388753898 0.0043497125152498492 0.22166370600461963 0.16550548374652865 10.144746303558351 -1.0000000180025095e-35 0.37940952181816107 1.444060266017914 -0.9492814540863036 0.15134770423173907 0.0031560448696836834 0.0090419696643948572 -0.0044914167374372474 0.028163342736661438 0.17916666716337207 3.1737685203552251 0.12500000372529033 0.012500000651925804 0.20711264759302142 -0.00079421943519264449 0.21235296130180362 0.12999999895691874 0.11250000074505807 -0.98296290636062611 0.91597560048103344 0.37940952181816107 -1.2860818505287168 0.051670240238308913 -2.4486633539199825 1.1650021672248843 0.69672745466232311 8.6373987197875994 0.76653611660003673 0.020833333954215053 0.055018538609147079 0.033807346597313888 0.091908864676952376 0.16812827438116076 -0.047880982980132096 -0.6035533845424651 0.37940952181816107 -0.97129642963409413 0.012981547508388759 0.0020962427370250229 -3.9366215467452998 -0.0080995773896574957 0.56587398052215587 0.12500000372529033 0.063580274581909194 -6.0533671379089347 0.14160650223493579 0.74451407790184032 -0.061120968312025063 0.3536743968725205 -0.075085613876581178 -3.8238525390624996 -0.16798414289951322 0.37063603103160864 -0.98296290636062611 3.1203815311037899e-17 0.46138055622577673 1.5366584658622744 -2.0854532718658443 0.14999999850988391 0.91597560048103344 0.3102953583002091 -1.0000000180025095e-35 -0.076404776424169527
decision_type=2 2 2 2 2 2 2 2 2 2 2 2 2 2 2 2 2 2 2 2 2 2 2 2 2 2 2 2 2 2 2 2 2 2 2 2 2 2 2 2 2 2 2 2 2 2 2 2 2 2 2 2 2 2 2 2 2 2 2 2 2 2 2 2 2 2 2 2 2 2 2 2 2 2 2 2 2 2 2 2 2 2 2 2 2 2 2 2 2 2 2 2 2 2 2 2 2 2 2 2 2 2 2 2 2 2 2 2 2 2 2 2 2 2 2 2 2 2 2 2 2 2 2 2 2 2
left_child=2 3 6 4 7 10 26 -2 9 38 101 27 35 14 55 -16 17 -10 23 20 105 -21 -7 24 25 -8 41 28 -12 -15 53 73 37 -13 60 36 -9 -25 66 -40 -30 43 -43 -1 74 -28 -34 -45 -19 50 51 -26 104 70 -18 -5 -38 -58 68 -60 61 64 63 -63 65 -24 -4 -65 69 -31 -11 75 78 90 94 -48 -74 -37 81 -80 82 87 83 84 -81 88 -87 -52 -86 100 91 92 -32 -36 -6 98 97 -77 -59 -46 -29 -3 -61 -23 -53 -20 -57 -85 -33 110 114 112 -112 116 -56 -116 -114 119 -119 -111 121 -115 123 -117 -125 -118
right_child=1 5 8 13 44 22 18 12 16 30 11 33 -14 29 15 -17 54 48 19 21 -22 103 34 32 49 -27 45 89 40 58 31 108 46 -35 93 77 56 -39 39 -41 -42 42 -44 47 99 -47 71 -49 -50 -51 72 52 -54 -55 109 106 57 95 59 102 -62 62 -64 67 -66 -67 -68 -69 -70 -71 -72 -73 76 -75 -76 96 -78 -79 79 80 -82 -83 -84 107 85 86 -88 -89 -90 -91 -92 -93 -94 -95 -96 -97 -98 -99 -100 -101 -102 -103 -104 -105 -106 -107 -108 -109 -110 117 111 -113 113 120 115 122 125 118 -120 -121 -122 -123 -124 124 -126 -127
leaf_value=0.011444011420910146 0.022395471048322339 -0.0027733723125073096 -0.00045364613376959548 0.00031942616541223115 -0.0003117268450315897 -0.0032701967324401007 0.0052800370937320686 -0.001292194490359408 0.011591719368010837 0.0024310028183024612 -0.00044412954448344295 -0.0064761334093941907 -0.0029545587244276094 0.011790122481073176 -0.00393146265980031 0.006313011870958376 0.0067845356871394369 0.0027319594722033749 0.018946065669105977 -0.012771767161998654 -0.022489245221286199 0.019666069999092477 0.008513468901325736 -0.0053260830301531635 0.015395647049806773 0.0012202647761427963 0.0073612278277127565 -0.0032946002148494346 -0.004341596311539556 -0.016642593952969777 0.00044924652149570679 -0.0038176804672616195 -0.015964225255138909 -0.021233022600966371 -0.025896469974754952 0.0012461183838300947 0.0091163784041332092 0.005724123963854382 0.0060018280609844352 0.0012662473492594138 -0.0014759885719959421 -0.0015440488091365205 -0.030093647259976 0.0031600176785615535 0.016558582945718617 0.0041000276140422147 0.0026235899937976487 -0.02103547863884063 -0.020177661806211899 -0.0061650657491603448 0.008222632406130052 0.0054881082702453819 0.013065962624814654 0.0017252472406642781 -0.021914378937119904 0.017588339905704443 -0.0020766108678090646 0.0011689615233549781 0.00045887040716762086 -0.019090732801059381 0.0086915663976217545 0.013951106996890856 -0.022816038210838753 0.00094102533118052545 -0.0041850908388070965 0.00021377638315593487 0.0020184820173116073 0.018491820119088176 -0.004031370634285142 -0.0016216237080921238 -0.00032085095380320777 0.012105829740894688 -0.026482507194146267 0.0062725605080201372 0.020641684950128074 0.0012872223979994968 0.0086050525307680252 -0.00050271139788636847 0.0026190834238594739 -0.022379280641506186 0.019722711114897179 0.0015310483605613242 0.0079152309467138294 -0.027673156389700616 0.012815370955763997 0.010087200169738724 -0.012449194457467196 -0.0015124303190624622 -0.0033621055848388447 -0.01104445229946923 0.011318059783906707 0.0027652278161871668 -0.0038710205616005761 -0.0042046674183632586 -0.027906498698999981 0.017012623323280074 0.012367854780526974 0.0099623224001863103 0.0033140054760728253 0.0050825922637289765 0.0016825284890891329 -0.0046697290427244022 -0.0018841394142345594 0.0040469853896220147 -0.015588658181500648 -0.006315125810269509 0.0037527459771428385 -0.011347941618999781 0.0083518054732783873 0.0011099901547061946 0.0012206868338379821 -0.015636918884057768 0.016527554051766362 -0.0010293707895938015 -0.00065963367090384416 0.023570320559305601 0.0024480426401443881 -0.0019688671814898817 -0.024848692747362421 0.014099677519731364 -0.0039699733290938241 0.014460471105548942 -0.0063875883735535358 0.022667279802339315 -0.0032275618546126973 -0.012430251447739451
leaf_weight=296.65724695473909 71.00936733931303 5751.2922700196505 3053.2675119936466 12752.548698611557 89.69963438808918 1554.7135053873062 5219.315398901701 3246.6035716161132 336.16649909317493 2425.8243363052607 10338.042122632265 871.94091603904963 2766.9220100194216 114.47554964572191 3300.3658242449164 412.70263544470072 227.6791473031044 80.489450983703136 49.187010623514652 34.804375872015953 56.91013852506876 306.08201765269041 309.93334225565195 336.27497707307339 201.82226668298244 4132.4685296341777 3335.8937827721238 11656.441380962729 3657.1470013484359 69.101873658597469 1846.6073086038232 2374.324059009552 32.669870145618916 104.11044207215309 37.547915175557137 6088.1993455812335 296.65279457718134 298.11615981906652 2312.2694507911801 1600.3198735788465 6283.1232855767012 272.20230847597122 30.600384436547756 5987.9983916729689 274.52418006956577 3162.9467560574412 995.59961253404617 27.576691322028637 51.020041838288307 277.58989333361387 682.50736089795828 47.791828833520412 72.385820418596268 13446.323110237718 27.996181182563305 85.885451175272465 1066.4129209890962 8179.8333057016134 5701.4235251173377 43.999548807740211 324.21612705290318 251.73731230944395 31.971199244260788 471.6610157340765 699.71436398476362 1384.297678090632 16333.245783016086 55.346474573016167 5449.0067637637258 6709.1527699008584 11211.430588245392 397.65099941194057 35.050831221044064 371.46750152111053 24.358729191124439 415.55060259252787 16.863461062312126 20440.397342413664 590.21143577992916 37.570862151682377 32.144612908363342 18791.868137262762 77.615076646208763 79.060959435999393 118.74850498884916 36.295075863599777 162.99457792937756 195.30046716332436 97.590758256614208 225.01532352715731 102.24125251919031 1097.1887407228351 1579.9889549389482 126.3360183313489 21.500607021152973 59.477492354810238 421.59303643554449 353.83598059415817 4612.6686244755983 164.08160719275475 563.1497982442379 10424.949353583157 19702.97829785198 66.65315093845129 70.568897366523743 32.875354789197445 299.14343850314617 127.7250617146492 87.914710104465485 1424.5274001434445 762.32922350615263 233.6027969866991 21.041442267596722 303.79389110207558 608.0270057991147 86.654632709920406 63.479001641273499 831.64675603061914 48.211125187575817 98.278954580426216 1649.113559409976 96.646523855626583 49.642006821930408 33.940262407064438 86.258181527256966 486.31101974844933
leaf_count=1832 162 45837 22150 98821 595 12264 41255 22814 1530 19323 79150 6161 21493 703 25854 3067 1532 434 198 75 98 882 2227 2463 1091 32916 25497 89581 28585 553 14734 18741 109 510 253 47548 1752 2205 18143 12614 47216 1807 74 46766 1960 24471 7682 124 251 2027 5090 281 441 105335 112 499 7800 63950 44633 152 2312 1657 143 3108 5203 10533 127803 345 43261 53360 89292 3009 219 2904 161 3003 104 161388 3592 218 173 141949 426 283 697 187 856 1478 574 1242 805 8627 12322 852 95 403 3226 2725 36145 1250 3683 82386 150390 258 358 136 2033 762 688 10183 5268 1116 129 2090 3613 305 413 6009 264 744 11530 690 182 136 363 2897
internal_value=2.77201e-05 -0.00124213 0.00178666 -0.000523921 0.00038392 -0.00257162 0.00301044 0.000276099 0.000888816 0.00113979 -0.00285175 -0.00230247 0.000242007 -0.00131151 -0.000215714 -0.00279114 -0.00101935 0.00657453 0.00248279 0.00966037 -0.00403962 0.014333 9.08126e-05 0.0023683 0.00209758 0.00348649 0.00441435 -0.00213012 -0.00146708 -0.00180008 0.000533546 -0.000947639 0.00495642 -0.00807132 0.00150663 0.000443152 0.00127031 -0.000130906 0.0020385 0.00406596 -0.00253071 0.00307674 -0.00452204 0.00344207 0.00916015 0.00577505 0.00618966 0.00304546 -0.00623364 0.00150026 0.00159968 0.00821851 0.000578723 0.000941571 -0.00151781 0.000512259 0.00185569 0.00170022 -0.00184171 -0.00138972 0.00201162 0.001333 0.0052499 0.00643121 4.47275e-06 0.00173679 0.00162908 0.00281764 -0.00278216 -0.00177734 0.000168724 0.00647618 0.001476 0.000250785 -0.000972033 0.00544685 -0.0151188 -0.000101293 0.00151773 -0.00159913 -0.004834 0.00173335 -0.00593079 -0.00757012 -0.00291818 -0.0011071 -0.00830995 0.00605632 0.00553121 -0.00321026 -0.000233795 -0.000497541 -0.00154307 -0.00930752 -0.00585727 0.00201383 0.00780194 0.0052859 0.00194269 0.012289 -0.00306502 -0.00399577 -0.00192349 0.016894 -0.0070952 0.00885984 0.0068791 -0.0176976 -0.00337955 -0.00179239 -0.00277389 -0.00379385 -0.00297132 -0.00419126 0.0013573 0.00213652 -0.00967638 4.94743e-05 -0.00325047 0.00195768 -0.0026591 0.00273333 0.00874555 0.0123954 0.00420277 -0.0107093
internal_weight=270630 157166 113464 102043 47402.3 55122.7 48015.2 46828.2 65449.3 57842.4 49875.2 33699 46757.2 54640.8 16850.6 3713.07 7606.86 467.676 34901.3 546.512 138.973 407.54 5247.47 34354.8 31103.5 9351.78 13113.9 32722.9 20278.3 37790.1 34543.3 7459.73 3251.29 976.051 3692.76 43990.2 17461.6 634.391 23299.1 3912.59 9940.27 6615.04 302.803 6312.23 574.165 6498.84 2616.9 6015.58 131.509 21751.7 21474.1 392.569 190.747 27083.6 7139.18 13137.6 14215 13918.4 37675.7 25448.4 3528.88 3204.66 810.716 778.745 2393.95 1694.23 19386.5 527.007 12227.3 6778.25 13637.3 2584.23 21081.5 4997.49 135.559 2186.58 51.9143 26528.6 21029.6 1359.96 769.745 19669.7 737.601 659.986 453.2 415.629 199.29 877.808 216.339 12444.6 4626.03 4523.79 3426.6 163.884 111.2 12852 1190.98 769.387 12792.5 438.606 12219.6 16176.2 19747 372.735 118.361 82.0624 385.029 206.786 2462.24 6911.5 4508.84 3616.32 3382.71 2620.39 892.518 864.522 570.831 2402.66 879.858 1522.81 2049.55 400.44 256.495 206.853 120.198 549.79
internal_count=2078979 1214090 864889 790842 367516 423248 361617 363455 503272 453481 384351 256128 363293 423326 130274 28921 49791 2215 261046 1647 432 1215 38897 259399 234977 74171 100571 249457 154951 293052 272771 58821 24422 6671 26633 341800 132864 4668 180710 30757 75801 50603 1881 48722 4061 49968 19754 46890 685 160806 158779 2171 1080 213950 47576 101353 110050 108298 292349 195175 25528 23216 5253 5110 17963 12760 149953 3453 97174 53913 108615 19645 156608 39392 851 16636 323 208936 156285 7768 4176 148517 4003 3577 2532 2314 1043 6568 1271 94506 36488 35683 27056 1105 690 100498 8954 5728 100095 3210 93264 128223 150542 1140 639 334 2532 1045 19429 46044 28844 24133 23017 17749 4711 4599 3439 17200 6273 10927 14310 2780 986 804 499 3310
is_linear=0
shrinkage=0.02


Tree=21
num_leaves=127
num_cat=0
split_feature=10 53 51 50 14 55 29 39 55 11 12 28 19 14 26 38 18 5 27 48 57 45 2 55 17 27 45 34 10 2 29 38 5 49 38 14 55 26 47 48 26 11 39 39 34 56 27 15 5 48 18 39 26 46 45 6 38 18 19 35 26 15 26 31 53 39 25 55 15 6 29 6 5 27 55 52 6 4 38 47 31 25 34 48 19 6 39 14 45 38 19 39 29 27 18 29 29 27 45 22 45 4 19 47 5 53 34 19 15 4 26 46 35 39 5 38 10 39 27 39 34 34 38 55 4 55
split_gain=1451.49 460.271 301.34 149.442 142.691 98.6115 92.8685 99.885 88.3431 85.3175 84.4101 79.2912 73.0093 69.8861 67.2246 67.0853 66.7937 66.5896 66.1936 64.2496 62.5486 60.1781 76.082 57.9748 58.1789 57.9533 57.0954 56.5102 55.5337 54.2923 54.0421 80.1629 53.859 52.9651 52.9299 62.6286 61.4189 52.7138 75.5337 61.8895 54.3073 54.4221 52.6009 51.9143 51.1872 49.9501 49.4878 48.8441 48.1401 47.4987 46.7788 46.4755 45.9945 45.1991 44.7738 44.7069 69.0011 44.3187 43.9618 50.8209 43.0674 42.6583 41.349 41.063 40.2472 40.1021 49.5361 80.0358 63.155 48.4506 40.8605 40.3126 40.0015 44.0547 39.7012 44.6609 39.0949 90.3096 39.0153 38.824 38.7234 38.7052 38.4392 37.8078 37.507 37.491 37.1367 41.2648 37.1336 37.132 44.0916 40.8143 36.7138 39.1264 36.2484 35.8984 35.7301 43.221 36.3799 35.5072 40.7205 38.1684 45.0048 57.37 55.8351 47.8549 50.7785 44.3875 35.3299 35.2973 74.6932 51.5405 48.128 39.6658 48.1825 38.4739 46.4924 41.3098 52.7565 35.2608 38.741 35.2361 42.9874 40.5834 39.8044 35.1972
threshold=-0.30304153263568873 0.66850367188453685 -1.4476959705352781 1.3671688437461855 -0.25355219841003412 0.15741607546806338 6.393367052078248 0.33854167163372045 0.068342130631208434 0.75460740923881542 0.12598775327205661 0.81174489855766307 8.7338814735412615 -0.33716261386871332 0.37940952181816107 -0.30658195912837977 -0.63763499259948719 0.46725425124168402 -0.87837970256805409 0.0062091881409287461 -0.0030424520373344417 -0.046839609742164605 -0.052103195339441292 0.10276648029685022 2.706462144851685 -0.60785761475563038 -0.046839609742164605 1.0000000180025095e-35 2.8735290765762334 0.0060875716153532275 1.1897265911102297 0.15208059549331668 0.20711264759302142 0.4682795256376267 -0.24098552763462064 -2.5627553462982173 0.18867570161819461 0.37940952181816107 0.0048548895865678796 0.10664898529648782 -0.98296290636062611 0.34992045164108282 0.65937501192092907 0.78854167461395275 0.062500001862645163 -0.12025009840726851 -1.0000000180025095e-35 6.8558037281036386 0.46725425124168402 -0.077190380543470369 0.81766635179519664 0.58020833134651195 -0.6035533845424651 -0.01573184039443731 0.016935892403125766 -1.2846536040306089 0.16812827438116076 -0.93209785223007191 2.1566861867904668 0.27500000596046453 0.78656607866287243 8.6373987197875994 0.60355338454246532 0.10999999567866327 1.5478413105010989 0.25104166567325598 -0.7865660786628722 0.12585920840501788 1.3583958148956301 1.9695197343826296 -8.459493160247801 1.1194175481796267 0.099988080561161055 0.87837970256805431 0.43776553869247442 -1.1555491685867307 2.0810703039169316 0.23442256450653079 -0.24098552763462064 -0.0042097149416804305 0.12999999895691874 -0.6035533845424651 0.17916666716337207 -0.0056923110969364634 3.2279403209686284 -0.96423393487930287 0.53437501192092907 -0.76196193695068348 -0.0028301919810473915 0.019999692216515545 5.0739159584045419 0.084375001490116133 2.1252691745758061 -0.60785761475563038 -0.22230231016874311 10.144746303558351 0.96183419227600109 -0.87837970256805409 -0.0045524227898567906 -0.050094908103346818 0.035709550604224212 0.17937862128019336 3.5828839540481572 -0.069542206823825822 0.36809284985065466 -0.50317919254302967 0.012500000651925804 2.035689234733582 4.0278315544128427 0.47046864032745367 -0.91597560048103321 -0.020989786833524701 0.12500000372529033 0.10937500000000001 0.2918935120105744 0.14028084278106692 0.7091340720653535 0.85520833730697643 0.6078576147556306 0.34687499701976782 0.079166669398546233 0.020833333954215053 -0.012954745441675184 0.21235296130180362 0.2747184038162232 0.3536743968725205
decision_type=2 2 2 2 2 2 2 2 2 2 2 2 2 2 2 2 2 2 2 2 2 2 2 2 2 2 2 2 2 2 2 2 2 2 2 2 2 2 2 2 2 2 2 2 2 2 2 2 2 2 2 2 2 2 2 2 2 2 2 2 2 2 2 2 2 2 2 2 2 2 2 2 2 2 2 2 2 2 2 2 2 2 2 2 2 2 2 2 2 2 2 2 2 2 2 2 2 2 2 2 2 2 2 2 2 2 2 2 2 2 2 2 2 2 2 2 2 2 2 2 2 2 2 2 2 2
left_child=2 3 10 6 8 9 13 83 14 16 21 12 34 29 33 20 79 53 -6 63 51 22 44 57 74 49 -26 60 42 30 55 -32 64 -3 81 36 -36 39 84 40 -37 54 61 52 45 -1 -35 -45 94 -23 62 -7 -31 -9 -42 56 72 -12 59 -5 -18 -20 -15 -16 96 70 67 71 -68 86 -13 -67 -2 78 89 -76 -72 -78 -74 -4 -19 -10 -27 -8 -39 95 108 -88 -22 91 -91 -25 93 -59 -43 -70 97 98 -29 -17 101 -101 103 105 -105 106 -103 -106 -69 111 -111 113 -112 114 -57 117 -117 118 -115 -92 -121 122 124 -123 -40 -108
right_child=1 4 5 58 18 15 7 17 11 -11 23 65 -14 50 19 99 27 80 28 -21 88 25 -24 24 26 82 -28 32 -30 43 31 -33 -34 46 35 37 -38 38 121 -41 41 48 -44 47 -46 -47 -48 -49 -50 -51 -52 -53 -54 -55 -56 109 -58 92 -60 -61 -62 -63 -64 -65 -66 66 68 69 85 -71 76 -73 73 -75 75 -77 77 -79 -80 -81 -82 -83 -84 -85 -86 -87 87 -89 -90 90 119 -93 -94 -95 -96 -97 -98 -99 -100 100 -102 102 -104 104 107 -107 125 -109 -110 110 112 -113 -114 115 -116 116 -118 -119 -120 120 -122 123 -124 -125 -126 -127
leaf_value=-0.012165756182996422 0.0012866219531505107 -0.00048880837929730892 0.0048867587993571505 -0.00060272916715047573 -0.0056773812110156351 0.016862100775346733 0.027097386269536079 0.016241309442149979 -0.006533606642812678 -0.00060585373153332291 0.0053375883089870181 0.02739035125416862 0.0057153659365054565 -0.001135836034737548 -0.0078633853492205506 0.00020103325050167109 0.00086337969371503209 -0.0018032030967732305 -0.0038614042513471672 -0.0067368114614470391 -7.9402186352404397e-05 -0.0065032956756031239 0.0015018628306206667 0.0067621907180565686 0.018297217345629672 0.0033888044883059899 -0.0021234185833712356 0.0070404030701445523 -0.00013211561548419611 0.00088892760191040202 0.0025496671865857068 0.025909950059016355 -0.0049687330832130687 -0.0056037943112582983 -0.0097870304999145702 -0.0049968989873723606 0.01130052692507845 0.0021355202633503334 -0.0021280007610273276 -0.012752885898394271 0.00039965841325652156 0.000741968472964558 -0.001516027078138115 0.0024453037564254282 0.022254495255561745 0.016036187140842241 -0.0015594827838767368 0.028581536514867452 -0.028573591865148802 0.0065548544609639334 -0.0035325867465163152 0.003176847642225969 -0.0029603249127142825 0.00060743055713196193 0.00575176925908083 0.0010403330340466356 0.024447643440155879 0.0039641002045130028 -0.0029097916749375413 -0.010177205119883008 -0.001522009094816695 -0.021806760591373636 0.0011911867572364453 -0.0014375071359227318 -0.0043601890357721513 0.00075666527114865182 -0.0017630515905103512 -0.0063209419671279412 -0.000347993278872194 -0.03194040480619071 -0.0028994344387322651 0.011031124191388145 -0.023470501146039636 -0.004436051031854695 -0.017165591795614478 0.0070928487535922491 0.012897646768935359 -0.010637416381007101 0.0085675555872287736 0.0021720029312451172 -0.029219093695974141 -0.025146338130833019 -0.022793704665194484 0.010449911218679879 -0.0057274064458909014 0.007921595319341973 0.0057196092685862891 -0.0094158745511657236 -0.025897746970591939 2.6846982128061952e-05 -0.00096347409696639756 0.0011577762240393347 0.0064075300212941477 0.00158096257384122 -0.0017803948454943757 0.029594109472804699 0.0037144293573806511 0.0013382071976526847 0.0024897456891968244 -0.0007140449733367615 -0.02062127302867129 -0.015209114373454971 0.0027497332217132028 -0.0055742818224353233 0.0040373068314674652 0.028872609792825261 -0.0026047062416048967 -0.020228114641206961 -0.025941679279607045 -0.016700992633107033 0.021841202472079192 0.00050250063987589523 -0.0027471901958341133 -0.0052787462296953929 0.022795589326240043 -0.004690299804382232 -0.020765424192413576 0.0071033421231629671 0.0016728051832302438 -0.0082714501085341501 -0.0292792160671215 -0.00066481201921180216 -0.0053740614236408883 0.017964600374897124 -0.018910286823453835 0.011239758425554844
leaf_weight=39.865365877747536 5289.8216179385781 5046.6430529505014 3150.8911285847425 8521.8213569521904 4541.6914455592632 189.22746918350458 61.958681039512157 87.345695197582245 313.3844156190753 8498.7808546051383 2851.4482962861657 18.635016895830631 545.23720759153366 10719.697408556938 476.85457967966795 3137.8534841015935 14666.259337842464 39.884889960289001 15733.539109654725 2904.575773075223 80.218189679086208 113.95831685513258 211.62943159043789 604.32575237751007 146.54978307336569 11025.282723553479 86.662384428083897 965.4457219094038 2366.860192373395 1807.1916540488601 5078.3546318486333 58.472619749605656 463.51804151386023 2232.8007929474115 68.619457565248013 1197.3742489516735 268.46061507612467 1532.9672573134303 3571.8972688242793 176.65157969295979 3050.8539206758142 3004.8556320294738 4724.9878688678145 941.7726321965456 224.09697533398867 64.344948425889015 2645.5523873791099 28.52261633425951 24.700882166624069 3789.8513683006167 2305.4992740079761 209.23603885620832 3962.0020517855883 456.09330988675356 785.59888935089111 317.00146129727364 53.981442630290985 3994.0508330091834 7910.5519105643034 226.70632340013981 3813.8481203094125 52.237371101975441 4270.0405140668154 2382.6818594485521 404.38087181001902 781.51456360518932 528.43979229778051 107.0914498269558 387.20000183582306 28.787284098565578 1525.3125221654773 188.99319884926081 14.582909509539602 137.17843253910542 99.093578606843948 42.84073331952095 195.03411421924829 96.793889485299587 711.54269745200872 6375.507569283247 42.135006330907345 51.50065303593874 21.481329768896103 448.48710389435291 287.24247561395168 1229.1939093545079 155.94130685925484 132.19429526478052 29.898198433220387 2166.2734474614263 188.51648274064064 3688.8002805709839 942.80891194939613 8900.3420420214534 9420.031890578568 15.70466163009405 4092.0579335093498 20449.012068741024 2587.8775174021721 2651.5158798769116 48.246244974434376 73.06744060665369 313.60800854861736 1298.0340219065547 35.425930269062519 22.798078760504723 171.97149860113859 188.47903264313936 55.777127496898174 36.281691506505013 110.60572303086519 23110.802697896957 44.168964542448521 1355.1693856343627 45.763799771666527 249.48010370135307 100.79075231403112 173.59689076989889 643.22843039035797 161.66753862798214 44.489610031247139 673.56063152849674 4165.5535396263003 49.256763897836208 56.478641912341118 126.73669632524252
leaf_count=114 41753 39824 24586 66069 35855 906 364 515 1871 66673 22370 93 3882 85066 3787 21171 115396 169 123366 22900 338 634 1299 4162 462 82172 370 7599 17804 13325 39241 291 2945 17650 473 8883 1513 11806 27485 1219 23499 22820 37109 7193 803 234 20809 141 117 29020 18271 1029 29912 3231 5891 2344 263 31565 61201 1680 30091 285 33894 18868 3123 6106 4153 835 2916 164 11603 1451 53 995 297 205 1396 543 5137 50373 87 144 119 3114 2213 9207 1048 1004 129 15468 1356 26530 7410 69603 71700 89 32034 159849 20478 19702 279 304 2034 7841 168 66 926 676 374 139 381 180453 227 9790 247 1540 554 1329 4555 1183 192 5221 31938 313 339 605
internal_value=2.71717e-05 -0.00121733 0.00175113 -0.000145667 -0.00231048 0.000999112 0.000301678 0.00596578 -0.00167849 0.00126329 0.00316399 -0.00111517 -0.00152783 0.000197062 -0.00292387 -0.0010173 0.00154216 0.000602454 -0.00347153 -0.00464179 0.00602041 0.00431429 0.0108709 0.0024188 0.000922362 0.00407672 0.0107279 0.0012352 -0.00303335 0.000618249 0.000915062 0.00282076 0.00178657 -0.00192569 -0.00166567 -0.00156796 0.00698852 -0.00167126 -0.00280559 -0.00100713 -0.00088767 -0.000585204 -0.00336807 -0.00103438 0.0168844 0.00522502 -0.00341152 0.00324326 -0.00122703 0.00617184 -0.000880958 0.00970432 -0.00175443 0.00314728 0.0014971 0.00061276 0.00213874 0.00306688 -0.00182936 -0.000852088 0.000370983 -0.00392223 -0.000472848 -0.00251181 0.00189665 0.00110017 0.0023237 -0.000534769 0.00424232 -0.00720905 -0.00130584 0.0027678 0.00193892 0.00592852 0.000593865 -0.00983815 -0.00161557 0.00507842 0.00789136 0.00307044 -0.0160816 -0.00922493 0.00333574 0.0125216 0.00089168 0.00618724 -0.00556108 -0.00122952 -0.00726844 0.000811441 -0.00109401 0.00194831 0.00259853 0.00231947 -0.00117029 0.000887013 0.00198689 0.00169219 0.00372808 -0.00146176 -0.00252015 -0.00233686 -0.00426469 -0.00541385 -0.00717489 0.00137725 -0.000379077 -0.0163835 -0.0131638 0.000250951 0.00879364 0.000187792 0.0148453 -0.00233217 0.00384269 -0.00322183 -0.00936472 -0.00222687 -0.00304102 -0.00723321 -0.0129293 -0.0035959 -0.00398764 0.000626383 -0.00239464 0.00328383
internal_weight=270612 157160 113452 79360.5 77799.3 74043.9 62701.5 1135.9 50379.9 65467.6 39408.4 34690.8 29244.2 61565.6 15689.1 8576.32 56968.8 625.459 27419.3 5764.11 508.58 15490.5 539.937 23917.9 7229.22 14950.6 233.212 47442.4 22877.6 44270.3 37530.8 5136.83 28962.3 9925 28699 28334.1 337.08 27997 10337 17660.1 17483.4 16286 20510.8 6739.49 328.307 104.21 4878.35 970.295 12449.6 3903.81 17295.2 398.464 5769.19 543.439 3836.45 32394 6207.11 16688.7 16659.1 8748.53 18480.1 15785.8 14989.7 2859.54 28498.8 5446.61 3610.84 1450.3 2160.54 479.791 1835.78 970.508 6153.13 863.304 6996.01 141.934 1817.14 291.828 726.126 9526.4 82.0199 364.885 11046.8 510.446 1820.21 1632.1 451.004 288.136 110.116 6854.07 2560.95 4293.13 13837.2 12894.4 12424.9 402.905 28094.4 24002.3 3553.32 8067.74 4929.88 4881.64 2230.12 1916.51 1521.94 394.574 371.776 223.905 162.869 26186.9 191.056 25995.8 154.775 2885.03 362.765 2522.27 350.271 2171.99 1998.4 394.674 206.157 8516.75 7793.93 722.817 3628.38 298.708
internal_count=2078979 1214090 864889 613524 600566 569321 484574 7480 386147 513147 295568 262309 221327 477094 123838 56174 446474 4002 214419 45555 2402 114395 2450 181173 50225 111945 832 371515 178564 339863 289292 39532 226028 78283 217445 215430 1986 213444 79315 134129 132910 124027 160760 50571 1151 348 38459 7334 94637 29654 137231 1935 43237 3746 29390 249760 48201 130948 128950 67749 145487 123651 118960 22655 223083 40982 27347 10982 16365 3425 13635 7557 47938 6185 49393 502 13542 1939 5190 74959 256 2015 82291 3478 14019 12212 3261 2052 467 48891 18199 30692 108578 101168 94520 3005 219960 187926 28077 53772 32601 32322 12620 10586 8685 1901 1835 844 1209 201559 747 200812 608 20359 2591 17768 2094 15674 14345 2731 1375 65296 59762 5534 27824 1531
is_linear=0
shrinkage=0.02


Tree=22
num_leaves=127
num_cat=0
split_feature=10 10 10 32 6 55 16 8 39 27 29 38 1 32 51 29 47 29 34 15 27 32 34 6 50 54 26 29 29 9 13 47 39 45 54 20 19 4 4 38 39 55 12 38 48 20 47 55 18 19 13 3 19 28 29 55 29 23 38 23 29 26 35 38 54 45 55 11 34 5 16 18 54 26 4 47 55 29 26 21 47 12 38 55 20 47 38 32 26 39 26 29 18 27 29 5 4 5 31 38 47 34 56 38 13 39 50 23 38 39 39 20 19 38 15 48 18 4 15 26 45 15 15 16 55 29
split_gain=1430.66 359.836 305.901 155.153 108.737 104.634 90.297 90.1439 89.0134 84.1328 82.8186 82.6926 83.4912 81.7972 78.5319 72.7864 71.4675 68.5375 68.0214 67.9625 67.4169 66.1395 144.323 65.9179 65.3282 64.6932 64.0124 63.2374 62.1596 61.0155 60.7844 59.5329 59.501 58.9878 58.9514 73.3747 56.2963 55.2048 54.1291 53.996 52.3986 50.8381 50.7134 49.7135 49.2762 46.9883 56.2166 98.8738 51.8345 50.4516 82.5245 49.3607 46.192 45.8206 45.3698 51.6806 44.4191 47.3711 44.3263 43.9931 64.8706 44.7722 43.1912 42.9596 46.8462 42.7863 44.5046 42.711 42.3598 44.636 41.9938 41.8964 44.5142 40.9522 40.9096 40.7513 40.4081 39.6167 39.1704 39.3571 39.0587 40.3117 39.0443 38.3878 38.2979 37.9544 38.8934 37.8314 37.5685 37.4331 37.1208 47.845 37.0652 36.9333 36.8703 43.2209 36.7573 55.1834 36.2868 38.2928 38.8815 36.1316 41.8976 35.9195 35.6401 34.7519 41.566 35.2718 34.6017 34.5474 57.8278 44.0379 35.4503 34.4682 40.0747 43.3657 34.8094 33.647 45.3505 43.0283 34.4865 32.648 32.6365 35.8696 32.5873 32.5693
threshold=-0.30304153263568873 1.1052643656730654 -1.5349181294441221 0.00061575658037327241 2.4684739112854008 0.15741607546806338 -3.9366215467452998 0.65259125828742992 0.65104165673255932 -0.60785761475563038 2.8042674064636235 -0.30658195912837977 -0.019521330483257767 0.0039433706551790246 1.4613999724388125 0.21819472312927249 0.0014869442675262692 5.5565536022186288 1.0000000180025095e-35 8.6373987197875994 -0.87837970256805409 0.064297948032617583 0.037500001490116126 2.6336864233016972 0.86205700039863598 0.057526616379618652 0.12940952181816107 1.0443389415740969 -3.8238525390624996 1.5370063185691836 0.1290664151310921 -0.0003025735641131177 0.4760416597127915 -0.0051208867225795976 0.46138055622577673 0.65831792354583751 2.471560120582581 0.092044070363044753 0.059965355321764953 -0.12889766693115232 0.37604166567325598 0.092937350273132338 0.83836042881011974 1.4536703340161951e-17 -0.0074043159838765851 0.74748274683952343 -0.061120968312025063 0.3536743968725205 -0.30773955583572382 1.2398080825805666 0.41931976377964025 -1.5343487262725828 2.986186265945435 0.81174489855766307 -1.8098145723342893 0.094089426100254073 10.144746303558351 0.15591667592525485 0.10470659285783769 -0.07270528748631476 -3.8238525390624996 -0.98296290636062611 0.32500000298023229 3.1203815311037899e-17 0.46138055622577673 -0.025635604746639725 0.3536743968725205 0.50001662969589245 0.11250000074505807 0.46725425124168402 -0.64415931701660145 -0.62293881177902211 0.048474352806806571 0.91597560048103344 0.47046864032745367 0.04068396799266339 0.11873549595475198 -0.39572417736053461 0.78656607866287243 0.61245238780975353 -0.020519091747701165 0.85567837953567516 0.048574693500995643 0.43776553869247442 0.88750031590461742 0.032009165734052665 -0.24098552763462064 0.0032331404509022836 -0.12940952181816107 0.38020832836627966 1.0000000180025095e-35 4.0495872497558603 0.17110511660575869 0.87837970256805431 -0.9454667568206786 0.093868922442197814 0.15714760869741443 0.1867826581001282 0.14999999850988391 -0.0151008078828454 -0.0072737887967377892 0.095833335071802153 -0.0019953619921579953 0.015547113027423622 0.60594186186790477 0.18437500298023227 -1.1072766780853269 0.12112691998481752 -0.15370451658964154 0.22604166716337207 0.34687499701976782 0.49712823331356054 3.0046485662460332 0.13196688145399096 4.4338285923004159 -0.058986606076359742 0.95474749803543102 0.37063603103160864 6.8558037281036386 0.37940952181816107 0.0010053816367872062 0.18514394760131839 5.9389948844909677 -0.29005706310272211 0.16002202779054644 0.88568925857543956
decision_type=2 2 2 2 2 2 2 2 2 2 2 2 2 2 2 2 2 2 2 2 2 2 2 2 2 2 2 2 2 2 2 2 2 2 2 2 2 2 2 2 2 2 2 2 2 2 2 2 2 2 2 2 2 2 2 2 2 2 2 2 2 2 2 2 2 2 2 2 2 2 2 2 2 2 2 2 2 2 2 2 2 2 2 2 2 2 2 2 2 2 2 2 2 2 2 2 2 2 2 2 2 2 2 2 2 2 2 2 2 2 2 2 2 2 2 2 2 2 2 2 2 2 2 2 2 2
left_child=2 3 9 8 14 7 -5 13 10 52 16 12 109 33 31 -10 18 29 113 20 43 25 36 30 34 77 38 32 76 101 68 90 -27 89 40 -36 -23 -6 -18 -19 83 93 -22 44 -16 46 49 59 -49 50 -13 -50 58 122 74 -56 57 117 65 82 61 -61 -60 104 -65 -1 98 -62 69 -24 84 -30 -73 -45 -34 -43 -15 -11 79 -35 81 -21 -48 105 -17 -29 -87 -77 -58 -4 -3 108 -14 -33 95 -9 -46 -98 -67 100 124 121 -103 -80 -47 106 107 -12 -92 -7 -111 -112 -113 114 115 -2 -117 120 -119 -120 -39 -8 123 -28 -100 -79
right_child=1 4 5 6 37 11 17 94 15 21 24 45 92 28 19 70 26 39 -20 80 42 22 23 -25 -26 27 53 85 71 -31 -32 41 54 78 35 -37 -38 56 -40 -41 -42 75 -44 73 96 63 47 48 51 -51 -52 -53 -54 -55 55 -57 88 -59 62 60 67 -63 -64 64 -66 66 -68 -69 -70 -71 -72 72 -74 -75 -76 87 -78 125 103 -81 -82 -83 -84 -85 -86 86 -88 -89 -90 -91 91 -93 -94 -95 -96 -97 97 -99 99 -101 -102 102 -104 -105 -106 -107 -108 -109 -110 110 111 112 -114 -115 -116 116 -118 118 119 -121 -122 -123 -124 -125 -126 -127
leaf_value=0.014970810714990136 -0.010020103693289343 -0.0020123957949471022 0.0013622355525589459 0.02243403855937166 -0.0028210807680215527 0.022851648436303142 -0.0030301583234302793 0.0040599610217421332 0.0021547201046503203 0.0055897411733129678 0.010078535534718951 -0.023151765077186186 0.0016243350881905839 -0.0038880316025219522 0.0030365736214558849 0.0058017812904576907 -0.0030253090124887994 -0.0031268297715877549 0.0010070841363848881 0.018929642598362814 -0.0015997221065817309 0.003419386080066525 0.0023543456540158227 0.022307408978360459 -0.0028262165020662561 0.00040829247064795137 -0.0055835327359203693 0.0036443435895805194 0.0050124381611888012 -0.0020862517950708225 -0.010330125857352473 -0.0038947242116945005 0.0053323108050613499 -0.0010168514177506867 -0.029024006633812136 0.007562993557073119 -0.019783151166310072 0.0074590351809060845 -0.0003176308308634617 0.012570581370164592 -0.00074463020934189075 -0.00032463823254996922 -0.0035305953483242766 -0.0095123084931715545 -0.0058670061962701626 0.0034330978706439558 0.0035387737914092977 0.0051690454192670236 -0.029823257267105864 0.0028302276434920039 0.015151027440315285 -0.011284614670728244 0.0060296127428568084 -0.00037410256538949446 0.003600766114945485 -0.0015255947763786329 0.0010136889192169406 0.0066677369954885411 -0.0020634955502764987 0.015671559719747236 -0.0003641130905774931 -0.010582169203319083 -0.028919793963829099 -0.0016193548591262063 -0.019489887091271502 0.0046953041047478319 -0.027720770142908364 -0.0058466391614860995 0.027572089318062768 0.021548480154125502 -0.0015525533176320994 0.0045971534751409349 0.0019698219851926424 0.0013303405168890684 -0.013035968719833747 -0.0051015931894661708 0.0023544786314720965 0.0017514210105760279 5.2950144667716635e-05 0.0013548549366321991 -0.017413986263666772 -0.0095302120119915776 -0.0047946350888615008 0.025841451674079485 -0.00085961040394062229 -0.019681614041923569 0.011657617851201991 0.013168277647555321 -0.024854012899885092 0.0047068661487363623 0.010192621526005871 0.0086181872510721243 -0.019815494993840357 -0.00058431949005503879 -0.0010331507748435739 -0.00044139402742018066 0.017174718241358539 -0.012055329096158673 -0.014579870157886563 0.0034116984182687416 0.00038131795541092572 0.0020461414748702152 -0.011800544367655709 -0.0035882015037677711 -0.0051207909213119409 0.0052774272114922546 -0.00076847848426696036 -0.015452834188107731 -0.00034538854878054203 -0.016215693141218068 0.022711732280797006 -0.0022581298134953499 0.014430738155490026 0.0093965925839151337 -0.0088414356972791614 -0.0010895262098802858 -0.0052607515042192698 0.014936996957409188 0.010023092520779273 -0.020766197678720292 -0.00036320537012258776 0.00092284027222278172 0.0075363182873051503 -0.0030702977161922796 0.013488752408743213 0.0058895909185855281
leaf_weight=131.22294650971889 240.56580318510532 5457.6501948460937 2887.0864547416568 74.669159941375256 1615.1236508265138 79.168649837374687 858.70515234023333 1443.2557933330536 5409.2798496037722 3443.4733611792326 252.60289188474417 73.75059786438942 77.660163775086403 933.45022680610418 351.96816696226597 653.79700507223606 5483.2213596254587 119.27393317967653 5366.4167969599366 25.464207217097282 8037.143537864089 86.472282513976097 164.02178639918566 209.69228184223175 1679.3693460300565 10158.260590419173 4605.2488478943706 2407.6816941723228 3132.0894144549966 3389.437560044229 58.747570365667343 9829.606035605073 2462.4937689900398 3265.5782767683268 53.138112120330334 36.216093249619007 79.461057044565678 245.18575446307659 6401.7130851298571 325.1195270344615 1731.5311324894428 4759.3979182690382 16875.149258084595 1439.6990450099111 1682.6188866049051 1596.1999345943332 675.46263356506824 43.082248814404011 94.088051706552505 986.4277203604579 31.345382913947105 151.35249432176352 5352.066901884973 1431.3931066766381 1814.703420124948 1386.826654933393 43.274703212082386 683.37580527365208 199.39424438774586 26.18544640392065 1462.0415396019816 644.55980283021927 26.274047814309597 1001.7397413253784 61.366646029055119 3159.2957129627466 17.288837671279907 929.47020699828863 54.634313583374023 68.052214734256268 6377.0693381801248 3211.7233413159847 13127.026150457561 153.82615746557713 48.520286552608013 1185.2404749169946 744.73599369823933 3298.5610286444426 4672.8967058956623 19531.368567407131 214.77792519330978 79.381590284407139 335.86110389977694 29.765060737729073 729.28622782975435 15.630766950547693 375.96628299355507 46.171549677848816 45.359390139579773 2498.1324896588922 126.35872071236372 260.6767850369215 53.907174251973629 1563.6193032711744 8452.7592458575964 2083.7595122456551 67.172435134649277 40.676335148513317 148.88986474275589 789.03291298449039 317.85467544198036 157.28765104711056 194.7339389398694 1409.707737416029 220.92337237298489 1703.8595155924559 1086.9265782982111 22.749342523515224 5822.4603178873658 34.011474549770355 88.495696574449539 104.83527747541666 97.401976473629475 109.00132598727942 317.88913387060165 9385.4246240034699 874.1859747543931 143.20970176160336 37.549555502831936 33.361841395497322 2674.2525563463569 29880.42539832741 92.536124475300312 4497.6283142417669 17.772786304354668 988.99321827292442
leaf_count=785 1786 42034 22415 174 12745 306 6867 11445 42453 27195 1868 273 420 6719 2725 4673 43481 748 41982 120 62172 337 789 728 12722 74815 35961 17997 24596 26270 188 77480 17570 25783 127 155 247 1756 49046 2409 13100 35646 129967 11314 13268 11360 4677 219 301 5295 165 841 40921 11246 14257 10377 237 4980 1322 157 10251 3883 59 7190 346 24606 49 6509 226 163 50230 25478 101482 1196 276 8706 5362 26271 36991 154663 1194 396 2275 102 5569 56 2803 329 234 19628 790 1687 270 12199 66662 15813 411 272 984 6184 2474 1100 1328 11117 1625 12790 8184 176 45493 154 388 550 502 642 1953 74005 6898 798 232 170 19933 230890 608 35681 111 7845
internal_value=3.33767e-06 -0.00123281 0.00171378 -0.000444044 -0.00239432 0.000987927 0.000609461 0.00125668 -0.00107359 0.00319851 -0.00149351 -0.001054 0.00655687 0.00159678 -0.00264953 0.000373987 -0.00184569 0.000562131 -0.000836649 -0.00338647 -0.00328381 0.00261678 0.00858985 0.0134771 0.000578153 0.00245328 -0.00257589 0.00181593 0.00257486 0.000461392 0.00806522 -0.00191458 0.00132683 0.000992997 0.00174148 -0.0142643 -0.00773765 0.000287631 -0.00156708 0.00835763 0.00204085 -0.00265629 -0.00290779 -0.00578946 -0.00379604 -0.00154388 -0.00263512 -0.00365078 -0.014946 0.00142249 -0.0116832 -0.0184875 0.00475109 -0.00370379 0.00295967 0.00138005 0.00157387 0.00190044 0.00332643 -0.00284704 -0.0040412 -0.00953395 -0.00530852 0.000522211 -0.0026692 0.00375305 0.00341876 -0.00249689 0.0118608 0.00805533 -0.000867277 0.00289319 0.00248659 -0.00846484 0.00497193 -0.00116425 -0.00111742 0.00399188 0.000634561 0.00101504 -0.0125463 -0.0024951 0.000768254 0.00359882 0.00229049 0.00458714 0.0103572 -0.00440563 -0.0123428 0.00291454 -0.000809214 0.00024828 -0.00723589 -0.00344058 -0.000316389 0.00140091 -0.00514069 0.00613163 0.00354666 0.000694979 -0.00372503 0.000739217 -0.00562257 -0.000791212 0.00239033 0.00337421 0.000990922 0.00791725 -0.000119707 0.0110589 0.00811953 0.0110156 0.00580614 -0.00174223 -0.00185541 -0.001643 -0.00144552 0.000858661 0.00849234 -0.00453585 0.000295723 0.000812285 -0.0042219 -0.00434236 -0.0115181 0.00270734
internal_weight=270654 157110 113544 93570.5 63539.8 76262.9 34999.7 67393.6 58570.8 37281.3 45401.4 8869.34 535.48 55413.8 58019.1 13169.4 38805.2 34925 16293.5 28967.9 28648.3 27122.2 721.082 555.148 6596.16 26401.1 22511.7 18670.1 21149 34480.6 345.456 29051.2 15870.8 34264.8 4916.79 89.3542 165.933 5520.69 11884.9 444.393 4827.43 17384 24912.3 3735.96 2142.44 8333.86 5453.63 4362.1 288.523 1091.52 105.096 245.441 10159.1 10626.8 5712.54 3201.53 3905.57 3816.94 4807.03 4073.58 3062.26 670.745 225.668 2880.23 1063.11 4581.36 4450.13 2391.51 286.708 232.074 7760.15 19470.8 16338.7 1593.53 2511.01 5990.81 1678.19 7731.03 28879.6 22796.9 319.624 104.846 1011.32 3095.9 1383.08 2799.28 391.597 1231.41 88.6341 5385.22 11667.1 6209.5 131.567 11393.2 11979.8 3527.02 1790.47 107.849 4432.85 1273.55 484.517 31091.2 352.022 6082.6 1817.12 3066.14 1362.28 275.352 5948.82 403.913 324.744 290.733 202.237 10927.1 10818.1 10500.2 10259.6 3133.56 214.121 70.9114 2919.44 30739.1 9195.41 9102.88 166.663 4287.55
internal_count=2079454 1213708 865746 725224 488484 586111 269786 528154 455438 279635 352513 57957 2590 434234 447399 102925 303289 269612 127266 223035 221325 202140 2678 2094 49224 199462 176023 138151 163637 266455 1366 224364 117295 270597 36502 282 584 41085 92527 3157 36220 134360 192139 29186 16676 55367 34846 29113 1361 5733 438 1142 77495 83496 42480 24634 28340 27869 36574 27752 20800 4040 1381 20521 7536 35193 34408 16760 1178 952 60472 151556 126960 12510 17846 44681 12081 61311 228554 180446 1710 516 6952 23120 10242 20856 2859 9035 471 42043 90004 47970 690 89679 93920 27258 13951 683 34359 9753 3569 240185 2428 48108 12985 23018 10228 2044 46283 1900 1594 1440 1052 85284 84642 82689 80903 22889 1200 402 21689 237757 72250 71642 1095 34116
is_linear=0
shrinkage=0.02


Tree=23
num_leaves=127
num_cat=0
split_feature=10 53 51 16 9 55 27 1 20 54 25 29 46 38 39 40 16 1 49 18 10 16 38 48 39 48 39 26 28 55 40 1 4 29 40 39 29 29 20 38 35 27 48 55 55 19 35 39 49 7 53 49 26 54 52 38 53 39 39 13 20 29 20 55 33 38 14 19 15 3 54 29 29 48 18 29 40 20 53 26 39 54 19 35 14 19 55 52 39 16 48 19 48 29 29 4 18 32 26 38 46 20 43 53 15 39 25 19 38 4 20 18 38 55 56 23 21 25 33 55 38 27 38 14 4 29
split_gain=1374.13 435.171 295.763 161.106 134.186 116.069 100.076 90.1302 110.471 92.7315 86.8985 84.9965 80.9794 79.0228 78.0454 76.9297 74.8887 73.2083 69.7758 72.9459 68.7665 65.7994 60.8155 58.1519 56.8019 72.375 60.7066 56.125 61.7 56.0159 53.1776 51.9633 82.2237 73.9076 51.6547 54.6551 52.5343 51.5576 51.0002 50.4743 49.3339 49.1016 45.6685 45.2403 45.1663 44.8321 46.466 44.0543 43.9093 43.4872 42.8754 51.4361 46.276 67.6952 42.7313 42.1859 42.0101 41.316 43.5902 41.2035 40.6079 40.5305 40.4315 53.6208 50.0063 41.6568 44.0735 40.1727 58.0989 46.1294 39.8116 39.4708 39.1992 39.1492 39.099 43.2769 60.7001 38.8449 38.8121 45.5471 38.2673 38.0091 38.0083 42.03 37.7084 37.2299 36.9078 36.8879 36.8292 41.2511 36.8117 36.6383 36.6049 43.3571 51.6351 47.624 36.6393 36.4216 36.1479 46.1433 39.9005 35.9974 35.8139 57.3468 35.6838 35.649 35.1873 35.065 34.9092 40.8178 34.6786 34.5482 34.5321 37.0528 36.5806 34.7468 34.3573 39.7783 34.2344 58.9798 61.4122 44.4615 42.4345 36.4406 35.4207 33.5732
threshold=-0.30304153263568873 0.58360141515731823 -1.5334523916244505 -0.46184957027435297 1.3022072315216067 0.15741607546806338 -1.0000000180025095e-35 -0.047346591949462884 1.1423728466033938 0.079565748572349562 -0.37940952181816096 6.393367052078248 -0.036481259390711777 -0.30658195912837977 0.35937500000000006 -0.12500000000000003 -3.9366215467452998 -0.022118776105344292 0.71615961194038402 -0.99773022532463063 0.64956930279731762 -1.9967377185821531 0.024440987966954712 0.0068340278230607518 0.46770833432674414 -0.029698301106691357 0.92604166269302379 0.37940952181816107 -0.56174489110708226 0.073249280452728285 0.46650633215904241 -0.0045648242812603703 0.08247591927647592 -6.0533671379089347 0.46650633215904241 0.68437498807907116 0.03227591514587403 6.9441854953765878 0.74166095256805431 3.1203815311037899e-17 1.0000000180025095e-35 -0.87837970256805409 0.051897224038839347 0.3536743968725205 0.059595111757516868 3.0226873159408574 1.0000000180025095e-35 0.780208319425583 -0.018881815485656258 0.2549238801002503 1.858558773994446 0.22010371088981631 0.78656607866287243 0.11044555529952051 1.0946736335754397 0.080431878566741957 3.241155862808228 0.16770833730697635 0.32187499105930334 0.6092505455017091 0.74451407790184032 -0.89659690856933583 0.56143110990524303 0.43776553869247442 0.025348396040499214 -0.18751790374517438 -5.9657454490661612 3.8960868120193486 8.6373987197875994 -0.61067938804626454 0.46138055622577673 3.8976967334747319 -10.758540153503416 -0.05625521577894687 3.1195853948593144 1.2520432472229006 1.0000000180025095e-35 0.87464573979377758 -3.4805009365081783 0.37940952181816107 0.78437501192092907 0.46138055622577673 2.6667072772979741 0.27500000596046453 -2.0145595073699947 2.5424382686614995 0.204898476600647 -2.7086548805236812 0.43854166567325598 -1.1329859495162962 0.016153508797287944 3.1829109191894536 0.020190625451505188 -0.24876594543457028 3.7585318088531499 0.050782786682248122 -0.47901934385299677 0.0016190396854653957 -0.12940952181816107 -0.13400920480489728 -0.026310279034078118 0.9295373558998109 0.005970587022602559 1.386454224586487 0.34598708152771002 0.43854166567325598 -0.6035533845424651 3.5214769840240483 0.23691798746585849 0.15988378971815112 0.65831792354583751 0.17110511660575869 -0.24098552763462064 0.18469358235597613 0.037836289033293731 0.050183258950710304 0.45919077098369604 -0.37940952181816096 0.049673473462462432 0.43776553869247442 -0.027411646209657189 -0.60785761475563038 0.1249474696815014 -7.2349367141723624 0.37063603103160864 -2.9980272054672237
decision_type=2 2 2 2 2 2 2 2 2 2 2 2 2 2 2 2 2 2 2 2 2 2 2 2 2 2 2 2 2 2 2 2 2 2 2 2 2 2 2 2 2 2 2 2 2 2 2 2 2 2 2 2 2 2 2 2 2 2 2 2 2 2 2 2 2 2 2 2 2 2 2 2 2 2 2 2 2 2 2 2 2 2 2 2 2 2 2 2 2 2 2 2 2 2 2 2 2 2 2 2 2 2 2 2 2 2 2 2 2 2 2 2 2 2 2 2 2 2 2 2 2 2 2 2 2 2
left_child=2 4 7 15 11 18 10 8 12 41 23 16 87 17 -13 29 -2 30 19 -4 47 -16 62 60 25 88 -26 34 -29 -3 43 32 -21 -33 35 42 -37 56 67 59 -35 107 -8 81 -12 -38 -47 97 116 -50 52 -52 53 90 -25 -28 57 102 125 106 -5 104 91 64 65 80 -67 69 -69 118 -41 82 -34 -14 75 -46 -77 -73 79 -10 -64 -7 83 -6 -54 -65 -62 101 89 -24 -17 -11 93 95 -95 -43 -97 -18 -22 -100 -101 -1 103 -30 -20 -27 -40 -9 109 -71 -84 -19 113 -55 -115 -114 -31 -118 -15 120 121 -120 -121 -122 -123 -59
right_child=1 3 5 6 71 13 27 9 78 22 44 14 73 38 21 50 20 111 61 31 98 -23 24 54 26 105 55 28 37 48 -32 33 72 40 -36 36 45 -39 39 70 -42 92 -44 -45 74 46 -48 -49 49 -51 51 -53 84 112 -56 -57 -58 58 -60 -61 86 -63 63 85 -66 66 -68 68 -70 108 -72 77 -74 -75 -76 76 -78 -79 -80 -81 -82 -83 110 -85 -86 -87 -88 -89 -90 -91 -92 -93 -94 94 -96 96 -98 -99 99 100 -102 -103 -104 -105 -106 -107 -108 -109 -110 -111 -112 -113 115 114 -116 -117 117 -119 119 122 123 124 -124 -125 -126 -127
leaf_value=0.02390402349108452 0.017879484937167699 -0.0022986304012649044 0.0040124719779304589 0.0027928932083696231 -0.00089654564509737147 0.0095952509512306321 -0.0019686690943620413 0.0048359247089910223 -0.013793641320973602 0.00090414345427474341 -0.0055366770601439361 0.012757333584938208 -0.010488597709723699 -0.0039629621112858846 -0.017102886751345203 0.0021644952529694564 -0.00020400478117559422 0.0021398480179981938 0.006741511296246591 0.003710750418163487 -0.0015676817006409129 0.0040394949428831919 -0.007878488207322721 -0.0011497441584331653 0.004213344017956696 0.0015084934752951015 0.0066939727108280365 -0.0055476102892209004 -0.0030921574865928388 -0.0071353616568453912 -0.010636962181306157 -0.011950668796552655 -0.026403139640707753 0.00039559895100994542 0.0021817242002135913 0.0036682745652223611 -0.0022865389832514337 0.0055309859227634373 0.00090950193508501534 -0.0018994600299312269 0.0020387754987131793 0.0062703927803248209 -0.0061324060413991393 0.02056795426051802 -0.002489281631590162 0.0039828625995534826 -0.0049676959354049586 0.0025943272644339426 -0.00076413933728657719 0.0073571433702371179 0.0030201136329519518 -0.001917691718657113 0.0065321172176500573 0.009132599417158424 -0.0049234509016356873 -0.0096931731261118599 0.0043345894596403638 -0.010321336793722437 -0.003219594431422021 -0.0058607867434943344 -0.0014238963365603792 -0.00062068149599674009 0.00073415610634634636 0.0032468374111955934 0.0065796859363558618 0.019938618369831119 0.0029183280727863798 0.0078192170505589822 -0.020428037959216369 0.00033244394410038037 -0.017141336939252617 -0.00071381951755370072 0.0010192555782738508 0.0082125847308181753 0.011240263054764377 -0.0030792962063230702 -0.008809015292762918 0.0076833354410090872 -0.023611212780039106 0.01693065122046707 -0.013879409720867587 -0.018302718329410841 0.001670278849215996 -0.0077515231469392487 -0.0060549878978153069 -0.026173050008076532 -0.023403433054452024 0.010790995613239172 0.0076218863531145346 0.00077212466909994159 -0.0022094230410892096 -0.0087310433272187234 0.006763775768415632 0.0017375414361766929 0.01441908836525424 0.0054314424225873651 0.001685799467610531 0.0012495681231707294 0.0067345586600557781 -0.0074422838202100761 6.3788131553157019e-05 0.0060137756592673029 -1.1247128863086037e-05 -0.0094035365801887604 0.0010289663596649776 -0.0083130380220574791 0.0066689067874168943 0.0094905815767496789 0.011414473558219266 -0.0051617446105766598 -0.003450472361552488 -0.01822847891694775 -0.0018171369270138411 -0.023828551127840349 -0.0021550921436278617 -0.0067863195631068041 0.0013985219112390848 0.0061222845327388786 0.024777267458050339 -0.0088613618395513155 -0.030050756383068433 -0.011996303250007896 0.022500461455453976 -0.013180718466643411 0.014815073087322226 0.00061322160976084951
leaf_weight=234.2769425585866 95.856799900531769 1605.6153263896704 4595.007720194757 1058.7934643551707 13507.535738170147 155.03655498474836 13985.984285958111 1928.3720272779465 42.050726689398289 1105.2644489482045 8447.5922812744975 422.70279349386692 78.980477459728718 2287.0403068587184 68.468393921852112 1888.8096933886409 13436.356682650745 80.799439154565334 493.98878484219313 8227.753516420722 9059.9244797155261 385.2458781003952 936.67404595017433 1806.4534386694431 1906.6248027980328 2279.1087771207094 85.431076876819134 3019.9948891177773 1317.776334181428 113.81537110358477 40.702595360577106 176.94797071814537 19.897232174873352 20763.115986049175 1507.3620972633362 1230.4163826555014 3187.5252768546343 325.29017831385136 963.08403953164816 1064.7353337705135 11280.065657801926 2926.0790302455425 1139.1870495975018 172.56170493364334 5256.4337075054646 1069.5850130394101 295.19181656837463 4929.9695059135556 2467.3786511719227 294.28418520092964 1495.5925395935774 1933.6154790818691 100.2043044641614 25.639128439128399 3584.6398637369275 230.04883696138859 341.19855163991451 116.71984840929508 4061.9834185540676 212.69835059344769 4206.5621359050274 10460.652855426073 204.90762317180634 28.875551074743271 1664.5300139188766 60.417346276342869 7363.7694681435823 250.8607193082571 31.952914997935295 1520.2366158142686 72.32888650149107 563.45178531855345 9152.8472879454494 100.72511716187 70.759634755551815 1762.1517758741975 1276.6678659692407 360.53235600888729 43.060861997306347 33.983185887336731 109.06327923387289 21.372228041291237 583.48513786494732 366.58105852454901 1636.570445522666 40.66281371563673 29.794590711593628 357.77531591802835 86.083020016551018 287.80179322510958 1297.4346694946289 183.12626994401217 1305.8899062871933 6004.4155055433512 130.28700944781303 1611.2573543488979 2974.6111612394452 14159.821691043675 405.02944184839725 289.60258746892214 11231.175459980965 56.825788646936417 511.03962849080563 1024.8873977065086 3772.2492233812809 157.06202720105648 758.68778429180384 978.9308363571763 84.13244404643774 838.24916202574968 5583.4843972027302 55.370501272380352 1880.7988993898034 93.951645240187645 46.833736069500446 803.51966569572687 1285.4014903977513 1604.3957457691431 18.497686751186848 33.129283480346203 86.366292551159859 115.12102993577719 34.059003457427025 132.13331787288189 22.821086846292019 2445.9269782602787
leaf_count=785 236 12596 36203 8302 104738 844 108618 15319 207 7671 67182 2859 341 14181 267 14611 105213 445 3907 65109 69942 2699 5815 14206 14057 17189 679 23710 10369 831 188 1279 92 164227 11533 9611 24961 2334 6912 7627 88933 23311 8408 673 41217 8246 2335 38314 17783 2134 11266 13950 675 187 28014 1565 2550 899 31887 1575 33253 82526 1313 133 11312 370 55261 1586 101 11486 384 3938 68955 523 526 13515 9797 2582 160 184 594 100 4308 2701 12544 107 178 1454 615 2169 10088 1254 10351 47597 1029 12539 23093 108582 2684 2110 88395 245 3784 8039 29051 1123 5351 7819 408 4994 43479 282 13508 443 266 5779 9480 11949 113 131 251 674 112 747 115 19097
internal_value=3.27257e-06 -0.00120821 0.0016797 -0.00222003 -0.000113153 0.000990611 -0.00270209 0.00319199 0.00927504 0.00302503 -0.00360828 0.000410036 0.0118637 -0.00113849 0.00658461 -0.000582758 0.00030895 0.00637846 0.00127018 0.00160179 0.000277124 0.000816179 0.00195476 -0.00219755 0.000335399 -0.00116689 0.00286826 -0.00200158 -0.00303814 0.00100391 0.0107838 0.00137846 0.00225919 0.000902738 -0.00139265 -0.00165048 3.12743e-06 -0.00229053 -0.0016029 0.00045806 0.000974118 0.00402734 -0.00228272 0.0133084 -0.00450466 -0.000987873 0.00204397 0.000853016 0.00192408 0.000103256 -0.00162678 0.000235812 -0.00244847 -0.00162006 -0.00365959 -0.00524529 -0.00255027 -0.00279864 -0.00193124 0.00242354 -0.000708428 4.93054e-05 0.0028528 0.00330491 0.00343499 0.00275766 0.00305964 -0.0027635 0.00456352 -0.00316517 -0.00288409 -0.00147282 0.000956791 -1.35962e-05 -0.00346192 -0.00358879 -0.0054889 0.00256638 -0.00867539 -6.98606e-06 -0.0043669 0.00612561 -0.00165922 -0.00107829 -0.00532485 -0.0140695 -0.0015842 0.0151495 -0.00495496 -0.00584545 0.000382993 -0.000470294 0.00356433 0.00325762 0.00200934 0.0042765 0.00300296 0.000541817 -0.000615412 0.000108006 -0.000125438 0.0204477 -0.00481051 -0.00585657 0.00169208 0.000871729 0.00345033 0.00640628 -0.00116734 -0.00162123 -0.00296562 -0.0062077 -0.00385854 -0.0126765 -0.0166918 -0.00330695 0.0035973 0.00402268 -0.0049518 -0.0100441 -0.013133 -0.00352524 0.0071187 -0.01996 -0.00747874 0.000110968
internal_weight=270634 157103 113531 81653.8 75449.2 77994.5 63079.9 35537 947.678 34589.3 27499.8 54484.2 828.584 9051.98 876.417 18573.9 53607.7 525.843 68942.5 54215.6 53511.9 453.714 16729.5 10686.2 5968.83 3746.73 2222.1 35580.1 13164.8 7370.89 389.673 49620.6 17400.5 32220.1 22415.3 20907.9 5782.72 10144.8 8526.13 3071.53 32043.2 17859.8 15125.2 348.97 16813.6 4552.3 1364.78 32526.1 5765.28 2761.66 11203 3429.21 7773.76 6036.99 5391.09 315.48 9819.53 9478.33 6624.63 1934.47 5295.15 14726.9 10760.6 9472.23 9402.69 7738.16 7424.19 5454.6 282.814 5171.79 1137.06 20965.1 9172.74 179.706 8366.01 8295.25 3038.82 923.984 119.095 76.0339 313.971 176.409 20041.1 13874.1 1736.77 69.5384 4236.36 648.878 1310.56 1224.48 3186.24 1288.39 14952.5 13646.7 6134.7 7511.95 4585.87 27596.2 20985.7 11925.8 11520.8 291.103 2853.7 2342.66 4266.24 2436.17 1721.77 2907.3 2442.62 2358.49 6166.97 136.17 2850.74 166.425 140.785 2684.32 3003.61 2889.8 2729.17 442.128 374.939 156.44 67.1883 218.5 137.942 2562.65
internal_count=2079454 1213708 865746 630661 583047 599562 492571 266184 3899 262285 216190 421301 3348 59280 5825 138090 415476 2532 540282 424798 415240 2966 121227 83953 43212 26911 16301 276381 102669 54773 1805 388595 134156 254439 173712 162179 45153 78959 56748 21849 253160 141058 117026 1617 132237 35542 10581 252109 42177 19917 83317 25216 58101 44882 42220 2244 76625 74075 51883 13838 41733 115484 78015 69090 68850 57538 55631 34899 1687 33212 8011 161746 69047 864 65055 64529 23312 6520 551 391 1907 944 155226 107439 13219 240 33431 2484 8599 7984 24699 8925 117920 107569 48626 58943 35632 213795 163131 93189 90505 1030 22192 18408 32958 18312 12263 23138 16888 16480 47787 727 20183 896 709 19287 22260 21429 16324 2143 1900 902 243 998 789 19996
is_linear=0
shrinkage=0.02


Tree=24
num_leaves=127
num_cat=0
split_feature=10 10 53 53 16 29 8 40 27 32 45 5 21 51 34 32 16 15 40 25 1 39 29 39 28 4 39 55 29 5 27 39 27 38 49 19 4 35 39 29 47 4 54 46 38 32 43 25 39 27 40 39 34 46 47 47 27 34 34 5 54 5 6 29 16 17 15 17 27 45 38 6 47 39 27 38 15 55 29 20 54 38 29 7 29 7 6 15 51 38 15 55 1 39 18 39 4 38 53 39 38 45 32 52 56 21 51 45 5 37 5 28 20 38 38 39 19 18 6 7 18 46 10 39 39 28
split_gain=1305.08 440.553 213.791 164.753 143.711 101.239 82.7259 78.8028 78.61 76.5309 102.25 89.6096 76.2659 75.4666 74.6899 75.833 68.9589 67.7871 66.3015 61.4182 84.7298 60.3094 57.3565 56.4332 56.4157 55.0869 57.7952 53.972 53.1355 65.1733 53.113 53.4678 53.0806 52.3298 51.5698 50.1499 48.6625 47.9606 46.6975 56.5427 44.2376 44.0906 43.6944 59.2192 74.0674 42.1079 41.3249 41.0572 40.5104 40.5028 40.3047 40.1634 43.9117 39.9359 39.6325 38.253 38.2528 53.9075 40.5243 45.2826 38.2346 38.2123 38.1978 42.5437 38.0375 40.4204 37.6667 36.8016 36.7981 81.7084 46.3598 66.8516 36.6535 36.6208 41.3225 39.6917 40.1996 39.6266 37.5554 36.3316 52.8925 44.0074 36.2913 41.8299 36.2406 36.1344 48.2763 38.202 40.5692 39.4788 38.0462 36.0834 35.9722 40.4391 62.4708 40.481 44.1702 35.9334 35.9031 43.2425 35.6601 36.3669 35.2273 35.1953 34.8924 34.5847 34.512 34.5061 34.4454 47.9416 45.4138 47.5777 43.5313 34.4051 34.3945 34.3557 34.3051 34.223 37.3815 34.1596 45.3581 38.5828 33.8524 34.8039 72.1892 59.4428
threshold=0.39314457774162298 -1.4704813957214353 0.58360141515731823 0.61167624592781078 -0.3183454275131225 6.393367052078248 0.33080047369003301 -0.12500000000000003 -0.87837970256805409 0.079351320862770094 -0.046839609742164605 0.083904404193162932 1.1547579169273379 1.5420998334884646 1.0000000180025095e-35 0.064297948032617583 -3.9366215467452998 1.8910884857177737 0.34150634706020361 -0.37940952181816096 -0.028635160066187378 0.063541665673255934 -6.0533671379089347 0.063541665673255934 0.81174489855766307 0.11436734721064569 0.080208331346511855 0.3536743968725205 3.2816588878631596 0.46725425124168402 0.87837970256805431 0.16770833730697635 -0.87837970256805409 -0.20845020562410352 0.034534828737378127 6.1142563819885263 0.47046864032745367 1.0000000180025095e-35 0.46354167163372045 -0.10178089141845702 -0.069542206823825822 0.29507356882095342 0.081604793667793288 -0.020989786833524701 0.16812827438116076 0.013088905718177559 -0.015691921114921566 0.37940952181816107 0.42604167759418493 -0.60785761475563038 0.12500000000000011 0.68020832538604747 1.0000000180025095e-35 -0.0052598053589463225 -0.020519091747701165 -0.0074806008487939826 1.0000000180025095e-35 0.17916666716337207 0.095833335071802153 0.46725425124168402 0.041312834247946746 0.46725425124168402 -1.0806043744087217 -6.6574780941009513 -1.7974764108657835 1.8576920032501223 0.23096203804016116 2.706462144851685 -0.87837970256805409 -0.02823689021170139 0.15208059549331668 1.3905297517776491 0.029949164018034938 0.39270834624767309 -1.0000000180025095e-35 0.016587005928158764 2.5482475757598881 0.28404527902603155 -0.21487474441528318 1.2912976741790774 0.21454320102930072 -0.12889766693115232 0.6433546543121339 0.30902211368083959 1.1306822299957278 0.3185835480690003 1.1780156493186953 3.3439517021179204 1.1503048539161684 -0.02262879908084869 8.6373987197875994 0.18066526949405673 -0.0030500568682327862 0.48854167759418493 -0.48915803432464594 0.40937499701976782 0.048908822238445289 0.23691798746585849 -1.3271238207817075 0.067708335816860213 -0.24098552763462064 0.023685697466135028 0.024950015358626846 0.81216213107109081 -0.025018844753503796 0.53362932801246654 -2.4752413034439082 0.044169273227453239 0.46725425124168402 0.96530926227569591 0.15732610970735553 -0.56174489110708226 1.0676811337471011 -0.023303900845348832 0.086779281497001662 0.88854166865348827 1.7377205491065981 -0.63763499259948719 -0.60237193107604969 0.12750948220491412 0.13929056376218799 -0.013044023420661686 1.0738775134086611 0.57604166865348827 0.3510416597127915 0.81174489855766307
decision_type=2 2 2 2 2 2 2 2 2 2 2 2 2 2 2 2 2 2 2 2 2 2 2 2 2 2 2 2 2 2 2 2 2 2 2 2 2 2 2 2 2 2 2 2 2 2 2 2 2 2 2 2 2 2 2 2 2 2 2 2 2 2 2 2 2 2 2 2 2 2 2 2 2 2 2 2 2 2 2 2 2 2 2 2 2 2 2 2 2 2 2 2 2 2 2 2 2 2 2 2 2 2 2 2 2 2 2 2 2 2 2 2 2 2 2 2 2 2 2 2 2 2 2 2 2 2
left_child=1 9 5 6 24 13 14 17 91 11 12 32 -11 16 15 28 -2 -5 19 108 98 119 40 -10 30 92 45 -12 29 37 31 -4 -1 46 113 122 53 41 39 68 -20 48 117 -44 50 -27 -9 82 60 -24 116 52 -40 -7 107 -22 58 62 -28 -60 -3 -41 63 -58 -35 73 -50 -46 69 -23 -70 -72 -48 75 78 77 103 -66 -75 -54 -81 -82 83 -26 -47 87 -87 89 100 -33 -90 -6 93 94 -16 96 -96 -32 99 -21 -89 -102 -43 -77 -36 -64 -30 -52 110 -110 -8 112 -112 -19 -37 -39 -45 -18 -119 121 -121 -13 -25 124 125 -124
right_child=2 3 4 7 8 36 18 33 23 10 27 21 -14 -15 25 -17 42 34 22 20 55 38 49 35 47 26 56 -29 106 -31 97 85 -34 64 104 114 -38 115 51 61 -42 102 43 44 67 84 72 -49 66 -51 54 -53 79 -55 -56 -57 57 -59 59 -61 -62 -63 105 -65 65 -67 -68 -69 70 -71 71 -73 -74 74 -76 76 -78 -79 -80 80 81 -83 -84 -85 -86 86 -88 88 90 -91 -92 -93 -94 -95 95 -97 -98 -99 -100 -101 101 -103 -104 -105 -106 -107 -108 -109 109 -111 111 -113 -114 -115 -116 -117 -118 118 -120 120 -122 -123 123 -125 -126 -127
leaf_value=0.0059417254451030474 0.023670109179732127 0.00095545732663499959 -0.0042014230852249982 -0.00019814300266813499 -0.0048831093852233264 0.012719664411086551 0.0027415273944957851 -0.032161147939257652 -0.0051288480177910422 0.020900707064802272 0.0071164998159896423 0.013338883424813666 -0.0045390711042761593 -0.0024913671627276651 0.005741242902130809 -0.019929245022573754 0.001781486393648758 0.0030598027326252069 0.019989634560844526 0.012359924286050006 0.001572047755005358 0.022598915157072241 0.00062182145179037556 -0.0016036803995788456 -0.0026046679469848783 0.00022222086644971349 -0.001915452388671254 -0.013647334655925729 0.019533390447646373 0.029047410743328301 0.00076227475677011073 -0.0008538268067250402 0.0032814691503631633 0.0059258843889091334 0.0053362133514599343 -4.4731905944190362e-05 -0.011242705927823345 0.0014067469539245745 -0.0021312506856008325 0.0036564137328667272 0.0022913769792037193 -0.018515573267260617 -0.0028133465703709367 0.0040706061888213987 0.016914097424584919 0.01074267402428567 0.0061104259469228327 0.0046302389722916856 -0.0032701814976556945 -0.002639836990333354 -0.0046520274423258005 0.0011842216894064649 0.0060852097902860018 0.0037245409130868567 0.00043107084496460049 -0.00057815206188608032 -0.022109188482385411 -0.029490913512291179 0.0030458847115726029 0.02858426893898014 -0.0019988532872191375 -0.018748215237831874 0.0085409081742802446 -0.0014710244006589954 -0.0015476124902261724 -0.015431095240360836 0.0014397666480944718 0.00057918810507969886 -0.00040904023389679364 0.0015930456528713626 -0.023624577646574798 -0.0017631543926613002 -0.016031462575113814 0.0018102754214187572 0.00044370664063785335 -0.0061621416251244022 -0.01198168460715039 -0.018944084153068277 -0.0030844374240249777 0.0028150455638859197 0.0080554066666807273 -0.026298837430522776 0.0016244592493248014 -0.024531478104965525 -0.0083007345130215911 -0.014438384058752213 0.0060648285095239729 -0.011265554911786458 -0.00099663230495084594 -0.0037547203736181356 -0.011970123492584105 -0.017479987774443574 0.0016796197324119612 0.0046226437283607034 0.0053703643057414615 -0.0022143870694960256 0.0012222563025180262 -0.030855659722120753 -0.019407595152725828 -0.008478222287779438 0.0014848781150587267 0.0088831974128569142 0.0099565679101685147 -0.00024935473627132806 -0.0029043025257704824 0.0015993186553378857 0.0037762573835247999 0.015893753168222849 -0.0018808192867071311 0.024516582049514964 -0.010389895149641814 0.0011140765481891166 0.0095426573572946361 0.0094024548304077488 0.01110764157839181 0.0071191802648167633 0.00086488851570484099 -0.00041688536468265753 -0.0020264599293237508 0.0048652351857150786 -0.0073118438056069268 0.0045162872227660199 -0.0032527593845938863 -0.0019204498401109225 -0.0053791379656864318 0.00088186377533452226
leaf_weight=3590.4354382306337 46.614543199539185 2511.4790925458074 3486.3262189254165 10345.93724437058 6497.930143237114 329.93462192267179 5970.6317660808563 34.168941855430603 3451.5282527059317 295.9616451561451 131.68688493967056 355.11796417087317 55.57839148491621 8258.1454258039594 1754.0427572503686 70.932158820331097 1779.7189273536205 728.8905371800065 80.18315277993679 45.266410052776337 5266.8768521398306 82.448447734117508 2094.0144713893533 9074.8389818221331 763.08704127371311 362.59609647095203 3489.5367880985141 79.419995449483395 57.163824744522572 30.719436831772327 3691.898561835289 3629.0220246315002 18334.648652665317 272.97725459933281 311.41132273525 1921.7964561730623 59.583898261189461 6002.0036424472928 376.36306787282228 2215.3188496083021 187.31274085491896 86.804654978215694 1807.484416641295 1982.5500407591462 173.3419930562377 468.8037886172533 48.034176655113697 1035.8105405494571 757.99546533823013 5574.9741820394993 1011.3622827008367 3317.8261540159583 2476.4960316568613 493.61719573289156 3612.5010022819042 8900.945419318974 50.791953511536121 21.261724136769772 165.48125997185707 32.483849331736565 5789.1160682439804 29.883476093411446 318.90301478654146 176.06796726584435 5733.4006059467793 82.946830250322819 6453.500006981194 81.002915009856224 6491.2656066790223 662.3386329934001 83.787391468882561 165.38416351377964 76.205016314983368 766.07907791435719 5494.9222658276558 1016.8070785775781 281.6373568624258 51.879063442349434 3433.4311529546976 402.59734832495451 20.756695441901684 48.376525290310383 1568.5983173847198 35.508207693696022 42.904414817690849 50.285571284592152 441.02795933932066 69.354360893368721 1231.5326279997826 3889.0528217107058 139.9104794934392 91.480941593647003 11539.545684434474 5030.8120561316609 1318.5635705664754 995.08023894578218 4637.7283337712288 13.43308090418577 97.364214546978474 287.93700827658176 1072.9053013026714 352.73716749995947 20.941523008048534 667.02913459390402 599.76599744707346 2818.1495353356004 1322.5590883791447 32.808526463806629 47.842041671276093 63.157412372529507 310.3551188185811 818.72296683490276 50.150520220398903 647.15405329316854 116.35950250923634 452.14636670798063 4091.3270008787513 13736.992680206895 9955.905566573143 647.20588821172714 149.842445127666 452.08090249449015 8156.0870706662536 7425.8060153797269 5690.0491637438536 1675.9023435637355
leaf_count=28667 93 20022 25894 81794 51362 2212 47070 137 26785 802 575 2306 152 64128 13842 295 14125 5382 356 225 39867 501 16430 71641 5645 2643 23463 213 393 101 27485 28044 145149 1801 2316 14850 184 46447 2709 16517 1109 448 12493 14882 1127 2969 305 7993 6027 43023 7390 23762 17662 3382 27291 70001 243 84 1198 160 44862 83 1931 1196 44635 580 50770 504 46539 4790 351 983 449 6062 43008 8046 2157 329 27204 3113 133 213 11549 217 254 391 3298 381 8784 30415 768 650 91509 39526 10469 7827 36217 91 469 1754 7709 2449 70 5270 4467 19615 9846 163 211 289 2100 5683 375 4811 857 3463 31112 108882 78702 4571 949 3331 63363 57917 44093 12840
internal_value=-1.25027e-05 0.00116349 -0.00165261 0.000542103 -0.00239257 -0.000630055 0.000987927 -0.000719485 -0.00304587 0.00296263 0.0102824 0.00285914 0.0168744 -0.000757343 0.00143578 0.000574214 -0.00038349 0.000490707 0.000134447 0.000702951 -4.46703e-05 0.00181217 -0.00143114 -0.00269178 -0.00105052 0.00204658 0.000593919 -0.00071781 0.000637031 0.000399205 -0.00149547 -0.00204625 0.00371741 -0.0015708 0.00360579 -0.00244465 0.00607426 0.000357977 0.00144928 0.000566548 0.00765493 -0.000241242 -0.000413436 0.000540168 0.00109226 0.00544189 -0.0129803 0.00131129 -0.000152201 -0.00174915 0.000838755 0.00274195 0.00429538 0.00734047 -0.000560906 0.000221167 -5.91633e-06 0.00152884 -0.00141514 0.00736408 -0.00110485 0.00334955 0.0017339 -0.00617287 -0.00146849 -0.00158404 0.000944184 0.0117384 -0.00026842 0.00394693 -0.000734862 -0.00918341 -0.0074824 -0.00151726 -0.000697657 -0.00254204 -0.00499723 -0.00170703 -0.00219108 0.00511658 2.7201e-05 -0.0160022 -0.000141899 -0.00361032 0.00913094 -0.00135498 0.00393924 -0.00160591 0.000358249 -0.00235487 -0.00212475 -0.00506077 0.00250323 0.00319489 0.00236925 0.00151755 0.00214145 0.000639085 -0.00877461 -0.00561581 0.00263661 0.00332104 -0.0129319 -0.003822 -8.40985e-05 0.00230779 0.0044435 -0.00399092 0.00220603 0.0132149 0.00203315 -0.0015519 -0.00759555 0.00604814 0.000596608 0.00180813 0.00191192 -0.000892379 -0.00109334 0.00551205 0.00256844 0.00841063 -0.00263826 -0.00304726 -0.0035861 -0.00254788
internal_weight=270657 157631 113025 117167 65572.3 47452.9 86573.8 30592.7 44101.8 40464.8 562.647 39902.2 351.54 46569.8 56778.1 23555.4 38311.6 12633.2 29795.7 21859.2 14598.4 17977.1 7936.48 37512.4 21470.5 33222.8 7946.98 211.107 23484.4 22104.7 18067.5 14362.2 21925.1 17959.5 2287.22 34060.8 883.136 22074 16372.8 9730.43 267.496 15619.8 38265 12792.4 10984.9 874.304 158.408 3403 15512.1 7668.99 10730.5 6642.42 3324.59 823.552 4656.67 14167.8 7072.68 3385.17 3687.5 197.965 8300.6 2245.2 3363.91 226.86 17801.1 17528.1 7211.5 254.345 7485.22 744.787 6740.44 249.172 124.239 17445.2 9694.43 7750.75 1965.47 5785.28 4199.51 2948.23 471.731 69.1332 2367.19 798.595 511.708 10875.8 491.314 10384.5 2866.44 7518.07 1371.44 6589.41 25275.8 13736.2 8705.41 6951.37 5956.29 3705.33 430.568 333.203 1495 1425.64 107.746 1683.84 911.177 3137.05 1379.72 1044.17 7260.86 110.999 7149.86 1179.23 360.506 1376.04 2038.16 6454.15 6073.88 25472.6 23692.9 1604.25 797.048 807.199 32022.7 22947.8 15522 9831.99
internal_count=2079817 1207676 872141 903605 505471 366670 664852 238753 344358 304071 1742 302329 954 360892 435890 182744 296764 98770 228962 168044 112316 128513 60918 292346 161113 253146 53756 788 182449 172210 135709 108133 173816 139983 16976 265561 5778 172109 117356 69764 1465 122199 296671 94962 82469 5866 891 25404 121681 59453 80838 47592 23830 5594 34844 109868 47890 23069 24821 1358 64884 16600 22985 1439 139092 137291 56797 1631 53164 5291 47873 1334 754 136711 76274 60437 15473 44964 33266 21121 3459 346 17411 5862 3223 82239 3689 78550 20091 58459 9552 52012 199390 107881 68355 54513 46686 27576 2448 1979 10539 10158 518 13316 6783 21546 10239 7553 55728 500 55228 8158 2475 10193 15707 49910 45994 201709 187584 11157 5520 5637 249854 178213 120296 76203
is_linear=0
shrinkage=0.02


Tree=25
num_leaves=127
num_cat=0
split_feature=10 10 53 16 10 40 2 27 28 26 17 27 55 55 29 29 2 55 38 45 34 2 17 26 20 27 27 33 11 47 23 29 40 39 56 29 47 1 6 1 29 55 55 38 2 6 38 16 20 26 6 49 1 29 57 39 38 7 38 26 29 26 38 26 18 16 18 2 47 51 29 55 29 10 47 28 17 38 35 19 55 1 18 39 37 0 39 47 15 54 26 14 15 33 3 35 34 40 2 28 29 38 18 39 26 7 15 44 7 31 34 3 29 6 15 19 14 9 54 46 15 40 2 39 6 29
split_gain=1253.89 334.787 328.042 147.958 102.833 98.6255 86.3034 81.8903 70.9863 72.354 70.1873 71.6265 65.5117 65.3724 61.8845 61.2462 66.4848 58.9476 58.7138 56.7977 94.8213 64.615 64.3238 55.5677 55.1838 54.6766 72.4899 64.3559 54.6711 54.4149 60.2374 53.3018 54.4184 52.8676 51.8242 54.3799 51.7338 51.1413 82.2052 63.0686 59.949 53.7451 56.1921 49.8207 51.1427 48.4862 71.9356 49.4924 48.1392 47.3993 53.1486 45.9509 58.338 56.8936 45.2534 48.3115 44.5957 43.9064 43.3889 51.3828 43.2489 42.4099 42.0244 43.5838 45.5155 41.6572 78.58 41.1723 41.1312 41.0213 40.7672 40.2555 39.2204 38.7804 38.7713 53.3445 48.6851 44.9871 53.5441 74.8842 61.0959 50.5125 42.0449 40.6765 38.6287 41.2668 38.4466 40.3945 43.6202 38.0527 37.8605 37.7131 46.7885 37.5159 46.9943 36.9292 44.8144 38.1224 36.8651 41.0978 36.7886 40.9174 36.1222 35.7917 35.7111 39.1441 35.6325 35.5415 35.3498 35.1118 38.8439 60.2593 36.7466 40.5277 39.5605 37.347 34.9815 34.8799 39.526 55.2423 35.241 34.6424 34.6389 37.5979 35.4327 34.4633
threshold=-0.034885456785559647 -1.5349181294441221 0.58360141515731823 -0.3183454275131225 1.3528838157653811 0.12500000000000011 -0.001589905936270952 -0.87837970256805409 0.81174489855766307 0.37940952181816107 4.2763173580169687 -0.87837970256805409 0.19877091795206073 0.068342130631208434 3.7585318088531499 -10.758540153503416 -0.0048924370203167191 0.053042685613036163 0.11321615800261499 -0.046839609742164605 0.079166669398546233 -0.04528489708900451 0.29833912849426275 0.37940952181816107 0.72673293948173534 -0.60785761475563038 1.0000000180025095e-35 -0.026630486361682412 0.66481193900108349 -0.037354527041316025 -0.055033287033438676 2.1252691745758061 -0.12500000000000003 0.063541665673255934 -0.14274165034294126 -3.3631205558776851 0.0047111203894019136 -0.047346591949462884 0.31058591604232794 -0.015219647902995346 -8.459493160247801 0.17061507701873782 0.10966959223151208 3.1203815311037899e-17 -0.033674793317914002 -1.325680077075958 0.16812827438116076 -3.9366215467452998 0.45963384211063391 -0.98296290636062611 2.6979520320892338 -0.10534105822443961 0.017026267945766452 -1.1285036802291868 -0.071564730256795869 0.38854165375232702 -0.20845020562410352 0.2549238801002503 -0.047791864722967141 -0.91597560048103321 -1.619988679885864 -0.91597560048103321 -0.18751790374517438 0.78656607866287243 0.53945234417915355 -3.9366215467452998 -0.25410421192646021 -0.06366445496678351 -0.024854815565049645 -2.2357506752014156 -4.6644926071166983 0.18066526949405673 -10.758540153503416 1.0738775134086611 -0.050973989069461816 -0.56174489110708226 4.2763173580169687 -0.046263873577117913 0.075000001117587103 2.4502615928649907 0.31074346601963049 0.020853262394666675 0.87983581423759472 0.80520832538604747 1.7997925877571108 -0.016804618760943409 0.042708333581686027 -0.0072737887967377892 1.0318636894226076 0.080047596246004118 0.91597560048103344 -2.7901768684387203 8.6373987197875994 0.027842929586768154 -0.15129745006561277 0.22500000149011615 0.012500000651925804 0.12500000000000011 0.01682226546108723 1.0000000180025095e-35 -4.4224410057067862 0.19181682914495471 1.2475854158401491 0.46354167163372045 0.12940952181816107 0.2605442106723786 4.4338285923004159 -0.015357563737779854 -0.15232622623443601 0.14999999850988391 0.029166667722165588 -1.6511768102645872 -10.758540153503416 1.5856142640113833 5.9389948844909677 1.8008643984794619 -3.2878726720809932 1.5766786336898806 0.099850926548242583 -0.022814515046775338 2.6012659072875981 1.0000000180025095e-35 -0.01524733519181609 0.38020832836627966 -0.9960002303123473 2.0161092281341557
decision_type=2 2 2 2 2 2 2 2 2 2 2 2 2 2 2 2 2 2 2 2 2 2 2 2 2 2 2 2 2 2 2 2 2 2 2 2 2 2 2 2 2 2 2 2 2 2 2 2 2 2 2 2 2 2 2 2 2 2 2 2 2 2 2 2 2 2 2 2 2 2 2 2 2 2 2 2 2 2 2 2 2 2 2 2 2 2 2 2 2 2 2 2 2 2 2 2 2 2 2 2 2 2 2 2 2 2 2 2 2 2 2 2 2 2 2 2 2 2 2 2 2 2 2 2 2 2
left_child=1 10 4 8 31 12 25 71 9 51 11 18 15 -11 89 -3 17 -17 61 20 24 -22 95 57 -13 27 37 116 62 65 -31 45 -33 -9 -20 -36 -15 38 -27 41 -41 42 -39 86 -45 46 56 -47 -34 -35 73 52 -4 -54 -43 60 -2 84 -18 -60 -56 -1 -8 64 93 66 -25 -42 -46 -23 -44 -5 -29 -51 75 76 -49 78 80 81 -77 -80 117 -84 85 -14 87 88 -19 -6 -88 -53 104 -64 -95 96 -21 -97 -61 -100 -74 -102 -24 -99 105 -93 -67 -50 -40 112 111 -111 113 115 -114 -87 -7 118 119 120 -76 -59 123 -91 -125 -98
right_child=2 5 3 7 14 6 28 33 -10 13 -12 19 23 36 -16 16 58 43 34 22 21 69 102 29 -26 26 -28 72 -30 30 -32 32 48 49 35 -37 -38 39 108 40 67 54 70 44 68 47 -48 74 107 50 -52 91 53 -55 55 -57 -58 121 59 98 -62 -63 63 -65 -66 106 -68 -69 -70 -71 -72 -73 100 -75 82 77 -78 -79 79 -81 -82 -83 83 -85 -86 109 90 -89 -90 122 -92 92 -94 94 -96 97 125 103 99 -101 101 -103 -104 -105 -106 -107 -108 -109 -110 110 -112 -113 114 -115 -116 -117 -118 -119 -120 -121 -122 -123 -124 124 -126 -127
leaf_value=0.010741809531475631 -0.020110820844420455 -0.01527461658444639 -0.00031253150363520234 -0.0046261806737855253 -0.0026859466134692917 -0.019602264823677308 -0.010150164007652377 -0.0047768634012616534 0.0013430853036441889 -0.0063388177761280161 0.021088710021697734 0.0084542912989485474 0.012375159218263654 0.0018453680519217967 0.0034506883285063288 0.0053811463151741245 0.0026528205775159411 0.015585578103240117 -0.018826279100759357 0.0020149782879671807 0.020284338341443733 -0.016312032304891474 0.0010361682375560832 0.019070068542485837 -0.0061992244830231984 -0.01931921136569207 0.0013744845527304084 0.026517521570413819 -0.0031953746724044914 0.0063089489438197602 -0.0063209689046489935 0.0043717887195773505 0.011448496324210623 -0.0054317225759993003 0.018842416400612478 -0.0056112573306987728 -0.0028631640229853806 -0.0083199066001756524 -0.002396032659071505 0.019491473039037154 -0.027345010435799733 -0.00041483220762905042 0.016678023704736152 -0.0064352029950262889 0.0050577197541073959 0.019760755456797015 0.022679599916626964 -0.012087021141434211 -0.021641668667665776 -0.0014012453739696271 0.0014969608877471606 0.010047685794572965 -0.01053630933157257 0.0056343378287902644 -0.024821920471834888 -0.0055480763597902383 0.0013081638891262587 -0.023665147185791598 0.002603809150953974 0.00016845004950149573 -0.00037746524278340021 0.0049731545885494076 0.00039071857138680519 -0.0024636302166461516 -0.0031741695394020531 0.0057139745548275313 -0.022463194648909092 -0.00071073296024838878 0.00031131628207003618 0.013604881802265975 -0.00023610548321325494 -0.017414376526162543 -0.0057910488905231015 -0.0028008191676261642 -0.0066422901734051049 0.001340840476639881 0.010613179846479361 -0.0049906947183575431 0.0090622750829549639 -0.025032606145252094 0.024611666385098312 -0.027915531672062635 -0.0031528720271567913 0.0029877731773028326 -0.018224862835120238 -0.0012954602032824408 0.0033592734969989371 0.0018856590518913393 0.00086543712876675143 0.00025098050785988586 -0.00016840777675623846 -0.0025308340634053721 -0.012422596238229775 0.0092658504030070383 -0.0026711650291123584 0.00277970113965948 0.0036480554485638392 -0.0073212740750426709 0.0091565379303398149 -0.00017012245194992327 0.003247034951033258 -0.018255826701472067 -0.013335618048266438 0.0027903366923534905 0.0024373054532917035 0.0020581640863414981 0.019766793709448685 -0.00056205892375033983 0.02477487758324446 -0.023040001487371113 0.0087861562380788603 0.0019978880841362732 -0.0066878855872538777 -0.01907186078944835 0.010340817323863797 0.018977824777596599 0.0032271952459143071 -0.0019184687199917216 0.0016692216081150867 -4.9865040558556071e-05 -0.030958015414363136 0.0054250237494754697 5.1124781102322397e-05 0.0014028946650211144 -0.013970583354531545 0.0080750242489078666
leaf_weight=581.5672482252121 38.068857565522194 85.835277527570724 5146.7019463852048 7351.9087651148438 9959.7882597446442 78.604593507945538 175.76944698393345 3779.6757899597287 4258.6767400056124 1802.8273073136806 84.669815190136433 217.40161896497011 72.11618235707283 1134.4727390855551 891.50722078233957 2544.3500787466764 5470.8875161185861 296.92628690600395 69.539234817028046 8103.0299015194178 269.76015927642584 35.006435371935368 7706.2661999762058 27.406105160713196 193.19998274743557 27.924870446324348 9827.8937669843435 27.0100257396698 3650.855328142643 224.30468321591616 457.35197936743498 2343.013730622828 133.70731513947248 1834.1251835525036 50.195135332643986 124.64680555462837 5243.6435164809227 361.32843374460936 24.451143108308315 57.718267850577831 22.322738848626614 122.29363198578358 65.628823831677437 383.6586197540164 880.50836315006018 47.937718756496906 61.889472730457783 366.01597049832344 31.559784024953842 12363.791904747486 1541.0772825852036 108.48655697703362 92.944914355874062 1189.1218384578824 171.81700841337442 142.8572485819459 8063.5884213596582 70.353420898318291 4728.1813705861568 22342.616015583277 34.915557503700256 4164.2890244498849 9327.2839432433248 3040.8900335729122 1376.3303155824542 471.92837323993444 50.016099885106087 5223.2254718989134 4261.825052537024 36.34601653367281 393.47974663972855 99.002794794738293 192.18807664513588 22064.134924188256 256.73289446532726 98.672338344156742 41.31218358874321 469.77396865934134 114.47938404977322 46.133311346173286 82.50553984940052 15.954716995358465 3076.8007536530495 500.87623017281294 62.477861642837524 77.357261031866074 5933.1625351756811 295.75469476729631 110.71790745854378 274.04672824591398 1530.0900809243321 6403.6869861409068 160.66880765557289 417.68900501728058 191.89666060358286 786.46180263161659 13399.755066484213 406.58164312690496 390.68891470134258 364.70882122963667 5127.9701218232512 34.651158846914768 69.589896589517593 212.46532069146633 805.87897629290819 840.1668084859848 84.721245877444744 1860.956182949245 83.694426633417606 48.318050883710384 188.66300984472036 173.64442498236895 1091.0210179388523 24.674162484705448 56.526669599115849 67.221252344548702 40.025628976523876 3379.7773344665766 5999.1546200141311 21104.803945809603 25.472137033939362 20.759156137704849 4439.8977389261127 81.049330040812492 226.47667936980724 742.66746933013201
leaf_count=4525 154 445 39614 58170 78694 486 947 29372 31994 14176 254 928 234 8528 6249 20183 42604 2282 307 63009 1116 196 54989 155 939 122 74932 134 28598 1511 2850 17828 883 14249 307 870 39451 2738 122 271 65 742 466 2640 6623 108 324 2473 148 97757 11647 569 628 8528 773 992 63100 356 37172 176785 246 32376 73210 23939 10825 2857 160 40484 33083 261 2932 710 1264 171588 2005 714 207 2991 763 245 425 91 23970 3933 279 359 45211 2233 803 1845 11685 48279 888 3101 1432 5791 103221 2884 2920 2755 40247 209 467 1594 6091 6217 427 13729 294 203 1111 1119 6998 98 305 317 308 26377 44774 167173 196 119 33452 567 1508 5640
internal_value=-1.22545e-05 0.00139966 -0.00132482 -0.00221135 -0.000269489 0.000758654 1.24685e-05 -0.0028675 -0.00102786 -0.00146831 0.00300202 0.00296023 0.00132636 -0.00297668 -0.00166553 0.00150704 0.00153645 0.00258574 0.00518991 0.00261427 0.00804486 0.0158221 0.00248409 -0.0014156 0.00155865 0.000853317 0.000279336 0.00258079 -0.00100773 0.00176017 -0.00216037 0.000190634 0.0022968 -0.00252136 -0.00435399 0.00147066 -0.00202534 -0.00131935 0.0107719 -0.00157054 -0.000604473 -0.00553067 -0.00243042 0.00206588 0.000598907 -1.95374e-05 0.00137061 -0.000338138 -0.000103087 -0.0022957 -0.00213562 -0.000631359 0.000638421 0.00445395 -0.0109022 -0.0145564 0.00120493 -0.00355527 0.00102468 0.000704454 -0.0207199 0.00568238 -0.0004578 -0.000338346 0.000232991 0.00597327 -0.0076927 -0.000829458 0.00112505 -0.00108151 0.00221056 -0.00479855 0.00290296 -0.00229829 -0.000365801 -0.00384624 -0.00976191 -0.0009249 0.00441035 -0.00341653 0.0120204 0.00435356 -0.000240522 -0.00229231 -0.00288613 -0.00234321 0.00305819 0.00752644 0.0116019 -0.00197026 0.00263598 -0.00161271 -0.00176811 0.00070528 0.00550824 0.00300291 0.00320156 -0.000140396 0.000315515 0.004658 0.00277873 0.00309901 0.000905721 -0.00385032 -0.00155381 -0.00199824 0.0078862 -0.000925356 0.0186568 -0.00296505 0.00213554 -0.00352691 -0.00455677 0.00412051 -0.00583993 0.00818927 -0.0119287 -1.82765e-06 0.000234733 -0.00016766 -0.00894215 -0.0170394 -0.000550288 -0.00513557 -0.0099242 0.00388116
internal_weight=270636 130383 140253 76221 64032 93129.5 40240.7 49033.7 27187.3 22928.6 37253.4 37168.8 52888.8 8180.94 15872.8 49619.9 49534.1 16237 4990.24 32178.5 751.714 341.113 31426.8 3268.86 410.602 22060 16559.6 5500.45 18180.7 1315.73 681.657 48159.2 4369.24 41582.8 244.381 174.842 6378.12 6731.66 136.07 6595.59 5303.27 1292.32 820.437 13692.6 5525.99 43789.9 8163.55 35626.4 2026.22 37803.1 35969 14747.7 6428.77 1282.07 471.883 349.59 8101.66 1953.13 33297.1 27826.2 206.733 4745.86 14529.9 14354.1 11313.2 634.072 77.4222 5245.55 5142.33 71.3525 459.109 7450.91 5381.82 34427.9 35578.5 1234.85 407.328 827.519 357.745 176.567 181.178 130.434 34343.6 3577.68 1862.02 1799.54 8166.65 703.399 407.644 14981.3 7463.25 8318.89 8210.4 9936.87 609.586 23651 22245.5 1405.51 23098 755.398 5354.81 5162.62 7775.86 619.047 8049.73 7243.85 556.65 1892.52 108.146 1727.43 410.625 221.962 1316.8 169.253 1147.55 144.579 118.63 30765.9 27386.2 21387 282.205 91.1126 5021.47 581.573 307.526 14142.4
internal_count=2079817 996435 1083382 588456 494926 716761 309879 383493 204963 172969 279674 279420 406882 62155 122315 387424 386979 124743 38385 241035 3440 1573 237595 19458 1867 167827 125179 42648 142052 7960 4361 372611 32588 324613 1484 1177 47979 50247 538 49709 40820 8889 6136 104560 42346 340023 63578 276445 14760 295241 280992 110814 48770 9156 2753 2011 63254 11498 262236 219632 1019 36901 113454 112507 88568 3599 315 40549 39706 457 3398 58880 41854 269345 276337 7909 2680 5229 2238 1099 1139 854 268428 27903 11023 10744 62214 5318 3085 116066 56896 62044 61475 77743 4533 182139 171870 10269 182460 5675 41720 40456 55456 4478 60587 54496 3284 13877 416 10510 2433 1322 8077 774 7303 676 794 240525 214148 169374 2201 475 37372 3920 2075 108861
is_linear=0
shrinkage=0.02


Tree=26
num_leaves=127
num_cat=0
split_feature=10 10 53 16 47 51 16 5 40 27 32 34 40 54 39 24 10 29 40 29 39 6 5 29 39 11 7 51 39 39 27 49 29 16 46 54 15 27 1 29 39 29 33 19 6 27 54 2 34 46 47 34 40 47 6 54 57 5 31 29 10 29 27 15 31 39 29 48 53 29 39 39 48 46 21 6 27 40 39 2 27 20 15 20 5 54 48 12 47 21 29 5 33 46 53 33 53 13 2 54 47 54 39 44 15 46 1 33 43 29 25 37 28 34 6 48 25 45 29 6 34 25 31 53 48 29
split_gain=1221.66 343.449 273.672 152.318 86.4349 82.2386 82.2067 80.8594 78.8889 76.4822 70.2564 118.249 66.1834 70.7493 63.7998 64.1983 62.7799 58.614 56.5743 56.3413 56.2671 51.8201 54.3063 50.2174 53.8215 50.0724 50.0589 49.8269 48.7138 52.2708 47.6508 44.3561 44.2217 46.3044 52.8201 44.1708 43.6395 43.0926 79.5291 43.0807 42.4767 65.6474 48.4781 45.7696 42.3616 42.2196 41.9926 42.1299 41.9817 41.4113 56.4025 41.0604 40.5773 48.6001 40.5063 39.8388 39.2844 47.6471 39.0896 38.6559 38.6372 38.9396 37.8639 52.937 37.5834 37.2227 76.3997 36.8825 60.6592 50.6602 55.8678 37.6219 36.7976 36.7109 36.4509 45.6886 51.1408 39.7618 35.9279 84.3103 39.2077 53.1765 35.6397 39.858 44.7395 59.0761 38.8889 45.2498 44.5193 38.6906 36.91 35.2972 55.5272 35.039 34.9813 35.4206 34.6554 34.4463 34.4089 37.6938 46.0741 37.3221 34.2194 55.309 38.3374 33.9834 33.7762 46.3647 33.6581 33.0593 43.7653 34.298 32.7529 32.9175 32.5377 32.4532 32.3225 32.6669 32.241 31.9128 31.8573 39.2531 31.6931 31.2801 35.0768 41.5576
threshold=0.065279826521873488 -1.3281418681144712 0.1971443593502045 -0.36314129829406733 -0.0040768485050648442 1.5017288923263552 -0.72807073593139637 0.0828070603311062 -1.0000000180025095e-35 -0.87837970256805409 0.079351320862770094 0.045833334326744087 -0.12500000000000003 0.090491916984319701 0.68437498807907116 170.32004547119143 2.8735290765762334 -0.82852840423583973 0.46650633215904241 2.4322092533111577 0.059374999254941947 -1.3543592095375059 0.099258091300725951 1.0443389415740969 0.48020832240581518 0.66481193900108349 0.12046080455183984 -1.8160406351089475 0.42187500000000006 0.23020833730697635 -0.87837970256805409 0.54761707782745372 1.7218470573425295 -3.1364291906356807 -0.020989786833524701 0.46138055622577673 0.35100579261779791 -0.87837970256805409 -0.03216083534061908 -0.36887228488922114 0.62187498807907116 0.18323063850402835 -0.0042496740352362386 1.2008826136589053 1.0361839532852175 0.87837970256805431 0.13441284745931628 0.017917328514158729 1.0000000180025095e-35 0.033807346597313888 -0.086883541196584688 0.13750000298023227 0.46650633215904241 0.067394435405731215 -0.48233258724212641 0.320052981376648 -0.047841671854257577 0.36809284985065466 0.12999999895691874 -2.517074346542358 0.92109602689743053 5.5565536022186288 -0.60785761475563038 2.0380079746246342 0.22999999672174457 0.38854165375232702 -2.9980272054672237 0.0064179347828030595 -1.4802989363670347 -0.16192197799682614 0.34687499701976782 0.038541667163372047 -0.077190380543470369 -0.01476762071251869 1.0878464579582217 1.0000000180025095e-35 -0.87837970256805409 0.34150634706020361 0.063541665673255934 0.024577387608587745 -1.0000000180025095e-35 0.55694738030433666 6.8558037281036386 0.7775292992591859 0.20711264759302142 0.12743608653545382 0.082531590014696135 0.80407389998435985 0.067394435405731215 1.0141510367393496 8.5474190711975115 0.051264990121126182 -0.008725291118025778 -0.015222172252833841 -3.9420416355133052 -0.026630486361682412 -0.27045981585979456 0.79268547892570507 0.014625188894569876 0.081604793667793288 -0.050973989069461816 0.46138055622577673 0.38020832836627966 -0.026178441010415551 0.22527575492858889 -0.012338372413069008 -0.012419647071510552 0.035595303401350982 0.0054428230505436668 6.393367052078248 -0.7865660786628722 0.85419762134552013 0.81174489855766307 1.0000000180025095e-35 2.2376090288162236 -0.019144766964018341 0.60355338454246532 0.0075905609410256156 -3.6560535430908199 1.9312243461608889 1.0000000180025095e-35 -0.37940952181816096 0.14999999850988391 2.3641495704650883 0.0079677496105432528 7.5535535812377939
decision_type=2 2 2 2 2 2 2 2 2 2 2 2 2 2 2 2 2 2 2 2 2 2 2 2 2 2 2 2 2 2 2 2 2 2 2 2 2 2 2 2 2 2 2 2 2 2 2 2 2 2 2 2 2 2 2 2 2 2 2 2 2 2 2 2 2 2 2 2 2 2 2 2 2 2 2 2 2 2 2 2 2 2 2 2 2 2 2 2 2 2 2 2 2 2 2 2 2 2 2 2 2 2 2 2 2 2 2 2 2 2 2 2 2 2 2 2 2 2 2 2 2 2 2 2 2 2
left_child=1 7 5 12 6 21 51 30 19 60 20 28 13 -4 15 54 52 45 40 35 26 22 -2 24 37 48 73 -13 29 -12 44 -15 33 -23 58 97 39 38 -22 -26 42 -42 43 -14 -1 -16 47 -20 102 50 -34 78 53 59 -11 -28 -52 109 -35 -17 61 -5 63 96 -60 66 -53 69 -69 70 71 -32 -62 -9 -8 120 -77 -78 79 80 106 105 83 84 -45 -86 88 -88 89 -84 -87 -54 -93 -7 -38 -96 -50 -6 99 -36 101 122 -10 -104 -105 -82 107 -3 -21 -58 111 -111 -33 -114 -71 -79 -74 -118 -106 -19 -76 -122 -101 -85 -125 -126
right_child=2 4 3 9 8 93 74 10 25 14 11 27 18 31 17 16 -18 119 46 108 23 32 -24 -25 36 -27 55 -29 -30 -31 67 112 49 34 98 -37 94 -39 -40 -41 41 -43 -44 82 -46 -47 -48 -49 62 -51 56 65 91 -55 -56 -57 57 -59 64 -61 72 -63 -64 -65 -66 -67 -68 68 -70 114 -72 -73 116 -75 75 76 77 115 -80 -81 81 -83 86 123 85 90 87 -89 -90 -91 -92 92 -94 -95 95 -97 -98 -99 -100 100 -102 -103 103 104 118 -107 -108 -109 -110 110 -112 -113 113 -115 -116 -117 117 -119 -120 -121 121 -123 -124 124 125 -127
leaf_value=0.0043683589954525417 0.0010304020646886391 0.02179761939999169 -0.0015243013596453188 -0.0026318583551094392 0.00045867153167092236 -0.007006009806223513 0.0015037300732764791 0.013337051668649425 -0.0020656847541554021 -0.00056829079590015714 0.0029269773315418663 0.017782192891509351 -0.015138153227912406 0.0031802226714606982 0.0045489847271587489 -0.0083521955610217687 -5.0717763476356208e-05 -0.0017735742087244531 0.0010068671710863147 0.0035636221193673613 0.023227209534956213 0.015797133014727398 0.0059846845124357255 0.0036547495109631074 0.0054864864109205195 -0.0020228228314049454 0.0026096354904076558 0.0038112376822493506 0.00804894443287049 -0.026440096279593032 0.0068988141095493042 -0.0014305256714880427 0.030093363651527882 -0.00036835407816772727 -0.00054994208015788878 -0.020262292338595739 -0.0093499752984615332 -0.00046840585295860346 0.0022420846300083511 -0.0014465575687186453 0.0070841157434931327 -0.0012644463569790954 -0.0042839020539272637 0.00035189373362743673 0.0093566454912431749 -0.0070839068894101463 -0.002760513628626656 0.0081899555702753622 0.0054335507317138654 -0.028551237839576502 0.0051325081298202744 0.015832454922050394 -0.0050771648607228778 -0.012152988698560036 -0.0026900784012183431 -0.01585314174433471 -1.4624024396398248e-05 -0.019366746106495376 -0.0061345796418419895 -0.0035251624691511434 0.022471608318659703 0.02035489696482112 4.6407880704547151e-06 -0.01712055522867063 0.011686111332715046 -0.019086441683256971 -0.021277371818859161 0.0093913441745798135 0.0035757147556397051 0.0012349606512708268 0.0047072107046277961 0.0011790415150053585 -0.0043259603130758892 0.0050691208513132706 0.0025898043583109935 0.0078325872959318522 0.0021665633076959519 -0.0081723446097346948 -0.00024920010539993128 -0.029444517241293135 -0.016785794329028828 0.004597490164022968 -0.0095778499545400089 -0.002858871093606366 -0.023160075920759044 0.0090470097984713654 0.023388930147082456 -0.0099059235402831885 -0.027290384069209823 0.016022889324941909 0.031533374308060802 -0.004187753477646397 0.0029693913705555932 -0.0017861015109806849 -0.010393110001100938 0.0016312253534689408 0.0011077098448022038 0.0084783401681981091 -0.0046116377740837442 -0.012148505817222913 0.0013940334333436097 0.014649759800414108 -0.03095172765782515 -0.0047707698229608967 0.012523251148883544 0.010497715126271671 0.0043793855030994826 -0.0069958591510844402 -0.005242454273430802 -0.0080195745040022824 0.013709607181465562 0.014527858625226708 0.002188374176661984 0.017301690673212834 -0.0060298715048473592 -4.2146561287171837e-05 -0.0089104697108822357 -0.0019777710795814648 0.00041994691934545131 0.0023092833619589911 0.010405170606471659 0.0044415055502516352 0.0020411901842450186 -0.0066939167276316705 0.0039881169258818381 -0.018957279493576111
leaf_weight=3453.7691473215818 5813.8592920973897 131.94540493935347 4074.2253850698471 3147.8474666103721 19839.389060258865 564.40003540366888 16474.03747330606 351.31411505490541 5593.266591668129 7714.2864628583193 39.478733211755753 322.27477166801691 96.218177050352097 3859.5664657726884 1077.5068053156137 685.19030249118805 2297.6289285644889 9306.8592527061701 1049.9105668962002 3659.8673638999462 77.087709203362465 69.658475495874882 1043.270857013762 3020.7771724015474 2130.6359986662865 7541.6151173338294 817.86632186919451 150.50541856884956 56.947299979627132 60.849221043288708 512.41433352231979 1883.8868774548173 27.692963942885399 1061.6262572482228 18406.025522649288 39.889811128377914 126.91391661763191 9297.5038595274091 972.22522156685591 430.29123062640429 462.69871009141207 2008.0190019011497 4189.7847236245871 1400.1155751869082 849.6082229167223 140.16174490749836 669.76670419424772 473.57991061359644 1341.4397593662143 16.647099584341049 1058.7133371531963 49.256333783268929 657.76790957152843 273.37757367640734 6748.9436644688249 48.5771714001894 2028.416933298111 46.318876333534718 1308.4192358478904 21031.402031257749 18.292600534856319 28.758393034338951 6657.9992645904422 51.995441764593124 48.178132779896259 84.679798357188702 38.734889023005962 825.32387795299292 5488.6587643325329 4681.0784322097898 5460.0862137898803 4437.9963059276342 4576.4263321235776 557.64611665904522 1327.3404446989298 484.94601977616549 2547.7256884798408 293.8940382450819 10171.232716716826 28.532254979014397 84.220086306333542 467.43256206065416 219.32343658059835 3357.5637253820896 19.130042761564255 184.42974094301462 31.467345491051674 31.958699636161327 51.028373442590237 25.511516511440277 34.174502231180668 688.69191716611385 1166.6496013402939 5743.1731705218554 99.819106563925743 3486.4635406211019 1655.9500602632761 215.59520839899778 676.59763764590025 223.98046032339334 7850.4505008086562 30.583819344639778 21.962726198136806 581.49429008364677 88.304675072431564 22.454662509262562 184.9333251491189 26.337375529110432 181.30845146626234 94.112450048327446 170.79074893891811 36.672735668718815 315.98845105618238 69.684343963861465 259.29122164845467 588.70151574909687 1381.6890560016036 339.73462065309286 6248.3352559432387 833.3562288582325 698.02611741423607 1209.1420266404748 86.913759022951126 181.33102944493294 758.2745266109705 31.94959768652916
leaf_count=27561 45993 780 31789 25063 156147 4003 128967 2323 43502 60972 119 944 644 28453 8380 5233 17133 73237 8223 28219 424 198 7297 22146 15411 59052 5695 550 249 136 4024 13582 63 7575 146034 190 818 66753 7182 3260 3535 15239 31727 10484 6833 1083 4736 3545 10632 37 7780 278 5244 1910 53220 228 15505 191 9076 163668 138 225 51728 373 316 453 262 6562 43668 37260 43181 34938 36024 4113 10446 3854 20042 2289 70157 139 378 3301 1374 25494 132 1173 211 193 182 150 129 5298 8958 44856 584 24861 13102 1642 4824 1583 59986 136 71 4624 640 152 1306 150 1278 679 1132 266 2243 469 2067 4654 10977 2660 49196 6458 5520 9597 604 1298 5590 208
internal_value=-1.66136e-05 0.001314 -0.00137352 -0.00203139 0.000575979 -0.000131726 0.00135068 0.00267627 7.24361e-05 -0.00256555 0.00178531 0.00836306 -0.000729124 0.000518 -0.00226735 -0.00263272 -0.00321228 -0.00093973 -0.00156215 0.00092736 0.00159137 0.000202189 0.00178507 0.00128294 0.000851625 -0.00061464 0.00500036 0.0133542 -0.00662393 -0.0149595 0.00343257 0.00187577 -0.000124343 -0.000373806 -0.000412307 0.000502992 0.00231299 -3.45639e-05 0.00380535 0.00432108 -0.00206051 0.000300843 -0.00261034 -0.00151792 0.00535536 0.00320443 0.0014097 0.00324431 -0.000137025 0.00200877 0.00216417 -5.308e-05 -0.00350868 -0.00378384 -0.00155856 0.00155628 0.00193003 0.000501253 -0.00324462 -0.00367789 -0.00421805 -0.0024171 0.000850216 0.0026955 -0.00549282 -0.0097028 -0.000548064 0.00305036 0.00433742 0.00252066 0.00331213 0.00177257 -0.00512313 0.00827693 0.00202155 0.00321417 0.00175993 0.000899113 9.75691e-05 0.00382392 0.00489072 0.00168551 -0.00130824 -0.000939044 0.00171742 0.00972019 -0.00741742 0.00670366 -0.0104604 -0.00685189 0.0126945 -0.00110008 0.000311338 -0.00225437 0.00092699 0.00129346 0.00304518 0.000545353 -0.000161041 -4.76201e-05 0.00108083 -0.00609976 -0.000901753 3.63187e-05 0.000139299 -0.0109893 0.0102288 0.0169864 0.00314645 0.000904785 0.0070717 -0.00162732 -0.000342528 0.00495936 0.000852326 -0.00275672 -0.00520699 -0.00754478 0.000590721 -0.00143774 0.00497309 0.00662905 -0.00818459 -0.00194447 0.00121426 0.00303636
internal_weight=270648 136647 134001 87594.2 88632 46406.5 34913.6 48015.4 53718.4 62114.6 22047.2 630.055 25479.6 10203.4 52621.8 41263.9 26800.7 11357.9 15276.2 23936 21417.1 40098.9 6857.13 19641.7 16620.9 29782.4 1775.4 472.78 157.275 100.328 25968.2 6129.13 33241.8 29762.4 29692.8 20094.9 6274.12 10346.8 1049.31 2560.93 13083 2470.72 10612.3 6422.48 4303.38 1217.67 2193.26 1523.49 22240.7 3479.37 3462.72 11289.8 24503.1 21990 14463.2 866.443 3435.03 2376.31 2418.22 21716.6 9492.75 3176.61 9707.38 3049.39 1356.6 172.671 87.9912 21664.8 6313.98 15350.9 10410.5 4950.41 6316.14 908.96 23623.8 7149.78 3915.27 3430.32 11117.1 945.856 917.323 574.107 6326.26 5966.97 1637.85 237.734 359.289 63.426 295.863 244.835 218.604 2513.11 1855.34 6307.57 3713.2 3586.28 2997.39 20055 27274.6 26598 8191.93 341.478 12533.4 6940.1 6918.13 106.675 343.216 158.283 3841.18 2329.99 301.576 130.785 2269.56 385.673 4940.37 882.596 6297.85 1721.42 6336.64 10140.2 3234.51 1907.17 310.894 4329.12 971.555 790.224
internal_count=2079829 1045011 1034818 676684 683121 358134 262725 361890 420396 485881 155796 1998 190803 76536 410794 321636 207444 89158 114267 187476 153798 309275 53290 141439 119293 232920 12359 1494 504 255 206094 44747 255985 230332 230134 157979 44934 74359 7606 18671 97763 18774 78989 47262 34394 9463 16504 11768 173868 25653 25616 77356 190311 170811 114192 5923 25553 17773 16967 168901 75087 25288 75835 24107 9392 993 540 171700 50230 121470 82143 38962 49799 6436 185369 56402 30839 26985 76363 6206 6067 3831 46618 44508 11918 1434 2110 404 1706 1524 1302 19500 14256 48859 26263 25445 23734 157789 213167 208343 62309 2323 98033 54531 54460 530 2236 930 29497 17582 2077 945 16294 2712 39327 6943 49661 13637 49836 79695 25563 15117 2187 32590 7096 5798
is_linear=0
shrinkage=0.02


Tree=27
num_leaves=127
num_cat=0
split_feature=10 10 53 8 53 5 51 5 39 47 8 27 39 12 7 2 54 1 1 52 20 18 25 45 39 55 2 33 26 28 45 29 39 9 35 27 29 29 20 52 26 29 54 48 2 38 29 54 26 25 2 33 43 38 14 22 55 21 53 35 48 47 20 20 47 16 35 38 55 47 1 46 27 14 38 18 27 39 16 7 38 47 47 45 54 48 53 29 5 39 26 53 29 29 46 48 39 29 54 13 27 21 42 25 38 50 26 48 12 2 46 20 21 29 18 14 55 39 2 39 29 2 29 14 1 47
split_gain=1173.38 329.985 262.873 148.989 83.7264 83.0137 78.9881 77.6834 70.7018 72.2491 69.8745 65.7619 64.6542 60.5003 57.2697 62.8508 57.6515 55.4453 52.4569 79.4213 103.036 53.7083 52.1716 51.8442 51.444 51.3049 63.3763 50.3331 54.5764 50.2393 60.2 49.0064 66.0246 46.8032 46.1513 45.8149 45.7407 43.8693 43.4791 54.0872 50.3934 45.9422 44.7471 43.617 52.4204 44.6958 44.5277 43.913 42.9809 50.7411 46.9067 44.4123 44.0949 42.7642 43.5751 42.6947 42.1762 41.2582 41.0595 40.6438 40.6385 40.5842 39.944 39.897 47.3175 43.1113 46.2932 45.8883 41.6962 39.8386 38.062 37.5855 37.5438 57.8024 37.6572 37.0973 37.0371 36.7142 36.6483 36.0669 42.5165 50.0381 38.0428 45.093 35.8327 35.4445 58.3312 48.6767 54.6731 42.9076 44.4085 36.0034 35.3896 35.3878 35.2729 35.0973 38.1643 34.9534 34.9415 54.1668 37.1142 34.4298 34.3255 38.2184 34.0862 34.0316 36.3827 33.9184 33.8964 34.7031 33.8548 33.7769 33.7091 33.0585 32.9542 32.5683 32.5605 54.5413 56.7554 51.2333 56.5018 38.884 38.8592 37.3026 34.352 32.9283
threshold=0.065279826521873488 -1.3281418681144712 0.1971443593502045 -0.1522511541843414 0.61167624592781078 0.061966603621840484 1.5017288923263552 0.0828070603311062 0.68437498807907116 0.067394435405731215 0.98355785012245189 -0.87837970256805409 0.059374999254941947 0.76390764117240917 0.23045575618743899 0.0030570345697924499 0.29023398458957678 0.016307182610034946 -0.047346591949462884 -1.9546548724174497 1.1423728466033938 -0.32860645651817316 -0.91597560048103321 0.0034480486065149312 0.19687500596046451 0.1935292258858681 -0.0025770167121663685 -0.031052653677761551 -0.91597560048103321 0.81174489855766307 0.014906939119100572 1.0443389415740969 0.48020832240581518 -1.5107926726341245 1.0000000180025095e-35 -0.87837970256805409 0.1945912837982178 -1.3159692287445066 1.1262865066528323 -1.3031569123268125 1.0000000180025095e-35 6.9441854953765878 0.088798578828573241 -0.051495738327503197 -0.06366445496678351 -0.30658195912837977 -3.2325387001037593 0.46138055622577673 -0.6035533845424651 -0.6035533845424651 0.02186484914273024 -0.010465437080711125 0.0013698355760425331 -0.30658195912837977 -4.4700565338134757 0.21252246201038363 0.22953976690769198 1.1607123613357546 0.86799943447113048 0.27500000596046453 0.082531590014696135 -0.055100105702877038 0.9801447093486787 0.51614847779273998 -0.023296581581234928 -1.6446292400360105 0.075000001117587103 -0.30658195912837977 0.31074346601963049 0.012382550630718471 0.0021605383371934299 -0.026310279034078118 -0.87837970256805409 -3.7355720996856685 0.15208059549331668 0.23211499303579333 -1.0000000180025095e-35 0.22604166716337207 -0.10917484760284422 0.12046080455183984 0.094646267592906966 -0.035670364275574677 -0.061120968312025063 -0.03163646720349788 0.36712509393692022 0.0064179347828030595 -1.4802989363670347 -0.16192197799682614 0.044790225103497512 0.48437500000000006 0.37940952181816107 0.88283970952034008 -4.010042428970336 2.5747656822204594 0.029839191585779194 0.028122934512794021 0.038541667163372047 10.144746303558351 0.15759033709764483 0.61968070268630993 1.0000000180025095e-35 0.33036099374294287 -0.016804439015686509 -0.98296290636062611 0.073471341282129302 -1.2415587306022642 0.60355338454246532 0.10664898529648782 0.77751857042312633 -0.014774933923035858 -0.01476762071251869 0.79530364274978649 1.1919424533843996 10.144746303558351 1.3587125539779665 -4.4700565338134757 0.055351652204990394 0.48437500000000006 -0.026306977495551106 0.27604167163372045 -8.459493160247801 -0.0050188873428851357 -1.2844651937484739 -2.5627553462982173 0.002842911635525525 -0.047464583069086068
decision_type=2 2 2 2 2 2 2 2 2 2 2 2 2 2 2 2 2 2 2 2 2 2 2 2 2 2 2 2 2 2 2 2 2 2 2 2 2 2 2 2 2 2 2 2 2 2 2 2 2 2 2 2 2 2 2 2 2 2 2 2 2 2 2 2 2 2 2 2 2 2 2 2 2 2 2 2 2 2 2 2 2 2 2 2 2 2 2 2 2 2 2 2 2 2 2 2 2 2 2 2 2 2 2 2 2 2 2 2 2 2 2 2 2 2 2 2 2 2 2 2 2 2 2 2 2 2
left_child=1 7 6 17 10 11 38 35 9 14 25 -5 79 -11 15 62 55 24 19 20 71 -21 114 93 58 26 95 28 -20 48 113 32 72 -6 -28 -1 69 92 39 -2 42 56 -41 44 46 -46 -42 -47 49 51 57 -17 -52 54 -27 -16 -40 101 -4 -45 63 -23 -7 65 111 66 -44 -67 -66 76 -25 105 73 -29 -74 -32 -10 -22 -35 110 82 -82 -81 -84 -30 87 -87 88 91 -90 -91 -37 -19 -24 -77 96 -3 -55 -38 -100 -101 -51 103 -34 -60 112 -107 -102 -8 -110 -9 -65 -14 -31 -13 -76 121 119 122 120 -118 -98 125 -122 -121 -119
right_child=2 4 3 5 33 8 108 12 36 13 -12 22 18 -15 16 29 -18 37 27 21 77 61 23 70 -26 53 34 31 84 30 75 -33 102 78 -36 85 98 -39 41 40 43 -43 60 59 45 47 -48 -49 -50 50 52 -53 -54 97 -56 -57 -58 -59 104 -61 -62 -63 -64 64 68 67 -68 -69 -70 -71 -72 -73 74 -75 115 94 -78 -79 -80 80 81 -83 83 -85 -86 86 -88 -89 89 90 -92 -93 -94 -95 -96 -97 116 -99 99 100 107 -103 -104 -105 -106 106 -108 -109 109 -111 -112 -113 -114 -115 -116 -117 117 118 -120 124 123 -123 -124 -125 -126 -127
leaf_value=0.0052505416960736051 0.0046590319744347986 0.0052658264248708732 -6.7983151706448608e-05 -0.0053798960862990091 0.0019018345603951025 0.00058413789746519589 0.0002560996757022534 0.012769579085139154 -0.0034548192340928194 -0.0013628342322354941 -0.00052241650413601087 -0.00061971547899760066 0.017464407439824581 -0.011646045076430822 -0.00095071905267196395 -0.0033538471656502662 0.01416961091250039 0.0014482203230210006 0.014625013416504504 0.011625151523737741 0.0088199543733441851 0.00083753400460799597 -0.0025542514791156816 -0.0013726581676858994 -0.00027142560088366802 0.008499989183360649 3.51822595125515e-05 0.015006641459729136 -0.0071932045998881079 -0.0028613877135326917 -0.00060348447585812726 0.0036568519070729901 0.016884710464940413 -0.00064595924470055451 0.0019079566918087977 0.0055334214968616648 -0.0017042406603502128 0.0029857101434387786 -0.0012521881443697178 -0.0012924434545990438 -0.0023649463861730321 0.015206935648510805 0.027140224795042807 0.0017601240754388362 0.01928964491062379 -0.0027342209638052534 0.030122400711735508 -0.020035164322993796 -0.0041016731708913819 0.020748485063297389 -0.00077637130047115391 0.0042013118137183185 -0.0079584782324650123 -0.001843041087115062 -0.0080409895899047623 0.0062510056392073386 0.014313626138030833 -0.006524947053670605 -0.0045572207723685709 -0.0047573915420062183 -0.018605471571737496 -0.018172694732207614 -0.0030595850540414567 -0.00050247720672999205 0.0020622194499702062 -0.019060803636326069 -0.0031540456168446095 0.0044152874833625752 -0.01827646664014149 0.0066203513591151925 -0.0049371210927464234 -0.0022791064247712719 -0.00034176434072114107 0.0015277791403516725 -0.014832285954836861 0.0024951084880513248 0.0032244458430523838 -0.017578029435020379 -0.0041532428569135797 0.018251072531030307 -0.025497551631062151 0.00022960373274358796 -0.014693009199629972 0.0044008019040921546 -0.026994904796826168 0.0092095388938977681 0.00350495573995319 0.00083529645151938353 0.00098243814146938176 0.0029722513719335269 0.0097754846118234678 -0.0076130423818860458 -0.013799221285517201 0.002343983949002911 0.012861269500940303 0.0047196254615636674 0.0046051692755739787 0.018229924545416061 0.018752809773138483 0.006746739017313077 -0.0011345202935393853 -0.0011978287141655927 0.0028597930931235352 -0.0066611855460034577 0.0032815619681082833 -0.0038144040951048814 0.022211921216008602 -0.022693424725543872 -0.0085101224297479388 -0.0025311015623647793 0.0049696013695327695 -0.0068575107837295533 0.0013572580279371915 0.010672198499774235 0.0096090292032518527 0.00069510338267839773 -0.01978313699234599 0.0080063323651475803 0.0032417138201754343 -0.0014735861485360214 0.0051726523082385534 0.0013660945018068244 -0.011418644903808721 0.0010435555332655199 0.0060330570289414357 -0.0019357520160765804
leaf_weight=4301.5822570472956 1233.6627475321293 1235.8600995615125 1611.0427242293954 4964.4634692594409 2762.7622719854116 3918.4859996810555 1647.1654552221298 372.82385286688805 550.30402975529432 374.47933153063059 11316.215458393097 2274.4939291477203 439.6223014369607 589.66177973896265 3118.2613306716084 493.26035673171282 114.53646168112755 125.5040862634778 35.052268117666245 63.253790386021137 29.023634850978851 81.092072732746601 10839.115285396576 1440.5293592065573 13372.613730318844 320.97128213942051 16672.014352150261 148.0640657544136 148.35691627115011 2237.0152858421206 483.11707329005003 2977.681840762496 29.851376622915268 17313.783920966089 7691.6459041014314 3549.6413994431496 4597.9643343910575 2426.7758197933435 9054.9609221294522 9236.7218111455441 31.10752772539854 68.352325059473515 63.894476033747196 12978.983214832842 34.226636700332165 1272.0922379493713 35.403774462640285 60.590634696185589 11025.268526799977 27.813031762838364 488.97930588573217 839.32067298144102 1140.3778746798635 3610.2908587157726 78.515274755656719 367.12959413975477 69.163399182260036 638.94611655175686 2993.2939635887742 393.33896300196648 41.102535009384155 99.202341444790363 1735.5204200148582 1079.5030096322298 3052.6336807757616 33.749676778912544 28.92065754532814 805.43682877719402 39.857686370611191 633.7898418828845 7177.4622045308352 67.983284816145897 8727.1168373972178 874.07404161244631 134.16647566109896 300.91486525535583 833.98221949487925 70.965487085282803 1279.0389307662845 70.663602486252785 42.157212488353252 100.71956530213356 52.614724390208721 640.99336152523756 48.168798871338367 824.80917256325483 5487.5078867971897 4940.1441277265549 4316.7806504145265 1981.6998654231429 475.81167215108871 84.43167345225811 116.76404994726181 622.96471403539181 233.20197505503893 1808.8568001836538 2908.3170002624393 34.034890808165073 77.244126677513123 269.1508509144187 336.86150512844324 3720.705859862268 5715.0850377157331 260.04158364236355 238.80026880651712 79.723400920629501 28.286391414701939 30.989771939814091 427.03685703873634 4233.1598584875464 557.45899567753077 484.13904216885567 59.276466988027096 73.60929062217474 132.37019926309586 89.675269111990929 47.810337476432323 159.95988573879004 6581.5475056320429 4911.6454196721315 1079.349562741816 3027.5767933577299 142.07212574779987 4618.2702649310231 255.56534036248922 772.95302990078926
leaf_count=34394 9315 9517 12596 39681 21473 29827 12809 2385 4263 2546 86946 18037 1730 3882 23242 3759 629 784 180 228 167 323 86270 11444 104927 1371 131312 928 838 17124 3574 21971 180 135053 60526 28344 35453 17771 71494 72902 145 461 205 101236 167 9309 68 241 83749 175 3597 6290 8277 22229 453 2625 455 4915 23412 2926 234 363 13500 7374 22915 131 126 5703 259 4652 57008 335 63603 6538 656 2275 6400 299 10208 306 188 734 244 4555 121 6562 43668 39327 33826 15533 3765 675 828 4923 1575 14101 23075 190 453 1890 2412 28370 41936 1433 1836 428 154 212 2992 33058 4113 3609 271 456 1045 589 279 1186 51088 37793 7822 24132 978 35806 1953 5630
internal_value=-1.62793e-05 0.00128785 -0.00134614 -0.00199093 0.000564465 -0.00245249 -0.000129081 0.00262332 -0.0018623 -0.00226905 0.000910811 -0.00329624 0.00174996 -0.00765856 -0.00210092 -0.00241297 0.000270138 -0.00051669 0.0014231 0.00584441 0.00897327 -0.00410239 -0.00283597 -0.00316948 -0.000911209 0.00120067 0.0013697 0.00118808 -0.00805922 -0.00290227 -0.000640549 0.00130152 0.000862315 -0.000526523 0.000626515 0.00336471 -9.08224e-05 0.00217479 0.000198172 0.000557371 0.00038665 -0.00100928 -0.000435842 0.00121253 -0.00210172 -0.00295004 0.0151032 -0.00353599 -0.00331178 -0.00212628 -0.00290833 0.00140357 -0.0058055 -0.000968822 0.00523456 -0.000190272 -0.00113253 -0.00183111 -0.00267712 0.001568 0.000969513 -0.00965938 -0.000534484 0.00111698 0.000360255 0.00489192 0.017757 0.00344839 0.00179394 0.00247154 -0.00434165 0.0117806 -0.000135239 0.00349403 -0.000550132 0.00341109 0.000567896 -0.00989418 -0.000887497 0.00534113 0.00249784 -0.00747896 0.0043716 0.0029319 -0.0121638 0.00298994 0.00425185 0.00247065 0.00324659 0.00218413 0.00429331 0.0052257 -0.00592287 -0.00228776 0.00703855 0.00202686 0.00183742 -0.00165035 -0.00106472 0.00304743 0.00111499 -0.00102924 0.00251897 -0.00418343 -0.00397691 0.0133583 0.00313362 -0.00301007 -0.00220939 -0.00308091 0.00810698 -0.0024739 0.0155592 -0.00242539 -5.29933e-05 -0.00863185 0.00166426 0.00125186 0.0025458 0.00034377 0.0016433 0.00295377 -0.00171301 0.00182671 -0.00110103 -0.000223236
internal_weight=270627 136635 133992 87587.1 88629.1 66702.3 46405.2 48005.6 39250.9 31920.6 67273.5 27451.4 22043.2 964.141 30956.5 27356.5 3599.93 20884.8 20205.8 1018.43 774.881 243.548 22486.9 20080.1 18215.8 55957.3 51913.4 19187.3 231.578 21702.5 3327.86 18955.8 15978.1 21355.6 24363.7 25962.4 7330.29 2669.04 40097.8 30905.4 29671.7 9192.48 14866 14805.7 1433.42 1366.91 66.5113 1332.68 18374.7 7349.4 6016.82 1332.58 1629.36 4043.81 399.487 3485.39 9124.12 4387.47 4843.14 13372.3 5629.24 180.294 5654.01 5588.14 4656.13 932.002 92.8151 839.187 3092.49 2018.08 8617.99 674.892 9973.1 1022.14 8950.96 1017.23 1384.29 99.9891 18592.8 1837.43 907.148 142.877 764.272 693.608 196.526 21660.8 6312.32 15348.5 10408.4 6774.29 2457.51 3634.07 242.268 11462.1 534.117 27549.8 25740.9 3644.33 5312.21 714.246 637.002 3748.52 6004.98 289.893 3232.09 606.909 108.01 367.851 6307.36 4660.2 930.283 1563.64 498.899 2310.62 2406.86 223.842 24505.1 18569.2 7656.53 10912.6 5745.43 5935.89 1074.99 5697.62 5167.21 932.913
internal_count=2079829 1045011 1034818 676684 683121 514530 358134 361890 296122 240387 516387 218408 155796 6428 233959 207463 26496 162154 143271 4298 3384 914 178727 159645 142771 429441 405198 138973 1139 164136 25004 137834 115863 166734 191838 206094 55735 19383 309275 236865 227550 72410 113458 114092 9930 9717 213 9550 139132 55383 45334 10049 11874 24243 1824 25867 71949 33460 37844 104162 40556 686 43327 40322 34157 6165 331 5834 23174 15315 68452 2918 72314 7466 64848 7424 10663 466 145261 12525 6027 922 5105 4799 959 171700 50230 121470 82143 53124 19298 29019 1612 91193 3850 213360 199259 22419 40420 4967 4514 28545 43549 1613 25248 2583 582 2624 48859 36050 6498 10983 2001 17580 19082 1245 189742 142535 58882 83653 43907 47207 7794 43628 39746 6816
is_linear=0
shrinkage=0.02


Tree=28
num_leaves=127
num_cat=0
split_feature=10 10 53 53 16 40 29 51 27 39 8 29 38 34 4 54 29 14 40 15 19 16 27 39 48 27 39 27 38 33 38 15 14 15 53 28 6 34 46 38 2 48 47 4 26 48 38 9 6 21 27 54 2 13 54 47 38 10 57 21 6 15 12 54 21 53 47 15 39 46 54 48 6 28 29 29 27 20 28 40 48 4 34 39 56 4 39 17 29 54 40 47 2 46 2 20 39 53 13 19 28 4 33 39 39 16 26 40 53 38 47 20 43 6 57 8 14 54 38 47 47 15 34 48 24 39
split_gain=1140.37 414.374 184.723 133.965 117.171 96.5709 94.9754 89.0045 83.4992 78.2841 68.0808 64.5132 99.3798 95.5377 63.0336 62.4782 71.4131 56.6872 55.4675 53.1841 52.9313 52.3984 52.353 52.3293 52.6332 50.585 50.4406 51.493 49.7399 51.0773 49.5144 49.4122 48.0445 47.805 47.1846 46.634 64.9981 52.1338 45.5858 88.4408 51.5322 43.2467 47.3947 43.5252 40.5485 57.1417 42.8367 40.3487 39.7597 40.877 39.3979 42.2205 40.1774 51.3065 44.0247 39.0814 38.8063 38.7299 40.5031 38.1702 50.0693 37.8281 42.1553 37.3282 59.2449 37.2001 36.691 54.6318 36.6705 52.6205 36.1265 36.0832 39.1231 37.5883 35.9092 35.6562 35.5685 41.408 35.5334 38.7538 39.537 41.737 36.3027 35.4419 35.3943 36.979 35.3374 61.0537 54.4212 81.5812 36.6129 35.0969 35.0888 34.9506 38.8506 34.9189 34.7141 34.6017 34.5907 59.57 51.7921 40.4163 49.5614 42.7563 34.4902 38.1928 34.4277 34.4228 34.3922 34.2389 62.8762 44.1448 40.087 39.0658 48.9622 37.2003 33.9383 63.3125 49.2669 54.7607 47.4613 33.8827 33.8382 33.4273 33.4093 37.0302
threshold=0.40821878612041479 -1.3676642775535581 0.66850367188453685 -0.11891197040677069 -0.19246041774749753 0.12500000000000011 6.393367052078248 1.4813898801803591 -0.60785761475563038 0.17604166269302371 1.25889128446579 1.7218470573425295 -0.24098552763462064 0.070833336561918273 0.47046864032745367 0.057153150439262397 -0.49630701541900629 -0.67409873008728016 0.34150634706020361 2.4487257003784184 9.5375452041625994 -2.2737264633178706 -0.87837970256805409 0.37604166567325598 -0.02395658008754253 -1.0000000180025095e-35 0.87604168057441723 0.6078576147556306 -0.02599314600229263 -0.020813607610762116 0.23691798746585849 0.26335120201110845 -3.2878726720809932 1.9769370555877688 -3.0173258781433101 0.81174489855766307 0.11386466026306154 0.13750000298023227 -0.025034375488758084 0.16812827438116076 0.039494939148426063 0.0049872153904289016 -0.086883541196584688 0.32457084953784948 -0.12940952181816107 -0.0054970793426036826 -0.12045205384492873 -1.9100561141967771 1.7231453657150271 0.73214441537857067 0.87837970256805431 0.094319354742765441 0.049575347453355796 0.72065824270248424 0.29023398458957678 -0.0049127039965242139 0.14028084278106692 2.8735290765762334 0.27458913624286657 0.60876086354255687 2.7636984586715703 2.7782618999481206 0.72996139526367199 0.1960893198847771 0.61245238780975353 -0.16845732182264325 -0.0072737887967377892 0.5664050579071046 0.33020834624767309 -0.012008570600301026 0.079069677740335478 -0.043801061809062951 -1.2203797101974485 0.81174489855766307 -7.3928415775299063 5.5565536022186288 0.87837970256805431 0.81312462687492382 -0.56174489110708226 -1.0000000180025095e-35 -0.0076313142199069253 0.034427482634782798 0.020833333954215053 0.28020833432674414 -0.070261988788843141 0.12345543876290323 0.47187499701976782 2.307742834091187 -1.8098145723342893 0.14454407244920733 -1.0000000180025095e-35 0.018865155056118969 0.012833152897655966 -0.0012013980303891001 0.0045634538400918254 0.96132209897041332 0.18854166567325595 1.4836614131927492 0.19474755972623828 1.555513918399811 -0.56174489110708226 0.37063603103160864 0.043072288855910308 0.25937499105930334 0.042708333581686027 -0.82135796546936024 0.78656607866287243 0.12500000000000011 0.72460162639617931 -0.12045205384492873 0.047914061695337302 0.6685316562652589 0.0063816059846431026 -0.67524531483650196 0.028877687640488151 -1.360984683036804 -1.3322681188583372 0.078606523573398604 -0.0054841085802763692 0.00047702834126539534 0.016722180880606178 4.0278315544128427 0.012500000651925804 0.0094448970630764979 160.81396484375003 0.63437500596046459
decision_type=2 2 2 2 2 2 2 2 2 2 2 2 2 2 2 2 2 2 2 2 2 2 2 2 2 2 2 2 2 2 2 2 2 2 2 2 2 2 2 2 2 2 2 2 2 2 2 2 2 2 2 2 2 2 2 2 2 2 2 2 2 2 2 2 2 2 2 2 2 2 2 2 2 2 2 2 2 2 2 2 2 2 2 2 2 2 2 2 2 2 2 2 2 2 2 2 2 2 2 2 2 2 2 2 2 2 2 2 2 2 2 2 2 2 2 2 2 2 2 2 2 2 2 2 2 2
left_child=1 8 6 10 9 17 7 14 31 50 35 12 13 26 38 16 123 30 -16 116 25 -8 -6 24 -13 28 27 -10 32 55 47 34 -11 97 -1 37 -37 66 56 40 44 42 43 -38 -40 92 -47 -5 -12 -50 52 -52 54 -54 -4 -30 -2 58 124 -25 -61 -57 -63 -44 -65 -48 67 -3 -23 -70 -34 72 -49 -74 -27 -43 -29 -78 79 80 -68 83 -81 -82 85 -76 87 104 -88 -90 -89 -55 -46 -67 -95 -93 -66 -19 99 100 -69 102 103 -101 105 -17 109 -18 -73 111 115 113 -112 114 -21 -111 117 120 -118 -120 -7 -80 -36 -14 -24 -126
right_child=2 3 4 5 22 19 21 -9 11 20 48 23 15 -15 18 86 107 33 -20 106 -22 68 57 59 -26 74 -28 76 29 -31 -32 -33 70 -35 122 36 41 -39 39 -41 -42 75 63 -45 45 46 65 71 49 -51 51 -53 53 91 -56 61 -58 -59 -60 60 -62 62 -64 64 96 93 78 98 69 -71 -72 108 73 -75 84 -77 77 -79 121 82 81 -83 -84 -85 -86 -87 88 90 89 -91 -92 95 -94 94 -96 -97 -98 -99 -100 101 -102 -103 -104 -105 -106 -107 -108 -109 -110 110 112 -113 -114 -115 -116 -117 118 -119 119 -121 -122 -123 -124 -125 125 -127
leaf_value=0.01057967446696653 -0.0026051710553721963 0.0036040505698921965 -0.0036357882661691055 0.0058721748966918128 -0.0051158898600600546 0.0027019633293968543 -0.016768159534107242 -0.0024504545728369644 0.015896460624670202 -0.028460517668170801 7.9082995684410114e-06 -0.011648163848524887 0.0046846125396521627 0.023273340352576426 0.00020693844952770525 0.005983471719980901 0.0030771135773277466 -0.00030703252514160901 0.024281319735020936 -0.027888528706485453 0.0044815665937554625 0.010954628721705854 -0.0017351985222239514 -0.0043375912666156887 0.0083530792577416035 -0.01250707391811158 -0.014406883213664783 -0.012480705218386108 -0.018098303750031859 -0.0044026494167496337 0.019528707866030798 0.0027557627744099794 -0.0028600936265006983 0.0050725193818110239 0.0023423792155600458 0.0014508158491797884 -0.0094354321045484312 -0.0086133231809050418 -0.0010317089917038201 0.011092493909931752 -0.011568076390093779 0.0017810058132122972 -0.0025814514852705675 0.023642824860800715 0.0017889370490984317 0.0088322056944650246 0.00042189422314013774 0.0054247233940388053 -0.011631514394427818 -0.0022668379112624603 -0.003927446316092216 0.0032648592234616153 0.015579474822243857 -0.00033655759729238718 0.0071287443329918054 -0.0044241511453160789 -0.012342585941927442 -0.00031705385550227007 -0.011089192514926958 0.0046670926944942679 -0.012573318945713417 0.020892225937150274 0.0033445737855618712 -0.02126093592643891 -0.014279430225610948 -0.0041899918779565205 -0.0020975649299605388 -0.017925171658082766 0.015421233439734122 -0.00039640961877456264 0.0010229276850800687 0.0021967988292915372 -0.0048895273915782042 -0.02245528838818998 0.00083582904361849083 0.027471624712960434 -0.0040917177870679116 0.02205196205958793 0.0016122732348013294 0.00015374583168765969 0.013582745612936429 0.0013482889275661439 -0.0037882785905860397 0.0033369481286522158 -0.00062941641865433423 0.0074748443622355953 0.0042639540067271678 0.0022975468038329001 0.0018627232788970877 -0.0061895791462855667 0.025878617660886782 -0.022376318762016394 -0.0031481591909266154 0.00063696612291127403 -0.003396801552354833 -0.006801438234221995 -0.00093265992948261735 -0.0033452538825523011 0.0018209175538675217 0.0077662282705587681 -0.0016471780340946657 0.01370268919927971 -0.011923892101099032 -0.0014406047386624887 6.5136882670577791e-05 -0.0017207851970038521 -0.0092073084252735169 -0.00014995627480309746 0.00018836556145514807 0.0039233077955641519 0.011924416189448598 -0.0017072127928099382 -0.015812411817078001 -0.0054931711135632368 0.0046327655422175691 -0.0051455983047530608 -0.00015491747923206402 -0.00077860946330681781 0.00073081356411366569 -0.0031256485475872247 0.013492406198647149 -0.015067574927647555 0.0056791569808752242 0.011067964319900916 -0.0039896882216677214 -0.0017686786690876124
leaf_weight=608.99343943595886 1144.6251196190715 7337.9475451856852 6420.9846211224794 713.06572671979666 4680.9406618326902 571.67024822533131 39.219032533466816 9861.1191275641322 152.96639604121447 23.597790375351906 5928.5207704976201 53.748607233166695 3148.644524551928 161.5842882245779 75.280027262866497 834.92417357861996 3072.1512411832809 12776.686075262725 77.105180338025093 96.178585141897202 715.8790528178215 416.10740032792091 6321.7869523763657 274.8031604513526 1431.885520413518 94.954242929816246 46.741358712315559 59.291491277515888 37.712948694825172 4212.4364925101399 58.422901265323162 5895.5283714085817 1526.7930772975087 604.4223870113492 1698.695268124342 4526.5093117579818 23.016133449971676 199.29296273738146 16026.469708897173 272.3248046413064 161.39007655531168 537.68991032242775 2169.309975668788 47.265565671026707 8750.3343414589763 186.5293441042304 5232.0096925795078 116.07535419613123 218.31769095361233 1253.5600765347481 590.5188705176115 727.60109736770391 27.098968297243118 71.529025912284851 154.69884490966797 209.79167863726616 190.34929309040308 2266.3274338319898 247.71804283559322 1335.7872951552272 69.98290953040123 62.930163405835629 388.15144196152687 114.02055308967829 109.22722602635622 1829.1790007948875 851.60243869572878 143.2380793467164 105.50932237505913 399.55987078696489 2570.2468177974224 6755.9664530679584 278.29950924217701 58.405504487454891 1635.382245130837 21.534990578889847 56.434052050113678 41.073967687785625 16170.791637696326 2246.2325181514025 235.70316642522812 1595.7306948527694 1598.4856502488256 317.35147392004728 12586.872261427343 421.4979517236352 3092.4573260769248 47.390375673770905 3813.2302469611168 578.76133681833744 59.174811847507954 147.52698919177055 615.33791203051805 2566.2643920779228 1519.7091503143311 96.33781910687685 267.36416529119015 1697.9916948229074 13605.462146669626 280.33880091458559 171.54790350049734 87.159601174294949 129.98787954449654 712.17465104162693 11958.865580640733 371.09323684871197 446.67444825917482 2319.4039523378015 6888.6424243971705 229.21180899441242 183.73578295856714 258.66967991739511 22.592001751065254 119.68143541365862 22.49350693076849 845.08692368865013 7642.6270539909601 2199.8995329961181 1851.075804181397 7192.7912516593933 227.70915576815605 47.858719676733017 4303.3354071453214 366.51060453057289 12336.114921033382 3974.304270170629
leaf_count=4587 8191 57561 48887 5467 37051 4490 130 76656 791 71 45631 280 24838 654 379 5823 24535 101778 206 459 5322 2818 50114 2009 10925 492 225 315 236 32702 302 44334 11972 4686 13403 34389 150 1282 124493 1759 1005 4187 16694 171 68361 1354 41241 790 1418 9580 4547 5425 176 474 919 1636 1134 17101 1960 10119 381 366 2833 484 710 14432 6647 840 617 2747 19627 52217 1988 336 12831 153 306 215 127092 17594 1887 12492 12467 2539 95389 3043 21801 156 29808 4127 195 884 4610 20366 11877 654 1785 13472 100422 1917 1163 374 802 5021 87773 2898 3354 18448 52939 1712 1297 1779 158 754 103 6315 60128 16429 14741 57219 1787 272 33709 2935 96125 31096
internal_value=4.60014e-07 0.00109125 -0.00154448 0.000439576 -0.00226675 -0.000307595 -0.000631175 -0.000754549 0.00269438 -0.00144018 0.00107533 0.00217153 0.00188642 0.0105625 -0.000321745 0.0017345 0.0031357 0.000430593 0.0124737 -0.00131661 -0.000872713 0.00559351 -0.00317343 0.00488739 0.00762144 -0.00103419 0.00474968 0.00768054 -0.00221273 -0.00357211 0.00130684 0.00408811 -0.000591876 -0.000433399 0.00527552 0.00132384 -0.000103707 0.00156784 -0.000372746 -0.000242213 -0.000326218 -0.00224295 -0.00328087 0.0128158 -0.000276476 0.000308237 -0.000646921 0.00123358 -0.000722565 -0.0036635 -0.00312683 4.14075e-05 -0.00373053 -0.0104025 -0.00338135 0.00143367 -0.00400254 -0.00281162 -0.00305865 0.0024668 0.00379978 0.00257544 0.00583565 -0.00371122 -0.00868921 -0.000806406 0.00161261 0.00218788 0.00656379 0.00292987 -0.000424211 0.00099848 -0.00454958 -0.00799695 -0.00031183 0.00281937 -0.000378143 0.00702288 0.00105209 -0.000156137 0.00154691 0.00299205 -0.00148549 0.00772198 -0.000231835 0.00219976 0.00113305 0.00051316 0.0022319 0.000800224 0.0155201 -0.0126802 0.00146415 -0.00189291 -0.000863545 -0.0162805 -0.00483399 -0.000663715 0.00150078 -0.00135503 -0.00909068 0.000663007 -0.000359899 0.00116409 0.000390438 0.00361257 -0.00424749 0.0016889 0.00118298 -0.00299619 -0.00126372 -0.00744657 0.00882091 -0.0136378 -0.0217288 -0.00320788 -0.000985197 0.000973086 -0.00133728 -0.00233621 0.00578997 0.00156207 0.0047355 0.00535342 -0.00297022 -0.00344871
internal_weight=270677 158659 112018 112805 62549.7 51858.1 49468.4 48508 45853.5 32722.5 60947.2 33346.9 30180.7 518.092 38646.9 29662.6 8906.71 29948 152.385 21910.1 24486.2 960.396 29827.2 3166.21 1485.63 23770.4 356.507 309.766 9031.66 4911.02 14868.9 12506.6 4120.64 15079.1 6611.02 53546.8 7815.94 45730.9 38494.5 37159.5 36887.2 3289.43 2730.2 70.2817 36725.8 20699.4 11333.7 14810.5 7400.4 1471.88 8236.3 1318.12 6918.18 342.493 6575.68 698.586 1334.97 25146.3 22879.9 1680.57 1405.77 660.873 451.082 2659.92 490.612 11147.2 45531.6 22467.9 921.177 505.069 4097.04 14097.4 452.78 336.705 14738.7 559.225 156.8 97.508 23063.8 6845.11 3000.39 2148.79 3844.72 553.055 14643.8 2056.88 20755.9 13271.4 7484.45 4391.99 106.565 315.394 9365.67 5915.15 4085.97 243.865 376.591 14474.7 15129.9 1524.45 314.786 1209.66 1122.5 992.513 13164.9 1206.02 2224.32 5391.56 13644.6 1777.65 1280.63 497.023 206.328 238.354 118.672 1074.3 19685.8 2999.28 16686.5 9043.87 799.379 16218.7 6002.03 3515.16 22632.2 16310.4
internal_count=2080323 1216014 864309 870424 481933 404700 382376 376064 345590 248486 465724 249557 225843 2506 299408 223337 70756 233975 585 170725 186520 6312 233447 23714 11205 181198 1852 1627 69443 37773 114039 96033 31670 119936 51699 409095 58723 350372 298823 289498 287739 24334 19994 321 286734 162241 89270 113737 56629 10998 61966 9972 51994 2188 49806 5071 9325 196396 179295 12509 10500 4835 3199 19673 2979 87916 349090 168100 6182 3364 31599 108270 3114 2324 111755 4340 836 521 180990 53626 23565 16918 30061 4426 111263 15874 152581 96845 55736 33935 351 2012 72971 46675 32243 1538 2495 115250 110539 10117 2003 8114 7740 6938 96494 8721 15931 42983 105156 12577 9482 3095 1455 1316 562 8027 154794 22706 132088 71960 6277 127364 47112 27773 177335 127221
is_linear=0
shrinkage=0.02


Tree=29
num_leaves=127
num_cat=0
split_feature=10 10 14 53 53 40 49 27 27 8 29 38 34 1 53 26 29 40 5 29 14 1 28 39 10 25 26 14 40 28 6 18 38 39 19 15 15 15 6 34 19 38 48 39 17 39 29 5 38 19 27 27 48 48 18 14 28 44 34 50 38 8 39 45 18 25 39 39 39 16 14 29 48 44 27 46 29 2 5 13 6 48 5 26 2 44 5 52 14 48 6 28 45 53 7 17 26 29 45 35 57 19 38 31 37 34 35 48 31 44 29 39 27 34 5 29 40 26 22 31 38 53 2 45 27 46
split_gain=1095.32 398.117 179.756 128.675 101.363 92.3007 90.2009 80.4778 80.2462 65.9654 61.9928 95.708 92.4413 59.2625 87.7462 59.2916 58.8066 58.678 56.7001 65.6832 55.3181 54.8379 59.5052 57.0342 54.1839 52.8783 52.5389 55.3293 49.7928 48.9625 61.5229 57.9465 49.6437 48.6267 47.9178 47.7956 46.4543 45.3115 45.0085 44.0358 43.8654 43.8631 42.9607 41.8053 57.8658 47.4058 43.9596 67.934 41.7329 41.0509 40.5618 50.8304 40.3754 39.7875 39.3503 39.2379 39.1529 39.0472 38.9857 37.9902 40.991 37.8795 37.8631 37.2031 36.2097 40.3169 36.1076 61.7647 39.8864 35.7909 35.7378 34.5027 36.6174 34.2433 33.8868 35.1399 33.8485 37.2078 34.6743 48.449 37.3538 35.4936 33.8325 33.6495 37.9815 37.5874 33.6488 33.4317 33.3882 33.31 39.7832 35.4562 35.2577 33.4244 33.2974 33.254 35.4351 33.2531 46.8278 60.1016 44.2871 42.0504 34.5887 34.1027 38.721 35.0256 33.1286 32.9013 33.2643 38.1862 32.8955 32.9493 32.6409 32.4256 93.8733 42.9802 46.9536 35.6575 32.3968 32.2267 39.0849 32.1989 31.7518 31.5371 31.3846 31.3282
threshold=0.40821878612041479 -1.3676642775535581 -0.33716261386871332 -0.050537440925836556 -0.61932978034019459 0.12500000000000011 0.83574965596199047 -0.87837970256805409 -0.60785761475563038 1.25889128446579 1.7218470573425295 -0.24098552763462064 0.070833336561918273 0.016307182610034946 0.72460162639617931 0.37940952181816107 6.393367052078248 0.46650633215904241 0.045967429876327522 -0.29507577419281 -0.67409873008728016 0.0021605383371934299 0.81174489855766307 0.780208319425583 2.8735290765762334 -0.7865660786628722 0.78656607866287243 -4.1616735458374015 0.12500000000000011 0.81174489855766307 0.11386466026306154 -0.62293881177902211 0.14028084278106692 0.77604165673255932 2.986186265945435 1.9769370555877688 6.8558037281036386 2.5482475757598881 0.85157540440559398 0.13750000298023227 3.7132880687713627 0.23691798746585849 0.0049872153904289016 0.47187499701976782 2.307742834091187 0.038541667163372047 -1.8098145723342893 0.13881086558103564 0.10470659285783769 2.8719992637634282 0.6078576147556306 0.87837970256805431 0.0094448970630764979 -0.098494205623865114 -0.088825967162847505 -3.7355720996856685 0.81174489855766307 -0.0012548317899927495 0.095833335071802153 -1.2959967851638792 0.08249282464385034 -0.83918556571006764 0.94062501192092907 -0.025635604746639725 -0.49980133771896357 -0.37940952181816096 0.3510416597127915 0.43854166567325598 0.17604166269302371 -0.42541921138763422 -2.4979233741760249 5.9371590614318857 0.0036697265459224586 -0.032952412962913506 0.87837970256805431 0.022632901556789878 -7.3928415775299063 -0.06366445496678351 0.46725425124168402 0.68748238682746898 3.6207104921340947 0.063448324799537673 0.32104983925819403 0.60355338454246532 0.0033418070524930958 -0.00025464005011599505 0.23164860904216769 -0.085195943713188158 -0.40071308612823481 -0.043801061809062951 -1.2203797101974485 0.81174489855766307 -0.020747395232319828 0.72460162639617931 0.37670274078845983 3.4134984016418461 -0.98296290636062611 -4.6644926071166983 -0.014553633052855728 0.12500000372529033 -0.050708061084151261 1.2573445439338686 -0.13400920480489728 0.10999999567866327 1.3707425594329836 0.045833334326744087 0.17500000447034839 0.008929583244025709 0.12999999895691874 -0.011065545957535504 5.5565536022186288 0.18854166567325595 0.87837970256805431 0.11250000074505807 0.20711264759302142 -10.758540153503416 -0.3415063470602035 0.78656607866287243 -0.19671396166086194 0.14999999850988391 -0.0151008078828454 1.4836614131927492 -0.0026611600769683714 -0.020747395232319828 -0.60785761475563038 -0.063792809844017015
decision_type=2 2 2 2 2 2 2 2 2 2 2 2 2 2 2 2 2 2 2 2 2 2 2 2 2 2 2 2 2 2 2 2 2 2 2 2 2 2 2 2 2 2 2 2 2 2 2 2 2 2 2 2 2 2 2 2 2 2 2 2 2 2 2 2 2 2 2 2 2 2 2 2 2 2 2 2 2 2 2 2 2 2 2 2 2 2 2 2 2 2 2 2 2 2 2 2 2 2 2 2 2 2 2 2 2 2 2 2 2 2 2 2 2 2 2 2 2 2 2 2 2 2 2 2 2 2
left_child=1 8 6 9 -4 20 13 -6 34 29 11 12 33 14 16 17 -2 124 19 -13 41 -9 23 24 36 106 27 38 -21 31 64 32 122 50 48 121 74 55 -7 69 -15 89 125 44 45 -20 94 -48 63 -35 -10 73 -50 -42 -46 -28 71 -57 87 60 -29 -36 76 -1 65 70 68 -68 -24 95 -31 72 -17 -52 -23 -76 -8 -78 80 -80 83 -82 119 85 -85 86 -79 -11 -71 90 -5 -92 -91 -94 -45 96 112 98 99 102 -100 -101 103 -98 105 -105 -12 108 -47 113 111 -44 -33 115 118 116 -110 -118 -115 -65 -121 -22 -3 -124 -16 -32
right_child=2 3 4 5 7 26 62 21 10 58 25 18 -14 40 15 56 -18 -19 43 28 35 22 66 -25 -26 -27 37 59 -30 30 42 39 -34 49 61 -37 -38 -39 -40 -41 53 -43 110 46 54 107 47 -49 52 -51 51 -53 -54 -55 -56 57 -58 -59 -60 -61 -62 -63 -64 82 -66 -67 67 -69 -70 88 -72 -73 -74 -75 75 -77 77 78 79 -81 81 -83 -84 84 -86 -87 -88 -89 -90 92 91 -93 93 -95 -96 -97 97 -99 100 101 -102 -103 -104 104 -106 -107 -108 -109 109 -111 -112 -113 -114 114 -116 -117 117 -119 -120 120 -122 -123 123 -125 -126 -127
leaf_value=0.012708127231203226 0.00028942765278546607 0.0047323976365568187 0.001019222402598576 0.0062671442246800806 -0.0044409113775296313 -0.020103889704726714 -0.0073703242222308354 -0.00096325716764544085 0.016390713438892049 -0.00091156542925941071 0.0023299295020266092 0.0056707658090047073 0.022907091811321667 0.0007504176356725134 -0.0036408556300310431 -0.0018529267855554013 0.0084306011799583688 0.0050730226077657569 0.0042396859761009995 0.0035677521740411717 -0.0003401378885786968 -0.0041528383367167108 -0.0015355690384148836 -0.00090559535508159296 -0.00037317849129494044 0.0067590999711212643 0.025555043094767638 0.00092534752622244266 -0.001509080372488732 -0.015784369867494336 0.0092953213204540492 0.0029609710162919588 -0.0070329076140163869 0.0073963209707280462 0.0061945752070897931 0.0050778238532636459 -0.015612654185213522 -0.0096540561227074356 0.0086268295115543691 -0.0086151622522500013 0.027550643707271227 0.018910347023360318 -0.0053582214585324263 0.0044604258501601242 0.025520745924164961 0.00089599915455397462 0.001992298476615262 -0.0055451088711883454 -0.0074603251999821006 -0.020294726226593757 -0.029017165186714506 0.010532720097727847 0.015597609402523969 0.0042928249576737274 0.00091270838833523282 -0.0052297727056210509 0.00081535656299442619 -0.0011796847932089439 -0.0070864880170048031 -0.0011156532479887672 0.011759412014722605 0.0027030877360919785 0.0023327222464084082 0.0039028467764355562 0.0020246594707859136 -0.0066987933218339872 -0.008391579296061543 -0.00084725194964227208 0.0033836705612930633 0.0023167525860300427 0.0068628171688619446 0.0039788517441669774 -0.0061851624766763339 0.0036901138309539823 -0.0014033849938265975 -0.0070816674651939812 0.01887215731146127 -0.00020585800073297665 0.007620402418964215 -0.019772180059865096 0.0061942385250325924 -0.014803152943048912 -0.023322603657643989 0.00054250920465428955 -0.0024610241144833061 -0.0026767385226161566 0.013601255155424654 0.0031471559677212898 0.0004656829636942561 -0.012190198729746667 -0.004650380913507229 -0.022000913928347861 0.0025081660115986609 0.00053325424289991908 -0.0098801162722458487 0.0074256805287962824 -0.012251685345372208 0.00070855441472539933 0.0012891555807415568 -0.021905509260503327 -0.0063964879650242057 0.010270841681129295 -0.0069493782312374797 0 -0.014167900605455131 0.016792147437601383 -0.010763232522399267 0.002209238342391109 -0.027530752425586353 -0.00012479507428253444 0.024978663645104784 0.004985196482384306 0.014188967763097776 0.017478824439638597 0.020395188777106749 -0.003454116427357959 0.010596056205269374 -0.01915583703964344 -0.011746493307245205 -0.0033926013913212856 0.0029470635534836649 -0.0032784832720406049 0.021559101931373285 0.0016312574644601569 -0.00050350039706565069 -0.0036374874101538896
leaf_weight=156.81550852954388 16302.543217375875 3759.8530638366938 3305.7513693422079 107.19867100566626 7947.6432893201709 99.699864514172077 433.29575750976801 10115.534587286413 137.43098279833794 6321.7168911471963 1079.3134816214442 2803.5026763230562 160.90721512585878 4473.2620763033628 1656.9993308186531 1142.6698872670531 361.82055781781673 643.31279215216637 1251.6986533626914 1871.2832013070583 12245.531591437757 15216.978898510337 1316.2055170461535 4122.0653724968433 2039.7824100032449 2003.4879125878215 18.667067117989063 2292.4318747296929 1314.7604488655925 31.435561470687389 76.092491336166859 679.39329643547535 181.38189041614532 36.835237756371498 4560.0182873904705 596.57528834044933 131.42012996226549 403.403389967978 27.166110828518867 179.66828487813473 29.122987322509289 55.303746998310089 180.45966123044491 3250.473865814507 61.45460020005703 5058.5680584385991 4812.4572758600116 530.05423103272915 251.5521322414279 48.711043462157249 28.133933424949646 82.771553888916969 33.560163885354996 1384.1694889813662 44.802019529044628 1564.6437074691057 682.65490900725126 2434.3673566058278 364.35993765294552 14102.516516894102 147.80510368943214 1713.3934469595551 903.22870474308729 4101.0502065718174 4014.5180517360568 423.8932813629508 542.22689928114414 2163.6583642363548 1318.8654089421034 15683.890714995563 197.68606768548489 186.77129811793566 2473.4370676130056 22.395051799714565 3574.3212071061134 495.82116947323084 33.997703976929188 1809.9311221465468 35.146990455687046 91.503402926027775 364.60105281323195 34.339793637394905 18.676743447780609 4209.5163045078516 2805.4342255219817 14056.171097196639 72.464231908321381 930.31243159621954 5189.2532432153821 75.030508078634739 267.38445910811424 56.509670875966549 6499.5944180265069 7256.8889752551913 65.127113021910191 285.85788974910975 48.343816444277763 16151.314221978188 427.2818663045764 16.208583846688271 1001.0903305634856 308.08350297063589 293.48130975663662 89.458752036094666 31.697315499186516 110.59598142653704 82.250486098229885 2577.2566935569048 63.215594962239265 3888.7333264946938 24.318879634141922 382.58808064460754 121.50560872256756 16.945694774389267 82.580476835370064 1804.1896450668573 33.994070783257484 28.878007143735886 99.110781729221344 615.91752395033836 1051.6882961913943 1697.9429069384933 31.173815056681633 2623.4688653126359 5533.6744043827057 2692.2416755706072
leaf_count=970 126227 29257 26109 739 62950 438 2505 80447 707 48487 7979 22385 654 31659 13005 8905 2533 4986 9160 14991 97539 119246 10073 32196 15271 15170 115 17839 10481 216 352 5004 1345 187 34958 4625 842 3025 156 1132 55 288 1401 23083 218 37506 37738 3733 1533 265 123 428 239 9731 133 12367 5326 19272 2581 110066 1104 13344 6881 32055 30491 3223 4234 16803 10184 124185 1555 1418 19354 142 27892 3757 162 13995 168 432 2481 217 60 32700 21089 107571 406 7244 41453 502 1906 331 50301 55782 445 1256 226 121713 2992 97 6398 1922 1916 497 167 569 565 19822 187 29542 174 2981 896 124 431 12439 129 94 696 4595 8279 13472 208 20685 42499 19934
internal_value=4.51934e-07 0.00106952 -0.00151371 0.000430792 -0.00236995 -0.000326931 -0.000763957 -0.0025987 0.00264109 0.00103296 0.00212851 0.00184904 0.0103709 -0.000107761 -0.000479372 -0.00175918 0.000466746 -0.000708953 0.00170006 0.00343841 0.000408034 -0.0022418 -0.00265998 -0.00306088 -0.00347479 0.00479131 -0.00133259 -0.000818328 0.0014726 0.00127356 -0.000170768 0.00151903 0.00325775 0.00465811 0.00400765 -0.000460839 -0.00380051 -0.00327074 -0.0139245 0.00123657 0.00172156 0.00129043 -0.00223602 0.00126 0.000621502 0.000516066 0.00236672 0.00124339 0.00276403 -0.00841204 0.00880748 0.000918005 -0.00469768 0.00479194 0.0152596 -0.00262732 -0.00359262 -0.00276547 -0.000711754 -0.00071692 0.00158652 0.00524172 -0.00168469 0.00312283 0.00131398 -0.00304993 -0.000739469 -0.00236196 0.000926504 0.00128058 0.00369618 -0.00438416 -0.00481737 -0.0147112 -0.00371916 -0.00209692 -0.00183635 -0.00173402 -0.00176471 -0.0121624 -0.00170775 0.00435184 0.00286078 -0.0018133 -0.000658707 -0.00232133 0.000332066 -0.0003904 0.00185665 0.00122071 -0.00424737 -0.007739 0.00139151 0.00146654 0.00417554 0.000665863 0.000565197 0.000386493 -0.00184852 0.0017286 -0.00409742 0.00859715 -0.00216124 0.00285903 0.00605454 0.00931815 0.00139348 0.000174339 -0.000299215 -0.00130409 0.00267247 0.00166468 0.0046812 -0.00345667 0.00421945 -0.00424889 -0.0154967 -0.0031397 -0.00735782 0.00294975 0.000604327 -0.000698231 0.00354995 0.00187368 -0.00122701 -0.00327842
internal_weight=270656 158645 112010 112801 52290.3 49948.7 59720.1 48984.5 45844 62852.6 33341.3 30176.3 517.185 34870.4 28983.9 12319.5 16664.4 7833.99 29659.1 5989.55 28858 41036.9 30921.3 25580.4 21458.3 3165.05 21090.7 16669.6 3186.04 55236.2 8023.23 47213 6595.88 356.278 12502.7 14540 19418.5 4421.08 126.866 40617.1 5886.55 14317.9 3355.7 23669.5 15011.4 14905.2 8658.11 5342.51 6229.26 85.5463 270.732 133.301 285.112 1413.29 106.257 4017.68 4485.53 3999.01 7616.39 16542.8 2440.24 6273.41 24849.6 5944.15 4667.53 653.015 5340.96 2705.89 2635.07 40437.5 229.122 3802.88 3616.11 50.529 19287.1 4070.14 23946.4 23513.1 23479.1 126.65 23352.5 398.941 5787.33 22953.5 7014.95 15938.6 1882.4 7252.03 20873.1 14262.6 431.093 323.894 13831.5 13756.5 3315.6 19564.3 19278.5 18477.6 2326.24 897.869 1428.37 324.292 573.577 280.096 231.752 200.055 1161.56 13653.5 11076.2 6017.65 587.367 563.048 800.899 2128.91 198.637 1930.28 126.088 62.8721 116.056 5768.66 1667.61 13943.5 6414.5 2654.64 7190.67 2768.33
internal_count=2080323 1216014 864309 870424 410004 389867 454305 383895 345590 480557 249557 225843 2506 265698 224253 95493 128760 60490 223337 47857 225485 320945 240498 199204 167008 23714 164382 129603 25472 422245 60327 361918 51495 1852 96033 115636 151737 34779 594 310423 41445 109849 24842 175480 110481 110130 64999 41471 47731 452 1400 693 1772 9786 351 31754 35003 31639 58312 129009 18943 48302 188607 45959 35485 4994 41294 21037 20257 309291 1771 29677 28259 265 150895 31649 181726 179221 179059 600 178459 2698 44989 175761 53789 121972 14401 55731 165638 109561 2976 2237 106585 106083 23528 143653 142397 136497 14784 5394 9390 2019 3375 1459 1233 1066 8544 100970 81148 43642 4556 4382 5900 14100 1251 12849 410 223 820 44929 12874 111011 50150 20893 55504 20286
is_linear=0
shrinkage=0.02


Tree=30
num_leaves=127
num_cat=0
split_feature=10 51 14 53 53 40 14 27 25 29 26 49 9 21 16 48 25 47 15 27 2 34 54 25 39 39 54 47 47 27 35 4 34 47 29 10 53 45 29 26 40 14 54 8 34 55 39 31 53 31 18 39 39 2 48 18 40 48 55 40 35 2 27 26 14 29 54 44 4 34 26 55 34 39 39 39 55 54 44 45 37 39 50 20 29 53 39 25 47 18 19 26 19 6 34 14 39 47 20 19 10 48 39 48 18 16 55 52 39 39 3 27 20 21 45 47 33 48 35 48 6 29 4 55 53 39
split_gain=1062.32 352.984 180.378 122.088 90.0577 80.2376 98.6161 89.3445 82.4495 87.2015 79.4722 78.0244 73.0648 70.9067 99.579 70.5733 70.0943 69.649 70.2568 65.3065 64.3569 125.976 66.3181 64.6486 61.3224 68.5412 57.8798 59.0809 57.7085 56.9651 56.8208 59.4135 56.3221 53.1646 51.571 51.4454 48.4659 57.3278 56.2805 49.186 55.2367 48.4635 49.2707 48.3532 48.1426 48.1397 47.1719 46.8289 48.2522 45.603 50.7346 44.5574 44.1344 44.0078 48.4181 43.8243 44.3046 43.7324 43.3165 43.0738 42.801 42.5674 42.4345 46.7212 60.9162 44.7732 42.1237 85.7966 43.3305 41.0337 51.0958 42.1641 40.0757 40.0363 39.9724 60.7319 39.7609 39.4983 38.9111 45.4016 53.766 42.9305 40.2604 55.1485 42.8324 38.8319 52.8989 38.4801 44.5821 37.6595 39.4844 37.5477 37.53 37.5187 37.1813 48.0831 42.6844 36.9108 36.665 36.6217 36.6161 36.6106 42.3995 36.2735 39.1633 36.6386 47.2589 42.8416 41.8087 36.2371 36.2208 36.0945 36.0604 35.9397 35.8542 35.6149 35.4745 42.1716 47.1417 43.4244 49.9026 35.2019 35.1333 34.9707 34.9104 34.8781
threshold=0.39314457774162298 -1.5334523916244505 -0.33716261386871332 0.61167624592781078 -0.61932978034019459 0.12500000000000011 -3.4206897020339961 -0.60785761475563038 -0.37940952181816096 -4.9203901290893546 0.60355338454246532 1.0010118484497073 -1.2473492622375486 0.6511158049106599 -3.9366215467452998 -0.071228876709938035 -0.37940952181816096 -0.0056999402586370698 4.0278315544128427 -0.87837970256805409 -0.06366445496678351 0.037500001490116126 0.076233286410570159 0.60355338454246532 0.17604166269302371 0.44687499105930334 0.27026110887527471 -0.055100105702877038 0.060221116989851005 1.0000000180025095e-35 1.0000000180025095e-35 0.29507356882095342 0.16250000149011615 -0.039382034912705415 10.144746303558351 3.0496335029602055 0.76753011345863353 0.015516425482928755 6.393367052078248 0.37940952181816107 0.46650633215904241 -1.1100798845291135 0.10454528406262399 0.83634826540946972 0.16250000149011615 0.080665484070777907 0.084375001490116133 0.12999999895691874 1.1476377844810488 0.12999999895691874 1.0429077148437502 0.45937500894069677 0.69270834326744091 -0.00077888896339572955 0.019293557852506641 0.71637243032455455 0.46650633215904241 -0.021657962352037426 0.43776553869247442 -0.12500000000000003 0.17500000447034839 0.0087026860564947146 1.0000000180025095e-35 -0.37940952181816096 -2.437016367912292 -5.6201069355010977 0.36712509393692022 -0.012829122133553026 0.47046864032745367 1.0000000180025095e-35 -0.7865660786628722 0.2647025734186173 0.14583333581686023 0.46354167163372045 0.055208332836627967 0.39270834624767309 0.069157738238573088 0.36712509393692022 -0.0050908837001770726 -0.046839609742164605 0.94254520535469066 0.35520832240581518 -1.5077269077301023 0.49039168655872351 -6.0533671379089347 -1.3271238207817075 0.27187500894069677 0.12940952181816109 -0.044350966811180108 -0.62293881177902211 8.1584777832031268 0.78656607866287243 1.7131556868553164 -0.70653995871543873 1.0000000180025095e-35 -3.1681299209594722 0.20937499403953555 -0.086883541196584688 0.59651166200637828 8.1584777832031268 -0.68270978331565846 0.021539328619837764 0.81354168057441723 -0.021657962352037426 -0.58036762475967396 -0.72807073593139637 0.31074346601963049 -0.10264600813388823 0.53854167461395275 0.27187500894069677 1.2990713119506838 -0.60785761475563038 0.44078257679939276 0.82914996147155773 0.044169273227453239 -0.033972058445215218 -0.031052653677761551 -0.058986606076359742 0.075000001117587103 -0.0018004227313213048 -0.78402313590049733 2.5007426738739018 0.25830204784870153 0.074073281139135375 1.9241292476654055 0.94062501192092907
decision_type=2 2 2 2 2 2 2 2 2 2 2 2 2 2 2 2 2 2 2 2 2 2 2 2 2 2 2 2 2 2 2 2 2 2 2 2 2 2 2 2 2 2 2 2 2 2 2 2 2 2 2 2 2 2 2 2 2 2 2 2 2 2 2 2 2 2 2 2 2 2 2 2 2 2 2 2 2 2 2 2 2 2 2 2 2 2 2 2 2 2 2 2 2 2 2 2 2 2 2 2 2 2 2 2 2 2 2 2 2 2 2 2 2 2 2 2 2 2 2 2 2 2 2 2 2 2
left_child=1 20 11 5 -4 6 10 15 9 -8 44 26 -5 14 -12 33 -16 29 41 -6 21 24 100 112 -1 -26 27 -2 35 46 103 72 49 -7 62 101 38 39 -29 40 111 42 45 69 66 -19 60 48 -36 50 87 57 -53 -11 98 56 94 -51 -59 123 -9 -40 -28 64 -64 -65 68 113 -3 -10 77 -72 -32 109 -33 -76 -41 89 79 80 -48 -82 -81 -84 -85 86 -70 88 -24 -71 -91 114 -35 -27 95 -17 -97 -25 -55 -78 -22 102 -21 104 -31 106 108 -108 -106 -44 -37 -38 -23 -68 -61 -100 -15 118 -118 120 -119 -39 -86 -14 -50 -13
right_child=2 3 4 12 19 7 8 17 43 53 13 125 59 116 16 55 -18 18 -20 28 22 23 32 97 25 93 34 36 -30 30 31 74 -34 92 47 110 37 121 61 76 -42 -43 73 -45 -46 -47 78 -49 124 51 -52 52 -54 54 -56 -57 -58 58 -60 91 -62 -63 63 65 -66 -67 67 -69 85 70 71 -73 -74 -75 75 -77 99 -79 -80 82 81 -83 83 84 122 -87 -88 -89 -90 90 -92 -93 -94 -95 -96 96 -98 -99 115 -101 -102 -103 -104 -105 105 -107 107 -109 -110 -111 -112 -113 -114 -115 -116 -117 117 119 -120 -121 -122 -123 -124 -125 -126 -127
leaf_value=0.020293899135875457 -0.0086310788843470907 -0.0036791438018119078 0.00085723864111675796 0.0011815320038712637 -0.0041947979231389942 -0.00068615909781358914 -0.0028896673698107383 0.009892884373046645 0.00040539770359282679 0.0040870880317665486 -0.029301411911912999 -0.0018459035031768648 -0.0011806002850766582 0.017196463153046727 0.010106534784259456 -0.019460407690398453 -0.010340779494868313 -0.00044195174072594249 -0.01912755596717192 -0.0023040647198085029 0.00382703655843511 -0.0026716540381840448 0.0097926312947436162 0.01231266781963869 -0.024867185708412384 -0.015366867587997131 0.0089676607220565783 0.00022712503077336737 -0.0093817245072205808 0.0067665481504436799 0.0028620390445341431 -0.010309876651881805 -0.017259965416674409 0.0049579276723990904 0.018977170565519067 -0.00080264155339638545 -0.0036879144262319612 -0.00053816846658769361 0.012235404693443126 -0.0058560913495471758 0.0046007154104265018 -0.0022101594802218668 -0.00093230676383859647 -0.00049760058255076734 -0.027410708364492407 0.004383325528238711 0.022758546857927366 -0.020415606901058335 -0.02207632900297269 -0.0022057209947316699 -0.0073191258554363009 0.0049581905911599486 0.00038004896820903282 -0.0037088378616600692 0.0065992114043385234 -0.0024108576320215134 0.0051965831485009219 0.0014452055991806326 -0.030983809106999424 -0.0011130715010818841 -0.010508230307689569 0.001432558205612207 0.022595727712954494 -0.017990947802161161 0.0015296030378304081 0.0001912971607446702 0.00084038144452806037 0.010912625494146646 -0.027767024517514918 0.00764441700182549 0.0012443192361168592 0.021241723219349723 -0.020463550120650691 0.0023806620360129452 0.022961874514366772 0.00081844845703625394 -0.0022795802903336809 -0.026133106062317883 -0.00013374643953886761 0.0043808357194048348 -0.018636148164723559 0.016372438353633893 -0.016905679146858348 0.0079450037889759791 -0.0043750491423665792 -0.035756914950452835 0.010608294697953529 0.0014214164187853308 0.0035897681445951346 0.0033250841830512676 -0.012179820248855751 -0.0036384298419153533 -0.023713174434276368 0.013262853426222257 0.0027865860985151754 -0.0038103500036542745 0.0018527557109794574 -0.0056781629714996243 0.015292439098970734 0.013914867784149869 0.00072825423880807912 -0.0035494703071890133 -0.00017754818356761993 0.0014999404292047589 -0.012796160627955711 -0.00060164689989892649 -0.0061085156279420214 0.027915842364383214 0.0015753962844528957 -0.0067736144125078732 0.0048213921196517346 -0.00047766951176424774 0.017328396238772865 -0.013898091992218205 -0.019704457101825282 0.0014628663601677326 0.020286669654226368 0.019550898119594779 0.0023856750665599193 0.012070530402622468 -0.0041012110543494889 0.0032963237482631848 -0.016541188981950984 0.0011506295426410378 0.0081033518437191275 0.0024874524264926362
leaf_weight=27.389322809875011 339.26216475665569 2201.053679600358 3336.3627245947719 7974.7229207456112 7973.5076449289918 163.93983966857195 976.19443563371897 262.60346728563309 8617.1764236614108 9584.8142566978931 55.446388281881809 20645.477878578007 5201.3566007092595 96.489671684801579 133.92526941001415 49.53919880092144 132.32716820389032 1817.5872661545873 87.307181134819984 26483.326003782451 16073.309495948255 38.732143245637417 513.07745132595301 78.050721555948257 76.859555169939995 29.32704658806324 610.73406930267811 19426.397207513452 443.98498935997486 148.95937042683363 4186.791334182024 26.109675742685795 60.730341196060181 22.102754041552544 38.486603736877441 1598.7693855538964 1823.8064307644963 2243.825847029686 274.78119342029095 1587.1554477661848 709.30084698647261 8220.5405400395393 929.48330114781857 5950.5207192972302 31.936333350837231 1515.7516862154007 53.412814497947693 61.014314413070679 35.052808649837971 2428.4803077504039 188.54461158066988 1733.4780358374119 1638.790367744863 565.76332256942987 729.2279295399785 803.51758990436792 1884.8910665661097 3463.0127037391067 15.553647018969057 11383.614817120135 47.847002893686295 310.94984834641218 77.142034366726875 66.741514407098293 185.59836615622044 269.84047590941191 151.27631975710392 236.32333540171385 26.520126029849052 872.8177167698741 10474.91015778482 41.356623835861683 28.675153352320194 603.62871618568897 146.64720714837313 74.821686141192913 3228.9161918535829 16.629331812262535 3676.9858696609735 173.201451651752 34.757774323225021 22.07073125988245 158.22265791893005 102.35975389182568 1025.1753034740686 30.715720281004906 29.197914555668831 3228.5214422494173 4779.228797018528 4182.5596627444029 65.759652949869633 3179.8892027661204 95.008869834244251 45.20338412374258 5021.093788176775 744.11579092592001 1863.4983464553952 106.84566152095795 74.95659451186657 55.83839376270771 1686.6722859069705 7643.3582929074764 4370.5748312026262 1933.7738223895431 390.02007530629635 580.36992089450359 32.514862030744553 25.690221771597862 101.70533306151628 782.69030648469925 640.77672968059778 6037.6408067047596 463.7484343200922 116.34069503843784 40.655863456428051 3937.8803185224533 117.49173241853714 38.455856844782829 117.78129966557026 113.8010566458106 371.94549938291311 1668.9506569206715 103.96471360325813 5093.3905941173434 25.898783162236214 769.66169691830873
leaf_count=113 2368 14364 26351 62099 63203 1120 7083 1920 67212 74982 134 156821 41393 613 831 336 735 14247 505 208771 127254 122 3217 303 208 118 3574 150404 3164 1114 31976 106 388 169 160 12370 14255 16927 1914 12527 5475 65120 6854 46577 128 11753 200 250 137 16534 1350 12684 11867 4417 5638 6277 14771 25857 58 88751 333 2072 363 312 1209 1752 686 993 77 6866 81987 251 215 4555 664 397 24911 88 28040 1180 154 104 805 601 7743 78 141 23966 35707 32714 522 24907 585 223 39478 5878 14781 432 578 419 13372 59005 34451 15062 2598 4524 189 116 736 5839 4455 46356 1736 606 235 31101 636 269 710 806 2524 12231 541 39141 150 5880
internal_value=1.58202e-05 0.00107697 -0.00146419 0.000555611 -0.00232207 0.00094398 0.00146947 0.000250157 0.00173094 0.00289832 -0.00154201 -0.000719753 -0.000484377 0.00282031 -0.00517213 0.00180394 -5.2684e-05 -0.000356005 -0.00134359 -0.0025379 0.00279561 0.00818064 0.0026651 0.0120677 -0.00674305 -0.0117422 -0.000187979 -0.000334791 -0.00221697 0.000677464 0.00179987 0.00325964 0.00181106 -0.008067 0.00384783 -0.00213863 -0.000259213 -0.00103265 0.000411511 -0.0016528 -0.000740376 -0.0012302 0.000195782 0.00111787 -0.0033623 0.00175258 -0.000844453 -0.00677388 0.00170653 0.00187646 0.00291587 0.000900576 0.00273446 0.00327795 0.00181613 0.0020724 0.00244941 -0.000146485 0.00129106 -0.00101801 0.00672178 0.00651437 0.00526152 0.0014745 0.00778075 -0.00345375 -0.00307709 0.00215269 -0.0042301 0.00151398 0.0021241 0.00132507 0.00269832 -0.00204441 0.0127638 0.0155227 -0.00325726 0.00375882 -0.00128486 -0.00381237 0.00853724 -0.00497442 -0.004689 -0.00582243 -0.00438508 -0.0180463 -0.0078071 0.00314329 0.00419305 0.00386116 0.00308204 -0.00171639 -0.0182974 0.00192978 0.0017743 -0.000138519 0.000235492 0.00193635 0.00105284 -0.00199983 0.00353286 -0.00231006 -0.00200288 -0.000227884 -0.00283964 -0.00411136 -0.0078057 0.00910993 -0.00982445 -0.00360554 0.000807489 -0.00122293 0.0157825 -0.00559101 -0.00118104 0.00172519 0.00582781 0.00436142 0.0113774 0.00119493 -0.00184037 0.00109756 -0.00550977 -2.71129e-05 -0.00931281 -0.00169001
internal_weight=270565 157582 112983 120907 52490.7 88033 50091.6 37941.4 46090.6 15868.8 4001.03 60492.5 32873.6 1177.66 321.699 10647.7 266.252 27293.7 13957 49154.3 36675.6 866.156 35809.4 687.377 178.779 151.39 39077.3 37706.8 41180.8 13336.7 7676.08 4463.05 18049.4 281.051 1370.51 40736.8 37367.6 17355.4 20012.1 13442.7 8570.75 13869.7 5649.14 30221.7 2823.36 3333.34 5660.6 160.453 99.4382 17988.7 8709.37 9279.32 3372.27 14892.6 5307.83 10366.7 9563.14 5907.05 3478.57 24898.9 310.45 585.731 1210.06 599.322 262.74 336.582 2791.43 503.94 2287.49 24271.2 15654 10516.3 4215.47 2315.8 247.579 221.469 4871.91 5137.77 5350.15 1673.17 110.241 56.8285 1562.92 1389.72 1231.5 86.4338 55.718 8520.83 5292.31 5121.14 4248.32 14604.2 117.112 74.5304 7678.25 2657.15 2607.61 184.896 4578.6 3284.75 17760 38497.3 30853.9 3213.03 1279.26 1130.3 549.93 58.2051 491.725 1712.17 2239.55 7861.45 502.481 267.617 11424.3 4012.84 855.965 759.475 235.273 524.202 410.401 3912.78 1129.14 10294.7 60.9516 21415.1
internal_count=2080205 1207968 872237 932459 411770 675933 384347 291586 360016 123799 24331 460467 256526 7258 1700 83395 1566 208191 108873 385419 275509 3255 272254 2593 662 549 297766 289859 322216 99318 57697 33358 131628 1874 7907 319052 287491 133101 154390 103943 66086 108368 43248 236217 17073 26000 41621 697 447 131240 64240 67000 24551 116716 41734 81521 75244 42449 25915 194427 2253 3986 7210 3636 1572 2064 16945 2285 14660 189640 122428 82238 32191 17248 1167 1061 37857 40190 39368 11328 458 258 10870 9690 8885 296 218 62890 38924 40102 33236 113893 754 341 60473 20995 20659 735 36096 25330 140626 302227 243222 24339 9277 8163 3639 305 3334 12693 16825 60611 1858 1292 88986 31679 5558 4945 1346 3599 2793 29158 8284 80534 287 162701
is_linear=0
shrinkage=0.02


Tree=31
num_leaves=127
num_cat=0
split_feature=10 51 14 40 47 1 20 12 52 29 54 34 52 25 1 15 2 32 26 32 26 48 47 54 40 20 47 25 54 39 23 33 26 34 54 55 25 5 47 42 39 55 31 39 48 29 48 39 55 6 55 2 19 0 1 28 3 15 47 5 5 20 39 48 39 47 19 18 47 3 24 23 40 29 4 28 35 29 6 54 55 39 19 39 2 28 34 18 55 20 6 39 39 39 48 29 45 14 55 47 5 39 0 26 13 20 19 29 31 18 49 25 47 20 29 15 10 28 12 55 48 39 55 18 20 35
split_gain=1020.32 339.125 173.268 107.783 90.0133 88.0699 89.4002 78.5207 76.2928 81.5573 68.3971 68.606 64.7789 56.7376 74.311 67.8205 64.5378 77.1621 56.5574 66.1756 55.3014 63.5155 54.3819 53.9173 63.5508 60.6503 61.164 50.4794 60.2153 74.3875 56.7974 61.4098 63.8103 50.361 50.2382 56.6017 49.5019 48.6388 48.6371 47.4725 47.171 50.2744 46.9619 47.954 54.7243 46.8753 53.8016 46.8566 56.2768 46.8095 63.2813 57.8395 49.762 46.0295 45.8464 77.5053 45.8352 45.6275 44.4549 44.4391 55.5317 88.915 44.1394 44.059 57.2038 44.0457 43.9522 42.8828 42.1294 48.8819 42.1187 41.0668 40.7234 39.6579 39.6193 39.549 39.211 39.1739 42.2696 39.1383 40.7443 44.1379 38.2699 38.2371 38.0871 40.0893 37.8274 45.6502 37.7678 43.4763 37.4705 37.3451 55.2568 38.0663 41.7226 36.9958 36.8666 37.579 36.6906 36.5542 49.4406 48.8067 46.2461 46.1441 42.9164 36.5446 36.4904 36.4486 41.1675 43.5162 36.2427 35.428 45.3698 36.3004 41.3701 35.3597 35.1856 35.0798 37.0023 34.9904 38.7158 65.722 36.823 34.8603 34.5845 37.5309
threshold=0.39314457774162298 -1.5334523916244505 -0.33716261386871332 0.12500000000000011 0.0015936384443193676 -0.047346591949462884 1.1423728466033938 0.90442878007888805 1.0030871629714968 -4.010042428970336 0.076233286410570159 0.16250000149011615 0.42044451832771307 -0.37940952181816096 -0.036911353468894952 2.9140770435333256 0.00098543480271473549 0.023836164735257629 0.78656607866287243 0.005646434612572194 -0.7865660786628722 0.023003571666777137 0.060221116989851005 0.082680817693471922 -0.12500000000000003 0.57041323184967052 -0.047464583069086068 -0.6035533845424651 0.36712509393692022 0.70104166865348827 -0.025757173076272007 -0.0089142788201570494 -0.98296290636062611 0.10416666790843011 0.034553561359643943 0.14865379035472873 -0.6035533845424651 0.46725425124168402 -0.039382034912705415 0.0030306688277050857 0.60937500000000011 0.11435907334089281 0.12999999895691874 0.45937500894069677 -0.021657962352037426 -0.78442394733428944 -0.0088755832985043508 0.69687500596046459 0.31074346601963049 -1.2846536040306089 0.28404527902603155 0.0070354237686842689 8.7338814735412615 0.012981547508388759 0.0021605383371934299 0.81174489855766307 -3.2725095748901363 2.5482475757598881 -0.0022380843292921777 0.46725425124168402 0.17184355109930041 1.1970177292823794 0.61354166269302379 -0.098494205623865114 0.67604166269302379 -0.037354527041316025 3.7462941408157353 0.81766635179519664 0.0031560448696836834 1.459544897079468 52185.300781250007 -0.022528189234435555 0.46650633215904241 -6.6574780941009513 0.070716008543968215 0.81174489855766307 0.32500000298023229 -1.2507945299148557 -1.2326517105102537 0.014633250422775747 0.19877091795206073 0.89687499403953563 8.1584777832031268 0.51770833134651195 0.0030570345697924499 0.81174489855766307 1.0000000180025095e-35 0.31494335830211645 0.058837037533521659 0.85890606045722973 2.2376090288162236 0.35520832240581518 0.17187500000000003 0.43854166567325598 0.07587436214089395 -1.0194867849349973 -0.025635604746639725 -3.4206897020339961 0.43776553869247442 -0.0082855718210339529 0.25498257577419287 0.071874998509883894 0.00024798420781735336 0.98296290636062633 0.26990108191967016 1.734180271625519 1.2743432521820071 0.53287148475646984 0.2099999934434891 -0.77965641021728505 0.85081952810287487 0.12940952181816109 -0.044350966811180108 0.57041323184967052 -10.758540153503416 4.2147338390350351 -0.68270978331565846 -0.56174489110708226 0.19095233827829364 0.049491377547383315 0.014431162271648647 0.90937501192092907 0.2647025734186173 -1.8015414476394651 1.0161564946174624 0.12500000372529033
decision_type=2 2 2 2 2 2 2 2 2 2 2 2 2 2 2 2 2 2 2 2 2 2 2 2 2 2 2 2 2 2 2 2 2 2 2 2 2 2 2 2 2 2 2 2 2 2 2 2 2 2 2 2 2 2 2 2 2 2 2 2 2 2 2 2 2 2 2 2 2 2 2 2 2 2 2 2 2 2 2 2 2 2 2 2 2 2 2 2 2 2 2 2 2 2 2 2 2 2 2 2 2 2 2 2 2 2 2 2 2 2 2 2 2 2 2 2 2 2 2 2 2 2 2 2 2 2
left_child=1 5 7 8 -5 6 33 23 9 27 116 42 58 16 -15 20 17 77 34 57 21 65 53 68 49 66 -27 28 63 -30 31 32 -29 -1 62 71 59 -9 -18 98 41 45 67 44 -44 46 -28 -45 70 50 51 -25 110 54 107 119 -31 -20 -4 60 -19 -62 -6 64 -3 95 -26 111 115 -70 -49 -36 84 -72 -42 83 82 78 -11 -40 -81 -82 -37 -23 -47 -86 -67 -88 -79 -90 -87 92 -57 -93 -95 -16 -32 -98 -17 101 102 104 103 -101 -22 -94 -99 108 -14 -110 -51 112 -12 -114 -115 -2 -7 -116 -119 -56 121 122 -121 -65 125 -125
right_child=2 3 12 4 18 10 -8 37 -10 13 11 -13 22 14 15 39 38 36 19 -21 99 75 -24 24 25 26 40 30 29 56 96 -33 -34 -35 35 76 -38 -39 79 -41 74 -43 43 47 -46 72 -48 48 -50 52 -52 -53 -54 -55 55 91 -58 -59 -60 -61 61 -63 -64 123 -66 86 -68 -69 69 -71 73 -73 -74 -75 -76 -77 -78 88 -80 80 81 -83 -84 -85 85 90 87 -89 89 -91 -92 93 105 94 -96 -97 97 106 -100 100 -102 -103 -104 -105 -106 -107 -108 -109 109 -111 -112 -113 113 114 117 -117 -118 118 -120 120 -122 -123 -124 124 -126 -127
leaf_value=0.0075029145004496204 -0.00034368006655470691 0.011339762405790647 0.0010289003664094073 0.00054944711160194806 -0.0018411662225740844 0.003751437257272255 -0.0075135369973678857 -0.0028485638371216876 -0.00099555216909330124 0.00055275192304650499 0.0098673127389960705 -0.021476307227791182 -0.00025648026499807601 -0.01244593486228582 -0.0034901534587198093 0.0073599555520860059 0.019684827031971865 0.00010884046932827848 -0.0034592728975703486 0.0026236815508786007 0.010517929271737251 0.0064145841503983969 -0.0092727128365918243 0.0070887145029253388 0.0016563946368927419 -0.0088586576133081116 -0.0093355087718719476 0.024348370149538993 0.023861003726939334 -0.02390512524393051 0.0029060872291796812 -0.0028664471412685566 0.0027061427980153169 0.017991749613489087 0.001477033392791904 -0.0026033034896166957 0.0089746382985414017 -0.019619620406823073 -0.013579238508266154 -0.00377063591042851 -0.0042366806856838305 -0.0026441219519545418 -0.0026142824891170454 0.0049629261230617972 0.0013088430693515185 0.0031406790177153803 0.0028334414294929168 0.00088334182126441471 0.024660326911324356 0.0015033741740189874 0.017394504560194753 -0.0023269900918786251 0.009454121392653626 0.0025273292878382927 -0.0044916040295407116 -0.0020593689040826453 0.0067056720058531194 -0.011273429160575754 -0.0018646630025324531 0.018827568454508465 -0.012362016050338263 0.026537029841227123 -0.0086890875369801009 -0.016627532590127107 -0.018683931100516592 0.0001243640138144055 0.015845338276811533 -0.0044191541359957136 -0.0021998863867942328 0.0073370408659488417 0.0077423846871544858 -0.00081514502324475852 0.0050226603110851481 -0.013980900903876957 0.0024326183087975232 0.012307673160527314 -0.02653660928352871 0.0014010569986052093 0.0067540767369450088 0.0011196482008728049 -0.0094538895124589573 0.020581431297096216 -0.028729407372447408 -0.0015682886221040269 -0.0024177135365999877 0.0010005930767280197 0.0035411759540578498 -0.00038395597814694593 0.0024617336674892598 0.0061416840375095273 0.015228991262868835 -0.0075579867645294832 0.003100301575367156 -0.00081066191644061096 -0.025745223881598969 -0.024923810605039339 -0.012447816573467368 0.0095009651404729251 0.028148614699524156 0.0011722405570525069 0.015986579974690038 0.00084137971281967347 -0.0014751175709497074 -0.0021205756686193586 0.0026412318057398194 0.016500197144596551 -0.0062395484007457189 -0.00361516225336377 0.0080070180722635366 -0.0062320074379789625 -0.0010240714523615947 0.001443140503417 -0.0011954111725434387 -0.018343064208636288 0.0015549577933786157 -0.012786374108727355 0.00071371153336089236 0.0075130367010591984 0.0028803011748065837 -0.0025173514689789235 -0.0040225576767395251 0.0034048190683603776 -0.019740722491566508 -0.0020135315114071591 0.0072634898339345652 0.0062386825242459736
leaf_weight=526.39194911718369 14619.757051877677 33.257356449961662 3516.5216726660728 30581.875131383538 1476.1525644138455 16069.336381025612 116.26729295402765 5029.7851949632168 6528.4179781004786 536.78726913034916 497.04541922360659 49.888091206550598 6957.0187976062298 161.96424708515406 220.73941983282566 768.18795026093721 53.163434758782387 467.73386631906033 3587.901277475059 684.66986916959286 417.72901821881533 884.54826042801142 481.36046430468559 647.38891030102968 2557.3669378012419 399.03997981548309 413.07077226787806 63.175710387527943 98.697803795337677 23.718684270977974 150.53763502836227 1196.3859800472856 364.68333687633276 282.64096958190203 6173.9393406808376 2093.798916965723 140.98979150503874 69.192114122211933 75.383141964673996 154.97899640351534 419.12347342073917 6560.1071761772037 2416.2924531772733 1744.5412785708904 3453.9143948107958 1032.3663399219513 223.16540107131004 1407.3509223237634 35.925135247409344 6358.3031821101904 143.62229714542627 435.87883642315865 259.71218744665384 710.42109971493483 8058.9918971806765 1127.8109313473105 92.857350364327431 325.54264631867409 5358.4081907123327 32.675567381083965 381.96217910945415 24.101544536650181 505.06674481928349 43.12434434145689 98.66825869679451 3817.3581000640988 89.458703495562077 313.28310871124268 11637.497275747359 218.02255222201347 42.623614892363548 6331.5135639831424 737.06403775513172 148.15143729746342 2343.2543970867991 305.17138200253248 27.445154130458832 3583.7015113309026 2442.6377676874399 6616.7814852818847 235.95772493630648 20.378401085734367 21.69064399600029 328.52496300637722 2270.0765167400241 312.62450360506773 5073.3712140619755 1545.5740484073758 2947.6404143199325 2279.7107910513878 96.148365743458271 458.83683634549379 1165.7326460778713 1924.6901739537716 26.228314571082592 36.857547797262669 400.61414390802383 64.91362477093935 34.744170993566513 10236.39511141181 75.805263385176659 4679.074377015233 6372.0195350050926 2040.7336559221148 820.13723985850811 86.674025401473045 557.82620213925838 2362.301104709506 94.885161004960537 825.40122424811125 3527.4016741737723 3180.9717476144433 573.80821858346462 31.411556489765644 1251.1064472198486 90.93754830956459 1686.640079446137 1651.9898860901594 1188.1016534268856 10802.815747857094 7697.3837592899799 781.45712333917618 48.922600425779819 955.92023173719645 318.76598232239485 285.43120101839304
leaf_count=2167 115337 197 27683 234405 11802 127254 550 38272 50889 4189 3117 315 55445 854 1642 5338 338 3490 28387 5297 3135 6904 3439 4841 17939 2633 3142 384 371 111 910 7775 2380 1146 48594 14975 1026 297 603 990 3341 47822 16320 12772 25788 8016 1716 10447 197 47238 849 3236 1908 4722 64010 8771 443 2440 42308 147 2311 180 4038 248 481 30094 413 2235 91435 1596 243 49569 5727 892 17544 2315 130 28583 19103 52037 1653 140 114 2546 17197 2436 39864 12160 22852 17873 728 3609 9094 15042 202 238 2187 477 150 80767 501 36044 50169 15993 6316 599 3978 18737 760 6607 26109 23567 4201 163 9303 695 13372 12372 9088 84845 59433 6129 335 6824 2389 2119
internal_value=1.54983e-05 0.00105551 -0.001435 0.000544513 -0.000145067 0.00274029 0.00882984 -0.000705376 0.00106162 0.00127632 0.00258238 0.00171284 -0.00227585 0.00148328 0.00103032 0.0010884 0.00235013 0.00319252 -0.00114565 -0.0031087 0.000951711 0.00205219 -0.00259281 -0.0004867 0.000112304 -0.000645693 -0.00114424 -0.00124301 0.00122614 0.0111773 -0.00296431 -0.000540274 0.00595339 0.0111862 -0.000602647 -0.000198196 -0.00200743 -0.00308014 0.000805177 0.00633969 -0.000929902 -0.00148732 0.00177858 0.000786457 -0.000305992 5.22756e-06 -0.00506783 0.00268438 0.000249607 0.00127563 0.00496401 0.00330051 0.000829049 -0.00251803 -0.0026026 -0.00297354 0.000318716 -0.00411227 -0.000718044 -0.00372465 -0.00458969 -0.00999122 -0.0035909 -1.3606e-05 -0.0110793 0.00150827 0.00214214 0.00283446 -0.00113666 -0.00202381 -0.000313587 0.000316451 0.000732026 -0.00910713 0.00141919 0.00587917 -0.00320072 0.0036547 0.00563771 0.000657772 0.000816019 -0.00699153 -0.0028851 0.00425232 -0.000120968 -0.00137901 0.00171024 0.00262456 0.00298348 0.00406766 0.00437872 -0.000626031 0.00115035 -0.0023808 -0.00115941 -0.00664532 -0.00631413 -0.00767293 0.00829465 0.000406228 -2.67575e-05 0.00177641 -9.2756e-05 0.000624691 0.00530645 0.00404088 -0.00458457 -0.0014366 -0.00078278 -0.00475572 0.000601421 0.00310642 0.00412451 0.00351454 0.00417047 -0.000421529 0.003463 0.00434801 0.00557706 -0.00338401 -0.00292198 -0.00219339 -0.0025969 0.000902671 0.00139822 -0.000111752
internal_weight=270544 157568 112976 120900 51809.6 36667.7 925.3 60490.4 69090.5 62562.1 35742.4 17986.4 52485.9 57813.5 37973.9 37812 19839.6 12837.9 21227.7 4598.11 36854 12212.1 43610.9 55391.4 28825.2 17452.9 14806 4748.58 1950.44 215.274 2798.14 1624.25 427.859 809.033 16629.6 14648.4 1047.46 5098.98 7001.66 957.911 14407 11644.6 17936.5 9248.8 5870.21 5084.52 636.236 3378.59 1634.05 11372.3 1226.89 1083.27 10145.4 43129.6 42419.2 32179.5 116.576 3913.44 8874.93 906.473 873.798 406.064 1981.22 1735.17 131.926 10693.9 2646.83 8687.72 26566.2 11855.5 1598.13 12505.5 4448.28 190.775 2762.38 1518.24 2142.93 11790.5 2979.43 6948.5 6873.12 256.336 2115.49 1213.07 3711.22 2678.85 10436.3 6618.95 8811.05 5227.35 408.773 4789.97 2380.22 2409.76 1950.92 257.597 1173.89 1023.35 802.932 24641.9 18725 5916.94 18649.1 12277.1 1237.87 1252.41 622.74 10239.6 7877.31 920.286 9885.7 8374.43 5193.46 4696.42 4122.61 14710.7 17756 4091.2 2840.09 27389.6 19330.6 11633.2 10851.7 1603.24 1560.12 1241.35
internal_count=2080205 1207968 872237 932459 399751 275509 3863 460467 532708 481819 271646 131020 411770 450545 296020 295166 154525 99754 165346 36124 288688 95763 341779 421898 212835 128654 110302 31274 13183 925 18091 10539 2764 3313 129222 113382 7154 38569 54771 6478 107669 86784 130705 66659 42108 38962 4858 24551 11779 84181 8926 8077 75255 338340 333618 252069 554 30827 69991 6128 5981 2491 15840 12258 678 83998 18352 64046 209063 93031 11582 98163 34104 1135 20885 11765 15219 92600 23292 54433 53830 1793 15089 9450 28377 20361 82118 52024 69308 40725 3164 37317 18464 18853 15244 1880 7552 6642 5488 192925 147430 45495 146929 96760 9451 9693 4455 81549 62812 7367 73347 61811 38244 35127 30926 116032 140626 30763 21460 214752 150742 91309 85180 11580 11332 8943
is_linear=0
shrinkage=0.02


Tree=32
num_leaves=127
num_cat=0
split_feature=10 10 10 2 5 47 29 6 39 47 4 33 55 29 50 40 15 48 27 47 39 29 2 4 39 26 26 39 27 18 46 28 33 40 25 16 40 46 15 16 29 25 34 21 14 16 39 54 28 26 54 39 29 4 35 55 40 25 39 39 24 35 55 26 47 15 29 40 21 54 6 15 46 4 40 52 24 55 40 12 19 46 18 39 55 31 16 48 28 26 55 20 47 35 35 48 6 5 54 9 29 14 39 28 48 48 25 47 29 25 18 35 6 27 47 25 13 4 19 29 55 29 5 54 29 40
split_gain=958.512 319.53 157.701 141.724 97.5376 93.9805 85.0895 83.577 74.9317 74.6437 79.407 78.6462 73.601 70.1761 77.8167 68.439 65.9481 65.93 63.4232 93.6982 62.566 60.18 59.3539 62.8147 59.4913 58.1209 57.405 56.3669 72.2169 56.7456 55.0955 62.5691 51.3893 51.0411 86.6451 50.8786 66.3355 59.3649 58.4755 50.3954 49.5502 47.8328 89.9362 62.5105 56.8821 47.7634 44.6699 50.0747 56.8717 44.1612 43.872 42.9451 46.4404 42.7182 45.9585 41.3179 41.1236 57.6314 45.6602 40.4958 44.8244 38.7323 38.7219 43.9156 61.6476 62.4564 39.1426 39.0987 37.7642 37.2262 36.9605 36.8657 57.8379 36.6585 36.2171 36.1944 39.3199 40.2674 45.7001 36.0075 35.494 35.4488 35.1658 37.1411 37.7642 35.103 34.9419 35.3376 36.9373 36.9252 34.8298 36.7417 47.5096 42.626 34.7743 54.8979 54.347 38.8583 34.575 34.4941 34.3619 34.3048 63.8955 68.1609 61.0234 46.7416 39.3375 39.7229 44.6987 42.0534 39.3118 39.183 42.1679 39.4018 39.6348 61.6858 54.1353 36.0435 53.0904 34.862 34.4215 34.1962 37.8965 33.857 36.8718 42.0007
threshold=-0.59977760910987843 1.0738775134086611 -1.5582527518272398 0.00091171421809121977 0.081764347851276412 0.060221116989851005 5.2338719367980966 2.7636984586715703 0.65104165673255932 -0.086883541196584688 0.051533689722418792 0.062056081369519241 0.15741607546806338 2.8042674064636235 0.87684038281440746 0.46650633215904241 8.6373987197875994 0.0082013383507728594 -0.60785761475563038 0.0035248523345217113 0.38020832836627966 0.49838423728942877 -0.0051445749122649423 0.112218976020813 0.092708334326744093 -0.37940952181816096 0.91597560048103344 0.4760416597127915 -0.87837970256805409 0.95474749803543102 0.0078815133310854452 0.81174489855766307 0.020951818674802784 -0.3415063470602035 0.60355338454246532 -1.8917620182037351 0.34150634706020361 -0.063792809844017015 8.6373987197875994 -3.1364291906356807 -5.2428007125854483 1.0000000180025095e-35 0.095833335071802153 0.82040476799011242 -5.9657454490661612 -3.9366215467452998 0.28020833432674414 0.17518143355846408 -0.56174489110708226 0.78656607866287243 0.46138055622577673 0.71354165673255932 -10.758540153503416 0.10942707955837251 1.0000000180025095e-35 0.12478553876280786 1.2246467864107191e-16 0.37940952181816107 0.54687500000000011 0.58854165673255932 132527.64843750003 1.0000000180025095e-35 0.28404527902603155 0.12940952181816107 0.0036482397699728612 4.6893119812011728 -5.6201069355010977 0.12500000000000011 1.2113645672798159 0.27026110887527471 1.5192008614540102 4.0278315544128427 -0.007143516791984438 0.17560487985610965 0.34150634706020361 -0.61323183774948109 -2557.921997070312 0.049491377547383315 0.46650633215904241 0.90042030811309826 3.0796923637390141 0.013400260824710132 0.051670240238308913 0.071874998509883894 0.19877091795206073 0.28999999165534979 -3.1364291906356807 0.0097020515240728872 0.81174489855766307 -0.6035533845424651 0.43776553869247442 0.88109886646270763 0.0080754575319588202 0.27500000596046453 0.22500000149011615 -0.077190380543470369 2.3673527240753178 0.2918935120105744 0.051423542201519019 -1.4524212479591367 -7.3928415775299063 -2.6324659585952754 0.23020833730697635 -0.56174489110708226 -0.098494205623865114 0.031510207802057273 -0.91597560048103321 -0.0014836537302471695 2.9800951480865483 -0.6035533845424651 -0.99773022532463063 0.42500001192092901 -1.2203797101974485 -1.0000000180025095e-35 -0.047464583069086068 -0.6035533845424651 0.32036593556404119 0.18321070075035098 2.1654306650161748 -1.8619686365127561 0.19877091795206073 -0.30621588230133051 0.023489355109632019 0.17162404209375384 10.144746303558351 -1.0000000180025095e-35
decision_type=2 2 2 2 2 2 2 2 2 2 2 2 2 2 2 2 2 2 2 2 2 2 2 2 2 2 2 2 2 2 2 2 2 2 2 2 2 2 2 2 2 2 2 2 2 2 2 2 2 2 2 2 2 2 2 2 2 2 2 2 2 2 2 2 2 2 2 2 2 2 2 2 2 2 2 2 2 2 2 2 2 2 2 2 2 2 2 2 2 2 2 2 2 2 2 2 2 2 2 2 2 2 2 2 2 2 2 2 2 2 2 2 2 2 2 2 2 2 2 2 2 2 2 2 2 2
left_child=2 3 9 6 18 7 33 30 13 11 -11 26 22 15 20 62 46 27 19 25 -15 98 23 40 -25 -3 56 28 39 -29 45 59 49 34 -2 36 37 -35 -38 -12 55 42 43 61 -44 -6 73 -48 -49 -24 -22 69 -53 -33 70 68 57 58 -1 60 79 -14 63 66 65 -65 -5 -64 -4 -45 -55 72 -23 -7 -42 -20 -77 81 85 -32 -80 -78 -68 -84 -85 -79 -63 88 -88 -90 91 93 -93 -47 -30 96 -96 -97 -10 -37 -58 102 117 104 -104 -106 110 108 109 -108 121 112 -105 -114 115 -115 -117 120 119 -119 -101 -103 -123 -9 125 -125
right_child=1 4 12 8 5 16 -8 123 21 10 17 -13 41 14 -16 -17 -18 -19 75 -21 50 71 32 24 -26 -27 -28 29 94 -31 31 53 -34 35 -36 99 38 -39 -40 -41 74 -43 44 51 -46 90 47 48 -50 -51 -52 52 -54 54 -56 -57 100 -59 -60 -61 -62 86 67 64 -66 -67 82 -69 -70 -71 -72 -73 -74 -75 -76 76 77 78 80 -81 -82 -83 83 84 -86 -87 87 -89 89 -91 -92 92 -94 -95 95 97 -98 -99 -100 101 -102 106 103 111 105 -107 107 -109 -110 -111 -112 -113 113 114 -116 116 -118 118 -120 -121 -122 122 -124 124 -126 -127
leaf_value=0.024295314746651715 0.0026110559634628596 -0.0046521740011490655 -0.017201689980023489 -0.01022465465599184 0.027587891319841181 -0.0044559866925581075 0.0073051213069751184 0.0013172121019257449 0.00014343948758377374 0.0041151498129512829 0.022331622986205901 0.020711709720891022 0.00030830380504287715 0.00331941394242337 -0.0033566218104927933 0.00079958509840835873 -0.019286081322872788 0.0037681942301042441 0.0018821403933598458 -0.005943190128499031 -0.00085347029252577872 0.012724442526188722 0.0008832912290507492 0.0059597706841187561 -0.00046671949900800342 -0.0010091631414853599 -0.014564706931099614 0.0030588629391857677 0.00041611254569586323 -0.0092149217874052079 -0.002272602515701955 -0.0025260764265331737 0.0034649014621203973 -0.015867772918701929 -0.0008255403218735476 0.002996035273063912 0.0064360264758408382 0.0054499351877415041 0.029082234103414255 0.0040283115065412236 0.0036953437635495697 -0.0029646967824103914 0.023393838954084211 0.0023136319981223981 0.0018449516562742746 0.0012844962647709916 -0.008389360818985515 0.013506963736596751 -0.0024027197832758398 -0.00097729501441930276 -0.025628610565577418 -0.027396946568385632 -0.0012467646465525071 0.002702004286398186 -0.0040890550312893308 0.0074800088099993157 0.021726961786400541 -0.0096018970339273885 -0.00070727742224592439 -0.00063125309474648726 -0.014184551785076429 -0.013470226427227677 0.010272301902809131 -0.001289009495928218 -0.0040744214769065628 -0.019136539659514642 -0.00035215534214880608 -0.0022345319701606936 0.007262342274958933 0.010039080103883369 0.011096768422445081 0.0042264701301431814 -0.0015753328547442322 -0.016686779154592643 0.0013631954233989626 -0.0070183261737066663 -0.003339294533495784 -0.0017540732423400839 0.00054509130263230197 -0.0051941597568492736 0.0091550299235092468 0.0096059671479193729 -0.0055006273605944277 -0.0014308839015162889 -0.01069753758881177 -0.019775676344926784 0.0004203200033443199 -0.010398490152030411 -0.026421578279303484 -0.0027346322051284501 -0.010137335941295811 -0.00016878148950398437 -0.0042574116990412858 -0.0078785843850814764 -0.027471160681905627 -0.0029728936525439003 0.006344532264913375 0.0142345300826062 0.0032898313748312247 0.0042593890119955111 0.0040151363396707046 0.016936967479974422 -0.022279962148286883 0.0059061348809632428 -0.0046125202181870216 -0.023271608805797345 -0.0022963284156882263 -0.0010138974809258401 0.010936733370533511 0.00075956010965193288 0.0011978349952298187 0.020047229879578507 -0.0077812994330659106 0.018128899879529047 -0.00295123638821497 0.011464674746506283 -0.0085492597464827055 0.030123664938376427 0.00042786638931425591 0.008882950181363803 -0.0088173596389050438 0.02585057654499159 -0.0033748756143411902 0.013435102101454136 -0.019416759820554127 0.0026488876305106415
leaf_weight=54.451482720673084 8876.628241546452 2831.3206015080214 121.34820434451103 196.78997176140547 23.647343181073666 212.3004984781146 721.59227980673313 1976.7482538372278 2450.6274286955595 9299.173791192472 62.067039951682091 177.79278353601694 1096.1424488350749 3381.416893184185 1586.4654814600945 3954.8313481658697 141.9764314070344 6181.5158520266414 888.5469032227993 4988.1277831271291 1840.9024115502834 114.31980212777853 23689.075536094606 654.49307872354984 4760.759433478117 4596.0195910409093 52.003211036324501 7168.8491121679544 10188.889685057104 152.92283716052771 4798.668554931879 786.16583427786827 2501.8649856448174 67.049355939030647 4382.4965123459697 1452.8024760261178 113.09060820937157 224.0649367198348 76.487402901053429 1358.186136059463 9265.4389013051987 2848.9447682648897 106.64717552810907 860.05852004885674 90.47245466709137 5616.0666100531816 269.41189870983362 131.08630452305079 280.29370974749327 6502.1986027508974 28.047586277127266 29.223655611276627 270.69141936302185 634.24216239899397 253.13937834650278 58.379423663020134 107.796526029706 97.987103760242462 61.478310033679008 2601.828166693449 153.71359550207853 164.01484740525484 204.84740646183491 6902.8525184467435 7870.7205656543374 78.347701594233513 8399.6979758664966 193.6354161053896 31.12760491669178 351.27285922318697 313.53355172276497 522.46786022186279 5970.7407719865441 183.20819561928511 3742.5142024233937 665.20128493756056 8330.6478984728456 14444.0211552158 997.91237283498049 2606.2020828723907 236.14106868952513 84.50538320094347 1158.2767079249024 7336.9515391364694 179.30617978423834 42.384273283183575 643.01648664474487 227.66101586818695 42.594021543860435 67.399453356862068 140.71717847883701 4073.6151516214013 1576.1953002735972 209.67683149129152 66.679902516305447 901.09222354739904 25.92249783873558 54.737540826201439 3250.6834354400635 234.70831118524075 74.521060302853584 120.22486378997564 99.938873656094074 266.92713369429111 823.49439510703087 56.592705175280571 2085.9041427373886 14217.577306635678 159.95267932116985 13157.917203113437 5687.0673740506172 33.484273128211498 438.57248281687498 100.37129428237677 907.32827994972467 88.204673081636429 136.20146015286446 57.740591779351234 125.31597653031349 68.181208223104477 121.2872326746583 20.585727773606777 98.797081418335438 269.38367908447981 19.877011306583881 311.86790235340595
leaf_count=274 68925 22593 872 1369 41 1564 5157 14718 19530 74456 353 522 7216 25003 12030 30889 701 47271 7008 39657 13948 826 187514 4788 35052 36523 191 52986 75175 1057 35926 6127 19266 250 34221 11361 684 1125 200 10302 72786 18282 483 6110 626 41425 1993 773 1965 51437 84 117 1877 4502 1813 437 389 487 309 19391 789 621 1278 54268 61865 488 65556 1156 245 2315 2207 3726 46821 1195 29541 5262 66226 114030 7854 19307 1858 662 9007 57440 1239 332 4170 1605 199 409 773 30963 11948 1464 246 6464 131 266 25144 1737 413 952 548 1862 5916 392 16259 112183 1212 103172 44760 219 3072 646 6482 551 759 295 800 431 925 164 777 1696 93 2029
internal_value=-1.84144e-05 -0.000888576 0.00161021 -0.000232559 -0.0019935 -0.00108758 0.000487125 -0.000836455 -0.000944476 0.00264871 0.00252764 0.00949034 0.000965415 -0.0013358 0.000523508 -0.00168433 -0.00651626 0.00196316 -0.00264922 -0.00382306 0.00169655 0.000432457 0.00122443 0.00212529 0.000310765 -0.00239846 0.00500098 0.00140448 0.000596346 0.00280115 -0.0012072 -0.00214936 0.000710888 0.000396368 0.00147512 4.77949e-05 0.00650954 0.000499111 0.0156828 0.00484405 0.00286848 -0.000989938 0.000434789 -0.000258333 0.0135678 -0.00022377 -0.00481451 -0.00170194 0.00268494 0.00048253 -0.00123932 0.00288372 -0.00388073 0.00109558 0.00346742 -0.00672684 0.00760156 0.00163113 0.0111351 -0.00278412 -0.00352486 -0.00237817 -0.00198644 -0.00206336 -0.00286087 -0.00149216 -0.00137737 0.00420195 -0.0121861 0.00456119 0.0054889 -0.000866407 -0.00130447 -0.0101519 0.0030246 -0.00208175 -0.00222387 -0.00209141 -0.00149344 -0.00330156 0.00219953 -0.00320805 -0.00127475 -0.00216786 -0.00165347 -0.00180823 -0.00494961 -0.00351126 -0.00141666 -0.0120716 -0.000282843 -0.000161043 -0.00131016 0.000953237 5.90194e-05 -0.00340742 -0.0180277 -0.00197258 0.00193784 -2.89212e-05 0.0145542 -0.000141398 -0.00201338 -0.00322925 -0.0075372 -0.00583855 4.60107e-05 -0.000251571 0.000452007 0.000341216 0.00153327 -0.00108409 -0.00145994 -0.00264025 -0.000804643 0.00517986 -0.00066222 0.0038896 0.00967366 0.0187912 -0.000205261 0.00945266 0.00182917 0.00258335 0.00673614 0.00766401
internal_weight=270542 176331 94211.4 110643 65688.4 27583.6 55020.6 26365.3 55621.9 36086.1 35460 626.03 58125.3 43313.1 6836.83 36476.3 1218.28 26160.9 38104.8 12415.5 5250.37 12308.8 51327.2 18634.1 5415.25 7427.34 448.238 19979.3 12657.6 7321.77 23787.4 12147.5 32693.1 54299 13259.1 41039.9 480.692 291.114 189.578 1420.25 13218.8 6798.14 3949.19 3752.07 197.12 11639.9 1076.3 680.792 411.38 30191.3 1868.95 1511.25 299.915 1987.08 1200.92 210.855 396.234 213.917 115.93 10160.4 7558.58 2240.83 32521.4 32122.9 14851.9 6981.2 17271 398.483 152.476 1211.33 947.776 6607.53 6085.06 395.509 13008 25689.4 24800.8 24135.6 15720.5 7404.87 1234.05 8415.15 17074.2 8674.53 7516.26 14486.4 1144.69 980.671 753.01 109.993 11616.3 11475.6 5649.81 5825.74 11237.3 1048.43 92.6024 955.83 5701.31 40559.2 182.318 39106.4 3558.35 2951.12 980.026 880.087 35548 29621.4 15403.8 15243.8 5926.68 1971.09 1937.61 1670.68 1232.11 324.777 224.406 607.233 251.238 125.922 355.996 239.608 119.383 2577.88 601.129 581.252
internal_count=2080372 1363112 717260 857704 505408 203403 426037 195212 431667 271292 268707 2585 445968 335620 51065 284555 8191 194251 302005 98773 39035 96047 401938 143721 39840 59116 2063 146980 92937 54043 176676 90062 258217 420880 103146 317734 2259 1375 884 10655 103881 44030 25748 24639 1109 86614 7490 4731 2738 238951 14032 10419 1994 14649 8522 1554 1872 1070 583 75413 56022 14220 253666 251232 116621 54756 134611 2434 1117 8425 6709 51373 47647 2759 102327 203232 196224 190962 124074 55233 9712 66888 133242 67686 58679 114362 7004 6383 4778 608 86573 85800 42911 42889 82282 7107 377 6730 44674 315475 802 304114 24635 20447 6856 6308 279479 232826 120643 119431 46653 13591 13372 11510 8438 1956 1310 4188 1526 726 2662 1893 941 18536 3818 3725
is_linear=0
shrinkage=0.02


Tree=33
num_leaves=127
num_cat=0
split_feature=10 53 51 16 9 39 28 27 27 9 2 5 32 34 40 38 48 39 14 3 40 19 55 16 48 55 20 39 39 40 27 21 20 48 38 39 14 38 47 2 27 47 48 20 48 34 15 6 48 28 55 52 47 52 19 55 25 5 21 16 14 55 31 12 54 39 55 15 31 31 48 39 55 39 38 39 23 45 5 38 2 34 42 25 39 15 53 2 27 25 53 52 15 14 50 47 55 14 55 25 48 15 19 25 2 55 19 10 55 32 55 32 38 48 27 48 48 52 55 6 15 25 20 3 14 6
split_gain=920.66 346.122 156.605 122.657 112.372 104.566 78.6004 76.2351 70.8855 70.1907 69.4113 66.5877 66.2181 94.4771 61.658 94.0397 60.9557 85.4655 59.3742 58.93 58.8037 70.764 58.157 55.1455 54.5617 54.066 53.175 51.6682 49.4492 49.3727 59.6241 47.783 47.4914 47.1744 46.2842 44.9941 53.4775 44.2145 52.02 42.6763 42.4822 42.3445 60.0973 62.0644 42.0986 42.569 41.8745 50.2968 41.6313 41.3019 41.0245 61.7242 42.2091 41.0122 73.1902 41.0807 40.4701 40.2872 41.8797 40.2163 40.1498 39.3763 39.2913 39.0526 38.859 40.0509 38.1559 37.9202 37.6458 37.0449 37.8984 36.89 36.7288 36.4953 36.7239 36.4844 36.467 36.4082 35.5544 35.4059 41.6045 35.3395 41.8241 37.1619 34.9317 34.7657 51.9302 35.5472 50.6943 60.4121 40.3176 34.758 34.4669 34.4353 33.9749 33.716 35.2631 33.7053 45.5754 35.7794 37.8327 33.5548 33.5503 34.9792 43.0916 33.3967 33.9145 32.8167 33.9773 35.0695 32.5891 32.4545 32.429 35.8689 46.6991 53.6815 42.9966 45.0421 33.7597 31.9253 31.6457 33.739 31.1402 31.0657 33.8694 38.8192
threshold=-0.59977760910987843 0.66850367188453685 -1.4476959705352781 -0.12493729591369628 1.3873924016952517 0.18437500298023227 0.81174489855766307 -0.60785761475563038 0.87837970256805431 -1.5981858968734739 0.0037335115484893326 0.13412541896104815 0.064297948032617583 0.029166667722165588 -0.3415063470602035 -0.033610140904784196 0.0074962805956602105 0.4760416597127915 -1.383969187736511 -1.5343487262725828 -0.12500000000000003 8.7338814735412615 0.074073281139135375 -1.157259941101074 -0.051495738327503197 0.43776553869247442 1.1970177292823794 0.038541667163372047 0.35937500000000006 -1.0000000180025095e-35 -0.60785761475563038 0.40400712192058569 0.67807042598724376 0.046913785859942443 0.10122497752308847 0.69270834326744091 -7.2349367141723624 4.6205618321400652e-18 0.0042988304048776635 0.0068724099546670922 -0.87837970256805409 -0.061120968312025063 -0.077190380543470369 0.57904523611068737 -0.0010449431720189748 0.012500000651925804 0.33606886863708502 1.207207262516022 -0.0014879054506309328 -0.56174489110708226 0.3536743968725205 1.2070739269256594 0.079585582017898573 -0.11858172714710234 1.2398080825805666 0.31074346601963049 -0.91597560048103321 0.27129057049751287 0.50516995787620556 -3.9366215467452998 -3.2878726720809932 0.28404527902603155 0.089999996125698103 0.65046164393424999 0.11314770579338075 0.080208331346511855 0.17694016546010974 0.12953281402587893 0.24999999254941943 0.16999999433755877 0.04277640953660012 0.10520833358168603 0.029145726934075359 0.26354165375232702 0.046282473951578147 0.655208319425583 -0.025757173076272007 0.044169273227453239 0.20103961974382403 -0.012954745441675184 0.0054051571059972056 0.012500000651925804 -0.016804439015686509 -0.91597560048103321 0.61354166269302379 8.6373987197875994 1.5048540234565737 0.036299170926213271 1.0000000180025095e-35 -0.91597560048103321 2.3049480915069585 -0.5640682280063628 4.0278315544128427 -0.34156739711761469 0.89214342832565319 -0.024854815565049645 0.18469358235597613 -0.33249557018280024 0.11967896297574045 -0.7865660786628722 -0.039171149954199784 5.9389948844909677 2.1654306650161748 0.12940952181816109 -0.014774933923035858 0.18867570161819461 3.8189270496368413 0.92109602689743053 0.3536743968725205 0.013275558594614269 0.034372655674815185 0.011135780718177559 -0.30658195912837977 -0.032380903139710419 -0.87837970256805409 -0.053799064829945557 -0.098494205623865114 0.58858394622802745 0.28404527902603155 -1.6850896477699278 0.6755053997039796 -0.37940952181816096 1.9271587133407595 0.067597627639770522 -2.6324659585952754 -1.325680077075958
decision_type=2 2 2 2 2 2 2 2 2 2 2 2 2 2 2 2 2 2 2 2 2 2 2 2 2 2 2 2 2 2 2 2 2 2 2 2 2 2 2 2 2 2 2 2 2 2 2 2 2 2 2 2 2 2 2 2 2 2 2 2 2 2 2 2 2 2 2 2 2 2 2 2 2 2 2 2 2 2 2 2 2 2 2 2 2 2 2 2 2 2 2 2 2 2 2 2 2 2 2 2 2 2 2 2 2 2 2 2 2 2 2 2 2 2 2 2 2 2 2 2 2 2 2 2 2 2
left_child=2 4 7 5 9 34 8 46 20 -2 14 18 16 32 15 33 17 27 64 -15 22 25 56 31 71 37 41 110 73 -20 44 91 -14 72 50 36 -12 97 -39 67 -5 53 43 60 45 -31 47 -1 81 76 52 -52 -3 54 -13 -56 -7 62 -59 -33 75 69 -40 122 -4 -66 -37 -29 85 111 -71 -25 -11 74 105 -43 -45 -38 -28 80 -58 -19 83 -83 119 87 -87 -65 -89 90 -90 -16 -72 -30 -6 -68 -97 98 99 -22 -101 -61 103 -96 -105 106 -8 108 123 -110 -9 -10 -74 114 115 -114 -116 -118 -115 -64 121 -46 -24 -26 125 -125
right_child=1 3 11 40 94 6 28 12 61 10 35 26 13 19 23 -17 -18 48 29 -21 21 -23 63 24 107 -27 78 39 93 30 -32 59 -34 -35 -36 66 77 38 57 -41 -42 42 -44 49 120 -47 -48 -49 -50 -51 51 -53 -54 -55 55 -57 79 58 -60 101 -62 -63 84 68 65 -67 95 -69 -70 70 92 -73 112 -75 -76 -77 -78 -79 -80 -81 -82 82 -84 -85 -86 86 -88 88 89 -91 -92 -93 -94 -95 102 96 -98 -99 -100 100 -102 -103 -104 104 -106 -107 -108 -109 109 -111 -112 -113 113 118 116 -117 117 -119 -120 -121 -122 -123 -124 124 -126 -127
leaf_value=0.0039261963683060817 0.003905709761694355 -0.0029828097832822809 0.0031981932073721171 -0.0049325473418596342 0.00018296900194430735 0.0027353939914614672 -0.0009151169432147331 0.014748512319532866 2.6141294595323778e-05 -0.016222457303416579 -0.027592669956684995 -0.021761132388974778 0.0031078212638458247 0.012698958137433363 0.0058651862817921839 0.00055161080983672113 0.0035945725475899281 0.0013837311410628637 0.0016159928794309024 -0.013033325376996347 -0.00076008549590577399 0.0053980023018154657 0.0022879963240840578 0.004994818019702316 -8.1767232867908826e-05 -0.01980772659265018 0.0014311355973107363 0.0019357191813902136 0.0011486481490648954 0.0012073623203617001 -0.00070833537932082826 0.015519950774964254 -0.021095721294026398 0.015452203118635186 0.0021331469378310726 0.00042228571633108652 -0.0015816536188681929 -0.00079794236204851102 0.0039948595479260499 0.0054086362026995582 -0.0026576590736141726 -0.02348766862259789 -0.0011416748135177528 0.016175657320717664 0.003951011008237605 0.0064627376888544375 0.0025005736945217668 0.0079245443328113761 -2.5815127344350914e-05 -0.0074708061949000041 0.022795104426329874 -0.0055496285957011291 -0.012811127673942156 0.019606089525288427 -0.0011481005751996049 0.0071963165909952019 -0.0013568359919168096 0.03190634518657267 0.0013098355347301879 0.0034561505553149154 0.0039364960622041891 -0.013766968993537023 0.00080893817473642784 -0.00072732043955723539 0.0077244916066207762 -7.8575128116753547e-05 0.015300253863067857 -0.00091104738428665459 -0.026140236821421439 0.0063021363419275469 0.001643777892838682 -0.0039051904691258274 0.019683302488929764 0.0059373685109107045 -0.0077125109974688919 -0.00076874875618711269 -0.0090154379624524956 0.015374240015462849 0.0097028463482221015 -0.0015257680917541286 -0.0081225510127528981 0.0077158068883104785 0.005033636536283085 -0.01071488740483984 -0.0024004744411986367 0.0028564663910619248 -0.023561933710755639 0.01046260847675818 1.8797109499646563e-05 -0.010365926162729315 0.031592665209574017 0.029850615398667405 -0.015809059588768288 -0.0026109843034628007 0.00035623503263195947 0.021497164343816984 -0.0036517186588454244 -0.0034288454354518137 -0.0030013322007046211 -0.024652615544126448 0.0035854542578965913 -0.004935853832407338 -0.0027758507331337684 -0.0084400955579397013 -0.0015577114665660937 0.017429390819912585 0.0086997576234076751 -0.00096808085521606362 -0.012094979318025185 0.020757728325374491 0.0033221297543000812 0.017649768655236632 0.029226225168681733 0.0043296902037454543 -0.019969650019104689 -0.0013517388804413848 0.0019209167295675786 -0.010765264025478106 0.02024437269611885 -0.0060018789993599754 -0.0034858950334796406 -0.0003513981694199112 0.015617166666450105 0.0078321618227962068 0.0015044961279627716 -0.0040755254986995226
leaf_weight=4291.1411394029856 2118.9185210168362 14230.994363605976 8249.2476819977164 3958.8925210535526 4340.6178358197212 609.10706822574139 599.69679190963507 110.29067139327526 5945.2591515555978 35.869523428380489 30.531083032488823 49.340337134897709 73.021900407969952 582.21609035134315 51.552164040505886 9725.9433604553342 6250.0449586510658 1906.1981671005487 16235.082070179284 37.087497860193253 2577.5063071995974 461.69457085430622 2469.8544554263353 204.71152520179749 18323.877197809517 71.138577334582806 792.8588727042079 2368.7663199603558 3042.7989212572575 1291.0771863684058 12239.035459674895 93.950487375259399 56.935639582574368 139.17420896142721 735.56066096574068 2972.9158717244864 11614.143063902855 2325.3863345086575 213.89756117016077 545.8228220269084 19326.851987473667 159.41085465997458 7143.4979637265205 70.022603817284107 1150.971981741488 1180.9743904620409 4187.4915006458759 1784.0413497015834 1501.0403268039227 198.76580103486776 59.953585520386696 61.257810331881046 176.12790355831385 53.219379521906376 475.27494315803051 466.95463408529758 628.61616583913565 22.053382530808449 80.73406557738781 1138.5898364782333 34.0527333766222 74.465715833008289 292.37569902837276 3494.1632197573781 287.76154182851315 2959.4420256093144 134.81163665652275 8902.0761536508799 21.751833103597164 805.59213618189096 178.26190274208784 1976.7060933634639 50.074808172881603 1210.0237370803952 168.20637353509665 34.519502237439156 33.152399279177189 49.873721927404404 281.12436787039042 3094.3721737191081 864.05120395123959 65.387630112469196 4354.3866497725248 127.66214770823717 1911.9360633790493 56.352688819169998 61.478608801960945 284.32260908186436 39.928888916969299 133.86071094125509 26.269238591194153 45.761876739561558 59.56228081882 1432.3669712394476 4146.6279205232859 26.739975139498711 112.7275650575757 2363.4828638732433 2096.0762173831463 18.245561175048351 1391.0394163429737 227.85808958858252 7518.2013164535165 407.89977601915598 3322.5826949626207 54.938972987234592 193.16349839419127 7899.5829624980688 15.786815799772738 59.612711541354656 990.98245865106583 41.093892708420753 44.229870550334454 3391.7595876976848 45.680906385183334 46.360043495893478 662.47370547056198 133.66778079420328 53.290769651532173 4582.4604071080685 694.92120765149593 1984.5797418355942 71.230816625058651 125.74138295650482 11608.673063144088 804.87226989865303
leaf_count=33528 16313 109172 64114 31468 33436 4809 4680 883 45450 287 90 166 298 2256 243 76510 48345 14476 128767 130 20230 3507 18891 1538 144319 285 6007 18098 23267 10257 96840 214 171 1038 5257 23215 88902 18291 1677 4073 151438 554 49665 393 9201 9433 31201 13836 11812 1191 322 327 1237 238 2928 2125 4987 85 507 7208 208 390 2287 26867 2206 22738 828 66268 165 6221 1343 14443 251 9313 1310 147 184 251 2066 24575 6829 399 32736 701 15030 299 334 1976 308 945 122 165 399 11170 31877 166 771 18480 15440 146 10728 1105 57964 2953 26061 349 1418 62004 106 387 7251 280 247 26462 216 325 4980 983 351 35565 5522 15848 546 915 91347 5919
internal_value=-1.80443e-05 -0.000870858 0.00157821 -0.00181454 -3.87814e-05 -0.00133171 -0.000837505 0.00256698 -0.00119521 0.000318973 0.000213127 0.000905614 0.00202416 0.00788616 0.000531677 0.00166648 0.00186191 0.00134288 0.00122269 0.0111378 -0.00161725 -0.00232474 -0.000518531 0.00014973 9.39907e-06 -0.00252377 -0.000592588 0.000338457 0.00115686 0.000810692 0.000105463 0.00384209 -0.00756846 0.0040215 -0.00275832 -0.000999963 -0.00157829 -0.00245382 -0.00339531 -4.77553e-05 -0.00304466 -0.00111006 -0.00162451 -0.00811693 0.00168582 0.00372002 0.00404076 0.00510163 0.00297364 -0.0021505 -0.00300617 0.00853387 -0.00310391 0.00266526 0.00173618 0.00298945 -0.00210416 -0.00424521 0.00812822 0.00293049 -0.0159706 0.000602506 -0.00442816 0.000718709 0.0024687 0.000614776 0.00108239 -0.000312542 -0.000484227 0.000756799 0.0042325 -0.00306762 0.00366147 0.00359211 0.000794926 -0.0194735 0.00806276 -0.00150776 0.00360427 -0.00274748 -0.00527675 0.00367133 0.00462952 -0.00445951 -0.00469432 -0.000341403 -0.0110012 -2.27573e-05 0.00504869 -0.00265434 0.0128467 0.0173434 -0.00277093 -5.4789e-05 -0.00137958 0.00820615 0.00128165 -0.00140242 -0.000614456 0.000640644 0.00320193 0.00205345 -0.00182018 -0.00090768 -0.00231258 0.00249111 0.00143409 0.000182326 0.000476115 0.0137978 0.00447971 0.000150215 0.00382642 0.00364034 0.00015901 0.0137229 -0.00131399 -0.000218602 0.00458196 -0.0055931 0.000372133 0.00122833 0.00266802 0.000443091 0.0012101 -0.00245885
internal_weight=270521 176321 94199.9 82618.5 93702.4 59332.7 44068.8 38134.6 37367.6 73966.5 71847.5 56065.3 27871.9 749.261 56905.8 14328.5 27122.7 20872.6 46273.1 619.304 30263.4 18408 11855.4 42577.3 41019.6 17946.3 9792.19 12917.9 6701.2 34776.6 18541.6 1557.71 129.958 4602.58 15263.9 14941.7 11694.5 17875.2 9428.84 11816.7 23285.7 8718.21 7673.42 529.924 6302.52 2472.05 10262.7 6075.18 7954.67 301.941 14528.3 121.211 14407.1 1044.79 991.57 942.23 5196.15 7103.46 102.787 1460.4 227.983 7104.24 7000.67 6659.21 11496.5 3247.2 3247.2 11270.8 4118.13 7029.77 1043.42 2181.42 4463.41 2226.03 1016.01 193.93 103.175 11664 1073.98 4587.04 1492.67 6453.63 4547.44 193.05 6786.77 4096.38 117.831 3978.54 484.381 200.059 66.1981 97.314 237.824 4475.17 19735.9 274.279 139.468 8446.35 6082.87 3986.79 1409.28 1366.45 15395.3 7877.11 3730.48 847.799 792.86 38838.1 30938.6 75.3995 1101.27 5986.35 4427.54 4377.46 932.412 90.5899 841.822 796.141 3445.05 4874.84 3830.47 3135.55 2541.09 30863.2 12539.3 930.614
internal_count=2080372 1363112 717260 638722 724390 455816 339501 286462 287994 572099 555786 430798 207897 2855 441563 111650 205042 156697 364926 2386 233911 142258 91653 329913 320978 138751 65872 96573 51507 275868 147101 8935 469 35140 116315 114223 89243 138466 73442 88439 182906 57799 52342 2677 50261 19690 78565 47364 60124 1768 111058 649 110409 5457 5219 5053 41200 55151 592 8527 909 54083 54559 50453 89058 24944 24980 84366 31016 53693 7963 15981 34102 17070 7757 701 577 89153 8073 36391 11816 48312 33836 1100 52882 30851 633 30218 3351 1375 430 408 1742 34437 152291 1765 937 65024 46544 31104 10874 8313 118855 60891 29014 6447 6098 304997 242993 493 8134 45730 33815 33564 6751 572 6179 5963 26813 37852 30571 25049 19437 242500 98181 6834
is_linear=0
shrinkage=0.02


Tree=34
num_leaves=127
num_cat=0
split_feature=10 53 10 16 10 39 55 28 40 55 55 12 29 40 29 8 18 16 32 27 17 34 4 2 45 34 40 39 53 45 24 48 55 39 20 7 18 39 16 9 1 34 31 55 29 39 35 47 16 32 40 47 27 18 55 18 52 27 35 4 48 39 14 55 12 20 21 48 48 53 6 7 33 40 29 27 8 39 18 27 40 10 8 56 39 33 14 39 55 10 40 29 47 53 9 55 32 45 35 7 6 7 18 34 35 39 55 39 27 50 39 29 13 10 20 55 18 2 20 28 55 18 29 52 6 34
split_gain=898.74 316.706 154.72 134.92 114.594 88.01 76.9676 74.2338 70.659 70.3824 59.5128 59.3894 56.919 54.9095 60.8932 53.8473 53.656 50.7145 50.7685 49.6278 49.1962 48.675 47.2787 47.1544 47.0792 56.6483 46.302 45.9592 45.7634 46.6297 45.7114 45.3592 44.6631 44.2117 42.8578 42.7251 42.0642 39.5973 39.4193 39.1651 40.1449 37.4289 37.1143 36.9537 56.2975 54.494 38.5128 54.4139 38.3524 36.5573 40.3194 40.0956 38.1686 42.1377 37.4272 35.8866 35.7362 35.3681 39.3434 35.3298 35.2492 35.0601 34.8678 51.3908 34.4542 33.665 33.4474 36.506 35.7251 33.4035 33.3175 33.8273 33.2102 32.9916 32.5756 32.2278 42.7201 34.4153 31.7347 31.4991 35.1027 31.3777 30.8446 30.839 34.7604 32.5654 30.7625 30.518 30.3472 30.2972 30.1362 29.6838 34.4054 32.0174 35.575 32.4944 29.6596 29.6465 29.5169 29.3505 29.3209 29.1296 32.9491 34.8611 29.0453 28.971 31.1975 28.8744 29.3679 28.7528 28.7169 28.6371 29.7982 28.6064 28.5748 28.5713 29.3447 28.5228 35.6124 28.1727 47.7322 38.228 29.2849 28.4576 28.0656 38.7042
threshold=-0.63399842381477345 0.65479975938797008 -1.5137848854064939 -0.13853013515472409 0.64956930279731762 0.18437500298023227 0.057654283940792091 0.81174489855766307 -0.12500000000000003 0.43776553869247442 0.15741607546806338 0.12078132480382921 6.393367052078248 0.12500000000000011 1.8639504909515383 0.56041166186332714 -1.0348583459854124 -3.9366215467452998 0.015414143446832897 -0.87837970256805409 3.4134984016418461 0.11250000074505807 0.47046864032745367 0.019742828793823722 -0.046839609742164605 0.062500001862645163 0.46650633215904241 0.35520832240581518 -0.27045981585979456 -0.005634625442326068 -2421.3508300781245 -0.021657962352037426 0.43776553869247442 0.49270834028720861 0.68118163943290722 0.3185835480690003 0.092745989561080946 0.42604167759418493 -0.7871270179748534 1.3022072315216067 -0.047346591949462884 1.0000000180025095e-35 0.2099999934434891 0.31074346601963049 -5.2428007125854483 0.11354166641831399 1.0000000180025095e-35 -0.035670364275574677 -1.5288949012756345 0.079351320862770094 0.34150634706020361 -0.086883541196584688 -0.60785761475563038 0.92716246843338024 0.10206624120473863 0.42582696676254278 -1.6037492752075193 -0.87837970256805409 0.22500000149011615 0.086463633924722685 -0.040592707693576806 0.29687500000000006 -1.9789367914199827 0.18469358235597613 0.3859687745571137 0.9295373558998109 0.55391770601272594 0.032314229756593711 -0.098494205623865114 -0.43780796229839319 -1.6103417277336118 0.28538154065608984 0.011116137262433769 1.0000000180025095e-35 -3.8238525390624996 0.6078576147556306 0.38058337569236761 0.43020834028720861 -0.32860645651817316 -0.87837970256805409 -0.4665063321590423 3.2941079139709477 -1.377929627895355 0.058374973013997085 0.66354167461395275 0.027842929586768154 -3.4206897020339961 0.50104168057441723 0.074073281139135375 2.7462891340255742 0.46650633215904241 0.88568925857543956 0.0308904591947794 -1.7402569651603697 -2.5331097841262813 0.16002202779054644 0.0059175896458327779 0.0081980014219880121 0.22500000149011615 -0.52370202541351307 3.2516418695449834 0.34139356017112737 0.32797515392303472 0.10416666790843011 0.22500000149011615 0.4760416597127915 0.023187682963907722 0.28437499701976782 -0.60785761475563038 1.3671688437461855 0.37604166567325598 -0.99308788776397694 0.72371721267700206 1.890169143676758 1.072542190551758 0.19877091795206073 0.15533725172281268 0.0085047804750502127 0.36537456512451177 1.0000000180025095e-35 0.039417305961251266 -0.93209785223007191 0.10669231414794923 0.34067277610301977 0.95397481322288524 1.0000000180025095e-35
decision_type=2 2 2 2 2 2 2 2 2 2 2 2 2 2 2 2 2 2 2 2 2 2 2 2 2 2 2 2 2 2 2 2 2 2 2 2 2 2 2 2 2 2 2 2 2 2 2 2 2 2 2 2 2 2 2 2 2 2 2 2 2 2 2 2 2 2 2 2 2 2 2 2 2 2 2 2 2 2 2 2 2 2 2 2 2 2 2 2 2 2 2 2 2 2 2 2 2 2 2 2 2 2 2 2 2 2 2 2 2 2 2 2 2 2 2 2 2 2 2 2 2 2 2 2 2 2
left_child=2 4 11 5 13 30 69 8 38 34 15 24 17 14 21 16 -4 -8 100 -5 31 33 -14 39 25 37 -12 36 59 -30 32 101 -3 43 83 73 60 -1 66 40 -15 62 -20 44 79 -45 47 -47 55 51 -51 87 53 90 -55 -48 -25 98 91 96 -9 -62 111 89 -22 -27 67 -7 -68 105 -65 -72 -16 104 -31 77 114 88 -33 80 -2 -21 -75 84 85 86 -10 -42 -40 -64 -53 93 -93 94 -59 -95 110 -63 -26 -29 109 102 -13 -104 119 106 -6 108 -23 -19 -18 -32 -113 -71 -77 -60 -117 118 -76 122 -121 -122 -36 -124 125 -86
right_child=1 3 10 19 6 7 12 27 9 -11 26 20 22 23 72 -17 28 18 42 81 64 107 -24 56 57 65 -28 99 29 74 41 78 -34 -35 35 -37 -38 -39 75 -41 49 -43 -44 45 -46 46 48 -49 -50 50 -52 52 -54 54 -56 -57 -58 58 115 -61 61 97 63 70 -66 -67 68 -69 -70 113 71 -73 -74 82 117 76 -78 -79 -80 -81 -82 -83 -84 -85 124 -87 -88 -89 -90 -91 -92 92 -94 95 -96 -97 -98 -99 -100 -101 -102 -103 103 -105 -106 -107 -108 -109 -110 -111 -112 112 -114 -115 -116 116 -118 -119 -120 120 121 -123 123 -125 -126 -127
leaf_value=-0.0073513831583329825 0.030774689926982939 2.6407291920737034e-05 0.0039631950859854593 -0.0048553980050491368 -0.0053785267294414801 -0.01157253422003653 0.024095844519146207 -0.025565466921386931 -0.026035862460183773 -0.019203525899318671 -0.000339398449380221 0.0012866525040600252 0.0064395842583041176 0.012150657298170182 0.0045106257794218733 -0.00045572274701035184 0.00062356341977129069 0.0002884925412565313 -0.0036392185343499923 -0.0026881020776266923 0.020337555192129521 0.01621573479237105 -0.013782069595983775 0.01615441319235103 0.0050071943599156836 0.017691090594533707 -0.0061026854184627012 -0.022842210885864068 0.003545262793506726 -0.0080790985726484441 0.027302490276861012 0.0032611693623155859 0.02416060650280924 0.0017573922598453303 0.002395281538369317 0.0029431050202464071 0.0061865359732848554 0.010779547360975418 -0.0041904446574624055 -0.0026525658841819255 0.020978122135123942 -0.0010351758436577985 0.0089424631021900423 0.019673504777099317 0.00026100969361044998 0.020599729922483361 -0.025229256461925444 -0.011684939761111823 0.0055613440003703211 -0.026897590900333296 0.0043714194795680637 0.0011724656210870417 -0.00043184847841882434 -0.0015565956792268267 -0.016304957592081105 0.0036606101269855695 -0.007986844831626547 0.0012264844273307727 0.00041261881297878326 0.00067781464681285198 -0.0017583483995352433 0.0013864732285649192 -0.0035512178743354519 0.0070327011483548862 -0.0038250696023510804 0.00017507700501116202 0.029834663605950676 0.0059067141800236258 0.0036265709550598719 -0.0022290497852187124 -0.012847751390794542 0.0092194773931059716 -0.00032768841480549862 0.00072915897148586044 -0.011168775679474401 0.0014301270953092297 -0.00096470647751824247 0.00022041611743129751 0.0014343086816848872 -0.0072241417973538911 -0.0034470453698088599 0.00094636502718802712 -0.0023402516402013683 -0.002504787168290007 0.0097575031006590322 -0.0094034058214970823 0.00084680573207775557 -0.0016776847730472744 -0.00073454262953850154 0.0027216306361417205 0.0048103475163848363 0.0044926986039677671 0.01276271461568741 0.0024000784745870853 0.0051882990359963244 -0.0022488339235357578 0.0036330764874714532 0.013632612513710469 0.01504467033275678 0.00019458683121747599 0.0080230168165197555 -0.0055828819431333332 -0.0043008055274964107 0.013284263979783842 0.013869030171737943 -0.0025016003854128588 0.0016882259780498826 -0.016971991362079931 -0.0085489796672970231 -0.0012338575520839967 0.0028359912193060529 0.0087595933381669506 -0.012747252886064207 -0.0051060517925711202 0.0062635236031156824 -0.0011502606941892286 -0.021229010342747451 0.0023114903248124905 -0.00012063048858984788 0.0077678827623959166 0.013892259333817929 -0.012234476762661664 0.0071339427166768775 -0.0062974816387532393 -0.0084196191634730265 -0.0049182023273515426
leaf_weight=104.79923115670681 17.96662213653326 1825.8014931380749 3121.6880600899458 4382.788271471858 282.71609633415937 120.75584509968758 32.809370644390583 19.264937959611416 16.141997836530209 91.350165300071239 5666.2186936438084 3752.868456594646 718.23655827343464 111.09313867986202 2878.7018773108721 6995.3120705112815 4679.2006342187524 15872.838098600507 2370.3205498680472 20555.77906063199 93.498055353760719 26.246972732245922 48.471172340214252 25.093490809202194 2208.7102843895555 257.88774034380913 617.54173970967531 21.233650185167789 1695.87392988801 194.14832139015198 20.917732737958431 7257.9686864987016 30.19774816185236 12286.459117673337 258.83563093096018 632.9267173409462 1174.5754784941673 87.463799796998501 1968.721784517169 2099.1440419927239 63.912870913743973 3182.9122536703944 96.669140435755253 92.652686230838299 14797.546505339444 70.608407035470009 46.992386564612389 28.675797134637833 71.045546308159828 40.288667172193527 26.97581173479557 4576.5297917202115 14259.545179486275 314.41902857273817 87.282425634562969 26.362862512469292 422.52100336551666 1246.3250865489244 1036.4583468809724 7113.4960158392787 604.80562336742878 195.77192474156618 8889.8055498898029 41.905013009905815 31.001378566026688 53.013617448508739 20.151271604001522 77.793715484440327 1414.5485064461827 7410.0594542101026 432.56043337285519 28.942142590880394 706.10742542147636 1446.8193598762155 116.88738562166691 1624.684097468853 2277.7460654750466 3908.9707052633166 8002.1827234253287 569.99516239762306 32.004479244351387 995.32134287804365 13714.650388427079 1355.2750181555748 404.80582217872143 134.39893114566803 2509.3057972416282 37.191178239881992 2102.7506664469838 318.16038686782122 1137.0005837455392 1851.4297148510814 225.47731973230839 6608.9507832601666 3339.4657672718167 660.59615030139685 5067.5479511991143 132.18822623044252 123.21349934488535 4405.8963603302836 174.30055845528841 336.39266560226679 734.34945543855429 47.053764469921589 31.182046011090279 1831.1092048957944 2093.189625442028 95.77174461632967 63.472219131886959 7218.4164727702737 4711.0503788590431 86.439876243472099 35.540857776999474 1700.8412453904748 700.13308608531952 66.855987638235092 50.898523010313511 2074.4153316691518 11659.122783400118 59.867845185101032 22.663983501493931 476.45847763866186 67.552147202193737 807.2357801347971 50.120929189026356 86.609075538814068
leaf_count=478 119 13809 24668 34814 2262 751 68 118 90 366 36706 26792 4865 527 22175 54674 37175 122495 16835 161403 258 182 153 165 17064 1161 4077 162 13292 1445 93 56644 133 95257 2031 4626 8940 445 15612 16300 303 24476 650 532 115902 364 168 177 454 147 125 36094 110161 2506 626 136 2900 9034 7532 53268 4699 1521 68670 244 148 241 66 522 10279 58973 2933 191 5217 11310 926 12734 17660 30504 62269 3965 200 7447 106449 10396 3080 881 19043 249 16086 2230 8956 14193 1693 51699 24671 4244 39972 984 947 33840 1207 2243 4928 278 240 14585 16605 619 422 55805 37479 564 202 13499 5503 366 193 16290 92296 479 179 3634 507 6152 343 686
internal_value=6.61802e-06 -0.000820203 0.00161389 -0.0017164 -2.88391e-05 -0.00117881 -0.000845569 -0.000719222 -0.00107219 -0.00177802 0.000921947 0.00258733 -0.000222768 0.00056278 0.0011024 0.00116427 0.00144458 -0.000382689 -0.000414873 -0.00291503 0.00184507 0.000790438 0.00514358 -0.000177057 0.00342604 0.00945385 -0.00090683 0.00123996 0.00123373 0.000413642 -0.00250355 0.00176709 0.000432417 0.000858172 -0.001705 -0.00215442 0.00365573 0.000904617 2.83254e-05 -5.04079e-05 0.000214123 -0.0029216 -0.00314238 0.000156738 1.33955e-05 0.00670501 0.00170986 0.0112416 -0.00486914 0.000148936 -0.0144625 0.000197688 0.000134982 0.00145674 -0.00479616 -0.0149236 -0.00659825 0.00325133 0.0028965 0.00183205 0.000529073 0.00109589 -0.00353065 -0.00367521 0.0143304 0.0147177 0.0029506 -0.0047237 0.0040159 -0.00208613 -0.00989376 -0.0114447 0.00355751 -0.00234571 3.52037e-05 -0.000351105 0.000981452 -0.00111978 0.00230341 -0.00588603 0.0091998 -0.00252016 -0.00204725 2.26864e-05 0.00109343 0.000151915 0.000664346 0.0126996 -0.00240648 -0.00333409 0.0018973 0.00319047 0.00539672 0.00280346 0.00411228 0.00197724 0.0023998 0.0063519 0.0055442 7.87371e-05 -0.000125494 8.64314e-05 0.00050839 -0.00322498 -0.00496753 -0.000611622 0.000845002 -0.00939322 -0.00119426 -0.00018739 0.00173382 0.00624434 0.00243243 -0.00276675 0.00288823 -0.00065073 -0.00994325 0.000149593 -0.000231317 -0.00532312 -0.0089964 -0.0110207 -0.00350462 -0.00525219 0.00570719 0.00716423
internal_weight=270514 178625 91889.4 83763.3 94861.6 57829.4 39850 42936.2 36382.5 22166.2 53712.5 38176.9 26532.1 55011.6 31810.6 47428.7 40433.4 25765.4 25732.5 25933.9 20255.3 28225.8 766.708 23201 17921.5 503.164 6283.76 6553.74 37311.7 15740.4 14893.2 20130.8 1856 28040.3 22074.8 17518.2 2126.61 192.263 14216.3 22753.4 20654.2 13037.2 2466.99 15753.9 15417.5 336.338 243.685 99.2842 144.401 20543.1 67.2645 20475.9 20374.8 6115.23 401.701 73.3552 447.614 17418.4 15086.5 21571.3 952.031 932.766 9854.27 9711.37 124.499 310.901 1633.25 198.55 1434.7 13317.9 503.408 461.503 3584.81 16885.3 14044.6 12583 4602.56 7980.44 15260.2 619.966 49.9711 21551.1 15161.5 4556.66 3201.38 2659.85 2525.45 101.104 4071.47 9207.97 5713.53 13932.2 2076.91 11855.3 4585.79 7269.55 14457.8 327.96 2331.92 4427.13 23265.6 4870.66 4534.27 781.403 1723.8 4207.01 2375.91 185.491 89.7192 23091.3 9390.25 142.898 121.981 9110.9 2324.82 1154.21 117.755 13850.4 11776 1692.61 558.99 499.122 1133.62 874.788 541.536 491.415
internal_count=2080421 1380632 699789 647682 732950 444018 308002 330473 280209 170492 412268 287521 202078 424948 245889 371485 316811 197060 196992 203664 153560 218497 5018 179059 133961 2325 40783 50264 292143 124249 113545 153154 13942 217274 170126 135607 16262 923 109717 175994 159694 99603 17485 122017 120186 1831 1299 541 758 159167 272 158895 158343 48182 3132 304 3065 131636 113625 167894 7322 7204 75127 74268 406 1402 11618 1273 10345 105924 3368 3124 27392 130981 110957 98099 35897 62202 118913 4284 319 168850 117759 34519 24123 20014 19133 552 31698 70900 45050 105534 15886 89648 33705 55943 114626 2505 18011 34002 179507 34241 31998 5206 13222 33452 18867 1223 604 178300 74654 859 766 72472 18237 8091 559 109512 93222 12982 4292 3813 8690 6659 4109 3766
is_linear=0
shrinkage=0.02


Tree=35
num_leaves=127
num_cat=0
split_feature=10 53 51 16 14 9 4 1 39 39 1 20 54 47 8 29 38 31 38 9 4 2 7 21 5 39 28 22 39 29 55 25 4 4 47 38 46 38 47 33 25 54 18 39 29 4 38 11 20 54 39 18 29 46 7 10 14 55 16 52 47 14 9 38 2 25 32 39 39 29 28 20 21 19 53 43 5 47 4 52 55 29 29 55 20 38 18 22 13 19 49 1 19 7 29 55 38 39 53 28 47 33 39 18 47 29 5 25 46 1 35 31 2 29 14 38 17 39 18 46 46 25 43 22 29 32
split_gain=863.247 304.858 172.507 164.812 105.514 83.3721 70.5908 77.1413 64.4408 62.9967 61.1735 84.3951 60.7889 55.4406 52.7535 61.1495 52.4417 50.9929 53.9031 45.6679 45.5646 44.731 50.3865 43.4845 44.0417 72.6898 72.1452 50.2384 60.6852 55.9011 45.5933 45.6254 57.9077 44.0578 43.4089 42.9372 42.1545 40.8636 51.1913 40.6685 40.2293 39.343 44.5422 37.1686 37.0469 37.4706 38.6996 36.5261 36.0216 35.3695 35.1809 52.8045 55.1166 46.641 43.7164 37.7492 39.8601 42.5187 36.3306 35.1651 34.9909 34.6593 34.2767 56.1881 34.1994 33.787 38.7099 33.5055 74.5855 44.1599 40.3227 33.455 33.0546 54.5756 32.8799 57.616 32.5578 44.4244 32.0665 65.5897 32.025 31.4477 31.3592 35.2871 31.31 36.7915 31.148 31.1465 30.965 38.0255 30.9439 33.2693 32.0437 30.8441 30.8015 30.7911 35.3637 30.6022 42.6623 35.2919 37.4272 30.4207 30.3074 30.2366 29.9958 29.8863 30.7003 29.7914 29.5817 36.8436 31.0863 31.1878 29.5119 48.2669 40.2295 32.8927 32.0212 58.6363 40.1361 32.0821 31.9638 54.9745 54.9382 29.4876 29.4565 29.2721
threshold=-0.63399842381477345 0.1971443593502045 -1.6555693149566648 -0.11620223522186278 -0.57250559329986561 1.4052577614784243 0.11436734721064569 -0.0046790167689323417 0.76770833134651195 0.17187500000000003 -0.047346591949462884 1.1423728466033938 0.076233286410570159 -0.0023498110240325327 -0.93383198976516713 2.5007426738739018 0.23691798746585849 0.12999999895691874 0.021464949473738674 -1.8503961563110349 0.051158938556909568 0.0031527004903182392 0.30044926702976232 0.6445329785346986 0.17868668586015704 0.48020832240581518 0.81174489855766307 0.00097192815155722212 0.22187499701976779 -2.8831332921981807 0.43776553869247442 0.91597560048103344 0.37063603103160864 0.37063603103160864 0.079585582017898573 -0.20845020562410352 -0.031355857849121087 0.039065964519977577 -0.041633058339357369 -0.022390513680875298 -0.91597560048103321 0.048474352806806571 -0.65164706110954274 0.59687501192092907 0.34603476524353033 0.050390066578984267 0.011049724649637939 0.32600532472133642 0.43030922114849096 0.36712509393692022 0.62604168057441723 0.87983581423759472 1.9615948200225832 -0.033732572570443146 -0.39781987667083735 1.1052643656730654 -2.6324659585952754 0.057266145944595344 -0.58795511722564686 -0.33268895745277399 -0.061120968312025063 -2.8756052255630489 -2.6243785619735713 3.1203815311037899e-17 0.049575347453355796 0.60355338454246532 0.015176136046648027 0.35937500000000006 0.68437498807907116 -0.10178089141845702 0.81174489855766307 1.6780310273170473 0.76459580659866344 2.0611896514892583 -0.69986054301261891 -0.0084857265464961511 0.32104983925819403 -0.047464583069086068 0.15470845997333529 0.81216213107109081 0.204898476600647 -10.758540153503416 -6.0533671379089347 0.25043855607509619 0.71185648441314708 -0.17316246032714841 -0.26704059541225428 0.0028152340091764931 0.1290664151310921 1.346580505371094 -0.44967438280582422 -0.028635160066187378 2.2962234020233159 0.12046080455183984 0.96183419227600109 0.11967896297574045 -0.02262879908084869 0.49687500298023229 0.89720579981803905 0.81174489855766307 0.013253174722194673 0.02330822125077248 0.21770833432674411 1.3000637888908388 0.010279553011059763 10.144746303558351 0.36809284985065466 0.60355338454246532 -0.051636224612593644 -0.03216083534061908 0.27500000596046453 0.16999999433755877 0.013153510168194773 6.393367052078248 -5.2733452320098868 -0.12889766693115232 2.9769599437713627 0.50520834326744091 0.38871128857135778 -0.009197263512760399 -0.063792809844017015 -0.37940952181816096 -0.00049613506416790177 -0.02803922817111015 7.5535535812377939 0.014532451052218677
decision_type=2 2 2 2 2 2 2 2 2 2 2 2 2 2 2 2 2 2 2 2 2 2 2 2 2 2 2 2 2 2 2 2 2 2 2 2 2 2 2 2 2 2 2 2 2 2 2 2 2 2 2 2 2 2 2 2 2 2 2 2 2 2 2 2 2 2 2 2 2 2 2 2 2 2 2 2 2 2 2 2 2 2 2 2 2 2 2 2 2 2 2 2 2 2 2 2 2 2 2 2 2 2 2 2 2 2 2 2 2 2 2 2 2 2 2 2 2 2 2 2 2 2 2 2 2 2
left_child=2 5 10 4 8 19 7 41 14 64 11 36 86 20 15 -3 34 18 76 -2 94 124 60 24 -8 26 27 28 29 -26 31 32 82 -32 39 80 62 38 40 -10 -25 -4 -43 -13 45 46 -15 -11 -39 -34 51 112 53 54 -53 56 74 59 -57 -58 -23 -37 63 -1 -6 103 -67 70 -69 104 -49 -72 73 -36 75 -52 77 -14 -55 84 -17 -79 83 -27 85 -80 -12 -33 89 -40 92 107 -50 -59 -9 96 -62 99 125 101 -101 -44 -78 -7 -70 106 -24 -92 109 -19 111 -111 113 116 -114 -115 120 118 -118 -120 121 122 -21 -76 -16 -99
right_child=1 3 6 -5 9 65 23 13 16 47 12 43 17 44 21 35 -18 108 -20 50 -22 22 105 37 25 30 -28 -29 -30 -31 33 87 49 -35 72 61 -38 48 88 -41 -42 42 97 -45 -46 -47 -48 67 90 -51 55 52 -54 78 -56 58 57 93 -60 -61 95 -63 -64 -65 -66 66 -68 68 69 -71 71 -73 -74 -75 123 -77 102 81 79 -81 -82 -83 -84 -85 -86 -87 -88 -89 -90 -91 91 -93 -94 -95 -96 -97 -98 98 -100 100 -102 -103 -104 -105 -106 -107 -108 -109 -110 110 -112 -113 114 115 -116 -117 117 -119 119 -121 -122 -123 -124 -125 -126 -127
leaf_value=0.018024512227134071 0.0048727024533717 -8.525394710689243e-05 0.0047045426687791674 -0.0027946173755556258 -0.0028007227279686943 -0.00029190978944864076 0.00020773995814680753 0.003524190195721325 0.0079737161826872772 6.9544582162249502e-05 0.0046977462044637229 0.00076343316572830651 0.01161668030446634 0.0015423559762555168 0.00012103547917287908 0.0081599741472613875 0.01735610778314492 0.0030431700260009709 0.00071974154601522704 -0.012078276417270288 0.00059024778642803198 -0.02566423436937694 0.0032684982899340844 -0.0022068072009450144 0.016609379939998906 0.02257240669733172 -0.02005930610557673 -0.013907747241545074 -0.0085316907851138522 -0.003972407831291663 -0.0085709952749502254 0.016728000616817024 -0.031744123808903381 0.019558563527232144 0.015692448542021294 0.020912949074878239 -0.00041979828044524925 -0.022800631480908023 -0.023155020024208849 0.0014599199515979899 0.0071172399030181811 0.0043508462419693259 0.00082383845446989154 -0.023413123796621669 0.0012790607489439399 -0.002031345604218695 -0.0011469073528622684 -0.0011214525469891846 -0.0023258739453696016 -0.0046997282427610459 0.014139043824520511 -0.014668920491357668 0.0080112941315450478 -0.0025065740501843069 0.011492685073766098 0.0090251217845031938 -0.0011315491706864261 0.0034934799881786611 -0.0017143660533615686 0.0024821495039168053 0.00055689166466971055 0.0043413110758337972 0.015210229052310025 -0.0091869140270982239 -0.012981709284237813 -0.0020564798282364512 -0.0086341471094006465 -0.003076330385675943 0.00081948918233275367 -0.0012850780019717869 0.0015786197701965063 0.012545619139260025 -0.026386372862026303 -0.024607033900519402 0.016075353678034181 -0.0043590744667851384 0.012466365401095348 -0.017148138818524027 0.020579573165256569 0.010728126793684383 -0.023248567098218997 0.0041816509151632606 -0.0063725318475461503 -0.0020531402254315915 -0.015020089653397939 -0.0093139636833666981 0.0027856921751895137 -0.0060254321631836704 -5.683333686526017e-05 0.004458065784422577 -0.0013518263376883382 -0.0014880637703030082 0.0036392788511764866 -0.00040318284603690712 -0.0035082278066841418 -0.0029782355291575798 -0.0022960071073969877 0.00449818152622165 -0.0039155914230311487 -0.0040406921946167674 0.0061239655377931176 0.0053972535712472928 -0.010729549661802503 -0.0057313198482405927 0.0070299382343760189 -0.016408372256816347 0.018304080316052625 -0.011764714765565518 0.00094882148973486266 -0.017055173413300467 0.011331165948089963 0.00095622273562614589 -0.027649850918935903 -0.0050997357206062867 -0.0020024174447553673 0.011822649145389462 0.004763646810752354 -0.008392734064199282 0.023621734308070623 -0.002745388581427307 0.00039026399416427913 -0.016283483293395795 0.023540171001351733 0.00023695063978739381 0.0099080644209353121 0.00046212572385331358
leaf_weight=54.787383727729321 949.83659686893225 4763.0439960807562 2618.5743082538247 28312.187023840845 11115.472140409052 9282.1838651075959 1233.5492477938533 5272.0675404369831 427.29598435014486 7187.2152760475874 6189.5188622549176 68.086383827030659 334.18631104379892 4497.0642105862498 7141.1101526170969 18.910822458565235 88.011806823313236 143.60266578197479 2609.2916333079338 32.714310459792614 5245.5438487231731 23.818291559815407 545.18336900323629 235.17559757828712 100.68866476416588 38.011951014399529 175.3387291431427 204.33467972278595 256.8169326633215 108.99920466542244 29.790782317519188 71.016039371490479 46.257260955870152 81.502715885639191 30.180139966309071 51.207060493528843 114.25954249501228 30.234571009874344 19.403887160122395 3675.4661722332239 858.71719970554113 2688.0805913880467 5498.7925341054797 39.476178951561451 7382.8245532512665 4262.2075396552682 4082.4087720885873 8018.0066607818007 634.59971921145916 33.587845921516418 71.284883856773376 29.756348244845867 202.15436575561762 2927.846609942615 151.78508012741804 132.80149632692337 2386.539788082242 6373.7355338856578 2157.0002404078841 1961.3186838403344 3186.7765863016248 1647.59371612221 480.01377001404762 65.60151532292366 132.70484433323145 3972.6110116168857 392.64751900732517 10940.332411244512 1161.4257642403245 5727.7237292006612 1337.0116858407855 120.46351958811283 36.08039403706789 22.626978747546673 69.683860667049885 988.00813417136669 28.0606839209795 26.855811797082424 22.231140188872814 59.749414928257465 37.482481732964516 4078.1993830949068 169.90641747415066 57.173808559775352 270.3072973638773 55.560972698032856 7608.6089331507683 35.424885503947735 6097.0296022966504 911.5895985737443 186.82005533576012 1928.0877200067043 830.23088428378105 930.49963169544935 260.56662588566542 5701.5181858688593 3819.8399480208755 2828.1707769334316 339.78840702772141 969.13208778202534 169.35697267204523 649.84370825439692 100.01583681255579 426.65871246904135 424.28985008597374 26.877141036093235 59.495667710900307 267.76251626014709 7342.0193105712533 149.46481294184923 23.823044091463089 51.380796447396278 23.917426347732544 56.268981926143169 1393.6139294579625 236.43890260905027 324.52935988456011 101.55712881684303 93.030611395835876 22.642753630876541 36320.778294168413 115.663299664855 34.713938094675541 140.92885968089104 124.17268364876509 964.69648733735085
leaf_count=172 7285 36596 20773 222782 86485 71076 9054 42112 2994 57028 49024 368 2185 35979 54934 143 458 766 19128 186 41126 87 3890 1511 516 208 787 996 1207 636 148 386 146 262 181 283 531 96 109 28297 5456 21292 43035 137 58548 33513 32632 62563 4253 94 378 136 1526 23095 878 883 19052 49719 16957 15659 24566 12486 1974 179 862 31192 2841 85194 9140 44774 10413 877 230 168 437 6626 144 149 121 381 163 30740 1012 319 1849 339 60282 192 44411 6574 1184 14305 6029 7255 2073 40290 29623 22263 2672 7482 1328 5040 457 3257 3246 162 315 1671 53411 772 167 332 64 334 9945 1670 1655 545 470 145 282824 645 187 872 918 7441
internal_value=6.4978e-06 -0.000803839 0.00158182 -0.00148848 -0.00101184 0.000193333 0.000985697 0.00135836 -0.000117912 -0.00162035 0.00284177 0.00821852 0.00268733 0.000767685 -0.00047755 0.0010907 0.00216271 0.00180062 0.00301382 0.000525138 0.00192616 -0.000973158 -0.00165982 -0.000229028 -0.00255119 -0.00496597 -0.00866709 -0.00566256 -0.00202691 0.00593781 0.000603702 -0.00222698 -0.00576014 0.0120107 0.0018394 0.00428066 0.0107042 0.000282414 0.00108889 0.00214034 0.00511157 0.00245301 0.00203473 -0.00823425 0.000150188 -0.000498784 0.000262611 -0.00120091 -0.00140634 -0.0205788 0.000453454 0.000157842 -0.0021181 -0.00270268 0.00714221 0.00127875 0.00169816 0.00206491 -0.0010874 0.000498556 -0.00193347 0.00485343 0.01282 0.00323488 -0.00292207 -0.00118893 -0.0026502 -0.00153023 -0.00203112 -0.000467227 -0.000565071 0.00249373 -0.0119095 -0.00169303 -0.00166513 -0.00310114 0.00432376 0.00461098 -0.00324076 -0.00848982 -0.01274 0.00403772 -0.00123247 0.00790299 -0.0118126 -0.000605643 0.00364375 0.00916046 0.000461993 0.00385725 -0.00123208 -0.00263812 0.00105453 0.00299695 0.00319223 -0.0018869 -0.000998404 0.00148913 0.00286381 0.000709094 -0.00252371 0.00130816 -0.00558253 -0.000531615 0.00248523 0.00384962 0.00477731 -0.00749988 0.000671019 -0.00485224 -0.00989434 -0.0124606 0.000376338 0.000483919 -0.00245505 0.00855987 0.000419853 0.00524215 0.00840195 0.0184726 0.000348115 -0.00796443 0.00632051 0.00553321 0.000289786 0.00347229
internal_weight=270493 178615 91878.4 105904 77591.3 72711 62371.2 47729.1 31426.7 46164.6 29507.3 822.225 28685 31002.7 27147 6518.24 4279.66 14886.9 7176.61 58636.9 10778.2 20628.8 13363.5 14642.1 2642.4 1408.85 846.178 670.839 466.505 209.688 562.672 451.378 344.937 111.293 4191.65 1755.19 714.662 11999.7 8121.92 4102.76 1093.89 16726.4 14107.9 107.563 20224.5 12841.7 8579.47 34916.5 3877.74 79.8451 57687.1 42475.3 3719.39 3517.24 181.541 15211.8 12922 11652.1 2289.8 4347.86 12732 1698.8 600.403 120.389 11248.2 14074.1 4365.26 27729.3 18253.8 7313.44 9475.48 1457.48 88.8875 52.8071 1269.91 1059.29 4567.32 4439.24 3335.7 407.849 56.3933 4105.06 265.092 95.1858 348.099 77.7921 13798.1 106.441 7028.02 930.993 3847.5 2382.67 1464.83 7304.24 5532.63 12708.1 7006.62 11419.8 4132.66 7287.13 1138.49 6148.64 128.077 9708.84 1585.72 631.556 604.679 454.583 7710.29 368.271 224.669 200.846 38755.9 37338.3 1417.53 292.708 37045.6 541.76 440.203 115.673 36503.9 183.092 67.4282 210.613 7265.28 3792.87
internal_count=2080421 1380632 699789 820148 597366 560484 478871 377309 236784 360582 220918 3361 217557 245983 204456 49671 32328 108251 52803 452118 85311 154785 98933 101562 15963 6909 4142 3355 2359 1152 2767 2357 1779 410 31870 13075 2856 85599 58061 31291 6967 131326 110553 505 160672 102124 68611 273235 27538 240 444833 326995 28325 26799 1014 117838 99998 91685 17840 34711 94566 12769 2325 351 87347 108366 34033 216207 142354 57160 73853 11290 579 349 8313 7004 33675 33074 25785 2690 306 30889 1539 527 2309 460 109306 578 51094 6683 27442 17160 10282 56974 44185 94479 54189 89261 32376 56885 8810 48075 601 74333 12386 4367 4205 2855 55448 2037 1271 1104 298670 288661 10009 2004 286657 2815 2270 615 283842 1018 373 1309 55852 29704
is_linear=0
shrinkage=0.02


Tree=36
num_leaves=127
num_cat=0
split_feature=10 53 51 14 40 1 20 54 39 45 27 9 5 1 21 6 38 39 48 39 25 28 47 31 6 47 4 11 41 37 39 47 26 54 11 40 39 28 14 25 5 38 25 20 39 40 24 4 5 50 4 33 6 27 20 53 0 18 29 38 53 48 1 39 29 20 6 21 24 6 26 25 54 48 48 15 2 38 18 5 21 27 38 23 14 39 39 51 31 39 0 33 15 31 48 6 38 39 6 22 38 29 44 39 56 19 29 29 47 53 48 5 5 40 29 15 4 27 39 39 18 2 4 48 10 1
split_gain=806.57 282.89 195.169 127.836 96.4082 75.2985 87.8898 73.6052 71.7774 69.8406 67.3758 65.386 61.111 77.1738 62.9078 56.3026 55.0834 57.8726 85.5363 52.3843 50.7957 57.2955 50.6789 50.6106 49.5478 48.4428 53.3037 51.869 47.3047 50.5092 46.1981 45.5778 45.286 44.6205 45.2653 44.337 43.8582 50.8537 43.7821 42.4217 42.154 41.694 54.0263 65.1346 41.5359 48.2769 44.8176 42.4992 40.7839 40.5852 42.5226 40.314 40.0597 39.6145 42.5364 39.326 47.0296 45.1694 39.0721 45.0469 38.9867 44.0491 43.6245 43.5562 56.24 38.9961 38.744 38.5769 44.2054 41.3816 38.2722 50.7672 45.3684 52.6617 45.1183 48.6582 57.3084 49.6492 42.3345 39.9849 49.9893 50.8132 63.5052 41.0204 38.3955 37.8375 55.9627 37.7195 40.6304 41.0749 37.7017 37.359 37.1839 36.847 38.5981 36.6876 36.5057 36.1989 36.1671 36.0528 36.0602 39.3537 35.9442 35.7908 35.6739 35.4384 35.3306 35.0999 34.9971 34.997 48.712 34.639 34.5934 34.5044 33.7431 33.3953 35.2374 36.3783 52.7084 44.0858 33.4062 33.3233 33.2146 33.4014 33.2041 33.1572
threshold=-0.30304153263568873 0.1971443593502045 -1.4476959705352781 -0.57250559329986561 -0.12500000000000003 -0.047346591949462884 1.1423728466033938 0.080568868666887297 0.063541665673255934 -0.046839609742164605 -0.87837970256805409 1.2511734366416933 0.13412541896104815 -0.0045648242812603703 0.64099857211112987 1.486991345882416 0.024921900592744354 0.45937500894069677 -0.029698301106691357 0.92604166269302379 0.60355338454246532 1.0000000180025095e-35 0.0045695088338106879 0.12999999895691874 3.9194630384445195 -0.0050681421998888245 0.051533689722418792 0.66842836141586315 -0.001001733588054776 0.9572335183620454 0.076041668653488173 0.067394435405731215 0.60355338454246532 0.14083452522754672 0.4180788397789002 -0.3415063470602035 0.48020832240581518 0.81174489855766307 -0.11624991893768309 0.60355338454246532 0.0828070603311062 -0.30658195912837977 -0.91597560048103321 0.84960278868675243 0.68437498807907116 0.46650633215904241 248.83010864257815 0.05383455008268357 0.093868922442197814 -1.9465788602828977 0.16568321734666827 -0.0085338433273136598 1.6195181012153628 1.0000000180025095e-35 0.75343406200408947 1.3326400518417361 0.0055113278795033702 0.29034234583377844 1.5207052230834963 -0.08077706396579741 1.858558773994446 0.0079677496105432528 0.0058630162384361037 0.62187498807907116 -0.57699382305145253 0.83731287717819225 1.3269888758659365 0.98337221145629894 -6926.2204589843741 2.8430856466293339 1.0000000180025095e-35 -0.6035533845424651 0.25490155816078192 0.017275489866733554 -0.051495738327503197 6.8558037281036386 0.031535869464278228 -0.08077706396579741 0.81766635179519664 0.11058668419718744 0.52329114079475414 -1.0000000180025095e-35 -0.16242676973342893 -0.080254700034856782 -2.5627553462982173 0.77604165673255932 0.49270834028720861 1.3141576647758486 0.14999999850988391 0.33854167163372045 -0.013128281105309723 0.016902213916182521 4.4338285923004159 0.18999999016523364 -0.020123324356973168 2.5777964591979985 0.16812827438116076 0.43854166567325598 -1.8488801121711729 -0.0096727083437144739 -0.30658195912837977 -10.758540153503416 0.00074303889414295565 0.14687499403953555 0.16713632643222812 5.0739159584045419 5.2338719367980966 5.9371590614318857 0.010767155792564155 -2.0970149040222164 0.0086873634718358534 0.037026381120085723 0.23164860904216769 0.12500000000000011 -5.2428007125854483 6.8558037281036386 0.12101503461599351 0.87837970256805431 0.24270833283662799 0.18854166567325595 -0.010289704892784355 -0.033674793317914002 0.2035528048872948 -0.014578435104340313 -1.9793099164962766 -0.028635160066187378
decision_type=2 2 2 2 2 2 2 2 2 2 2 2 2 2 2 2 2 2 2 2 2 2 2 2 2 2 2 2 2 2 2 2 2 2 2 2 2 2 2 2 2 2 2 2 2 2 2 2 2 2 2 2 2 2 2 2 2 2 2 2 2 2 2 2 2 2 2 2 2 2 2 2 2 2 2 2 2 2 2 2 2 2 2 2 2 2 2 2 2 2 2 2 2 2 2 2 2 2 2 2 2 2 2 2 2 2 2 2 2 2 2 2 2 2 2 2 2 2 2 2 2 2 2 2 2 2
left_child=2 11 5 4 28 6 9 109 31 53 22 70 13 35 20 -11 23 18 48 -19 49 33 38 30 44 26 -15 106 -3 104 -9 55 102 -22 -35 -4 37 -37 -10 -17 -21 42 43 -16 45 46 -12 -47 -18 -14 -51 -49 -52 -1 -55 57 -57 -5 59 -46 63 -62 -63 -6 -65 111 -60 68 -25 -69 79 72 73 -72 75 77 112 -73 -76 -2 81 82 -81 -83 98 86 93 88 108 -90 -87 -36 -44 94 -71 -56 -86 -20 -82 100 -54 -102 -13 -8 -30 -34 -27 -31 -64 110 -7 -66 -77 -24 -28 116 117 118 119 -48 -117 -38 123 -80 -32 -43
right_child=1 3 12 8 60 7 103 16 10 15 24 32 14 25 41 39 17 19 97 40 21 -23 113 67 -26 27 114 -29 29 107 124 -33 105 34 91 36 121 -39 -40 -41 -42 125 92 -45 58 47 115 51 -50 50 52 -53 99 54 95 56 -58 -59 66 -61 61 62 87 64 65 -67 -68 69 -70 85 71 74 -74 -75 78 76 -78 -79 122 80 84 83 -84 -85 96 90 -88 -89 89 -91 -92 -93 -94 -95 -96 -97 -98 -99 -100 -101 101 -103 -104 -105 -106 -107 -108 -109 -110 -111 -112 -113 -114 -115 -116 120 -118 -119 -120 -121 -122 -123 -124 -125 -126 -127
leaf_value=0.020128919214443139 -0.00049957383622054475 0.0030711864678121649 0.0036527403685128051 -0.00037298027735910907 -0.0023586004957111416 0.0041178464258988115 0.011310317401117327 0.0083901326177432713 -0.0007354504086383106 -0.0056672376308761728 -0.0013186136636900861 9.2000776987299899e-05 0.008015062297573667 0.0034142735857244713 -0.010669986778508533 0.015813565956963829 0.002615803527333762 0.0034181210461525619 0.0010536584527216257 0.0069722681470279499 -0.0082340482095186549 -0.005418115272038183 -0.0064136029254014742 0.0072673965934538691 0.0043519961511914208 0.00033870551155932947 -0.0071036532202478778 -0.0017889233497745335 -0.00024412783858165736 0.0024504241856541163 0.0047126729672828886 -0.020756386015527564 0.0010810940206768729 0.016952259022296468 0.011602171537109098 0.001180820895174742 -0.0064395418506538217 -0.0029220686791137027 -0.0049417499947256617 -0.0041301456995339091 -0.0091198051919211889 -0.0027967423101945116 0.005819322469372723 0.01618706381496916 0.0050349865882234742 -0.0024243969215994453 -0.0031362900675604762 -0.0011595172713251055 -0.0070451428952944123 -0.00095233785510135066 -0.0056388230971826129 0.0037756769215470027 0.0093556319999268285 0.015498108098377773 -0.019641849527820856 -0.0066381085848876481 0.00035840756589418897 -0.0052281114824036167 -0.0033446963565740228 -0.00030318763361258293 -0.0044042536357331644 -0.0032171803391240882 -0.0073724508520499176 0.0067849498501754233 -0.015989087463753118 -0.0034060847084644843 0.0021549974242238003 0.003902648423028364 -0.0013479199960122906 -0.011765068487358738 0.0019001577439616754 -0.018616697484447386 0.013191429545037206 0.0088165219381305289 0.0013119663054884777 -0.0050420150379249309 -0.020798388429791245 -0.0031045935209315797 0.0036406660932161174 -0.019567932694722037 0.02493572241119274 -0.019719544416056414 0.0047628580974374297 0.011280951634577308 0.0015043563372940916 -0.029468170946457678 0.011596363418100447 0.00021567711126887904 0.0067488757712841838 -0.007802175054988314 -0.0025491248343420475 -0.010808920244248423 0.024264418252919633 0.010378494218047382 0.00072032228664873873 0.0066490078256732522 0.014983702253390872 -0.010169484444547839 -0.0030897816762371099 -0.022766296754776406 -0.032545004578839902 -0.0070597213905424193 -0.0022229227005060685 -0.014748488860288161 -0.0063844937423455381 -0.0076601940726305938 0.0068090330863476859 0.014282253073141906 0.0095896982955936474 0.0026894349830737037 0.012212195127530481 0.0022877523558336513 0.018385861607807953 -0.0029485128803022958 0.00074216340764856063 -0.019905583022053842 -0.00085255826292371427 -0.0010873044818995429 -0.0044616174834249461 0.00070083979822957053 -0.0045001473175907561 0.0028434761678163153 -0.020508198345597802 -0.0034475252684960356 0.001425799516529486 0.00041039012945204799
leaf_weight=263.8875919803977 15780.086200289428 3015.6004957407713 4730.9591608196497 1859.0469470992684 12099.850988812745 3977.1243775486946 26.81096363067627 689.95375154912472 3400.6056061461568 158.67985677719116 14044.690343983471 3899.7864824980497 92.018733240664005 4104.4744256138802 103.79552251845598 148.02869731932878 204.41598249971867 2165.8998748138547 2478.6191793084145 86.591010250151157 62.232049360871315 257.52285312116146 2614.1598924696445 258.81536123901606 557.69659245014191 25894.439084991813 227.30868075788021 5056.515067152679 6654.037953145802 1707.5257632806897 2192.8770320937037 64.176997900009155 4843.2839699611068 168.5249125212431 60.558427512645721 7256.2711551934481 157.32064384967089 1448.7088029533625 1395.9253418147564 59.176554538309574 253.62981473654509 1532.4531527161598 92.648220978677273 54.116173595190048 687.07389961183071 1723.8211823627353 3989.1737967431545 1183.5152759626508 1181.0919252634048 571.28967439383268 1041.3955297321081 1499.9757854864001 36.032728292047977 155.9507662653923 29.269083209335804 2533.8811045885086 452.53620987385511 1303.9906632006168 2904.4365569576621 7801.9149140641093 561.76829735934734 542.76400815695524 51.640572808682919 459.13764657825232 41.968549378216267 1199.7464791610837 621.12199687957764 2206.0389492809772 2864.4825747683644 197.94579385966063 5007.8551611080766 88.338503606617451 162.90266141295433 482.08070050179958 12742.47078256309 32.949571825563908 23.290614046156406 1102.0393877699971 348.42574111372232 56.14405868947506 17.759738892316818 16.815655529499054 171.23894368857145 464.95268522948027 2934.1923388242722 35.811298362910748 129.8134583979845 909.34086458384991 159.61703912168741 149.11867936700583 48.574481584131718 56.578497499227524 83.540905229747295 67.079707853496075 196.73335137218237 70.087915986776352 81.67262364178896 119.53623837977648 1018.9811202436686 114.30931942164898 30.627941824495792 108.28898406028748 8591.3677028790116 87.569019302725792 400.32838729768991 191.89115795493126 341.04908408969641 105.67592607438564 675.58591441065073 15840.014687858522 320.98924918472767 1193.7195553779602 100.69693666696548 2058.953590400517 5527.0715363994241 88.032905794680119 3484.2203072831035 3092.1856719627976 8671.504518955946 1710.3781509324908 156.03417475521564 6759.1478402912617 37.804708629846573 1111.6087217628956 2802.0748370215297 8101.895395860076
leaf_count=919 124946 22165 37169 14572 91176 31366 163 4983 27038 676 111267 30266 558 32756 547 739 1581 15941 18730 688 418 1455 20591 1809 4064 205436 1679 40143 50427 13271 16059 446 37416 889 397 56848 1183 11205 11151 298 1721 9647 491 299 5126 13744 31245 9132 7544 4103 5470 11566 170 629 137 19849 3288 10270 22485 61940 4090 4131 382 3503 336 9397 4741 16289 20307 1236 39136 437 949 3736 99659 240 62 8103 2726 302 111 121 1191 2757 21526 165 972 6346 1216 1064 353 295 387 494 1496 278 539 863 6512 526 72 605 66004 385 3075 1458 2670 748 5136 125481 2560 9006 442 16232 43232 510 25466 24092 68384 13395 1010 53093 242 8815 20858 58463
internal_value=8.39248e-06 -0.000919278 0.00129397 -0.00158002 -0.00049096 0.00243285 0.00785033 0.00229132 -0.00206001 0.00998291 -0.00185354 0.000170569 0.000689406 0.000949095 -0.000581329 0.00327403 0.00136855 -0.000108853 -0.00160686 0.00227163 -0.00335167 0.00171881 -0.00340572 0.00218875 -0.00157196 0.000450807 0.00167326 6.5588e-05 0.000907743 0.000171643 0.00354118 -0.00410893 -0.000854708 0.00700507 0.0103456 0.00195647 0.00144249 0.000497634 -0.00196059 0.0101205 -0.00501278 0.00014123 0.0070764 -0.00141587 -0.00163602 -0.00194823 -0.00219506 2.49716e-05 -0.0056182 -0.00489178 -0.00552065 0.00159909 -0.00747902 0.0146934 0.0090148 -0.00393169 -0.00557782 -0.00237589 -0.000605668 0.000129293 -0.00141214 0.000648765 0.00179137 -0.00183141 0.000372072 -0.000838787 -0.00237516 0.000907922 -0.000631585 0.00257632 0.000600674 0.00119592 0.00281947 0.00250917 0.000606937 -0.00288973 0.00754355 -0.00427125 0.000938017 -1.47984e-05 0.00159127 0.00648627 -0.00129975 0.0101582 0.000733072 -0.00175016 4.44606e-05 0.00319027 0.0057976 -0.000278521 -0.014196 0.000769023 0.0146584 -0.00321899 -0.00555293 -0.00120447 0.00187457 0.000533204 -0.00258516 -0.0140584 -0.0082661 -0.0128782 -0.00150017 -0.00858648 -0.000593585 0.000746309 0.000423111 0.00314804 0.00837537 0.00312421 0.00472528 0.00165377 0.0126079 -0.00488807 0.000430885 -0.00277578 -0.00268969 -0.00305611 -0.00347955 -0.00198471 -0.0101194 0.00263128 -0.00224135 -0.00175397 0.00286965 -9.98744e-05
internal_weight=270524 157135 113389 97826.5 29927.4 39317.6 999.46 38318.1 67899.1 885.08 61685.4 59308.6 74071.1 61503.3 12567.8 365.885 18180 6489.78 3983.66 2506.12 2599.38 605.417 9469.64 11690.2 52215.8 41150.9 9858.85 31292 11883.2 8867.57 5684.91 6213.63 17526.3 347.894 285.662 20352.4 15621.4 8704.98 4796.53 207.205 340.221 9968.45 334.101 157.912 51658.1 39643.5 35236.2 4407.31 1385.51 1993.96 1901.94 2683.49 1330.65 519.195 255.308 6149.45 2986.42 3163.04 12014.5 8488.99 18044.3 3049.84 2488.07 14994.4 2894.57 2435.43 3525.56 6005.29 3123.3 2882 41782.3 21240.5 5652.84 5489.94 15587.6 1347.32 156.937 1190.38 14240.3 20541.8 4761.76 709.151 227.383 481.768 4052.61 675.958 591.572 1945.3 1035.96 308.736 84.3858 117.137 176.189 461.759 394.679 99.357 3015.86 2598.16 1036.74 289.259 174.95 138.917 12491.2 114.38 7054.37 5035.18 26235.5 1813.2 727.226 20138.1 4298.11 1235.69 133.647 4673.11 5754.38 21191.5 20947.5 17463.2 14371.1 5699.55 244.067 6916.47 1497.84 1460.03 4994.95 9634.35
internal_count=2080695 1214769 865926 757073 225469 295720 4224 291496 531604 3676 483179 457696 570206 485414 84792 1713 132089 47068 28718 18350 14958 3454 75012 85021 408167 325916 77667 248249 89686 67521 41900 48425 135144 1999 1581 159498 122329 68053 38189 1037 2409 69834 1724 846 404103 309811 275369 34442 9125 11504 10946 20698 6843 1963 1044 47979 23137 24842 94292 67066 135783 22365 18275 113418 22242 18739 27226 43121 22116 21005 322552 164547 43821 42872 120726 9284 744 8540 111442 158005 33059 4371 1493 2878 28688 4716 4198 14144 7798 2280 518 692 878 3226 2732 415 22065 19593 6623 1373 847 677 96270 548 53502 38874 208106 14019 5518 159407 33926 9342 682 36823 44911 164102 162582 137116 113024 44640 1520 54276 11783 11541 36917 68110
is_linear=0
shrinkage=0.02


Tree=37
num_leaves=127
num_cat=0
split_feature=10 53 10 14 40 39 39 27 9 4 29 39 49 55 48 32 33 6 29 1 53 34 46 34 34 53 26 55 18 39 14 39 40 24 37 40 25 48 11 18 4 27 40 33 27 9 12 33 53 48 33 26 25 54 48 48 40 18 5 5 21 27 39 13 19 29 5 14 39 55 48 29 2 39 6 53 27 35 26 26 29 18 44 29 54 0 19 33 54 57 5 26 14 34 20 3 39 27 5 46 40 39 33 40 40 19 28 20 54 35 4 48 46 55 10 29 46 39 6 34 48 48 43 27 55 26
split_gain=774.72 271.721 180.927 122.842 92.1797 69.4871 63.6299 62.8037 62.799 57.9393 54.184 57.4302 53.7817 51.8455 50.9204 49.5038 49.4672 48.903 48.7029 47.0805 101.131 62.1826 53.8392 45.7458 45.2195 43.5162 43.4927 42.5339 42.3619 41.1825 40.9705 40.379 45.0394 42.3289 40.3405 40.287 61.3228 57.3198 40.2687 45.9854 39.5657 39.4984 38.9794 38.6214 38.3924 37.5226 37.365 41.4451 38.6374 49.8885 36.857 36.7572 48.7718 43.6228 50.6167 43.3482 40.8259 40.6651 38.5209 38.4063 48.0153 48.8357 58.0697 39.5581 37.142 57.2555 41.7623 36.9001 36.4138 45.2487 36.3687 36.2864 37.7091 36.9233 36.7494 35.8061 35.5204 35.3523 35.5804 34.9313 44.5028 34.6213 34.5231 34.405 41.3516 34.3134 34.0433 33.5388 33.4316 33.3129 40.583 71.8326 55.9786 40.2398 34.1005 42.8843 33.3106 43.4722 45.9874 44.0062 34.1531 51.9606 51.1778 33.2716 33.1397 32.8972 32.6175 32.4003 32.2953 32.0868 31.9354 32.1492 31.1729 31.1224 39.2217 31.0264 30.9112 30.8553 38.7029 34.0202 33.5992 41.9275 33.2984 31.9834 31.2258 30.7502
threshold=-0.30304153263568873 0.1971443593502045 -1.3281418681144712 -0.56204199790954579 -0.12500000000000003 0.063541665673255934 0.038541667163372047 -0.87837970256805409 1.2511734366416933 0.051533689722418792 3.62733006477356 0.46354167163372045 0.95581352710723888 0.15741607546806338 0.0021161342738196258 0.0034705654252320532 0.019629958085715774 3.9194630384445195 -0.33034980297088617 -0.047346591949462884 -2.2940098047256465 0.054166667163372047 -0.036481259390711777 0.095833335071802153 0.16250000149011615 1.3326400518417361 0.60355338454246532 0.045937808230519302 0.29034234583377844 0.17187500000000003 -7.2349367141723624 0.68437498807907116 0.46650633215904241 248.83010864257815 1.0010953545570376 0.12500000000000011 0.78656607866287243 -0.029698301106691357 0.41423162817955023 -0.036455707624554627 0.05383455008268357 -0.60785761475563038 0.46650633215904241 0.0051715523004531869 -1.0000000180025095e-35 -2.0857665538787837 0.88878056406974804 0.0012033293023705485 1.8268800377845766 0.0079677496105432528 -0.0085338433273136598 1.0000000180025095e-35 -0.6035533845424651 0.25490155816078192 0.017275489866733554 -0.051495738327503197 0.46650633215904241 0.81766635179519664 0.22267393767833712 0.11058668419718744 0.52329114079475414 -1.0000000180025095e-35 0.34270833432674414 0.33865189552307134 1.5372037291526797 -5.6201069355010977 0.22267393767833712 -3.7355720996856685 0.81770834326744091 0.12369704246520997 -0.058986606076359742 1.5207052230834963 0.036299170926213271 0.88854166865348827 1.3269888758659365 -1.6283643245697019 1.0000000180025095e-35 1.0000000180025095e-35 0.78656607866287243 -0.12940952181816107 -10.758540153503416 0.19311397522687915 0.00074303889414295565 5.5565536022186288 0.11813327670097352 -0.00020956209482392293 5.0739159584045419 -0.064272567629814134 0.048474352806806571 -0.079159699380397783 0.46725425124168402 0.91597560048103344 -4.4700565338134757 0.15416666865348819 0.74748274683952343 -0.35335719585418696 0.25104166567325598 0.87837970256805431 0.062384199351072318 0.023485239595174793 -0.12500000000000003 0.55520832538604747 -0.015249539632350205 0.34150634706020361 0.34150634706020361 4.5772705078125009 0.81174489855766307 0.88109886646270763 0.016747240908443931 0.075000001117587103 0.2035528048872948 -0.013179174624383448 0.043705198913812644 0.167677216231823 1.9866875410079958 6.393367052078248 0.0063941772095859059 0.27604167163372045 -2.0432789325714107 1.0000000180025095e-35 -0.062221048399806016 0.017673463560640815 0.00154990068404004 -0.60785761475563038 0.092937350273132338 0.91597560048103344
decision_type=2 2 2 2 2 2 2 2 2 2 2 2 2 2 2 2 2 2 2 2 2 2 2 2 2 2 2 2 2 2 2 2 2 2 2 2 2 2 2 2 2 2 2 2 2 2 2 2 2 2 2 2 2 2 2 2 2 2 2 2 2 2 2 2 2 2 2 2 2 2 2 2 2 2 2 2 2 2 2 2 2 2 2 2 2 2 2 2 2 2 2 2 2 2 2 2 2 2 2 2 2 2 2 2 2 2 2 2 2 2 2 2 2 2 2 2 2 2 2 2 2 2 2 2 2 2
left_child=2 8 6 4 12 25 105 35 51 18 11 14 87 15 19 16 23 31 -8 20 21 107 38 77 29 28 82 -27 -5 41 -31 32 33 -9 -14 36 83 -38 -23 -40 -34 -21 79 -16 108 -15 47 48 117 -50 -42 59 53 54 -53 56 -54 -57 -58 106 61 62 -61 76 65 109 -66 -67 -12 -70 -64 72 -33 -74 -73 -13 -62 78 -4 88 -81 -72 -10 -7 -85 -37 -28 112 -17 93 94 92 -92 -47 95 -91 -35 98 -98 -99 -100 -102 -103 -69 -22 -1 -2 -11 -20 -63 111 -59 -3 114 -29 -104 -46 119 124 -6 -120 123 -121 -122 -119 -32
right_child=1 3 13 5 46 7 9 17 26 10 68 75 34 45 43 42 -18 -19 44 24 104 22 -24 -25 -26 27 86 113 -30 30 125 71 40 96 -36 85 37 -39 39 -41 50 -43 -44 -45 116 89 -48 -49 49 -51 -52 52 55 -55 -56 57 58 110 -60 60 63 64 70 -65 66 67 -68 103 69 -71 81 74 73 -75 -76 -77 -78 -79 -80 80 -82 -83 -84 84 -86 -87 -88 -89 -90 90 91 -93 -94 -95 -96 -97 97 99 100 -101 101 102 115 -105 -106 -107 -108 -109 -110 -111 -112 -113 -114 -115 -116 -117 -118 118 120 122 121 -123 -124 -125 -126 -127
leaf_value=0.0041095118484384139 -0.00012425162437854073 0.016699570603385085 9.4047191085809708e-05 -0.00045563271613255081 -0.0043336482045168391 -0.0036861748663169764 0.0047899631506079735 -0.0013034361635396925 9.0161216023213403e-05 0.0039034101205480494 0.0071399484752013818 0.0036609226589115439 -0.0021977888018329 0.0070400083229803538 -0.00017304034082247304 0.0034777145449086605 0.0028099384363045989 0.0043628590140559484 -0.00082476809515612899 0.005191070735194655 -0.015219950720348688 0.01864883943888223 -0.0040986982419403675 -0.012419146264000137 -0.020321783899266106 -0.010070899464469365 0.0010594736385241999 -0.005716862089816011 -0.0051795711784109926 -0.013703742727569228 -0.00021368377492951985 -1.45460123995175e-05 -0.002373444763628781 -0.0017928305582166439 0.0028167077518278859 0.0013714651854252892 0.010348011376285578 -0.0099660067209420694 0.017174288087016848 -0.023753099507365191 -0.0011257437068294546 0.00047311860285031461 -0.00095801211439938455 0.0034264863852112542 -1.4954644441437718e-05 0.0020071978916485424 -0.0053447732771291787 -0.0024075083806984342 -0.0039467477871782146 0.0031692031924846946 0.0036344546011673824 0.0018622685797175041 -0.0040094790394486482 0.012937114021053913 0.0086444057099548492 0.0012857606630070992 0 0.00324833764822011 0.022386282039583587 0.01170245098605841 -0.0088590078357550592 0.0015548264518712668 -0.021399430187085983 0.0015137171003110103 0.0077657612293415921 0.033799610237654147 0.022640852340074982 0.01217666959509512 0.0062623214743425986 -0.011509174092813502 -0.012311078138699444 -0.0032684082014958673 0.024212132055297007 -0.0036269039268431698 0.0021299213560633137 0.0015306545844194547 0.0011876398085399363 0.0011249401272190459 -0.0018781834810427445 -0.031176717513825888 0.0025615326067706368 0.01290303243911828 -0.0021785449647482471 0.015372826186668433 -0.016026171326340263 -0.0028828434553549382 -0.0075083026866118834 0.0015752451281156026 0.00037291740325856598 -0.0053160208603816525 0.0099934852614665011 -0.016911467234230235 -0.017514696120076386 -0.018183946806637222 -0.0001532053556427997 -0.00088487410341715929 -0.0056485233453310137 0.00042918432780470736 -0.00086732460954434072 -0.0070009205355032814 -0.005870352749951761 0.0055141880959215942 -0.0024398547308760576 -0.020297453175012903 0.0090305037488053082 0.0097209332468839154 -0.0027531523837013776 -0.021982665702566202 0.0042230997815228544 -0.024765718299360476 -0.020108384298036124 -0.0034892412090625244 -0.005919052774231201 -0.014836185580117702 6.9155200453491206e-05 -0.018302996086881237 0.0063153808553463942 -0.00073559155815247743 -0.011823275262724808 -0.0035823120772317603 -0.0021343923171634489 -0.0023712264014329079 0.0040351921857916893 0.0025120483755408473 0.015936032315179784 -0.0033726788800217656
leaf_weight=2057.903013959527 13588.551990449429 105.30441891402006 16849.048319660127 1841.463632337749 1869.0741483792663 4147.6778046414256 4740.062172293663 13800.930713906884 3899.7871987074614 47.972017884254456 1071.6746156662703 5612.5480135604739 2997.3806347846985 225.93961685150862 1715.1835822984576 1665.6226080581546 2875.7150559723377 552.47736760228872 591.3382506147027 907.13804611563683 103.34917965531349 296.61160171031952 62.283553704619408 115.88816722482443 43.517535671591759 705.43835338950157 4843.2973918393254 1516.2273394167423 1292.0127971097827 98.162401244044304 6975.7321558520198 8331.1246088594198 1709.5744728520513 8812.3808653950691 815.39893621951342 1004.1263373866677 58.042095124721527 985.26493916660547 22.244551852345467 19.815334893763065 1164.3099964186549 3253.8114420175552 2342.4836288690567 3905.8114295005798 3052.2083207294345 1447.1892787665129 908.71240776032209 6820.1596861630678 489.67978010326624 2000.7535994872451 1471.9275598451495 5007.5718399807811 1209.3218273594975 162.80351890623569 481.86773358285427 12742.160439029336 92.564800955355167 383.27400480210781 45.096604689955711 85.135893799364567 301.71799760311842 38.917656287550926 56.41708317399025 3488.3401869386435 181.89629604667425 23.366956539452076 130.53457012027502 57.700365446507931 128.30214133858681 101.92066757380962 46.769278071820736 2853.0615194365382 49.417986661195755 30.171191237866879 611.74418821930885 7221.0560910850763 262.43207751959562 9605.537999458611 4672.626762598753 14.66141317784786 11379.691373050213 39.037146158516407 8591.0726993829012 74.281721048057079 20.678581923246384 3087.4035554602742 191.87796843796968 8282.1681659147143 8283.9149473831058 2112.6106744036078 322.27908302098513 54.874028965830803 31.638004943728447 39.586042247712612 1867.6052128300071 1490.9652732983232 3947.7522578015924 1823.8980165347457 2177.7293317019939 385.32638075947762 2334.6709410697222 355.88855569064617 1094.361603744328 15.101981632411478 27.972313150763512 525.23113492131233 2191.6236613541842 31.079011343419552 3526.6562458798289 34.055024847388268 37.805115506052971 1076.7640627250075 30.983989089727402 109.17318234592676 677.53395135700703 50.715010493993759 342.20796371996403 78.042581893503666 102.06046115607023 441.62364416569471 811.88500428199768 2223.8646341636777 475.76047752797604 2184.8646329417825 104.31985301524401 1496.3621353805065
leaf_count=15345 107622 571 133363 14436 13765 32894 37890 109344 30266 175 7774 40431 22570 1502 13350 13250 22234 4024 4766 6976 328 1252 310 928 283 5619 37416 11776 10181 357 51695 65958 13632 67922 6322 7996 466 7852 134 77 8984 23837 18253 30047 24430 9680 6705 51789 3564 14742 11350 39136 8393 949 3736 99659 716 3002 175 581 2059 200 308 24753 1265 120 584 405 998 646 322 22083 282 211 4670 55014 1876 76089 36963 73 88629 282 66004 530 146 24421 1458 62752 63865 13340 1288 146 162 151 13378 10238 31454 14046 16692 2884 17971 2676 8512 113 142 3844 17324 147 28308 191 242 8539 186 754 5118 366 2744 619 680 3383 6362 16935 3457 16636 785 11094
internal_value=8.22156e-06 -0.000900962 0.00126825 -0.00154856 -0.000501581 -0.00202837 0.00220103 -0.00182392 0.000167158 0.00202716 0.00159257 0.0014289 0.000845609 0.000583889 0.000730807 0.000787988 0.000300274 -0.00154999 0.00320239 5.98746e-05 0.00547735 0.00973062 0.0129231 6.91619e-05 -0.000199706 -0.00405604 -0.000837637 -0.00577425 -0.00240478 -0.000129256 -0.000921899 -0.00161414 -0.00192416 -0.002164 -0.00112467 -0.00332953 -0.00448294 -0.0088261 0.0160593 -0.00218812 -4.25739e-06 0.00150293 0.00149043 0.00232812 0.00220006 -0.000969741 -0.00139181 -0.00118738 -0.000415343 0.00176861 0.00153208 0.000588679 0.00117205 0.00276347 0.00245926 0.000594757 -0.00283309 0.000919248 0.00744841 -1.44847e-05 0.00155963 0.00635785 -0.00127511 0.000718629 0.00995876 0.00238296 0.0140362 0.0124683 0.00559065 -0.00161662 -0.009078 -0.000592486 0.000117036 0.0137323 -0.00231465 0.00246258 -0.00418989 0.000116086 -0.00033417 0.00175922 0.0025153 -0.000812045 -0.0014702 -0.00341285 0.0084292 -0.00183844 0.000731352 0.00173811 0.00089308 -0.00121646 -0.00189277 0.00417805 0.00748919 0.00145707 -0.00234723 -0.00348368 -0.00272987 -0.00340809 -0.003971 -0.000868881 -0.0028688 -0.00400437 -0.0010993 0.005243 -0.0100177 0.00525419 -0.00048958 -0.00640872 0.00349797 -0.0108837 -0.00219678 -0.00171886 0.0115445 -0.00445386 -0.0039302 -0.00315866 0.000624615 -0.00107157 -0.000203222 -0.00278606 -0.00051453 -0.000291036 0.000367171 0.0012526 0.0088308 -0.000772083
internal_weight=270502 157126 113376 97818.8 30742 67076.8 47978.2 60934.9 59306.9 45395 33142.5 31840.7 12231.2 65397.9 19007 57805.2 34118.8 51557.5 12252.5 13386.1 611.328 480.006 400.955 31243.1 12774.7 6141.85 17526 3008.37 3133.48 12731.2 8570.26 51005 39129.5 34783.7 3812.78 9377.48 5285.95 1043.31 338.671 42.0599 4345.81 4160.95 23686.4 5621 7512.41 7592.69 18510.8 17602.1 10781.9 2490.43 2636.24 41780.8 21239.2 5652.24 5489.44 15587 1346.98 14240 137.661 20541.6 4761.42 708.932 227.359 4052.49 481.573 169.142 312.431 96.1693 1301.9 230.223 142.224 11875.5 8410.71 79.5892 3464.81 12833.6 564.15 31127.2 21521.7 21343.9 11394.4 85.8064 12490.9 4242.64 94.9603 4091.53 5035.18 8418.46 9949.54 7366.75 5879.97 408.791 353.917 1486.78 5471.18 3603.58 20982.7 12170.3 9961.12 2209.22 6013.37 3835.64 1500.97 72.8023 131.321 2583.13 15780.2 79.051 4117.99 72.9727 1497.84 1460.04 136.288 2302.93 2193.76 1145.08 3394.42 8291.5 5505.04 2786.46 5322.67 5220.61 917.384 2996.75 182.362 8472.09
internal_count=2080695 1214769 865926 757073 231823 525250 362394 477366 457696 343205 245067 235649 92401 503532 140204 453647 269577 403061 98138 96807 2565 2095 1773 247343 94242 47884 135144 23267 24617 93959 63146 399037 305833 271867 28892 74305 41888 8318 1463 211 33966 30813 184070 43397 60248 49885 139422 132717 80928 18306 20334 322552 164547 43821 42872 120726 9284 111442 891 158005 33059 4371 1493 28688 2878 1029 1849 638 9418 1644 912 93204 66451 493 26753 95445 3935 246415 170326 165817 88702 604 96270 33570 676 32417 38874 63509 77115 48383 38552 1596 1450 9831 36956 23578 162523 94601 77671 16930 46217 29525 11554 518 470 19189 124946 322 33074 391 11783 11541 757 17648 16894 8878 27174 62622 42017 20605 40613 39933 6840 22998 1404 62789
is_linear=0
shrinkage=0.02


Tree=38
num_leaves=127
num_cat=0
split_feature=10 10 14 53 40 27 25 4 47 4 12 53 48 54 38 48 54 27 38 10 40 32 35 27 35 4 35 26 18 25 25 12 38 18 15 5 54 9 55 40 2 26 38 5 47 48 35 5 40 23 15 38 1 25 46 25 53 3 47 40 55 15 9 18 47 53 47 47 27 48 5 19 15 33 4 32 28 33 34 31 38 2 2 10 47 0 26 19 2 27 7 53 28 49 25 21 27 38 28 48 18 28 52 33 4 54 25 47 55 35 14 33 25 9 2 26 33 5 48 14 18 55 3 34 18 23
split_gain=770.989 307.146 119.693 115.478 62.357 91.1777 75.0534 94.5358 63.6702 58.0424 57.2585 56.7352 56.6171 54.2673 53.0678 70.964 55.4789 51.0845 50.9153 49.1858 48.659 47.6281 46.8931 46.1979 67.2986 61.3364 50.1245 52.9259 47.5896 63.983 45.9238 45.3787 44.9027 44.4583 63.2737 44.3433 44.1629 43.8381 46.7485 44.2098 50.6954 46.8873 43.9553 57.2512 43.9688 43.4627 43.4128 42.5969 41.4506 50.9638 43.6782 41.4182 41.1017 48.511 40.5522 40.4226 40.2765 45.2749 39.7152 39.669 46.9708 39.6622 39.5773 39.3848 39.2786 41.912 38.9657 37.6265 46.9262 37.5034 37.4015 37.1613 36.4748 47.6623 42.2845 55.3228 52.5677 51.0125 36.4474 37.4227 36.0618 35.946 35.6922 51.8167 45.7641 35.6318 35.3532 35.343 41.5159 35.2897 35.2224 35.2132 35.0931 40.7861 37.7265 34.3631 86.9702 46.8487 37.6641 48.2807 46.1949 34.231 33.9721 33.8103 64.3437 38.83 33.3529 33.1446 32.9401 32.4318 32.2012 32.189 31.8476 31.3145 32.1951 31.2595 62.8409 30.818 30.6577 44.8437 38.0824 39.5177 36.3224 35.7316 30.6447 30.2291
threshold=0.63399258255958568 -1.3281418681144712 -0.3199398517608642 0.61167624592781078 0.12500000000000011 -0.60785761475563038 -0.37940952181816096 0.47046864032745367 -0.0060312356799840918 0.051533689722418792 0.90442878007888805 -0.61932978034019459 -0.071228876709938035 0.082680817693471922 -0.11361656710505484 0.019293557852506641 0.36712509393692022 -0.87837970256805409 -0.029452636837959286 2.8735290765762334 -0.12500000000000003 0.0010628983727656307 0.42500001192092901 1.0000000180025095e-35 1.0000000180025095e-35 0.32457084953784948 0.12500000372529033 -0.91597560048103321 -0.23462067544460294 -0.37940952181816096 0.91597560048103344 0.12078132480382921 0.15208059549331668 -0.057444460690021508 4.2147338390350351 0.46725425124168402 0.17518143355846408 1.2190263867378237 0.063488718122243895 -0.12500000000000003 0.025666492991149429 0.78656607866287243 -0.20845020562410352 0.36809284985065466 0.029949164018034938 0.021539328619837764 1.0000000180025095e-35 0.2424769923090935 -0.4665063321590423 0.020840841345489029 2.4967849254608159 -0.30658195912837977 -0.018445472232997414 -0.37940952181816096 -0.051636224612593644 0.60355338454246532 0.09892479702830316 1.459544897079468 -0.018247820436954495 0.46650633215904241 0.010921295266598465 4.0278315544128427 -1.1617222428321836 0.010116897523403169 0.04068396799266339 1.7414111495018008 0.034467322751879699 -0.061120968312025063 0.6078576147556306 0.005394737236201764 0.034206034615635879 1.2398080825805666 3.0672073364257817 0.049673473462462432 0.32457084953784948 0.034281728789210326 0.81174489855766307 -0.0026659232098609205 0.070833336561918273 0.14999999850988391 -0.066425867378711687 0.016347585245966915 0.0060875716153532275 -0.50248879194259632 -0.050973989069461816 0.016577655449509624 -0.91597560048103321 8.7338814735412615 0.017353075556457046 0.87837970256805431 0.13196605443954471 -2.2940098047256465 0.81174489855766307 -1.0370534062385557 -0.91597560048103321 0.52329114079475414 0.87837970256805431 -0.17316246032714841 -0.56174489110708226 -0.039171149954199784 -0.50980964303016651 -0.56174489110708226 -1.4460562467575071 -0.0095552667044103128 0.2035528048872948 0.46138055622577673 -0.98296290636062611 0.060221116989851005 0.19877091795206073 0.12500000372529033 -5.9657454490661612 -0.035642595961689942 -0.91597560048103321 -1.9100561141967771 0.012833152897655966 -0.98296290636062611 0.0072925963904708633 0.027892509475350383 -0.020619475282728669 -1.4377027750015257 -0.62293881177902211 0.31074346601963049 -0.6837397813796996 0.10416666790843011 0.95474749803543102 -0.16327713429927823
decision_type=2 2 2 2 2 2 2 2 2 2 2 2 2 2 2 2 2 2 2 2 2 2 2 2 2 2 2 2 2 2 2 2 2 2 2 2 2 2 2 2 2 2 2 2 2 2 2 2 2 2 2 2 2 2 2 2 2 2 2 2 2 2 2 2 2 2 2 2 2 2 2 2 2 2 2 2 2 2 2 2 2 2 2 2 2 2 2 2 2 2 2 2 2 2 2 2 2 2 2 2 2 2 2 2 2 2 2 2 2 2 2 2 2 2 2 2 2 2 2 2 2 2 2 2 2 2
left_child=1 9 10 4 6 12 14 18 23 91 13 -4 52 56 16 21 36 -13 22 45 87 -16 81 26 118 -26 27 111 29 -27 -9 51 59 34 -33 -12 47 38 112 40 -40 42 44 113 -41 -19 58 106 102 50 89 54 -6 -54 -11 -30 80 -58 71 69 -61 70 -42 -56 -22 -66 -35 -36 -69 -14 -10 -38 73 74 75 115 -77 -76 -74 -80 -2 -8 85 84 -84 -29 -53 88 -15 -50 -52 -1 93 -90 -95 96 -48 98 99 -97 -100 -60 -18 104 -88 -105 -3 -47 -39 -43 -23 -7 -5 114 -44 116 -20 -71 120 123 -25 122 -122 -120 -62 -28
right_child=2 3 11 37 5 8 7 30 61 31 35 17 32 20 15 -17 48 19 72 -21 64 110 -24 24 25 28 125 82 55 -31 -32 33 -34 66 67 -37 46 108 39 41 62 109 43 -45 -46 107 95 -49 49 -51 90 86 53 -55 63 -57 57 -59 101 60 124 -63 -64 -65 65 -67 -68 68 -70 117 -72 -73 78 -75 77 76 -78 -79 79 -81 -82 -83 83 -85 -86 -87 103 -89 92 -91 -92 -93 -94 94 -96 97 -98 -99 100 -101 -102 -103 -104 105 -106 -107 -108 -109 -110 -111 -112 -113 -114 -115 -116 -117 -118 -119 119 -121 121 -123 -124 -125 -126 -127
leaf_value=0.0066379772284998004 -0.0042151897256370247 0.0040779093019209303 0.00065966516738932292 0.0016689824609116808 0.0048827080891844362 0.027440417916865318 -0.005961255267150271 -0.017557182084863864 -0.0038393644728576615 0.019643142975236713 -0.0025263582928344258 -0.0039187427688949774 0.002107479412175027 0.0019306267346691519 0.00073173815038847457 0.0066064014322472697 -0.00041440659346142218 -0.0019057832069322895 0.0012517921869417848 0.00039798849787397262 -0.00021773220429639666 0.026059477373251452 0.026114736543388313 0.0072833483785951815 0.0025579822148123332 0.019172069490170709 0.014399150933673915 -0.00018402225069004324 0.02535485609977111 -0.023166047930156908 0.0076969527171032968 0.001688058653122387 -0.011657722382501646 -0.00033497647395321192 0.026856808005646472 -0.018843570810006656 -0.017529900462909503 -0.0030466321629019646 0.00058322657452596885 0.002264385036376302 0.01315987446436123 -0.0034133317168082624 0.0011888324826730692 0.025408860988942072 -0.017895568160828948 -0.0033733992201044022 0.015840389707747336 0.014353948387584805 -0.017256129126821285 -0.022634152703996459 0.017301099044631448 0.0053284832167634485 -0.024549658887220424 -0.0039883370500319124 0.016531400604835871 -0.00012452986892716521 -0.0021715343109682014 0.0057264843730607555 -0.016910373098058134 -0.026139903198269338 0.0051597027010640345 -0.013117696314662655 0.0033367859968485699 -0.017237699053852848 -0.0066188168009609196 -0.00056367423036451599 0.0076967997329960656 0.015984339547484051 -0.017717913937123117 -0.0078109471037530404 -0.00097291794253708235 0.009786497879392151 0.0071980796210091872 -0.012074650910574301 0.025937398360427789 -0.0024006120983922721 -0.017000159372268852 0.001192552602508579 -0.016310829567679243 0.010876801027305821 0.00024132745250193843 0.01077562872997005 0.030884772415873108 -0.012174496181531673 -0.0015936934848434722 0.01941308672386589 0.0012940897457729796 0.008669802116711563 0.0049143962720016796 0.0093875909294089122 -0.005184424856620685 0.0029580581349788709 0.0038646749931765586 0.0045679750883749594 -0.0039476797209892925 -0.0033365326067752487 -0.026616449319928636 -0.0014312708300252878 0.0087463503536555267 -0.025208058263625252 -0.01126173036902477 0.00098715820108701024 0.027925650073804969 0.002214493613798117 -0.016571957190012303 0.014542687750749787 -0.0019546346222268913 -0.0099821606834248084 -0.016204799277227157 0.0076806056003606875 0.0030929700938838183 0.0056710087583958816 -0.0017996608464489491 -0.00020680653006908923 0.013402933760043936 0.00054993828046240767 0.0082226026289857305 -0.00011571227218797822 0.0059888384341537735 -0.0013027137991541791 -0.012766738935256837 0.010651406030726599 -0.0033804562748757164 -0.021785549527237418 -0.0072704192485613175 -0.0049393106442368355
leaf_weight=1140.7299407422543 803.71509795635939 582.17730160057545 2648.978737577796 1164.279353953898 75.62118723243475 28.88326495885849 790.9583091661334 164.41809613257647 2147.7573630213737 108.18203753232956 5253.1790532767773 7011.4407970234752 6253.3526320084929 6335.9238677173853 5470.7090123221278 1612.1608100831509 23.630076035857201 26762.605569407344 2644.8625140115619 3000.4402719438076 12506.525148749352 23.527820318937302 18.996243074536324 127.93425020575523 4090.1474886834621 27.672767519950867 32.226481221616268 3492.4361904487014 113.68859653174877 27.439041651785374 34.213092632591724 13488.20850430429 97.096227563917637 7455.0343698710203 61.133982181549072 66.52411675453186 21.157732740044594 1902.158466629684 7870.2471438124776 71.491150885820389 204.68670549243689 2710.0655412003398 233.85422790050507 34.618089765310287 107.54508452862501 6710.8773965016007 71.844020493328571 90.10215862095356 44.704977065324783 25.859623052179813 125.59047657251358 1558.2220304906368 77.486525505781174 112.04450368881226 24.796694107353687 31.703161180019379 12423.21170874685 296.26854950934649 65.412306949496269 18.989519566297531 2016.7006839811802 115.73593448847532 819.63959436863661 28.740891419351101 845.23225446790457 996.03785501420498 248.70194328576326 53.17894234508276 22.817360289394855 232.216348066926 11953.669004805386 201.17877198010683 577.61078701168299 116.27766778320074 57.44661558419466 543.57206629961729 119.72456835955381 77.977129735052586 55.833570748567581 30.562560632824898 7450.6745453029871 53.943489372730255 19.839959852397442 231.70279893279076 102.97872170060873 36.510326556861401 298.08148784190416 247.6776702105999 298.44699202477932 34.290427163243294 35.147369034588337 11851.677689597011 495.19023411720991 233.76452115923166 1834.2722857892513 58.297699168324471 25.267228431999683 275.60983940213919 57.689463533461094 133.67411148548126 217.11718165874481 119.40127544105053 57.718238495290279 11406.802769675851 109.4262385442853 102.18587888777256 986.04758651554585 317.45353820174932 78.396501757204533 108.69423241913319 7785.8941389843822 317.66786124557257 11579.565430320799 9838.4138117954135 136.22986174374819 26774.293943479657 642.38966333121061 1941.5185120031238 628.34125177562237 1255.1252686753869 199.51380190253258 67.125526428222656 940.61753790080547 18.112403035163879 81.669508926570415 1242.1758780106902
leaf_count=9171 6196 4437 20912 9283 443 121 5467 684 17158 336 39926 55618 49216 47701 43319 12667 124 211047 20757 22575 92318 180 138 950 31125 119 253 26225 485 103 113 102248 649 54579 193 293 90 14978 61202 429 1472 21096 1808 163 600 51852 446 523 220 102 592 11318 519 820 130 132 97680 2167 444 152 15799 694 5925 132 6071 7213 1834 337 98 1859 93008 1270 3567 699 286 3687 773 424 292 187 58869 375 62 1613 792 140 2126 1835 2171 166 160 94909 3519 1659 13039 372 134 1910 406 703 1397 820 263 84204 415 328 7164 2293 546 847 61225 2381 92120 76054 1057 209906 4900 15328 4816 9889 1335 364 7105 119 635 8973
internal_value=-1.77128e-05 0.000778227 -0.00145083 0.000259252 0.000649114 3.79656e-05 0.00110769 0.000535276 -0.000580547 0.00214019 -0.000772585 -0.0021821 0.00158324 -0.000539418 0.00213926 0.00264467 -0.000175074 -0.00235399 0.000619556 -0.00205566 0.000114332 0.00216319 -0.00416791 0.000429161 0.00144742 0.00308968 -0.000963162 8.44682e-05 0.0138645 -0.00192658 -0.0131855 0.00171591 0.00181104 0.00113964 0.00182619 -0.0027341 -0.00107896 -0.000682083 -0.000517637 3.78967e-05 0.00112841 -0.000694607 -7.54746e-05 9.66062e-05 -0.00987206 -0.00227357 -0.00392173 0.00105856 0.00737178 0.00350875 0.0064152 0.00261705 -0.00752787 -0.0124845 0.0126504 0.0198293 -0.00128106 -0.00198706 0.00143329 0.00193626 0.00438319 -0.00150611 0.00531159 -0.00156239 -0.000619449 -0.00334591 -7.45892e-05 0.0152953 0.00575379 0.00132088 -0.00140981 0.00711572 0.00075043 0.000650877 0.000699247 0.000649861 -0.00505895 0.0118098 0.00538518 -0.00666738 -0.000192933 -0.00488002 -0.000584325 -0.00662439 0.00385182 2.38874e-05 0.00249563 0.00122903 0.00102763 -0.00570531 0.0123765 0.00328172 -0.000971278 -0.00198484 -0.00298287 -0.00651868 0.00462472 -0.00798194 -0.0118363 -0.018623 -0.00704138 -0.00539897 0.0197762 0.00212471 -0.00352978 0.00232529 0.000285381 -0.00367342 -0.00357589 -0.00298261 0.00316562 0.00756199 -0.00148258 8.1914e-06 0.0057116 0.000776021 0.00261641 -0.000941454 -0.000729521 0.000901028 -0.00305143 -0.00415257 -0.0050336 0.00517666 0.00467221 -0.0044386
internal_weight=270359 173821 96538.4 125863 89003 38155.7 50847.3 32703.1 27249 47957.9 50086.6 46451.8 10906.7 44766.9 18144.2 14892.3 3251.92 43802.8 32504.4 36791.4 23793.1 13280.1 863.898 13031.8 7527.42 4290.65 5504.42 4230.02 200.504 55.1118 198.631 34965.5 10641.5 21329.1 13625.3 5319.7 2904.98 36859.9 34879.3 22135.5 8894.57 13240.9 10422.2 10243.1 179.036 33790.9 1246.65 1658.33 346.941 265.593 239.733 13636.4 265.152 189.531 161.72 145.392 20973.9 12719.5 407.15 10544.4 2117.36 14217.2 1024.33 53.5376 14347.8 1841.27 7703.74 137.13 75.9963 8427.09 14101.4 222.337 31640.6 30976.5 30860.3 30724.8 663.297 135.424 664.007 86.3961 8254.39 844.902 3883.47 354.521 122.819 3528.95 13474.7 9445.28 9197.6 78.9954 160.738 12992.4 2861.67 2366.48 2068.04 839.5 97.1112 742.388 466.778 191.972 274.807 184.814 81.3483 11916.5 407.508 11509 1568.22 7028.33 1980.55 2818.76 7809.42 346.551 12743.8 10208.5 370.084 30061.5 3287.25 2173.73 3236.77 1901.58 1335.19 1207.26 1140.13 646.454 2098.37 1274.4
internal_count=2079663 1334709 744954 972351 684771 293382 391389 252255 207962 362358 380657 364297 85420 340438 139134 117391 21743 343385 251458 287767 175526 104724 5980 97102 56542 31964 40560 31334 839 222 797 258278 83638 159289 102876 40219 20116 287580 272056 170653 68599 102054 80111 79082 1029 265192 7992 12124 1627 1240 1138 98989 1782 1339 598 617 164912 99847 2624 82989 16586 110860 7397 262 105602 13284 56413 628 435 66403 110166 1360 245478 241432 240733 240023 4460 710 4046 479 65065 5842 28832 2467 854 26365 98391 69924 68089 386 752 104080 20388 16869 14698 5368 580 4788 2878 1075 1803 1264 387 87073 2541 84532 11601 54145 15524 21943 61405 2502 101403 78919 2865 235563 25657 17187 24578 14824 9754 8804 8440 4935 16434 9226
is_linear=0
shrinkage=0.02


Tree=39
num_leaves=127
num_cat=0
split_feature=10 10 14 32 8 8 8 39 26 29 4 29 38 39 38 18 8 45 47 0 54 39 47 15 38 6 39 29 33 47 29 34 29 14 1 28 34 6 38 29 39 47 14 39 38 44 26 29 31 20 6 18 29 51 28 47 48 29 39 54 51 39 48 7 39 48 46 6 39 4 35 20 46 39 6 4 13 39 13 45 28 46 51 6 9 31 44 23 18 25 33 48 5 6 28 5 5 3 46 7 4 4 7 18 21 38 48 15 57 39 29 28 14 38 15 15 18 46 13 39 47 6 37 54 35 48
split_gain=740.532 295.067 114.979 106.756 61.1375 58.5433 58.2746 57.5818 56.8619 111.418 55.2428 56.5909 56.3941 54.2496 52.2615 50.9412 52.6007 52.9653 50.8335 49.6155 48.7995 52.187 55.0451 59.8565 48.4813 100.158 46.9423 67.4887 46.3109 56.4747 55.2037 47.3998 44.9124 45.0256 43.9372 55.2986 43.3716 42.8472 41.3492 40.7558 41.4902 67.6902 56.484 47.3841 51.4267 62.9172 50.9275 40.6117 40.1936 40.1146 45.8746 40.1083 39.1715 39.0271 45.3008 54.2427 51.2753 38.9296 38.4008 37.6035 37.3751 44.3452 37.234 47.9646 36.9915 36.461 47.0827 35.9523 37.5525 58.4826 35.8605 35.8025 35.3695 35.0886 50.1797 36.9119 42.0299 34.9481 34.7142 34.3568 33.8722 36.6464 33.7484 33.7451 33.477 33.3584 33.1549 32.8358 32.7646 32.742 32.6306 32.3635 32.3559 32.1078 32.0465 32.0061 48.3353 31.8898 31.7645 31.5411 31.51 41.5723 31.4705 31.4327 31.295 35.9999 31.2853 31.1069 31.08 31.0562 44.35 43.4842 41.1784 39.4554 36.7112 30.8546 30.8098 30.7968 30.7841 31.5024 63.1639 30.771 30.7286 48.7796 32.6518 30.4433
threshold=0.63399258255958568 -1.3281418681144712 -0.3199398517608642 0.0025735804811120038 -0.96375048160552967 1.1505412459373476 -1.8742381930351255 0.038541667163372047 0.78656607866287243 3.1737685203552251 0.051533689722418792 3.62733006477356 -0.12045205384492873 0.45937500894069677 0.01454233191907406 0.38188162446022039 0.63697388768196117 -0.0053708031773567191 0.060221116989851005 0.0052794683724641809 0.081090673804283156 0.91354167461395275 0.060221116989851005 6.8558037281036386 0.086779281497001662 1.3905297517776491 0.56770834326744091 -10.758540153503416 0.011116137262433769 -0.069542206823825822 0.88568925857543956 0.15416666865348819 -0.51166415214538563 -0.63691139221191395 0.0020350955892354254 0.81174489855766307 0.020833333954215053 0.75559046864509594 0.086779281497001662 5.2338719367980966 0.063541665673255934 -0.0065412805415689937 -2.4979233741760249 0.25937499105930334 -0.12449413910508154 -0.026178441010415551 0.78656607866287243 -0.36887228488922114 0.24999999254941943 0.73869416117668163 3.2516418695449834 -0.46034802496433253 -4.010042428970336 -1.5334523916244505 -0.56174489110708226 -0.061120968312025063 -0.098494205623865114 0.53287148475646984 0.25937499105930334 0.2015330716967583 1.0584202408790591 0.055208332836627967 -0.05625521577894687 -0.1046001687645912 0.16354166716337207 0.041595986112952239 -0.0016586136189289389 -1.3685691952705381 0.44687499105930334 0.47046864032745367 0.17500000447034839 0.57041323184967052 -0.063792809844017015 0.68854168057441723 -0.97481119632720936 0.24555473029613498 0.39797717332839971 0.49687500298023229 0.55388909578323375 0.0022767444606870417 0.81174489855766307 0.017753250896930698 -0.28961780667304987 -0.76501911878585804 -1.621212303638458 0.16999999433755877 0.0056143985129892835 -0.080254700034856782 1.1521240472793581 0.60355338454246532 0.043072288855910308 -0.012202078010886906 0.25498257577419287 -0.75550255179405201 -0.56174489110708226 0.46725425124168402 0.32104983925819403 -1.5343487262725828 -0.063792809844017015 0.082962349057197585 0.47046864032745367 0.29507356882095342 -0.23627614229917523 0.31494335830211645 0.51741063594818126 0.15208059549331668 0.009966124780476095 3.3439517021179204 -0.1602189168334007 0.48020832240581518 -1.7585873603820799 0.81174489855766307 -1.3322681188583372 0.0096510760486125963 4.2147338390350351 1.3728499412536623 -0.44151386618614191 -0.023834118619561192 0.44808213412761694 0.54270833730697643 -0.0025813807733356948 2.9187964200973515 0.77583178877830516 0.46138055622577673 0.075000001117587103 -0.098494205623865114
decision_type=2 2 2 2 2 2 2 2 2 2 2 2 2 2 2 2 2 2 2 2 2 2 2 2 2 2 2 2 2 2 2 2 2 2 2 2 2 2 2 2 2 2 2 2 2 2 2 2 2 2 2 2 2 2 2 2 2 2 2 2 2 2 2 2 2 2 2 2 2 2 2 2 2 2 2 2 2 2 2 2 2 2 2 2 2 2 2 2 2 2 2 2 2 2 2 2 2 2 2 2 2 2 2 2 2 2 2 2 2 2 2 2 2 2 2 2 2 2 2 2 2 2 2 2 2 2
left_child=1 7 4 6 -2 39 38 72 15 14 47 13 -13 24 36 16 17 -8 19 34 82 22 49 58 28 70 27 -15 51 87 31 -31 -16 -34 57 60 -10 -7 -3 40 41 48 43 44 -42 -46 108 -9 90 62 -51 -12 -19 -45 65 73 -57 -4 -24 106 102 -62 63 103 71 66 99 -65 69 93 85 -61 -1 -56 -75 -76 -77 -29 -58 -21 81 -23 -6 -28 -54 -26 -70 -30 -85 -87 100 104 -17 -69 -89 96 -64 -91 -66 125 101 -5 -36 -22 -48 -106 -53 -79 -47 110 -44 114 117 -114 116 -115 -112 -111 119 -41 -121 -81 -27 124 -124 -55
right_child=2 3 18 5 20 37 8 10 9 -11 11 12 -14 26 32 92 -18 52 -20 79 21 80 23 -25 25 122 83 77 29 30 -32 -33 33 -35 35 -37 -38 -39 -40 118 42 -43 109 53 45 46 91 -49 -50 50 -52 59 84 54 55 56 78 -59 -60 64 61 -63 95 67 98 -67 -68 68 86 -71 -72 -73 -74 74 75 76 -78 107 -80 121 -82 -83 -84 88 -86 89 -88 94 -90 97 -92 -93 -94 -95 -96 -97 -98 -99 -100 -101 -102 -103 -104 -105 105 -107 -108 -109 -110 112 111 -113 113 115 -116 -117 -118 -119 -120 120 -122 -123 123 -125 -126 -127
leaf_value=0.019831041766396672 0.0018490482414322998 0.0014371015070261384 -0.00064070730243482828 0.0067548696074019214 0.0011528120821073832 0.00060920314478956706 0.0031439723379567846 0.0046312365922844051 -0.0017853438461436228 0.0047157423932589143 0.0018494307427430884 -0.0017075357396025594 0.0079513210925806557 0.021795187480128372 0.0010388105205337414 -0.0011446983638070619 -0.00090229625897144685 -0.0048032559235629572 -0.0087523893078904 0.0038306642499846004 -0.01275839832633986 0.0043970342922501878 -0.00750744618372917 -0.012825435544337205 -0.0075860160828155792 -0.0034656691640236894 -0.00069397086305998548 0.0011502393799293449 0.018812898618968291 0.0013097153365614375 0.0062190909914320719 -0.016433888427396348 -0.0065722459536114754 -0.001997352502568809 -0.0056508565532704972 -0.00060389140332972623 0.001618631784741984 -0.0022906490353890268 0.0098233093679133479 0.008451044057120766 0.0091889118577952542 0.00050664612124260041 -0.0014242079793998148 0.0046000557854546454 -0.017811520332262937 0.025129432561690861 0.016139135656926647 0.0022257539674752397 -0.020216258976115113 -0.0012585764992650063 0.0037014401914138187 -0.0012695111783264576 0.0031802881416370522 -0.013458444587388102 0.0091839187761440025 -0.013484534702460811 -0.00068025390242552842 -0.0034850938108190233 0.00085776834326991376 0.02292621294727595 -0.0070667186931303097 -0.0033042981149877214 0.0011252807306806733 0.0093998948091117192 -0.023739902624607189 -0.017180333829043274 0.014882549846828182 -0.0090072431021776429 0.0017607307691316571 0.019375415880929347 -0.016445483703101206 -0.004410683375738229 0.0046375752389488144 -0.027542091362910109 0.015136843172167808 -0.01103807006978107 0.014832603256382597 0.0056050795850801213 -0.01718140189314005 -0.0015829517869754707 0.010779651322194437 -0.0038652860163789428 -0.0018606517511823334 0.002390894107128855 0.00031916960017747722 0.019323317774466577 -0.014035515052031511 0.019201987138872976 -0.0082039759822797771 -0.019141122672605652 -0.008556304659312116 0.012355063322147855 -0.011085372699780157 0.0043180829817472746 -0.0031611227897762641 -0.013214891405203844 0.011067201007624147 0.0094285393941899286 -0.0071185001967931961 0.0014914976144982143 -0.014229834183204962 0.022213145636064097 -0.001533915692100301 -0.00048194793025562854 0.0023346197775960657 -0.025475990387799657 0.00232108408449165 -0.014923276844138213 -0.0022023420300178544 -0.00096933637876928081 0.0038021974959758531 -0.0014727069840858847 0.0026597934679568054 -0.00037657147157342053 -0.02157053950927644 0.0099193079344624454 0.0012920733959855049 0.0041419460203740467 0.014201951879442835 -0.018596566880584996 0.00690904472032148 0.0030097404523171806 0.0089724800435447265 0.026591376395643671 -0.00080437716362635444 -0.0044026650920993048
leaf_weight=61.985172890126705 3357.7935330346227 4806.4709618538618 8940.1365045234561 1466.3938860744238 1604.0932614803314 5069.687695465982 3102.4638934955001 4351.9326240792871 7907.0493311285973 1081.531029433012 3229.3409185856581 319.59557690471411 986.24114912748337 84.999114528298378 646.2144258543849 11388.712497413158 11797.74445413053 567.82560806721449 459.44346225261688 715.07587254047394 241.61227336525917 775.70982258021832 349.62165952473879 278.45287364721298 544.66639753431082 275.89652864634991 2024.6981266215444 1238.1498948410153 123.42026582360268 6362.5096650198102 987.74794498831034 59.79392633587122 2092.3895293846726 1464.4543212354183 826.70706034451723 4239.9995550811291 1845.7950104698539 3406.6438348814845 246.38561114668846 227.31281791627407 344.70356984436512 1670.8705356642604 2867.2773915976286 412.64594519883394 69.126216471195221 15.955899968743323 62.996132880449295 7927.5198598429561 21.719266816973686 13339.827399976552 788.99997742474079 4729.0300472080708 1744.1856074929237 166.82238861173391 345.73897074908018 135.29743460565805 3092.9968492165208 2452.482206389308 586.05310882627964 24.872165903449059 1362.7687977403402 15654.61404440552 7026.7416883111 139.61361522972584 64.700455114245415 82.509899765253067 52.236394926905632 129.5515333712101 83.803946979343891 63.817169800400734 152.05030620098114 72.941383711993694 2503.7293436676264 24.421249434351921 60.186594098806381 89.133484847843647 33.844247207045555 2225.6130407452583 50.861681640148163 3834.1745750531554 216.29451897740364 295.77936486154795 20115.872518964112 7252.3649260252714 26140.034029126167 37.980121977627277 142.8601354137063 36.602029345929623 117.66892427206039 28.608516804873943 54.089689537882805 192.40778370946646 131.53895009309053 161.16711568832397 79.668572515249252 59.414636872708797 200.2582815811038 32.143887095153332 159.25191245228052 319.71611083298922 26.252389393746853 72.381862625479698 7274.1893444657326 127.5320715457201 512.89956288039684 18.316943727433681 1220.1886099353433 28.966393947601318 895.9327278137207 527.80020428448915 2451.7032788097858 1944.0818907469511 4176.3742580190301 4091.2753429487348 25.945580326020718 118.83479353785515 9683.0270924121141 4371.1598601713777 155.29471550881863 62.80158919095993 98.295016296207905 687.18994561582804 226.59642971307039 36.780903667211533 341.11529517173767 1326.0391330718994
leaf_count=217 25846 37585 71402 11109 12554 39024 23433 34821 62009 8191 25013 1922 7505 313 4994 89651 92450 4087 3259 5216 1485 5762 2493 1590 3297 1761 15188 9304 577 46903 7554 393 16366 11621 6542 33196 14415 25530 1746 1646 1879 12857 21953 2743 334 110 403 63585 128 100491 5431 36244 13632 869 1901 594 21895 19477 4195 125 10766 123434 52199 914 204 562 299 881 551 220 727 444 18858 108 426 428 142 16883 291 28558 1575 2182 158312 53864 205229 165 889 195 811 152 271 1424 705 1076 402 257 957 235 1062 2234 88 353 57402 797 3647 51 9582 152 6118 3992 19395 15165 33007 32584 168 924 75981 33814 1073 384 724 5045 1551 151 2198 9609
internal_value=-1.73502e-05 0.000762746 -0.00142192 0.00025409 -0.000757164 0.000961018 -0.000225852 0.0020978 -0.000375788 -0.00146533 0.00193289 0.00150777 0.00558711 0.00134005 -0.00194472 -7.71663e-05 0.000236952 0.000662946 -0.0021387 -0.00207241 -0.000944503 -0.000342077 -0.000555057 -0.00470142 0.000654177 -0.00259149 0.00233519 0.00428472 0.000971522 0.00212962 0.0018195 0.00114183 -0.00380893 -0.00469 -0.0023079 -0.00271703 -0.00114091 -0.000556264 0.00184809 0.00126425 0.00119348 0.00334158 0.00100889 -0.000452016 0.00213377 0.000752973 0.00151914 0.00307866 0.00622573 -0.000331122 -0.00098128 3.8783e-05 0.000392274 -0.00133443 -0.00175901 -0.000496232 -0.00147422 -0.00125336 -0.00227157 -0.000893625 -0.00307365 -0.00360605 0.000765396 -0.00268037 -0.00754248 -0.00424222 -0.00366033 0.000322965 -0.00186814 0.00219444 -0.00773111 0.00269213 0.00501261 0.00528999 -0.00120359 0.00243317 -0.00384802 0.00385218 -0.000952908 -0.00023954 0.00357736 0.00211385 -0.00163801 0.00159229 0.000498279 -0.00564782 -0.00820874 0.0116653 0.00222051 0.00500322 0.00659331 0.00524498 -0.00125924 -0.00162711 0.00397397 0.00128127 0.0014024 -0.00410092 -0.0120091 -0.00420318 0.00712267 0.00749661 -0.00195482 -0.00853259 0.00292414 0.00132773 -0.000532643 0.00533439 -0.001696 0.00140991 0.000842828 0.00130382 0.00213415 0.0012827 0.00174786 -8.34355e-05 0.00179957 0.00359098 0.00670036 0.00366972 -0.00308123 -0.000884189 0.00205463 0.00457737 0.00310511 -0.00542362
internal_weight=270338 173806 96531.7 125857 50084.9 50894 74962.8 47949.4 69909.9 15037.4 45383.7 33104.2 1305.84 31798.4 13955.9 54872.5 43352.3 31554.5 46446.8 45987.3 46727.1 25007.1 23719.3 1214.13 18825.9 1675.84 12972.5 3577.73 17150.1 7649.74 7410.05 6422.3 4203.06 3556.84 40750.9 29358.3 9752.84 8476.33 5052.86 42417.7 41874 3311.71 38562.3 8304.79 2112.34 1767.64 1698.51 12279.5 1640.84 22505.2 14128.8 9500.33 28452 6192.45 5779.8 3832.48 3279.16 11392.6 935.675 6270.98 25118.3 17017.4 8376.37 1089.96 321.766 1947.32 1864.81 720.814 581.2 354.536 795.449 97.8135 2565.71 553.325 207.586 183.164 122.978 3492.73 3143.86 5236.44 1287.78 1071.49 21720 9394.73 27884.2 643.399 226.664 239.691 7370.03 98.7325 1619.12 786.62 11520.3 290.719 116.271 7286.41 7227 60.7524 223.952 1812.58 1565.03 1538.78 8100.9 369.144 594.213 531.217 5949.22 2254.58 911.889 30257.5 16972 14104.8 13285.4 8386.48 12160.7 4210.11 12134.7 4898.96 543.704 388.409 161.097 4521.36 880.389 604.493 567.712 1492.86
internal_count=2079663 1334709 744954 972351 380657 386237 586114 362358 546783 117596 343283 244877 9427 235450 109405 429187 338831 246381 364297 361038 354811 183945 174426 8278 138935 10237 96515 26652 128698 56024 54850 47296 32981 27987 322219 231340 76424 64554 39331 321683 317856 24806 293050 56067 13966 12087 11753 98406 11949 166148 105922 72674 222948 42101 39358 25785 22780 90879 6688 47661 198144 134200 60226 6813 1835 13573 13011 4531 3617 2177 4576 569 19075 3005 1104 996 570 26339 22186 38819 9519 7944 170866 69863 218861 3849 1440 1174 54675 552 11821 5525 90356 1957 597 53413 53156 387 1266 12712 11550 11462 63944 2282 4101 3698 45826 17035 6228 236983 132662 110709 104321 66515 95544 33508 95376 37806 3827 2754 1108 33603 5661 3900 3749 10478
is_linear=0
shrinkage=0.02


Tree=40
num_leaves=127
num_cat=0
split_feature=10 51 14 40 12 47 52 49 9 3 54 55 26 45 20 38 2 20 33 52 39 48 2 45 8 38 43 22 2 26 47 16 47 39 39 15 14 38 2 26 6 5 46 33 15 46 20 52 2 2 38 16 55 6 39 5 38 47 19 21 8 52 42 47 11 38 38 47 39 5 55 31 39 55 39 39 33 21 31 47 15 2 47 24 38 6 55 48 39 40 10 55 47 19 21 44 55 6 52 54 7 55 6 40 45 21 47 55 47 0 48 31 5 48 39 26 26 7 39 2 20 26 21 6 20 46
split_gain=699.419 258.693 115.366 96.986 76.2642 65.5605 57.9471 57.66 51.431 47.3251 45.7946 54.9445 53.9937 45.6006 69.9832 50.7846 45.4566 65.1393 50.5225 44.0928 43.4292 41.968 40.9755 41.7135 40.9697 48.1475 40.9411 43.3298 39.8493 38.5344 46.4614 48.7256 44.7596 38.6774 38.4552 37.5063 71.8251 59.9496 53.8406 47.5537 57.7042 44.2696 41.7578 41.5543 40.1601 38.7732 37.6027 39.2044 47.8741 36.5512 36.3924 47.8123 59.8289 38.5434 35.8136 40.8053 35.2615 35.8733 37.3206 35.2146 34.0912 36.771 34.0883 33.7451 33.6668 41.2939 45.4211 61.4206 42.6204 38.4907 36.6514 38.824 46.6823 33.6347 43.4373 48.8318 43.3851 38.4119 33.3942 36.3931 32.6632 32.5289 32.3682 36.9368 32.3316 35.9259 31.8441 31.8268 56.8104 48.3384 36.9254 33.9883 36.0757 31.8151 31.7484 33.387 31.7209 47.545 34.8546 35.4192 35.7285 31.6937 32.3055 31.5849 31.5062 31.4887 32.8449 31.4012 32.4654 31.1247 31.1203 30.9705 30.8631 30.6783 35.0535 30.2296 30.0194 30.0142 30.168 30.126 35.4843 29.9889 29.9409 29.7366 29.6995 29.6485
threshold=0.55980166792869579 -1.4476959705352781 -0.35060346126556391 0.12500000000000011 0.19095233827829364 0.001390702498611063 1.2709767222404482 1.0010118484497073 1.4775748252868655 1.459544897079468 0.036599462851881988 0.14865379035472873 0.78656607866287243 -0.046839609742164605 0.94703429937362682 0.097714733332395567 0.039494939148426063 1.0242913961410525 -0.050211157649755471 0.46767534315586096 0.17187500000000003 0.028122934512794021 0.0070354237686842689 0.044169273227453239 0.83634826540946972 0.011732409708201887 0.023301788605749611 -0.038204414770007127 -0.052103195339441292 0.91597560048103344 0.0308904591947794 -3.9366215467452998 -0.0046304131392389527 0.059374999254941947 0.24687500298023227 5.3714334964752206 -3.7355720996856685 0.091745313256979003 -0.0023222091840580101 0.60355338454246532 2.5777964591979985 0.32104983925819403 -0.036481259390711777 0.035595303401350982 6.8558037281036386 0.026801215484738353 0.53251719474792492 -0.36590932309627527 -0.06366445496678351 -0.0054185604676604262 -0.18751790374517438 -1.8917620182037351 0.23953387141227725 -1.4163516759872434 0.22604166716337207 0.2918935120105744 3.1203815311037899e-17 0.0051471425686031589 1.9432274103164675 1.002613961696625 -0.91850191354751576 -1.1555491685867307 -0.0047547616995871058 -0.0024646818637847896 0.22051412612199786 0.11859846115112306 0.026441587135195736 -0.086883541196584688 0.096875000745058074 0.32104983925819403 0.088266797363758101 0.2099999934434891 0.30520834028720861 0.10206624120473863 0.43854166567325598 0.91770833730697643 0.0028784491587430243 1.5377207398414614 0.14999999850988391 0.04068396799266339 4.9835979938507089 -0.01524733519181609 0.067394435405731215 44104.353515625007 0.011732409708201887 2.6336864233016972 0.43776553869247442 0.016153508797287944 0.55937498807907116 0.46650633215904241 1.3528838157653811 0.030277342535555366 -0.017279906198382374 2.4950394630432133 0.77889749407768261 0.032405601814389236 0.25043855607509619 -0.34971281886100763 -1.5105794072151182 0.36712509393692022 0.024539272300899032 0.17061507701873782 -1.8488801121711729 0.46650633215904241 0.044169273227453239 1.3722933530807497 -0.044350966811180108 0.055751318112015731 -0.015891399234533306 0.0035785110667347912 0.024028270505368713 0.2099999934434891 0.2918935120105744 0.021539328619837764 0.38854165375232702 -0.7865660786628722 0.37940952181816107 0.32895348966121679 0.92187500000000011 -0.01524733519181609 0.71478307247161876 -0.98296290636062611 0.58889123797416698 -1.587385296821594 1.2033956646919253 0.014130130875855686
decision_type=2 2 2 2 2 2 2 2 2 2 2 2 2 2 2 2 2 2 2 2 2 2 2 2 2 2 2 2 2 2 2 2 2 2 2 2 2 2 2 2 2 2 2 2 2 2 2 2 2 2 2 2 2 2 2 2 2 2 2 2 2 2 2 2 2 2 2 2 2 2 2 2 2 2 2 2 2 2 2 2 2 2 2 2 2 2 2 2 2 2 2 2 2 2 2 2 2 2 2 2 2 2 2 2 2 2 2 2 2 2 2 2 2 2 2 2 2 2 2 2 2 2 2 2 2 2
left_child=1 4 7 6 13 22 24 9 10 60 21 12 -12 14 28 62 26 104 -19 63 56 -7 64 -24 29 -26 27 -11 59 35 31 -31 33 81 123 36 39 43 42 40 46 113 -38 116 -45 84 47 48 -3 -14 53 52 -52 -13 55 -20 57 58 -21 -1 -2 -62 -15 -4 -5 66 67 68 -66 -70 -67 72 -72 111 76 77 -75 -76 79 -51 -8 112 117 -84 85 -44 -30 88 90 109 -36 -92 -93 -41 -63 -96 121 -98 -99 -100 -101 102 -68 -94 -18 -69 -107 108 -35 -89 125 -17 -33 114 -40 -39 -37 118 119 -9 -121 -48 -111 -22 -64 -32
right_child=2 3 19 5 -6 8 80 82 -10 16 11 50 49 15 -16 73 17 18 54 20 34 -23 23 -25 25 -27 -28 -29 86 30 110 32 -34 107 87 37 38 115 41 93 -42 -43 45 44 -46 -47 96 -49 -50 78 51 -53 -54 -55 -56 -57 -58 -59 -60 -61 61 94 124 -65 65 70 101 105 69 -71 71 -73 -74 74 75 -77 -78 -79 -80 -81 -82 -83 83 -85 -86 -87 -88 89 -90 -91 91 92 103 -95 95 -97 97 98 99 100 -102 -103 -104 -105 -106 106 -108 -109 -110 122 -112 -113 -114 -115 -116 -117 -118 -119 -120 120 -122 -123 -124 -125 -126 -127
leaf_value=0.018752336480854545 0.00137005455317126 0.013125472790333801 0.00091516693087818099 0.0018248039601829291 0.0011911671927835005 -0.0026847807536800662 -0.0016214818880060191 -0.0046199394888387342 -0.0065903323167962359 0.0088453713393963195 0.00046859980149272694 0.016005259811029411 0.0024714258389462265 0.0018377928743754934 -0.0052474351639337632 0.0052410918294019471 -0.0034521527553177172 0.019413240393486703 -0.018660919659250014 0.0025914717498649259 0.0060030139951032973 -0.014566843520897755 -0.0020376305722895035 -0.026222082847755925 0.00095216520507530075 -0.0014696759395819614 0.013691857621127955 0.0016505274549026075 0.00686242476060133 -0.018941209745837243 -0.020938328321119939 0.016590243800167701 -0.0014512936532759333 -0.013566735797443117 -0.0012818712629031517 0.00068584500862145796 -0.0047655504454844188 0.0053408931350439129 -0.00028119330516543665 0.009052659268910572 0.013005160099284135 -0.020726933651750074 0.0035514845233945188 0.004762238616712499 -0.016498055054727463 -0.018542983983335797 0.007942130243049737 0.019626950549959582 -0.0055736032839020302 -0.0051768662395220424 -0.001783511217098158 -0.0032632068669822202 0.01895464795867579 -0.012239833340943923 0.0067178245707162215 0.0088648667453343297 -0.0050147355507511905 -0.0039688842451591202 -0.002256056970022487 0.0027435476145214431 0.0043996124734880203 4.5864126299251548e-05 0.0031193442416390105 -0.0016446486523928236 -0.0063788676881879041 -0.019665796779277482 0.0096101795645619041 -0.00076646431770956841 -0.001686812938371419 0.024547561740373116 -0.018127466618528758 0.019125017121916159 -0.0022163635328763909 -0.018720701068104008 0.0052922139441662838 -0.011732807816642463 -0.0039381246191461097 -0.012000419251843837 -0.00014644304460696263 0.0073494083716090335 0.012952691562383161 0.0033602707453121556 -0.0031275662597912957 -0.016283363852708673 0.0016537728815531662 -0.0034873065999703507 -0.019200484566279305 -0.0047345609884247722 -0.00063112912310108859 0.001166194294727199 -0.0074820705811236244 -0.011604361118269615 -0.0036628402837012072 -0.0029281606709101915 -0.0014632382788306198 0.028848518718786634 -0.02038746890597341 -0.015452349033455713 -0.0085243673940472268 0.019156196371999199 -0.01107587983720966 -0.003273352553624606 0.0018397712822282042 3.8836549544378562e-05 -0.01501155110535567 0.020777065560827333 0.0014780179843289069 -0.00071249810313530563 0.0082063398825534904 -0.0076204744125720472 0.0090828229655414202 -0.018723355386624421 -0.010458467177743222 0.0023775319413181931 0.0013717054496229803 0.023074340123140913 0.015907600223590872 0.0049223201480845255 0.0022432679441008619 -2.0076668250339437e-06 -0.0020548912447548111 -0.0052128210552953485 -0.00095497109186108741 -0.0005557709784336913 0.0053574160556065344 0.0057822864452004323
leaf_weight=265.20314954221249 3866.1863018348813 70.380077928304672 3327.1623730659485 6183.6034547835588 17645.682984516025 3050.6808306574821 4266.9539491832256 1273.377983354032 657.58808068931103 396.9187937527895 13178.296979032457 20.050374522805214 546.89393766224384 6502.8796132206917 128.34588570892811 421.56749953329563 456.336526080966 76.614525131881237 59.520243503153324 831.10862154513597 296.11890847980976 122.84844336658716 2080.97049369663 27.942035563290119 8328.6997830420732 5419.1460409909487 144.89121557027102 2120.5303135737777 199.80703220516443 55.544672831892967 28.444807484745979 150.57581782341003 4753.7166081592441 29.322588391602039 4146.7708840370178 112.54315063357353 322.78540808707476 61.638939455151558 9203.06356151402 217.52170818299055 77.244201697409153 36.633187994360924 9221.4947814270854 67.559733875095844 73.050690151751041 34.028978750109673 75.304846718907356 39.903684027493 234.26696176826954 1971.897905677557 143.84440977871418 2326.4389173910022 89.519423179328442 250.95209158957005 157.3072936758399 32.64303082972765 3423.777079179883 3507.3004433959723 2684.0263811424375 69.933483861386776 561.84498370438814 10511.96693302691 11518.790095813572 5403.8605734333396 36.9671680778265 54.260324485599995 221.30367310345173 12865.424535393715 29.528390467166901 88.863913148641586 80.075986556708813 29.98982610553503 826.275415584445 97.10245569050312 479.9883301705122 99.602057345211506 423.38649920374155 56.547196194529533 1006.5106896609068 96.437211476266384 61.406226478517056 461.39419807493687 286.76952857524157 121.11810129880905 8918.5841894447803 298.56269365549088 19.702603563666344 4612.9068084433675 9871.1882383897901 887.66261831671 830.80303526669741 193.37121434509754 4074.5164717137814 148.36732968688011 13088.028914324939 13.550270125269888 137.01527716964483 93.193828925490379 89.646440632641315 51.083022005856037 21.527716808021069 467.61919099092484 5846.8126603066921 1190.8905042782426 118.36607624590397 34.855124466121197 2247.144858263433 1610.64563690871 288.41358952969313 311.72968843579292 329.84377033263445 21.747265249490738 18.259720250964165 5055.0289752185345 11597.954193592072 105.4008551761508 95.436068579554558 296.71385215967894 828.95014342665672 4868.550869166851 10933.307767495513 761.58376527577639 1960.4724678769708 3983.6505539119244 2991.9220942929387 37.273763082921505
leaf_count=974 29973 353 26162 47783 134772 24387 33373 9024 5136 2755 103410 121 4299 46659 669 3133 2868 468 404 6577 2343 984 15666 68 64187 42139 760 14820 1277 176 218 1110 37269 225 32985 590 2354 259 72664 1387 408 196 71725 379 355 240 506 216 1336 15579 927 17290 547 1431 1033 235 26921 26887 21140 279 4238 79970 89760 42644 147 417 1724 99008 193 326 340 111 5528 388 3277 658 2582 367 7954 758 411 3499 2003 714 69453 2273 104 36286 78003 6807 6663 1481 31958 930 101961 101 624 466 503 230 92 3441 46094 9325 633 257 17742 11917 2301 2261 2509 146 85 39249 91533 569 568 2109 6341 36755 84104 5095 14748 31096 23703 267
internal_value=9.53896e-06 0.000799863 -0.0012999 0.000356138 0.00218318 -0.00028166 0.00083265 -0.00061759 -0.00107995 -9.74996e-05 -0.000920729 -0.000560232 -0.000125764 0.00293444 0.00802397 0.00278033 0.00207326 -0.00180814 0.00532005 -0.00196463 -0.00222884 -0.0031495 0.00032014 -0.00237081 0.000974009 -2.44442e-06 0.00338706 0.00278838 0.0111007 0.00121817 -8.74962e-05 -0.000446491 -0.000303298 0.00182894 -0.00186672 0.00143285 0.00137351 0.00679292 0.00154016 -0.00231718 -0.00376297 0.000948574 0.00235498 0.00205311 -0.00631447 0.00247971 -0.00459429 0.00123984 -0.00122163 -0.00228826 -0.00313737 -0.0023967 0.00621441 -0.0100953 0.000927687 -0.0089104 -0.00335023 -0.00253796 -0.00110923 0.0154328 -0.000373428 -0.000652337 0.00304185 -0.000669063 0.000515853 0.000161196 0.000342472 -0.000253574 0.0122171 0.0180367 -0.00383047 -0.00289176 -0.00364164 -0.000653656 -0.00244921 0.00105559 -0.00672849 0.00344889 -0.00313568 -0.00458907 -0.00141154 0.00612617 -0.00150079 -0.00706676 0.00251956 0.00333029 0.00444209 -0.00213587 -0.00171905 -0.0032244 -0.0027478 -0.00371378 -0.00313881 0.00419699 -0.000772763 -0.00142961 -0.0062299 -0.0109178 -0.00577506 -0.000150102 0.0101507 0.00173803 0.00212486 -0.00282558 -0.00585661 -0.000382343 0.0017822 0.000421562 0.00615759 -0.00379069 0.00658101 0.00402375 0.0136147 0.000980123 0.000640382 0.0166072 0.00771818 -0.00137562 -0.00148032 -0.00166126 -0.0014225 -0.00401985 -0.00187282 -0.000100436 0.00358121 -0.00590863
internal_weight=270337 168586 101751 127644 40942.2 54583.6 73060.4 50213.5 23462 31604.7 22804.4 19630.8 16800 23296.5 682.992 22613.5 3563.13 900.788 326.085 51537.3 42806.3 3173.53 31121.6 2108.91 68732.1 13747.8 2662.34 2517.45 554.646 54984.2 7763.44 7367.87 7312.33 2558.61 32360.1 47220.8 46705.2 515.629 44688.1 2017.04 1651.15 25892.7 18795.5 348.59 140.61 18472.7 1573.91 344.551 304.647 3621.74 2830.81 2559.8 233.364 271.002 249.471 92.1633 10446.2 7022.44 3515.14 335.137 28041.6 24175.4 21013.6 8731.02 29012.7 22829.1 21838.5 15302.8 155.359 118.392 990.602 936.341 906.351 1599.94 1156.63 636.138 520.489 536.536 3074.85 2068.34 4328.36 630.23 18608.8 407.888 18438.6 9520.06 219.51 28080.3 20307.5 7772.77 10436.4 6289.58 5458.78 365.889 23613.5 13101.6 1229.35 392.466 255.451 162.257 72.6107 6535.74 6068.12 5265.41 574.703 15147.4 2282 1928.38 317.736 6885.11 395.562 443.315 168.836 25856 20801 167.04 207.979 18200.9 17904.2 17075.2 15801.9 836.889 2272.2 4279.77 14510.7 65.7186
internal_count=2080211 1294655 785556 985907 308748 421668 564239 381269 182823 240219 177687 152316 132000 173976 3303 170673 23976 5641 2140 404287 335481 25371 238845 15734 530455 106326 18335 17575 2634 424129 59576 56582 56406 19137 253956 364553 361833 2720 349687 12146 9829 203642 146045 1892 734 143691 9421 1905 1689 28590 20316 18764 1474 1552 1672 639 81525 54604 27717 1253 216243 186270 160122 68806 223111 175328 168932 117673 666 519 6396 5979 5868 10551 7272 4302 2970 3644 24291 16337 33784 4694 141050 2717 143451 73998 1381 220517 160415 60102 82412 49427 42764 2317 182032 102062 7516 1915 1291 825 322 51259 47818 41283 3501 117007 17999 14443 2526 53295 2994 3279 1195 203446 164197 828 1158 138333 136224 129883 120859 5601 17009 33439 113463 485
is_linear=0
shrinkage=0.02


Tree=41
num_leaves=127
num_cat=0
split_feature=10 51 14 53 15 8 29 29 53 8 23 47 28 5 23 29 39 39 46 34 47 4 1 52 46 21 39 6 32 29 14 27 22 14 40 47 27 29 9 29 54 29 55 20 55 15 55 53 1 47 10 1 39 28 29 33 27 54 1 29 46 34 7 47 35 26 1 55 39 39 35 29 15 32 31 34 39 47 55 27 55 39 45 55 40 5 15 29 6 21 54 27 17 45 55 48 29 34 27 27 39 52 39 8 3 11 26 54 33 24 7 55 55 35 55 54 29 48 27 24 48 23 31 15 55 7
split_gain=671.773 248.95 110.845 94.1269 70.8624 63.0979 65.0595 61.4578 59.1667 56.9303 56.1746 51.9026 51.5125 53.6718 54.8967 50.0396 49.8088 66.2665 48.4196 56.9112 48.2208 53.3347 51.4939 48.7674 46.0977 45.0226 44.5405 43.0118 42.6755 43.1475 57.2603 44.079 42.2207 42.0526 41.7113 43.4314 41.6984 41.5867 41.5801 41.025 48.0254 66.5583 45.0914 41.5301 49.5706 40.8996 39.9971 42.1101 50.262 39.0383 43.1895 40.676 54.1748 55.8532 38.1972 50.7221 41.0776 51.7304 38.1913 37.427 39.1129 37.1286 35.9857 35.5725 54.5518 35.0165 34.9178 34.8478 34.8058 34.5838 34.5464 34.363 33.8932 33.5301 33.3485 32.9064 32.6127 48.3646 34.0589 33.3135 32.5353 32.3951 52.298 35.7104 42.5422 40.7817 34.2454 40.4626 33.6859 33.5598 32.3736 32.1693 45.8285 42.5217 43.6163 33.207 33.9858 35.9871 32.093 32.0788 31.7372 42.4944 32.9086 31.4007 31.3649 31.3188 30.9169 45.2821 35.4022 30.8196 30.8185 30.5173 30.5012 30.3989 30.2857 31.4127 30.1 31.1787 38.7126 35.4569 29.8843 29.8672 29.7796 29.6695 29.5339 40.9637
threshold=0.55980166792869579 -1.3476680517196653 -0.36383271217346186 0.61167624592781078 0.12953281402587893 0.33080047369003301 -4.010042428970336 3.62733006477356 -0.66704490780830372 -0.88710010051727284 -0.088293198496103273 -0.086883541196584688 -0.56174489110708226 0.36809284985065466 -0.091082837432622896 5.2338719367980966 0.45520834624767309 0.042708333581686027 -0.033732572570443146 1.0000000180025095e-35 0.067394435405731215 0.23442256450653079 0.013930649496614935 -1.1186781525611875 0.0036158141447231178 0.40400712192058569 0.87604168057441723 -1.5654346346855161 0.01565541792660952 -7.3928415775299063 -2.6324659585952754 -1.0000000180025095e-35 -0.072169516235589967 -1.8734335899353025 0.34150634706020361 -0.0036798465298488732 -0.87837970256805409 -10.758540153503416 1.3696177601814272 -0.33034980297088617 0.1465331166982651 -2.0854532718658443 0.3536743968725205 1.3540081381797793 0.14865379035472873 8.6373987197875994 0.080199919641017928 0.08282323926687242 0.016307182610034946 0.060221116989851005 2.8735290765762334 0.0021605383371934299 0.80520832538604747 0.81174489855766307 -0.46669542789459223 0.005296470597386361 0.6078576147556306 0.17868261039257052 0.036193458363413818 3.3923864364624028 -0.013847435824573038 0.037500001490116126 -0.06990493461489676 0.0036482397699728612 0.075000001117587103 -0.37940952181816096 -0.0015083299367688594 0.43776553869247442 0.79270833730697643 0.81770834326744091 1.0000000180025095e-35 0.24201273918151858 3.8608968257904057 0.0021656046155840163 0.2099999934434891 0.045833334326744087 0.91354167461395275 -0.037354527041316025 0.18066526949405673 1.0000000180025095e-35 0.2647025734186173 0.20104166865348819 0.044169273227453239 0.068342130631208434 -0.12500000000000003 0.2918935120105744 4.9835979938507089 -3.8238525390624996 -0.70653995871543873 1.1269152164459231 0.24253566563129428 -0.60785761475563038 2.0473718643188481 -0.03665534779429435 0.10966959223151208 0.018460566177964214 -2.0854532718658443 0.062500001862645163 -0.60785761475563038 0.87837970256805431 0.35520832240581518 1.4628465771675112 0.18437500298023227 -0.27566097676753992 -1.5343487262725828 0.25568975508213049 -0.6035533845424651 0.09700310975313188 0.049673473462462432 -3410.5207519531245 -0.47352315485477442 0.43776553869247442 0.12585920840501788 0.42500001192092901 0.045523816719651229 0.091170132160186781 -6.0533671379089347 -0.11957251653075217 0.6078576147556306 -804.98089599609364 -0.035449579358100884 -0.0094051929190754873 0.12999999895691874 8.6373987197875994 0.092937350273132338 -0.24056268483400342
decision_type=2 2 2 2 2 2 2 2 2 2 2 2 2 2 2 2 2 2 2 2 2 2 2 2 2 2 2 2 2 2 2 2 2 2 2 2 2 2 2 2 2 2 2 2 2 2 2 2 2 2 2 2 2 2 2 2 2 2 2 2 2 2 2 2 2 2 2 2 2 2 2 2 2 2 2 2 2 2 2 2 2 2 2 2 2 2 2 2 2 2 2 2 2 2 2 2 2 2 2 2 2 2 2 2 2 2 2 2 2 2 2 2 2 2 2 2 2 2 2 2 2 2 2 2 2 2
left_child=1 4 9 5 -1 6 11 16 -4 -2 15 12 -3 -14 -15 66 17 73 25 70 21 23 -22 71 91 -8 -9 121 29 31 112 80 -13 -28 45 116 63 68 58 40 -18 43 -41 61 -45 54 47 -32 -49 50 51 -38 53 99 55 -7 57 -57 81 60 74 76 -63 65 -65 -10 -5 -59 -34 -48 -20 -11 -64 -6 -30 -71 77 105 -78 -80 -25 104 83 -83 86 -86 87 -85 -87 120 -79 93 95 -19 -95 -93 -97 109 -37 123 102 -102 -55 -94 -12 -42 108 -108 -26 -98 -29 -106 -31 -39 -104 -116 117 -36 -119 -120 -89 -23 -105 124 125 -53
right_child=2 3 8 10 7 34 18 26 36 20 38 32 13 14 -16 -17 39 24 19 -21 22 27 -24 28 106 -27 33 110 59 30 46 -33 37 -35 35 98 49 113 -40 42 41 -43 -44 44 -46 -47 69 48 -50 -51 -52 52 -54 100 -56 56 -58 67 -60 -61 -62 62 72 64 -66 -67 -68 -69 -70 75 -72 -73 -74 -75 -76 -77 78 90 79 -81 -82 82 -84 84 85 88 -88 89 -90 -91 -92 92 103 94 -96 96 97 -99 -100 -101 101 -103 114 122 111 -107 107 -109 -110 -111 -112 -113 -114 -115 115 -117 -118 118 119 -121 -122 -123 -124 -125 -126 -127
leaf_value=0.0036317189622053722 0.0015706804566835539 -0.0049021790100451067 0.00089135337188238741 0.0028865612939337295 0.0010487559276195105 0.0024685945481462863 0.019348727783489131 0.0067263749502461312 -0.004366863672900222 -0.00050920122962824364 0.012346624263483175 0.001220831602673804 0.0010504326632035496 -0.0078480011570251067 0.023744153711974216 0.011205814407717641 0.0042499256782434058 0.013912545501100507 2.4805148993525668e-05 0.0019437030327497716 0.00028052897482623638 -0.0011425159273928257 -0.0092400305793236426 -0.0045100655284389286 0.0056988650906508263 -0.003602700786958526 -0.014696305020963002 -0.023201498780101647 -0.0067444002585062826 -0.011405185047100008 -0.00024720587393433626 -0.017841565766732195 -0.013349956916478814 0.0046819047244479797 0.021273716981063905 -0.00022139747119155471 -0.00080377935522235925 -0.0027517516253533747 -0.0047798815405477894 0.0010577594019161123 0.012184870071397605 -0.0052297679353323513 0.029899779026283574 0.0048369124114942116 -0.020111062183021292 -0.013053411637678945 -0.00056081586714339907 -0.002836336324046492 0.0026949417585977443 -0.0074663594135521141 0.00054665371593601254 -0.0078649898027716367 -0.00020195983727639197 -0.0013902367018755906 -0.00033161175718922494 -0.00019919401978038553 0.0025818639686625896 -0.0076697511327300429 0.011737932575157029 0.010622866832587393 -0.00037317528021712219 -0.0015273322408084534 0.0074769564107215105 -0.0058995016519408448 0.0014737030083298716 -0.00077864637354854954 -0.00021603676734535221 0.009675045074955247 0.0066683967698438909 0.00238211453451646 0.0018350769130565517 0.0085390899858608996 0.027462692710144721 0.0062451074868289094 0.01133434921886646 -0.0095002219370164728 0.0084780060808809909 -8.5314746473720771e-05 -0.0011143323156039523 -0.032603086166275393 0.027248017977521532 -0.0013591218099143077 -0.017305421182565534 -0.0095193826685500468 -0.00039061848395985393 0.0063748711004798153 0.01114227296413947 -0.010952386982719314 -0.018944469086733886 0.0067078973527099029 -0.016118120771199076 -0.00085224326791228061 0.015464295291214455 0.002274627919857399 -0.0027764656239000376 -0.010811684692108001 -0.012071468972400429 0.017929435039763599 -0.0041762177519634918 -0.0015600094799112945 0.00057822099680199896 -0.0055056624155337477 0.0093542507278813435 0.017164323087881614 -0.0020785164245128033 -0.000518691764004371 0.0044798362421390727 -0.0029767243117522985 0.029044162687659806 0.003398274695834268 0.001743104429790462 0.018389293731689866 0.013731679644582091 0.016380002132984385 -0.0010067522635435081 0.006532171727475655 -0.00034018567539582565 -0.0031138384117495267 0.024668309796845637 -0.0059377474934246997 0.001459432895479658 0.023663829684323831 -0.012094781843584437 -0.021097396848236399 -0.0020007493571073663 -0.0036096313268728325
leaf_weight=8974.7906586825848 4454.6722996756434 132.61361689120531 2861.4400471225381 2192.0595906600356 810.04065987467766 6277.7237324342132 34.327682867646217 1394.0493024513125 1818.7905757203698 306.61405462771654 60.412881843745708 1157.0285388752818 137.85490311682224 26.071564018726349 125.44516076892614 190.59927406162024 5970.8954374939203 108.57312047481537 14201.92024820298 29158.905682891607 387.80587981641293 28.368880078196526 546.98099937289953 103.24870364367962 721.80363176763058 1063.1327375397086 78.755693353712559 18.963164173066616 1321.2364605441689 21.2543820515275 5681.5126770809293 119.03834982216358 245.70287185907364 101.284404091537 47.235784567892551 1225.9848960712552 9656.258393034339 2441.0031372755766 1062.4755309075117 6133.1340905353427 183.98315238207579 550.12323759496212 20.763482227921486 60.550789505243301 65.383158430457115 89.088730022311211 19599.9935933128 8802.1597327366471 709.17395455390215 482.39600498229265 3039.3598712235689 986.00176594406366 4204.2030794769526 1258.1095577478409 11831.232646897435 2288.1919452250004 1322.9997823238373 644.80608586221933 96.567427843809128 69.343435555696487 700.78032699972391 178.53970015794039 645.93762127310038 3003.0825908184052 462.63137761503458 2708.2828068509698 4286.0138002485037 49.024594932794571 39.740411311388016 2427.3044902533293 5997.1472381129861 369.25007433444262 35.072002269327641 1287.1180240064859 41.197401836514473 95.946754701435566 22.591413557529449 160.91800531744957 22.30491216480732 33.353669434785843 13.725152783095835 8270.1564159169793 71.865208387374878 128.3921997025609 8052.7413974255323 27.471359603106976 151.49478510022163 78.141400553286076 82.397613622248173 499.57767868041992 72.426740355789661 11191.978046871722 120.39566610753536 3529.6006657928228 847.01550814509392 69.546886198222637 53.297842852771282 64.180573545396328 2486.2426224201918 4325.9205913841724 883.20120246708393 954.65463024377823 253.55299300700426 20.074863970279694 7798.1293292120099 133.36998327821493 809.62465813010931 543.610545784235 26.062475591897964 1006.1066818386316 2588.6883670315146 28.247487783432007 153.52758909761906 32.682319939136505 637.83707743883133 337.04788283258677 4199.5979476943612 130.11626386642456 48.001988604664803 21.360740326344967 3953.3220884427428 59.402511216700077 39.95448837429285 37.290985643863678 4149.194548368454 11064.37914738059
leaf_count=69307 34226 693 22596 17266 6312 48282 229 10178 14488 2355 402 8099 794 111 440 1420 46350 612 111412 227644 2765 141 3426 792 5607 7181 504 79 9839 159 44958 796 1115 783 202 9686 76846 16675 8335 48045 1105 3927 76 448 341 387 149741 69288 5345 3452 22929 7791 32870 9759 92509 17623 9952 4313 638 473 5347 1010 3890 23646 3672 21584 33956 235 178 18649 46695 2784 124 9165 291 749 172 1156 138 127 95 65835 445 928 62335 137 927 598 444 3935 378 83246 463 27759 5952 484 392 498 19309 33624 6893 7471 2004 109 60735 894 6389 4033 142 7874 15220 109 1072 196 4992 2521 32274 799 260 109 30622 280 196 219 31765 87564
internal_value=9.3461e-06 0.000783928 -0.00127399 0.000312456 0.0020369 0.000677425 0.00108396 0.00165111 -0.00190553 -0.00058391 -0.000529762 -0.001266 0.00538963 0.0101103 0.0182857 0.00113218 0.00147968 0.00086554 0.00128605 0.00137846 -0.000801282 -0.000704009 -0.00529318 -0.000885188 0.000495785 -0.00286693 0.0055174 0.00201961 -0.000975584 -0.000819902 -0.000766074 -0.00932699 -0.00198463 -0.00382362 -4.90446e-05 -0.00127409 -0.00206479 -0.00332915 -0.000894854 0.00239275 0.0033248 0.00077161 0.00116008 0.00281919 -0.00816425 0.000395091 -0.000819722 -0.00160984 -0.00242357 -0.00181416 -0.00174871 -0.00192879 -0.00230214 -0.00265687 0.00044917 0.00132211 -0.000349693 -0.00165107 -0.000753778 -0.0037276 -0.00421531 0.00375397 0.00645348 -0.00338972 -0.00491484 -0.00222111 0.000833954 -0.00643061 -0.0105459 -0.000277029 0.000562393 0.00443806 0.00854645 0.00423992 -0.00618909 0.00192631 5.87145e-05 0.00178356 -0.0119369 -0.0202442 -0.000575867 -0.00079552 -0.000390228 -0.000332147 0.000322489 -0.000556661 0.00181414 0.00150831 -0.0126043 0.00182304 -0.00511347 0.000151199 -0.000367767 0.00160509 0.00129644 -0.000513983 0.00265623 0.00349962 -0.0028708 -0.00309136 -0.000590354 -0.00258272 0.000882286 0.00961113 -0.00189058 0.0068581 0.00329027 0.00148372 0.00655146 0.00260841 0.0015525 -0.00200217 0.0106217 -0.00249206 0.00320975 0.00160268 5.91189e-05 0.00683408 0.00332079 0.0152783 0.00121595 0.0157123 -0.00217272 -0.00349917 -0.0034573 -0.00395853
internal_weight=270316 168572 101744 122485 46087.2 85455.2 54793.6 37112.4 53123.6 48620.2 37030.1 4338.14 421.985 289.372 151.517 6668.67 35538.3 21249 50455.4 49358 44165.5 43230.7 934.787 40535.3 19151.8 1097.46 1574.09 2695.42 39859.4 37726.9 37490.9 236.012 3916.16 180.04 30661.6 8158.54 50262.2 2759.13 30361.4 14289.3 8135.45 2164.55 6153.9 1614.43 125.934 22503.1 37316.1 15192.8 9511.33 42269.4 41787 38747.7 29091.4 24887.2 22414 10582.7 4305.02 2982.02 29298.9 2132.56 2063.21 1488.5 859.549 7992.79 3465.71 4527.07 6478.07 693.831 285.443 22123.2 20199.1 675.864 681.01 2097.16 1362.43 2523.25 628.948 550.698 78.25 55.6586 116.974 29202.3 21315.6 21243.7 12973.5 8162.61 4810.93 4659.43 109.869 4531.04 233.345 17050.7 12565.5 4485.19 4376.62 12385.1 1193.13 1123.59 3712.23 20562.8 4324.4 1837.86 2486.55 180.425 7886.79 317.353 2101.1 1353.24 747.866 1059.4 2607.65 7826.38 174.782 2473.69 1228.44 974.885 4446.31 246.715 199.479 69.3627 4031.46 87.7714 60.0294 16236.9 16199.6 12050.4
internal_count=2080211 1294655 785556 946469 348186 657402 421462 278879 416686 368870 289067 28301 2038 1345 551 52642 267414 159233 393161 385751 334644 328453 6191 312733 143756 7410 11465 15720 307594 291644 289961 1683 26263 1287 235940 62639 394090 18164 236425 108181 60060 13710 48121 9783 789 173301 288730 119591 74633 330700 327248 304319 227473 194603 172914 80405 32123 22171 228090 15950 15477 8994 5024 63390 27318 36072 51222 4548 1293 169139 158107 5139 4014 15477 10130 19398 3970 3533 437 265 887 227452 166206 165761 99926 62916 37010 36083 581 35155 1534 127585 93262 34323 33711 92494 9248 8764 28995 160963 33640 14364 19276 768 61246 1999 16171 10422 5749 8266 15299 60844 1231 16871 9517 7513 33644 1370 1168 369 31220 421 305 127339 127120 95355
is_linear=0
shrinkage=0.02


end of trees

feature_importances:
Column_39=370
Column_29=355
Column_55=242
Column_38=240
Column_47=204
Column_26=178
Column_40=178
Column_48=177
Column_27=174
Column_34=149
Column_53=139
Column_10=136
Column_6=133
Column_5=129
Column_54=123
Column_18=121
Column_2=116
Column_15=114
Column_16=113
Column_14=110
Column_20=110
Column_4=104
Column_25=104
Column_46=102
Column_1=94
Column_19=89
Column_28=89
Column_32=80
Column_21=79
Column_33=78
Column_45=74
Column_35=71
Column_31=56
Column_52=53
Column_8=48
Column_12=44
Column_51=44
Column_7=43
Column_17=42
Column_9=41
Column_13=40
Column_24=32
Column_11=28
Column_57=27
Column_3=25
Column_49=24
Column_22=23
Column_44=23
Column_43=22
Column_50=21
Column_56=21
Column_0=20
Column_23=20
Column_37=14
Column_42=5
Column_41=1

parameters:
[boosting: gbdt]
[objective: binary]
[metric: auc]
[tree_learner: serial]
[device_type: cpu]
[data_sample_strategy: bagging]
[data: ]
[valid: ]
[num_iterations: 5000]
[learning_rate: 0.02]
[num_leaves: 127]
[num_threads: 3]
[seed: 49]
[deterministic: 0]
[force_col_wise: 0]
[force_row_wise: 0]
[histogram_pool_size: -1]
[max_depth: -1]
[min_data_in_leaf: 100]
[min_sum_hessian_in_leaf: 0.001]
[bagging_fraction: 0.8]
[pos_bagging_fraction: 1]
[neg_bagging_fraction: 1]
[bagging_freq: 2]
[bagging_seed: 10103]
[bagging_by_query: 0]
[feature_fraction: 0.8]
[feature_fraction_bynode: 1]
[feature_fraction_seed: 1891]
[extra_trees: 0]
[extra_seed: 7599]
[early_stopping_round: 0]
[early_stopping_min_delta: 0]
[first_metric_only: 0]
[max_delta_step: 0]
[lambda_l1: 0.05]
[lambda_l2: 1]
[linear_lambda: 0]
[min_gain_to_split: 0]
[drop_rate: 0.1]
[max_drop: 50]
[skip_drop: 0.5]
[xgboost_dart_mode: 0]
[uniform_drop: 0]
[drop_seed: 11846]
[top_rate: 0.2]
[other_rate: 0.1]
[min_data_per_group: 100]
[max_cat_threshold: 32]
[cat_l2: 10]
[cat_smooth: 10]
[max_cat_to_onehot: 4]
[top_k: 20]
[monotone_constraints: ]
[monotone_constraints_method: basic]
[monotone_penalty: 0]
[feature_contri: ]
[forcedsplits_filename: ]
[refit_decay_rate: 0.9]
[cegb_tradeoff: 1]
[cegb_penalty_split: 0]
[cegb_penalty_feature_lazy: ]
[cegb_penalty_feature_coupled: ]
[path_smooth: 0]
[interaction_constraints: ]
[verbosity: -1]
[saved_feature_importance_type: 0]
[use_quantized_grad: 0]
[num_grad_quant_bins: 4]
[quant_train_renew_leaf: 0]
[stochastic_rounding: 1]
[linear_tree: 0]
[max_bin: 255]
[max_bin_by_feature: ]
[min_data_in_bin: 3]
[bin_construct_sample_cnt: 200000]
[data_random_seed: 198]
[is_enable_sparse: 1]
[enable_bundle: 1]
[use_missing: 1]
[zero_as_missing: 0]
[feature_pre_filter: 1]
[pre_partition: 0]
[two_round: 0]
[header: 0]
[label_column: ]
[weight_column: ]
[group_column: ]
[ignore_column: ]
[categorical_feature: ]
[forcedbins_filename: ]
[precise_float_parser: 0]
[parser_config_file: ]
[objective_seed: 22749]
[num_class: 1]
[is_unbalance: 0]
[scale_pos_weight: 1]
[sigmoid: 1]
[boost_from_average: 1]
[reg_sqrt: 0]
[alpha: 0.9]
[fair_c: 1]
[poisson_max_delta_step: 0.7]
[tweedie_variance_power: 1.5]
[lambdarank_truncation_level: 30]
[lambdarank_norm: 1]
[label_gain: ]
[lambdarank_position_bias_regularization: 0]
[eval_at: ]
[multi_error_top_k: 1]
[auc_mu_weights: ]
[num_machines: 1]
[local_listen_port: 12400]
[time_out: 120]
[machine_list_filename: ]
[machines: ]
[gpu_platform_id: -1]
[gpu_device_id: -1]
[gpu_device_id_list: ]
[gpu_use_dp: 0]
[num_gpu: 1]

end of parameters

pandas_categorical:null
