tree
version=v4
num_class=1
num_tree_per_iteration=1
label_index=0
max_feature_idx=57
objective=binary sigmoid:1
feature_names=Column_0 Column_1 Column_2 Column_3 Column_4 Column_5 Column_6 Column_7 Column_8 Column_9 Column_10 Column_11 Column_12 Column_13 Column_14 Column_15 Column_16 Column_17 Column_18 Column_19 Column_20 Column_21 Column_22 Column_23 Column_24 Column_25 Column_26 Column_27 Column_28 Column_29 Column_30 Column_31 Column_32 Column_33 Column_34 Column_35 Column_36 Column_37 Column_38 Column_39 Column_40 Column_41 Column_42 Column_43 Column_44 Column_45 Column_46 Column_47 Column_48 Column_49 Column_50 Column_51 Column_52 Column_53 Column_54 Column_55 Column_56 Column_57
feature_infos=[-0.15944279730319977:0.21014140546321869] [-0.31435725092887878:0.2845156192779541] [-0.33937972784042358:0.26374733448028564] [-26.317047119140625:35.584091186523438] [0:3.5611522197723389] [0.0018691030563786626:2.6905310153961182] [-4.8731417655944824:14.066677093505859] [-1:0.42621764540672302] [-5.1172280311584473:5.1427841186523438] [-6.4232373237609863:6.9128661155700684] [-8.1056241989135742:8.7130956649780273] [0:1] [0:1] [0:1] [-29.032260894775391:0] [0:54.767452239990234] [-26.792585372924805:0] [0:37.043605804443359] [-6.8638668060302734:6.9679889678955078] [5.8962275166496436e-13:79.638519287109375] [0.17051589488983154:5.1939043998718262] [0.16517485678195953:5.8184046745300293] [-0.74730396270751953:1953124992] [-0.69353395700454712:0.58958262205123901] [-4057018:6704163.5] [-1:1] [-1:1] [-0.97492790222167969:0.97492790222167969] [-0.90096884965896606:1] [-46.045940399169922:28.245723724365234] [0:0.23999999463558197] [0.059999998658895493:1] [0:0.33937972784042358] [-0.51034963130950928:0.33242851495742798] [0:0.24166665971279144] [0:0.80000001192092896] [0:1] [0:3] [-0.96262854337692261:2.0795979499816895] [0:0.99791663885116577] [-0.49999997019767761:0.49999997019767761] [-0.11800651997327805:0.10069011896848679] [-0.14490745961666107:0.19299590587615967] [-0.25109881162643433:0.26432138681411743] [-0.319112628698349:0.28376197814941406] [-0.33888429403305054:0.30634292960166931] [-0.40656450390815735:0.23737406730651855] [-0.39960804581642151:0.35024732351303101] [-0.54637289047241211:0.27578616142272949] [-5.2243161201477051:5.2651643753051758] [-6.8729071617126465:7.0618433952331543] [-9.6037731170654297:9.571040153503418] [-11.90157413482666:12.150459289550781] [-11.268203735351562:12.144743919372559] [0.0018709070282056928:2.988290548324585] [0.003962603397667408:1.8836232423782349] [-0.73720943927764893:0.66195392608642578] [-0.70613729953765869:0.59450984001159668]
tree_sizes=14184 14357 14408 14395 14384 14447 14458

Tree=0
num_leaves=127
num_cat=0
split_feature=10 10 12 8 12 8 51 8 2 13 9 9 15 27 10 52 14 48 26 19 29 47 49 33 27 4 46 2 4 52 29 25 38 34 48 5 45 26 39 19 33 43 28 14 39 47 9 45 4 27 17 4 26 39 34 39 18 43 34 24 29 56 40 39 39 38 9 43 34 47 38 38 29 47 47 34 24 52 14 52 32 38 26 13 18 1 27 43 12 33 2 52 48 38 25 23 24 13 39 4 2 40 48 19 48 1 14 42 51 1 42 20 39 38 27 17 47 46 20 26 47 54 39 12 34 10
split_gain=2904.02 996.447 284.921 175.47 155.267 141.195 140.011 120.493 114.504 81.4772 71.6872 66.1244 64.9222 58.7259 53.2116 52.1379 50.9572 43.1034 42.8579 42.8337 39.613 53.9676 35.7402 33.1883 31.9531 30.5056 30.3859 30.3429 32.0394 29.7935 29.5738 29.0526 28.9973 31.1065 28.2774 28.1672 27.6397 27.5079 27.3975 27.3375 26.457 26.3731 26.3669 25.4174 30.5895 25.3043 25.2462 25.1166 24.9091 24.8608 24.6616 37.662 29.6047 26.1374 34.7894 27.6103 24.4523 24.3073 23.991 23.5369 23.5331 25.945 23.4994 22.9522 22.8777 24.8132 22.7573 22.5002 22.3528 25.1097 25.4798 22.3463 36.054 22.2536 22.1419 29.2878 21.7978 21.1486 21.1339 21.0119 20.9496 20.8888 20.8529 20.646 24.6267 20.189 19.9019 19.8205 19.795 22.9513 19.7508 19.6771 25.962 19.5051 19.4202 19.3167 19.2732 21.9907 19.2662 19.5057 24.9446 19.1475 19.0265 18.7526 18.6393 19.69 18.3114 18.3025 23.2333 18.4795 18.2941 18.2072 17.987 17.9846 17.9286 17.825 17.6919 17.6886 17.659 25.4395 17.6405 25.8122 17.5782 17.4808 17.3688 28.896
threshold=0.64245030283927929 -1.1757270693778989 0.84551611542701732 -1.2660397291183469 0.10156821459531785 -0.98715943098068226 1.1455890536308291 1.3408874869346621 -0.0021508504869416352 0.73792529106140148 1.512543320655823 -1.7485611438751218 0.32232403755187994 -0.87837970256805409 -2.3407127857208248 1.4322204589843752 -0.36750733852386469 0.0048131349030882129 0.12940952181816107 6.3046779632568368 2.8040170669555669 0.00039103478775359696 0.84444251656532299 0.0011277331504970791 -0.60785761475563038 0.46942597627639776 -0.020246617496013638 0.061920782551169402 0.26127862930297857 0.45156568288803106 7.6031863689422616 -0.37940952181816096 -0.24182005226612088 0.070833336561918273 -0.072631381452083574 0.013212348800152542 -0.007285050116479396 0.78656607866287243 0.22604166716337207 7.3268125057220468 0.012146269902586939 -0.0011270209215581415 0.81174489855766307 -2.2271156311035152 0.62187498807907116 -0.091311946511268602 -2.179426789283752 0.0069121117703616628 0.18902347236871722 -0.87837970256805409 2.0600795745849614 0.27775502204895025 0.12940952181816107 0.49687500298023229 0.16250000149011615 0.042708333581686027 0.79518100619316112 0.023498222231864933 1.0000000180025095e-35 139089.68750000003 -11.271521568298338 0.014605681877583267 0.46650633215904241 0.93437498807907116 0.90937501192092907 -0.028231931850314137 1.2632348537445071 0.010985509026795627 0.12083333358168603 -0.029063008725643154 3.9935376692831274e-17 0.24445596337318423 -7.6262266635894767 0.055111207067966468 0.00029364586225710815 0.037500001490116126 12094.317382812502 -0.88572853803634632 -1.1123061180114744 0.46688133478164678 0.0053734953980892905 0.013432318344712259 -0.98296290636062611 0.19672161340713504 -0.50167340040206898 0.00034320427221246069 -1.0000000180025095e-35 -0.0026629273779690261 0.40072861313819891 0.0062681708950549373 0.0037989488337188963 -1.3953319787979124 0.0064335654024034747 0.07527733221650125 -0.7865660786628722 0.038936162367463119 7874.6572265625009 0.18453384935855868 0.79270833730697643 0.18468806147575381 0.030152216553688053 -1.0000000180025095e-35 0.070956852287054076 1.6724402308464053 -0.035810744389891618 0.0072511951439082631 -1.4946669340133665 0.0076474428642541179 1.9105290174484255 0.0020152874058112506 -0.01312009710818529 1.3418377637863161 0.084375001490116133 -0.14691890031099317 -0.87837970256805409 0.69674849510192882 0.040956923738121993 -0.012406161054968832 0.53114601969718944 -0.91597560048103321 1.0000000180025095e-35 0.061578193679451949 0.67604166269302379 0.13532976061105731 0.12083333358168603 -2.2820137739181514
decision_type=2 2 2 2 2 2 2 2 2 2 2 2 2 2 2 2 2 2 2 2 2 2 2 2 2 2 2 2 2 2 2 2 2 2 2 2 2 2 2 2 2 2 2 2 2 2 2 2 2 2 2 2 2 2 2 2 2 2 2 2 2 2 2 2 2 2 2 2 2 2 2 2 2 2 2 2 2 2 2 2 2 2 2 2 2 2 2 2 2 2 2 2 2 2 2 2 2 2 2 2 2 2 2 2 2 2 2 2 2 2 2 2 2 2 2 2 2 2 2 2 2 2 2 2 2 2
left_child=1 4 5 11 14 47 48 8 18 10 25 41 24 -8 32 20 23 50 26 27 21 63 -9 39 83 77 45 28 42 -18 -27 79 33 -1 115 -13 -19 104 -20 59 -33 -3 82 88 -45 60 -38 -2 87 -34 51 53 56 54 55 78 96 -29 -36 62 61 -5 113 85 91 -66 -28 -42 69 70 -53 72 118 -17 75 -24 94 -7 -14 -23 -39 -79 -15 84 -6 -10 -31 -4 89 -40 -57 92 -26 112 98 -95 -52 -98 99 100 -22 -93 -41 -92 -37 117 -67 108 109 -84 111 -74 -21 -11 -12 -16 -64 -106 -51 -120 -83 -122 -72 -47 125 -54
right_child=2 3 6 7 12 9 13 22 15 16 114 35 17 19 34 73 29 36 38 93 76 31 74 -25 64 30 66 57 -30 86 -32 40 49 -35 58 37 46 80 43 102 67 -43 -44 44 -46 123 -48 -49 -50 71 52 68 124 -55 -56 90 -58 -59 -60 -61 -62 -63 116 -65 65 106 -68 -69 -70 -71 122 -73 110 -75 -76 -77 -78 81 -80 -81 -82 120 107 -85 -86 -87 -88 -89 -90 -91 103 101 -94 95 -96 -97 97 -99 -100 -101 -102 -103 -104 -105 105 -107 -108 -109 -110 -111 -112 -113 -114 -115 -116 -117 -118 -119 119 -121 121 -123 -124 -125 -126 -127
leaf_value=0.019466499519071159 0.010489190989166848 0.015137249307818835 0.011459388734776352 0.028696272046768639 0.018707353619457315 0.01198640341249842 0.0025630779137859232 0.010643217703292664 0.011063133604057748 0.012012781773307718 0.0038486585128899705 0.0042467909368342077 0.017266179533597555 0.001474905406387372 0.0081832183662900702 0.0075953637904743916 0.0084589378850201645 0.015725897048448269 0.013385497214621388 0.0014908153693691979 0.0082423058663074322 0.011181908505311146 0.0097744579385028261 0.0064285784960068509 0.013749341392956251 0.026031081683599737 0.011198517206509002 0.0018047803001673361 0.011238302283341217 0.0052587690664748195 0.0026963676923574455 0.0082414561729161097 0.020060061236221664 0.041700842283611109 0.012890314913167184 0.0095047801677467826 0.016893006212717044 0.0092327295640518437 0.014589918639365627 0.014681269120559302 0.010685493073787682 0.011734598182904961 0.0067312758350195588 0.011096185702566059 0.013594235153499567 -0.00091890383623484742 0.012434141036866048 0.013803576444367475 0.01225921776565236 -0.0093476177996441919 0.00075845844147083216 0.0083948270937610203 0.0015024852753296614 0.013155826066795759 -0.012312922881885907 0.010704578857474414 -0.0065333184300479363 -0.01279634907881687 0.015313604569580811 -0.0047547929077068618 0.0094224777517735551 0.0033984140227288307 0.013471417994156581 0.014011085844240979 0.015987130002882304 0.017965178412585464 0.0070520909960294937 -0.0093765916521594637 0.018814264799922965 0.011419094940633666 -0.0022457005198819116 0.029448033791107796 0.014578731460613437 -0.0016549611973827247 0.0068960594114124947 0.0068318385926467414 0.0049519360932839375 0.0095657029994385672 0.010494908204567057 0.0090721963846909781 0.013235496803950199 0.0092687749529313801 0.0074956852507820932 0.013822804692027141 0.015079346419730428 0.0096271870364696682 0.0067399727135231801 0.0073612068216179034 0.0077808766635949966 0.0092337570523400962 0.0083468357803307917 0.014211410367401225 0.017036227575900412 0.00050083579397870552 0.012827351090624481 0.017436564691925928 0.036507075799407845 0.014204295004136822 0.013357867276473864 -0.00023724169652920152 0.0176689361363222 0.011447506118241798 -0.0014742967223444325 0.014860537494030152 0.014990533865663827 0.014810715509860458 0.0060232960657009525 0.0069444541178794918 0.0038109533898649213 0.0050185012409011158 0.016806330932179543 0.0047526684981411991 0.0088110431669929483 0.0080103837008812465 0.0070967272147937216 0.026287107341609883 0.0022096227169338175 0.01181967350902911 0.028006879512772295 0.0058387149357025788 0.0057359524370854172 0.0089309665603938479 0.01067961273219128 0.0086460007606476482 0.032976702567008527 0.023832180396556282
leaf_weight=78.621459171175957 2310.8854671269655 3577.2392244637012 495.36598606407642 71.678286954760551 1136.6404162496328 1005.7776945382357 3322.3579268306494 2301.1397106796503 9462.2618002444506 484.36516928672791 800.42070889472961 205.61982788145542 535.31642518937588 704.43107439577579 365.08741864562035 2878.4318955540657 2419.0007973015308 2002.9211521595716 4741.8730198442936 153.43835240602493 879.86178070306778 3833.1678352355957 3783.8048901259899 3140.7773608118296 4621.6835906207561 79.307929337024689 14944.538244336843 200.85848435759544 353.68197479844093 6710.6161017268896 29.039375498890877 12374.280416950583 785.15851737558842 37.171103924512863 2113.2879438996315 995.21709752082825 573.34443664550781 2577.9968047142029 537.26676367223263 429.73828780651093 2461.4591993540525 1225.5207386165857 3610.2827091068029 4936.8411697298288 3254.9064487367868 77.670478895306587 4446.3168455213308 1513.8293507397175 471.44543586671352 21.848192989826202 33.573776230216026 359.56978411972523 29.067633628845215 5054.8604542762041 23.752570316195488 7248.1990785449743 24.916573792695999 59.159154862165451 7301.9906330257654 51.676153227686882 109.18699741363525 20.245495438575745 565.28834460675716 765.57372058928013 189.4718729108572 57.429412037134171 547.84342609345913 21.564299702644348 71.976960778236389 378.12177680432796 216.49125161767006 49.983424469828606 401.44366089999676 107.0924084931612 4848.1659778803587 2105.8454087078571 185.09051218628883 10888.669795647264 281.67908783257008 3719.6977704912424 655.06278350949287 3317.0574331581593 1443.2629100829363 2231.3728617727757 2220.3676771968603 6679.9541361629963 7949.1569538712502 9665.9112860113382 1102.7857561260462 788.01625213027 219.76219592988491 1748.8743077665567 1216.7474125921726 31.282591640949249 3201.9822767078876 163.32146432995796 19.686821073293686 127.59964309632778 505.39092779159546 89.78881610929966 127.6776414513588 2355.3028511404991 30.300814464688301 889.88446171581745 763.28285500407219 1173.1211965978146 424.28356011211872 1731.3322174996138 6057.118917927146 7441.458109781146 4540.5576585829258 91.85873918235302 1036.971294760704 6000.0257197022438 4554.1881948560476 22.125496506690979 60.904432311654091 9011.7057261317968 23.89477151632309 122.0295799523592 2065.2061066031456 1985.1851807385683 51.885793164372444 2765.6193749308586 48.0886450111866 102.54143980145454
leaf_count=410 18417 28343 3929 333 9065 8010 26378 18313 75435 3712 6384 1645 4168 5594 2463 22958 19317 15622 37472 1194 7016 30579 30140 24771 36789 472 119043 1457 2403 53605 171 98867 6191 131 16814 7721 4549 20528 4184 3298 19571 9785 28635 39447 25988 608 35401 12002 3439 102 216 2237 103 39970 179 57171 93 329 57672 321 790 102 4465 6099 1507 454 4360 163 469 2733 1277 231 2938 815 38604 16525 1410 86623 2250 29647 5171 26397 11530 17835 17698 53218 63457 77049 8515 6120 1745 13964 9711 245 25279 1249 78 721 3983 679 1014 18773 228 7059 6031 9228 3392 13505 48192 59142 35859 666 8058 47314 36159 103 481 71927 133 780 16511 15811 339 21391 257 559
internal_value=0.0100303 0.0115917 0.00719783 0.0105289 0.0138068 0.00809231 0.00583253 0.0101664 0.010453 0.00782235 0.00865807 0.0122212 0.0131257 0.00504974 0.0154686 0.00981717 0.00708031 0.0124361 0.0113402 0.0054095 0.0099896 0.00977653 0.00838187 0.00815859 0.0140933 0.00922444 0.0106927 0.00519087 0.00527415 0.00640098 0.0197579 0.00913292 0.0169273 0.0268227 0.0145523 0.0115812 0.0137389 0.0116811 0.0121214 0.00887196 0.00861951 0.0142697 0.00517354 0.0115565 0.0120892 0.00886642 0.0129449 0.0118019 0.0077698 0.0167346 0.0118537 0.0117277 0.016845 0.0120004 0.0113651 0.0114289 0.0116439 -0.00159583 0.0147702 0.00856817 0.0157041 0.0231024 0.0086672 0.0106295 0.0134479 0.00987576 0.0110516 0.0105031 0.00812515 0.00735147 0.00490222 0.0162354 0.0161046 0.00725941 0.00789716 0.00872179 0.0116681 0.00916463 0.0149363 0.0101428 0.0100442 0.00900902 0.00485018 0.0153181 0.0163103 0.0104689 0.00606159 0.00756121 0.00975979 0.0114062 0.0110854 0.0136892 0.0144356 0.00882107 0.011928 0.0146742 0.0142309 0.0173505 0.01013 0.00864252 0.00944425 0.0126262 0.0135924 0.0135693 0.012124 0.0123623 0.00746255 0.00499335 0.00476756 0.00542046 0.0164087 0.01274 0.00786028 0.00830976 0.00660995 0.00925947 0.0123638 0.0120679 0.00700304 0.00957314 0.00818659 0.00730099 0.000250014 0.00838061 0.0227535 0.0188657
internal_weight=262645 169312 93333.1 114415 54896.8 56391.4 36941.7 94230.7 81191.7 52566.7 24724.9 20184.8 38941.7 26309 15955.1 47293.3 27841.9 22739.6 33898.5 22986.6 44307.8 39318 13039 10763.1 16202.2 19370.2 18536.8 21601.6 21341.6 17078.8 108.347 22410.2 6152.57 115.793 9802.49 15382 7022.58 15176.4 15361.7 7622.3 14857.3 4802.76 20987.9 10619.8 8191.75 3044.4 5019.66 3824.71 10632.7 6036.77 15717 15331.5 385.475 14253.5 9198.59 9174.84 205.777 260.018 9415.28 7162.26 201.111 91.9238 7110.58 16907.8 10613.8 671.185 15492.4 2483.02 1078.05 1006.07 627.947 5251.62 5201.63 2985.52 10737.8 5889.65 4989.79 19261.9 816.996 7552.87 3233.06 18256.1 17377.6 5588.38 3357.01 16142.2 14659.8 10161.3 2428.07 1325.28 8357.85 9942.61 5838.43 1385.01 4804.7 194.604 180.86 147.286 1602.72 1097.33 1007.54 4104.18 460.039 1109.65 11943.3 10948.1 481.713 16673.2 14941.8 8884.72 5033.86 493.302 1190.41 6484.39 5354.61 387.213 626.193 9774.99 167.773 145.924 7367.45 4050.39 268.377 2843.29 179.698 131.609
internal_count=2080178 1339924 740254 909047 430877 447926 292328 748668 645086 417507 196538 160379 306384 207911 124493 376733 220969 177196 268353 181533 352960 313579 103582 84590 129188 153995 146627 170787 169001 136379 643 178827 47441 541 77052 122251 55572 120606 121726 59819 118601 38128 166598 84254 65435 23224 39950 30419 84417 46900 121624 119597 2027 112542 72572 72393 1108 1786 74486 56293 1225 435 55972 134752 84590 5353 123403 19734 7055 6586 3853 40709 40478 23773 85269 46665 39381 153352 6418 60226 25699 145342 137963 44598 26763 128653 117062 80978 18819 10304 65975 79237 46500 10746 37971 1494 1015 799 12692 8709 8030 32737 3526 8804 94907 87186 3846 132369 118864 70672 39463 3604 9252 51026 42543 2566 4946 77958 1015 913 58719 32322 1616 21999 919 662
is_linear=0
shrinkage=1


Tree=1
num_leaves=127
num_cat=0
split_feature=10 10 10 8 9 32 15 8 6 51 53 27 25 29 14 17 3 9 6 53 53 15 51 27 39 11 26 2 4 8 48 48 38 34 43 10 53 18 19 49 29 51 26 45 24 27 39 24 26 53 40 52 10 29 9 17 21 39 4 34 56 38 43 18 29 1 25 53 6 51 29 3 14 26 39 39 27 51 4 38 1 39 5 27 43 18 38 4 38 38 26 57 21 29 48 39 24 53 27 5 8 44 4 44 48 4 48 23 5 46 29 27 38 10 23 46 27 26 54 54 38 7 54 29 5 52
split_gain=2789.08 957.847 267.434 179.707 140.976 135.223 124.863 121.06 84.3466 78.2448 66.0382 61.9039 60.3631 60.3201 52.3708 50.7671 57.1452 50.3243 46.6094 41.5113 40.5432 39.9526 37.244 36.8601 35.6121 32.391 31.8544 31.3584 38.1676 31.0335 29.976 29.6755 36.917 47.8262 32.5275 28.7892 28.7582 28.0932 27.7234 27.5383 27.1485 27.0797 26.9219 26.4567 26.067 25.9294 25.6932 25.2021 24.9921 24.9225 24.1235 23.9996 23.9812 23.7659 23.599 23.537 36.5314 30.1628 26.1733 29.5829 27.2592 23.3787 23.1989 23.1671 23.1647 23.1638 23.9765 22.8618 22.5856 22.55 22.0729 21.8745 21.5436 24.1556 21.4654 24.8482 21.2954 21.5707 20.7797 20.1027 22.6931 20.0088 19.9825 19.9128 19.7585 19.6722 19.6065 19.3682 19.0111 18.9292 18.9107 25.8645 25.6062 33.2495 25.1627 23.5348 23.7351 21.7538 20.2936 18.801 18.5994 18.463 18.2482 18.225 18.1538 26.7626 17.8997 21.643 17.8724 17.6737 17.6387 17.6315 23.706 17.553 17.4878 17.3742 17.3028 18.2251 17.3001 17.2825 18.4034 17.182 18.606 17.0807 17.6389 16.9917
threshold=0.64245030283927929 -1.2864240407943723 1.2979111075401308 1.152976989746094 -1.7485611438751218 0.0027120200684294109 0.11679530143737794 -0.98715943098068226 2.4587911367416386 0.69831797480583202 0.84005898237228405 -0.87837970256805409 -0.37940952181816096 2.7250170707702641 -0.29708743095397944 0.30506253242492681 -0.29838979244232172 1.8840572237968447 0.57134193181991588 0.32713969051837927 0.43416704237461096 0.52695870399475109 0.32935622334480291 -0.87837970256805409 0.27604167163372045 0.56086647510528576 1.0000000180025095e-35 0.061920782551169402 0.24773211777210238 -0.34591022133827204 0.0050019221380352983 0.0024970814120024447 -0.30351443588733668 0.062500001862645163 -0.010025171097368 -2.3407127857208248 0.34321112930774694 0.76149916648864757 6.508228302001954 0.70945310592651378 4.060918092727662 -1.2361321449279783 -0.12940952181816107 0.0069121117703616628 -1488.1159667968748 0.87837970256805431 0.98020833730697643 7151.2016601562509 -0.6035533845424651 -0.26858702301979059 -0.3415063470602035 1.3404597640037539 2.8704124689102177 -0.23638308048248288 1.633929491043091 2.3249268531799321 0.81007355451583873 0.24687500298023227 0.27775502204895025 0.12083333358168603 -0.027134259231388565 -0.24182005226612088 -0.0010938200866803525 -0.61048123240470875 10.237956047058107 -0.0025846358621492978 0.98296290636062633 1.0000000180025095e-35 3.9479095935821538 1.1455890536308291 10.237956047058107 -0.21680295467376706 -0.47553181648254389 -0.6035533845424651 0.50937500596046459 0.021875000558793548 -0.87837970256805409 -0.95916718244552601 0.16623067110776904 -0.022070018574595448 0.0053573735058307656 0.40104167163372045 0.090200562030076994 -0.60785761475563038 0.023498222231864933 0.0049051365349441775 -0.0054792130831629029 0.18902347236871722 0.061545681208372123 0.016611373052001003 0.12940952181816107 -0.058897038921713822 1.2462801933288576 -8.7903885841369611 -0.039473086595535271 0.20520833134651187 139089.68750000003 -0.97988182306289662 0.87837970256805431 0.32544632256031042 -1.2660397291183469 0.010785866528749468 0.015558410435914995 -0.016427350230515 0.0070757269859313974 0.46942597627639776 0.070956852287054076 0.15583261102437976 0.46991577744483953 0.016832518391311172 0.27877092361450201 -1.0000000180025095e-35 0.058301873505115516 -0.08446126431226729 0.036774683743715293 -0.016321088187396523 -0.87837970256805409 0.91597560048103344 0.37216435372829443 0.17613457888364795 0.24445596337318423 0.29262463748455053 0.11857239902019502 1.7951190471649172 0.035847233608365066 1.1565497517585757
decision_type=2 2 2 2 2 2 2 2 2 2 2 2 2 2 2 2 2 2 2 2 2 2 2 2 2 2 2 2 2 2 2 2 2 2 2 2 2 2 2 2 2 2 2 2 2 2 2 2 2 2 2 2 2 2 2 2 2 2 2 2 2 2 2 2 2 2 2 2 2 2 2 2 2 2 2 2 2 2 2 2 2 2 2 2 2 2 2 2 2 2 2 2 2 2 2 2 2 2 2 2 2 2 2 2 2 2 2 2 2 2 2 2 2 2 2 2 2 2 2 2 2 2 2 2 2 2
left_child=1 6 7 4 62 12 23 43 9 36 17 51 22 20 70 16 30 26 19 54 65 123 63 48 88 -13 104 28 38 72 76 32 33 81 -35 61 87 55 79 -20 67 115 100 -2 -26 46 -31 69 -1 64 -44 -11 -38 -53 -5 58 -57 -58 74 90 -61 -25 109 99 -33 78 -67 -28 -16 -15 82 -50 -12 -74 75 -34 -8 -78 -14 -27 -81 -17 -10 -68 -29 -59 -65 -4 113 -85 91 92 103 -94 95 96 -92 118 -96 -6 -23 -90 -37 -60 105 108 107 119 -9 116 -43 112 -82 -22 -47 -32 -3 -118 -97 125 -121 -55 -123 -7 -125 -84
right_child=2 3 8 18 5 21 15 10 14 11 29 25 13 47 68 31 -18 -19 39 -21 24 42 -24 35 44 27 40 84 -30 45 41 49 37 34 -36 102 52 -39 -40 -41 -42 110 50 -45 -46 114 -48 -49 71 -51 -52 53 -54 121 -56 56 57 85 59 60 -62 -63 -64 86 -66 66 83 -69 -70 -71 -72 -73 73 -75 -76 -77 77 -79 -80 80 111 -83 106 89 -86 -87 -88 -89 101 -91 94 -93 93 -95 98 97 -98 -99 -100 -101 -102 -103 -104 -105 -106 -107 -108 -109 -110 -111 -112 -113 -114 -115 -116 -117 117 -119 -120 120 -122 122 -124 124 -126 -127
leaf_value=0.012405916633877436 0.000389218884191131 0.0077454622285641605 -0.00099779466837773031 0.00090695780707670311 0.0036172789201028917 0.0023208203879442704 0.0062935990011063793 -0.0023491633861129047 -0.0028839348369272873 -0.0047815574920486697 0.00040529688396895899 -0.0019410012116705261 0.0017821499116887234 0.0034061742255409302 -0.0040482534832094099 -0.014645932206385557 0.0025238621966788112 -0.0049195559178740597 0.00066490040058050091 -0.0020106877689682334 -0.001681583451723985 0.002513385338551655 -0.00023699951731358864 0.023902081503601656 0.0016592836515313715 -0.0037359645556499493 0.00033887495739355199 -0.0078758658360070736 0.0010112165369607704 -0.0037547352694295905 0.0020457344465708073 0.0057446387249057932 0.0078064075324915652 0.021865514538211093 -0.0025972353500713775 0.000143157848845958 -0.0038177534276628011 -0.0039254975590718253 -0.00083749983083010319 -0.0033401897529839893 0.0045415427275408314 0.0018903788573140375 0.0034234718922000174 0.0037630887830318841 -0.00099553483974572496 8.3668850880784762e-05 0.0047930334167187059 -0.0051814446345996466 0.0094557368668970517 0.0020627081760077152 0.0012962210175770799 -0.0037355352994289472 0.0063419096883254944 -0.0087129486210826834 -0.0020617668617271966 0.022962512965558523 0.019030470353874809 0.00151843488389478 0.011230707332896311 0.015056050398142075 -0.012422892564672579 0.0066707440695683087 0.0017037102029489287 0.0012363592713777823 -0.018796274739003475 -0.00053110714555611779 0.0063226053397367086 -0.0015520030075843105 0.0010090105492464652 -0.0034195440483039165 -0.011567667408504897 0.0043031834461247295 0.00072488474938127477 -0.0041692743680679161 0.0036444477449063283 0.0010293254509990974 0.0039758501450016977 0.001127585426191157 -0.0046666084398363002 -0.0041454543973945953 -0.0085284869959938031 0.0043857902238944721 0.0057237298730025785 -0.014542025130464237 -0.020160608257360532 -0.022403522923501656 -0.012330076657099787 0.00683753966197778 0.001724304034236647 0.0013032785877203881 -0.0072104535200954549 -0.0053380859157952289 -0.026316017425126199 0.00094575225779700044 0.0056940790833802718 -0.010138015860660052 0.015191091882352568 0.0085948390442499387 -0.01307505630413755 -0.0099707521273498939 6.4636483976616564e-05 -0.013591345977213268 0.0047316046586823764 -0.0034958570690560554 -0.00033774662263453414 0.015991596326765133 -0.0057292309725175692 0.0076477017726870608 -0.021353149468261789 0.0090094247371452999 0.005633469583044972 -0.0050012214171022565 -0.0042919645850454111 -0.0038325615840473911 -0.0035509424742145518 0.0070983298670843908 0.0043843403144984945 0.00011437799905921965 -0.023434051443382852 0.0061303090576614021 -0.013050887756505661 -0.0044093502423283859 0.017561204803995416 0.0201372148550613 0.0047330675366306259 -0.00094737729841547018
leaf_weight=480.84893991798162 2343.8585883751512 512.66861452907324 3173.9994477853179 5978.2256343439221 2255.5247358679771 13757.261556111276 1384.0275301635265 7245.152013912797 386.52288567274809 2094.6141145005822 1721.0091910585761 2621.232254974544 3742.5238307267427 2520.8215785175562 2173.119489915669 27.237085595726967 8325.115315079689 1390.0643795877695 798.47359312325716 4864.8988640084863 3054.7108032181859 1436.7796494737267 7053.9793261438608 31.033660545945168 1780.5038263872266 11267.973777361214 6085.0665992945433 250.11224808543921 552.70002537965775 11949.892688117921 296.82194077968597 1810.4273518025875 225.53642745316029 112.04176001995802 26.586223743855953 375.60446445643902 2635.8259914293885 359.09059182554483 903.52964136749506 4874.3874805569649 452.63950238376856 972.5098564401269 2770.8293178007007 1541.003053791821 8718.6300634890795 1380.6455328762531 141.42085181176662 163.36535090953112 713.56785182654858 1511.4687960520387 9270.2890417203307 536.57377287000418 95.381311900913715 2417.3652138635516 1303.6846691891551 52.140334531664848 28.853646315634251 49.552087411284447 157.34119495004416 71.937105752527714 17.156229883432388 3036.657811306417 1357.0431174561381 12773.003004945815 14.550150312483309 12959.187771655619 371.86484290659428 4410.0853976011276 420.97515162825584 208.7650250941515 54.139821372926235 619.06804339587688 578.87541799992323 1325.2006940916181 2337.0063244998455 4886.7519900724292 9385.0949154123664 1201.7184361368418 210.12159693241119 9411.3519540429115 1526.3713608980179 100.58659052103758 185.01458504796028 30.624253369867802 66.563879758119583 17.938527509570122 41.748928867280483 130.40023759752512 591.76827865839005 647.58291096240282 60.113075323402882 216.58724139630795 19.745561920106411 129.40748117864132 104.40038466453552 114.54364518821239 26.39961364865303 16.61526120454073 28.486529618501663 40.505887746810913 9059.3991445228457 32.245448611676693 4584.9580228179693 42.041568785905838 2471.4609220996499 30.783299088478088 108.43752586841583 284.13195499777794 18.878575153648853 351.22104458510876 1049.0828666538 5932.1109706908464 815.06138672679663 3024.9078103303909 857.37823508679867 3506.7859452068806 2910.7168339937925 464.10411188751459 61.497736744582653 380.7385241240263 20.163402684032917 75.983559042215347 18.27935104817152 30.123895555734634 759.02851916849613 851.99010872840881
leaf_count=3829 18679 4082 25288 47565 17983 109862 10988 57671 3076 16678 13597 20795 29836 19839 17195 141 66462 11036 6319 38787 24380 11264 56169 130 14119 89300 48432 1828 3854 95060 2307 14128 1757 516 165 3005 20936 2584 7181 38526 3534 7743 21749 12220 69677 10965 1127 1248 5629 11893 73080 4249 752 19237 10368 175 183 291 1004 428 85 23808 10833 101649 76 103474 2975 35193 3239 1658 342 4944 4625 10590 18363 38289 73832 9533 1608 75141 12166 622 1437 245 366 69 334 944 4702 5173 382 1397 76 951 757 747 133 109 196 275 71041 252 36408 271 19625 165 812 2147 108 2752 8362 47041 6439 24134 6809 27920 23067 3674 237 2786 147 606 129 241 6059 6707
internal_value=-1.23413e-06 0.00152898 -0.00277708 0.0005746 0.00089572 0.000718163 0.00390011 -0.00164199 -0.00378691 -0.00406013 -0.00196891 -0.00439217 0.000133083 -0.00035012 -0.00128598 0.00338891 0.00389234 -0.00123688 -0.00127964 -0.000580422 -0.000578544 0.00166825 0.000962781 0.00591205 -0.00127244 -0.00407685 -0.000989475 -0.00425895 -0.00419341 -0.00286996 0.00453229 0.00234711 0.0017655 0.00908967 0.0171819 0.00532863 -0.00194216 0.00154813 -0.00428982 -0.00277627 -0.000248555 0.00571 0.00114069 0.00172841 -0.000545105 -0.00328822 -0.00365429 0.00242534 0.00848991 0.00396516 0.00178606 -0.00643538 -0.00346039 -0.00756955 0.000375118 0.00177553 0.00964537 0.00226618 0.00163707 -0.00129213 0.00967432 0.00685312 0.00398245 0.0015229 0.00553825 8.60068e-05 -0.000295453 -0.000455653 -0.00322709 0.0028827 0.000931171 0.00706792 -0.00121592 -0.00268123 0.0020566 0.00132997 0.00395868 0.00365277 0.00143799 -0.00439749 -0.0048187 0.000240476 0.00124192 0.0026096 -0.0105165 -0.00505952 0.00119112 -0.000686314 -0.00241119 0.000565959 -0.00230188 7.3676e-05 0.00344517 -0.00280785 -0.0055546 -0.00895523 -0.000267652 -0.0128297 0.00159553 0.00337289 0.000400139 0.0009108 0.00438448 0.00811854 -0.00181982 -0.00232169 0.00211479 0.00261235 -0.00240162 0.00471119 0.00383513 -0.00558381 -0.00705663 -0.00275242 -0.00130925 0.00670494 0.00432038 0.00379764 -0.0148946 0.00161203 0.00513303 -0.00838643 0 0.00248542 0.00534709 0.000246236
internal_weight=262645 169310 93334.1 120722 102902 97306.1 48588.9 43943.4 49390.7 44525.4 40058.6 38489.8 60222.4 38057.6 4865.23 38747.2 26121.2 22104.1 17819.7 12146.8 35164.7 37083.7 22164.8 9841.74 17202.8 33347 20714.1 30725.8 30409.1 17954.4 17796 12626 9289.59 266.452 138.628 8028.25 6035.61 9023.14 29856.4 5672.86 10947.8 5825.2 22537.3 3884.86 10499.1 14329.3 12091.3 2892.95 1813.48 3336.45 12041.1 5142.82 2731.21 3048.2 7281.91 8664.05 148.485 96.3443 8515.57 1066.27 89.0933 3067.69 5595.75 15110.8 1824.98 17961.9 14009.3 10495.2 2594.09 2729.59 2271.14 1332.64 3625.09 1904.08 7449.29 5112.29 11970.8 10586.8 3952.65 28952.9 17684.9 127.824 2217 1050.07 316.676 67.4906 12814.8 3304.4 6703.63 678.207 977.179 565.123 348.536 149.153 412.056 279.169 86.5127 192.657 132.887 2296.03 10496.2 624.014 4960.56 199.383 9766.27 7294.81 1830.48 1722.04 7264.03 4238.71 2021.59 8273.54 2341.43 6079.62 2238.02 3803.61 3887.49 3374.82 176.041 1437.91 400.902 2511.63 94.2629 14546.4 789.152 1037
internal_count=2080178 1339924 740254 958999 817434 773026 380925 349436 390818 352930 318537 305010 479730 303320 37888 303172 207147 175764 141565 96720 280575 293296 176410 77753 137264 264111 164728 243316 241122 142773 140685 96025 69928 1444 681 63351 47920 68484 237268 44845 87159 46332 177134 30899 83796 113961 96187 22745 14402 26097 94829 40899 21688 24221 57933 65900 718 543 65182 6773 513 23938 44408 120241 14204 143311 111867 83625 20434 21497 17454 10573 28812 15215 58409 40046 94353 83365 31444 230087 140787 763 17112 8393 2194 360 101983 26232 53468 5418 6260 3699 2302 1027 2561 1608 515 1093 953 18258 82305 4954 39413 1275 77569 57944 14036 13224 57779 33575 16105 65646 18605 48514 17774 30227 30823 26741 984 11077 2933 19972 735 116162 6300 8144
is_linear=0
shrinkage=0.02


Tree=2
num_leaves=127
num_cat=0
split_feature=10 10 50 9 12 8 32 14 12 8 53 6 4 29 53 26 29 6 6 40 0 46 17 14 53 34 11 22 43 28 13 25 29 13 1 32 47 9 26 13 46 55 9 16 19 24 19 55 53 26 14 32 18 52 53 42 29 44 4 53 8 52 45 6 4 20 4 8 45 18 18 55 0 1 55 44 13 29 19 40 25 24 16 45 43 43 29 29 13 45 9 38 53 8 14 23 55 18 29 56 46 22 40 18 21 35 19 16 26 24 38 55 18 38 10 38 53 16 22 26 21 23 19 43 4 53
split_gain=2711.83 956.453 273.504 160.947 131.961 129.048 126.998 114.886 112.132 73.2552 67.5564 59.8258 56.8982 55.8841 63.3052 47.0161 43.1428 42.364 41.814 41.1262 38.0878 37.9435 36.2643 35.6825 35.3036 35.1274 33.7977 33.1809 32.3771 31.1315 31.0651 30.178 29.8874 29.2484 29.0786 28.8629 28.2563 28.1343 27.7677 27.3121 27.0245 26.1277 25.9174 25.6792 25.561 25.4048 24.565 28.9917 31.2077 29.6857 27.2979 24.5939 23.9157 25.0442 23.5837 23.4722 23.1838 22.8503 25.6578 22.84 30.1471 22.6628 21.8648 22.3066 21.9049 21.8424 21.7631 21.5802 21.1694 20.8304 20.0712 19.9437 19.757 19.6006 20.3098 19.4415 20.2993 19.2001 19.1888 21.1212 30.4203 27.364 24.6509 22.4289 22.3028 22.2177 20.5278 19.4972 19.1262 18.8639 18.8636 18.6648 18.649 18.6025 18.6001 18.4864 18.3323 19.8559 18.3198 18.7318 18.2393 18.0315 17.9854 17.6841 17.6344 20.3925 31.7046 24.8265 17.6218 17.5441 18.9648 19.1373 17.495 17.4242 17.3338 17.2389 20.5783 17.2642 17.0189 17.0163 19.2378 22.784 18.4514 17.0133 16.9908 16.9652
threshold=0.64245030283927929 -1.2677536606788633 1.0868672132492068 -1.7485611438751218 0.10156821459531785 1.390966057777405 0.0027994622942060236 -0.39462149143218989 0.82406547665596019 -1.2476484179496763 0.65398645401000988 3.9479095935821538 0.1293914467096329 3.6262094974517827 0.43416704237461096 0.12940952181816107 -0.099810957908630357 0.52950310707092296 2.4111726284027104 -0.3415063470602035 0.0067445375025272378 0.061743369325995452 4.3918132781982431 -0.57660639286041249 0.43416704237461096 1.0000000180025095e-35 0.83956775069236766 -0.15648996829986569 0.0032817010069265966 0.81174489855766307 0.1761443689465523 -0.37940952181816096 5.5910825729370126 0.71497231721878063 0.0025438471930101518 0.057888556271791465 0.055111207067966468 -2.4001940488815303 1.0000000180025095e-35 0.8574143946170808 -0.0117492931894958 0.055409200489521034 1.2975628376007082 -0.69868266582489003 1.3732005357742312 363.82420349121099 4.1745038032531747 0.17189430445432666 -3.0305052995681758 0.91597560048103344 -7.3898048400878897 0.065612465143203749 -0.48066493868827814 -1.0213493704795835 -0.65273162722587574 -0.0024911775253713127 -3.833726048469543 -0.013418405782431362 0.012002675328403713 0.63932308554649364 -0.32841446995735163 1.6567686796188357 0.0038074512267485265 -0.83400791883468617 0.46942597627639776 1.4997537136077883 0.32910808920860296 -1.0183170437812803 0.0053596787620335826 0.31382493674755102 0.67301872372627269 0.013736697845160963 -0.0080687515437602979 -0.0025846358621492978 0.18220578879117968 0.016839022748172287 0.72477009892463695 -1.1525630950927732 1.2916433811187746 0.34150634706020361 0.12940952181816109 -459.89826965332026 -3.9635896682739253 -0.036724228411912911 0.023498222231864933 -0.00036517943954095239 6.022357940673829 1.7951190471649172 0.70469266176223766 -0.0074769642669707528 1.8840572237968447 0.033765578642487533 1.4042919278144839 -0.2942249178886413 -1.514703035354614 -0.042094511911272996 0.060805488377809531 -0.66946825385093678 2.3717999458312993 -0.035253303125500672 -0.0061732954345643512 0.0018381328554823997 0.46650633215904241 0.25420466065406805 0.96757128834724437 1.0000000180025095e-35 1.260157108306885 -0.93138813972473133 -0.91597560048103321 -1413.5317382812498 0.017143945209681991 0.1164776273071766 1.1521921753883364 0.10879106447100641 2.0966662168502812 3.9935376692831274e-17 -3.5070824623107906 -1.5266090631484983 -0.1694020479917526 0.98296290636062633 0.93932542204856884 -0.13725719600915906 8.1710290908813494 -0.00081365878577344109 0.14423986524343493 1.7173761129379275
decision_type=2 2 2 2 2 2 2 2 2 2 2 2 2 2 2 2 2 2 2 2 2 2 2 2 2 2 2 2 2 2 2 2 2 2 2 2 2 2 2 2 2 2 2 2 2 2 2 2 2 2 2 2 2 2 2 2 2 2 2 2 2 2 2 2 2 2 2 2 2 2 2 2 2 2 2 2 2 2 2 2 2 2 2 2 2 2 2 2 2 2 2 2 2 2 2 2 2 2 2 2 2 2 2 2 2 2 2 2 2 2 2 2 2 2 2 2 2 2 2 2 2 2 2 2 2 2
left_child=1 4 7 43 25 6 13 9 26 -2 54 20 30 14 31 41 22 24 32 -17 29 65 44 38 89 35 39 -24 124 34 52 104 59 -12 -10 -1 91 -32 42 96 -34 45 66 -3 -14 100 47 108 49 50 -49 57 53 72 -9 -42 -39 115 -59 62 68 -23 63 -11 -64 -22 109 71 -61 -69 119 -25 -6 74 -33 98 -77 -50 -43 80 82 83 -80 -82 -84 -85 -81 -83 -57 -7 -28 -13 -58 -56 -36 -30 97 -4 -40 -100 -8 -35 -62 -47 105 -5 -107 -108 -27 110 111 -16 -71 -75 -103 -48 -117 -118 -106 -46 -121 122 -122 -45 -15 -113
right_child=2 3 8 5 12 17 15 10 11 18 33 36 16 28 23 19 -18 -19 -20 -21 21 61 27 67 -26 46 90 -29 95 -31 37 73 40 101 94 -37 -38 56 75 -41 55 78 -44 123 70 103 51 48 77 -51 -52 -53 -54 -55 93 88 92 58 -60 60 102 -63 64 -65 -66 -67 -68 69 -70 112 -72 -73 -74 113 -76 76 -78 -79 79 86 81 87 84 85 -86 -87 -88 -89 -90 -91 -92 -93 -94 -95 -96 -97 -98 -99 99 -101 -102 114 -104 -105 118 106 107 -109 -110 -111 -112 125 -114 -115 -116 116 117 -119 -120 120 121 -123 -124 -125 -126 -127
leaf_value=0.0032921818454938558 0.0036890485791165719 0.005559448277395831 0.0025923049786091635 -7.7735354598717428e-05 -0.00094786403858588143 -0.0022140993244359826 0.0045121902361758169 0.00038900654228096136 -0.0040697063212487153 0.0011473252314136097 -0.0011042227953419854 0.00095072589078107382 -0.011612325898697517 0.0034678450327513665 0.0030057038053794148 0.0038984458182938289 0.0043541423092731497 -0.0033178654024805174 0.0024638859820485413 0.0016958039327885852 -0.0032965009997583017 -0.0010568972035271676 0 -0.010163988750013318 -0.0024700356692469484 0.0082053005367618316 -0.0029462731241818073 0.023444910127916559 0.003424004669036257 -0.0032850355484479311 0.0060165807074728465 0.0015546177523220323 0.012803302590472446 -0.0029014805562087597 -0.0017713024145197974 -0.023030934997733503 -0.020224864912705788 -0.0020603644110797877 -0.0011932288278832042 -0.0044366368642631861 -0.0041257688678199792 -0.001952718478930316 -0.0081276256605989465 0.0036096466960206476 0.00082563490901636587 0.0059622445288108061 0.0066982608786801262 0.028329155052658209 -0.0004336042225881908 -0.010205752478199704 0.0078200919364052619 0.018303521398954838 0.0038343991161281679 0.0020001338858064654 0.00012837048281856941 0.0074212984528601667 0.0030603981660888169 -0.0014981069966003564 0.0091388888680352786 -0.0030383185896724102 -0.0033570235015461239 -0.017734246251888117 -0.0022579765297190495 -0.0011105124450149697 0.013053388607212066 0.00056756699258504793 -0.014155448598112158 -0.001411385962431364 0.00097229576517113704 -0.0040457840291873602 -0.0038328963643328769 -2.3908034724847952e-05 0.0072891027458395373 -0.0003629403951515345 -0.0049099333418778203 -0.017620674016233923 0.0079185263973932593 0.0057784640664422394 0.016592615318973429 -0.00064482644752128634 -0.012729965579927985 0.00082767446496501379 0.0022365759532447958 0.0043400024562509415 -0.016908494121882264 -0.0019865332127018413 0.011525031325727532 0.0066393812240983455 0.00088433196177021666 0.00086585105235800807 -0.0054080337652199703 0.010030471132566495 -0.0019619980469169373 -0.0023571395679379175 -0.0059231567822270485 -0.0043764742064858206 -0.0010743951735308962 -0.0030497889754274982 0.0060242710720303594 -0.00021122322978750621 0.00044031264943225959 -0.0048363350942861542 0.00050813049519544842 0.0011790350501276047 0.0056041268232295358 -0.0069590572945211595 0.01039472620826795 0.0023527897374317659 0.0054153457652204515 0.00036838102397183643 0.004948607016422267 -0.0031284258821816396 0.00060477444663203928 0.0046356163385348646 -0.0015041641359458361 0.0064454477418497613 -0.0075570717740308137 0.0096904629882136415 0.0019096217245026209 -0.00063763057489246103 -0.006251491336923997 0.013791545377899162 0.018200875773435102 0.00030698772183883826 0.00039643483966333862 0.0062470719129522267
leaf_weight=2346.6385423839092 1461.8992697000504 2198.0172793865204 264.32295546680689 4044.6539740040898 122.28275765478611 989.36010327935219 537.75225681066513 2252.0346194207668 5300.3846731334925 3072.2201044782996 1691.5433769673109 282.4921815097332 65.953575141727924 3197.1536500155926 882.47651837766171 4581.5806529298425 1844.1389472037554 3856.0767303407192 1352.3929624035954 13065.383480757475 3569.9469080790877 46.916984461247921 43.768780946731567 78.123858220875263 3040.9434590563178 1016.4271865561604 2981.2313379794359 53.000815764069557 167.87788565456867 3451.3337385132909 1198.9964389875531 4171.9530379027128 81.153911225497723 4384.9726233482361 446.74569149315357 15.786054305732248 19.424555137753487 376.72517605125904 6383.1559830382466 1690.6520544812083 281.49294573068619 1174.0260949656367 125.66457508504391 2430.0816485360265 5362.9140527099371 970.90017376095057 427.2112413495779 40.93425590544939 764.00749076157808 20.643632560968399 71.713272981345654 82.257562696933746 6552.0481777787209 514.33588992059231 1461.5814579948783 232.06718616932631 14493.396017976105 95.991001881659031 1525.3900144174695 774.33632799983025 5066.4128069207072 107.75189407914877 3359.1647296696901 4064.6863818317652 36.795600175857544 699.00113877654076 36.680633120238781 8039.8766925483942 1638.5760292187333 2405.1166098490357 349.37461988627911 4002.9727309197187 2283.8912560269237 14692.673361033201 202.87019359320402 51.103868179023266 15.647911466658114 267.9515627399087 46.729581527411938 4290.6684379577637 69.14627730846405 3691.4087500050664 5116.975966155529 251.15054331719875 23.456344522535801 1856.6161848604679 55.161594353616238 245.43142886459827 775.8470262363553 4039.0787110701203 2148.0220775380731 132.66259526461363 301.00448574125767 6823.6423286423087 14387.914272919297 432.50156463682652 7003.179421916604 4199.7781462445855 291.97593504190445 562.03960946202278 2407.0496628805995 6671.8954445421696 531.36521631479263 455.10081865638494 580.74577256292105 133.4573457762599 168.64907351881266 1644.8783819824457 8727.1125632226467 4564.8298870772123 820.2655937820673 491.94352626055479 373.13837324082851 283.32662934809923 691.15922396630049 121.40691736340523 128.86137675493956 27.322537705302238 3533.7958079650998 126.86429198086262 50.872044138610363 139.74743976444006 15.196515396237372 840.48686652630568 931.26189889013767 90.529300875961781
leaf_count=18651 11611 17262 2114 32196 956 7809 4301 17978 42330 24498 13529 2102 455 25490 7020 36148 14166 30424 10514 103532 27410 341 134 625 24250 8062 23705 220 1316 27424 9552 33252 554 35000 3503 63 127 2975 50876 13415 2135 9228 999 19411 40379 7758 3196 176 5239 105 509 292 52174 4107 11686 1819 115702 768 12098 6173 40173 726 26524 32261 198 5394 244 64245 13008 19234 2462 32013 18212 117356 1563 360 121 2005 202 33829 481 29175 40407 1987 136 14706 410 1940 5973 32210 17069 1006 2403 54460 114488 3386 55296 33539 2322 4473 19254 53225 4230 3634 4645 1064 1313 13125 69087 36364 6512 3863 2984 2217 5468 917 944 218 28214 942 361 1092 107 6720 6991 720
internal_value=-6.53173e-06 0.00150363 -0.00274133 0.000535663 0.00383949 0.000375085 0.000604745 -0.00165887 -0.0038231 -0.000639964 -0.00262462 -0.00460871 0.00313742 5.30265e-05 -0.000115543 0.00150534 0.00166885 -0.00159365 -0.000937755 0.00226791 -0.00472299 -0.00301825 0.000870385 -0.000775203 -0.000769277 0.00535678 -0.00260089 0.0129554 0.00214435 -0.00504253 0.00359486 0.00053868 -0.00116893 -0.00356467 -0.00534355 0.00310619 0.00274838 0.00306679 -6.20688e-05 -0.00206363 0.00167983 0.000870196 0.000836734 0.00388713 0.00067676 0.00224775 0.00575569 0.00535062 0.00236494 0.0114356 0.0154652 0.007587 0.00450693 0.00601357 -0.00142532 0.000969579 0.00283321 0.00719992 0.00850799 -0.00137961 -0.00218449 -0.0127211 -0.000767223 -0.000138418 -0.00208799 -0.00266358 0.00100161 -0.00146032 -0.000315076 -0.0019278 0.000812904 -0.000220705 0.00686986 7.59856e-05 0.00125356 -0.000925129 -0.0115905 0.00118244 0.000512074 0.000697192 0.00115287 0.000196806 0.00227926 -0.00160192 0.00214575 -0.00123052 -0.000487509 0.00119184 0.00239629 0.000259343 -0.00397825 0.00387169 0.00295802 -0.00191859 -0.00579832 -0.00219158 -0.00171333 -0.00271499 -0.000825032 0.00192399 0.0011855 -0.00391873 -0.00298992 0.0044383 0.00142443 0.000731677 0.00241283 0.00310652 0.0057073 0.00108497 0.00251518 0.00114951 -0.00342083 -0.000268004 -0.00452393 0.00418152 0.000294533 -0.004491 0.00243256 0.00109868 0.00548162 0.00924318 -0.000424743 0.00276157 0.00277552 -0.00166134
internal_weight=262645 169208 93437 119634 49574.2 114165 102240 46705.2 46731.8 22728.4 23976.8 28444.6 33894.5 63401.3 58672.5 38838.5 8051.83 11925.5 21266.5 17647 28010 4423.62 6207.69 29215.5 8069.38 15679.7 18287.2 96.7696 4728.79 23586.4 25842.7 29457 19914.1 13439.6 20135 2362.42 434.579 16370.1 14316.3 13157.9 1370.56 21191.6 7012.39 5468.59 6110.92 4370.8 13317.2 10908.8 1165.25 133.291 112.648 2408.44 9472.56 2920.51 10537.3 1289.41 15171.1 2326.18 1621.38 18543.6 8010.69 154.669 10532.9 7136.91 3395.96 4268.95 6886.73 14899.2 2412.91 10818.1 6044.97 4081.1 2406.17 19350.8 4374.82 7303.92 66.7518 1031.96 16820.8 15646.7 11300.9 6113.75 5187.16 2176.91 5140.43 2107.77 4345.83 3936.84 1007.91 5028.44 5129.25 415.155 14794.4 8285.22 14834.7 600.379 11467.3 4464.1 7237.17 854.016 2944.8 11748 5597.78 1426 10106.2 5991.64 1946.98 1813.53 9743.54 6850.04 2285.21 1464.95 2778.25 14976 7363.05 704.802 277.591 156.184 4114.54 5695.59 332.68 205.816 66.0686 3270.57 4128.42 582.473
internal_count=2080052 1339046 741006 950317 388729 906924 812231 371017 369989 179671 191346 224851 266399 505103 467920 307128 60318 94693 168060 139680 221616 33871 46152 232975 64269 122330 145138 354 37183 187745 206081 234945 157546 107222 160321 18714 3235 130632 113874 104364 10481 167448 55722 43393 45798 34947 103616 85183 8034 790 685 18433 75449 23275 84124 9927 121080 18141 12866 147065 63584 1067 83481 56759 26722 32804 54723 119101 19181 86463 45343 32638 19168 154388 34815 58152 481 7244 132501 123273 89034 48289 40745 17174 40543 16693 34239 31115 7792 40019 40774 3108 118105 66146 117991 4702 90949 35653 57671 6795 23555 93693 44403 11392 80557 47698 15502 14438 77149 54479 18115 11603 22218 119573 58693 5275 2079 1162 32859 42881 2502 1560 468 26131 32481 4583
is_linear=0
shrinkage=0.02


Tree=3
num_leaves=127
num_cat=0
split_feature=10 10 50 9 8 32 15 14 8 53 33 6 13 9 29 53 10 17 26 10 6 6 29 40 14 53 4 29 53 43 54 28 53 15 29 13 17 21 18 26 46 3 9 42 48 18 24 26 53 18 33 53 8 45 6 4 24 47 8 4 45 32 55 18 53 3 55 55 37 40 57 43 9 18 8 4 8 18 10 2 15 22 37 51 24 51 33 2 10 55 1 40 29 4 26 5 29 22 29 26 9 6 20 19 1 14 24 15 47 46 46 47 52 17 26 3 10 26 29 53 26 8 4 13 20 33
split_gain=2604.5 918.665 262.684 154.585 123.94 121.975 118.611 110.34 70.3565 64.882 62.1995 62.0931 64.6509 76.6571 53.6731 60.8014 53.5757 45.1642 45.1547 42.9283 40.6861 40.1913 39.6712 39.5009 34.2692 33.9056 33.7096 32.6439 31.9367 31.0961 30.609 29.0369 28.6791 28.377 28.1817 28.0899 27.4712 35.3736 45.7129 26.6677 26.568 25.4928 24.898 24.2909 23.842 23.4694 23.4612 23.4289 22.6499 22.5555 22.3692 21.5179 28.026 21.3114 21.0965 20.9223 20.8116 28.7058 20.7241 20.647 20.4902 20.4551 20.0758 20.0483 20.0367 19.4712 19.1636 19.1167 18.9288 18.6034 18.4787 18.1226 21.2353 18.0705 18.0593 18.0158 17.866 17.8179 17.5381 17.4083 17.3214 17.3173 17.1869 16.9017 16.8515 16.8399 16.8387 16.8323 16.6466 16.6131 16.5433 16.3736 16.9974 16.3186 16.2656 16.5063 16.2585 16.2481 16.2217 17.1486 18.2598 17.0462 16.1725 16.1428 16.1315 16.1253 16.0471 15.9572 15.9522 15.9395 17.5141 15.8729 15.827 15.8032 15.8025 19.9132 17.7523 15.7837 15.6382 23.151 15.624 15.5837 15.4177 22.7399 18.955 15.3595
threshold=0.64245030283927929 -1.2677536606788633 1.0868672132492068 -1.7485611438751218 1.390966057777405 0.0027994622942060236 0.11679530143737794 -0.39462149143218989 -1.2476484179496763 0.65398645401000988 -0.029650273732841011 3.9479095935821538 0.86837378144264232 1.7740437984466555 3.6262094974517827 0.43416704237461096 -1.7495084404945371 0.26776194572448736 0.12940952181816107 2.8704124689102177 0.52950310707092296 2.4587911367416386 8.5453810691833514 -0.3415063470602035 -0.57660639286041249 0.43416704237461096 0.1293914467096329 1.3698160648345949 2.3738706111907963 0.0032817010069265966 0.47786283493041998 0.81174489855766307 -2.3592036962509151 0.34285187721252447 5.5910825729370126 0.71497231721878063 2.3249268531799321 0.86142763495445263 0.18046530336141589 1.0000000180025095e-35 -0.0117492931894958 -0.31269490718841547 1.2975628376007082 -0.0014379163621924815 0.021597544662654403 0.13277085125446322 -3793.695922851562 0.91597560048103344 -0.65273162722587574 0.12769973278045657 -0.044020554050803178 0.63932308554649364 -0.32841446995735163 0.0038074512267485265 -0.83400791883468617 0.32910808920860296 9619.3300781250018 0.060348425060510642 -1.0183170437812803 0.46942597627639776 0.0053596787620335826 0.052589043974876411 0.059203907847404487 0.35355035960674291 0.49483652412891393 0.51731467247009288 0.013736697845160963 0.075326941907405867 1.3001832365989687 -1.0000000180025095e-35 0.18301918357610705 0.0016016506706364455 1.2798763513565066 0.34682464599609381 -1.2660397291183469 0.10177196189761163 -0.2942249178886413 1.1521921753883364 -2.3407127857208248 0.0072124947328120479 8.7180438041687029 0.0018381328554823997 1.3453871011734011 -1.2926176786422727 -1413.5317382812498 -1.0262112617492674 0.06190797500312329 -0.01683180499821901 2.0966662168502812 0.053096013143658645 -0.0025846358621492978 0.46650633215904241 2.8040170669555669 0.14423986524343493 0.78656607866287243 0.011370280291885139 -4.9727976322174063 0.0087137469090521353 -4.0264072418212882 0.98296290636062633 -1.3062282204627989 -1.1029065251350401 0.99037688970565807 1.3960903882980349 0.017945957370102409 -0.49058198928833002 -2136.273559570312 8.7180438041687029 0.067825280129909529 0.0028628417057916526 0.023698041215538982 0.034842751920223243 0.19618184864521029 4.3918132781982431 -0.12940952181816107 0.054174661636352546 1.1338493227958681 0.78656607866287243 -6.1619043350219718 -0.46960143744945521 -0.7865660786628722 1.6102182269096377 0.12144529074430467 0.24999629706144336 1.2213737368583681 0.043230568990111358
decision_type=2 2 2 2 2 2 2 2 2 2 2 2 2 2 2 2 2 2 2 2 2 2 2 2 2 2 2 2 2 2 2 2 2 2 2 2 2 2 2 2 2 2 2 2 2 2 2 2 2 2 2 2 2 2 2 2 2 2 2 2 2 2 2 2 2 2 2 2 2 2 2 2 2 2 2 2 2 2 2 2 2 2 2 2 2 2 2 2 2 2 2 2 2 2 2 2 2 2 2 2 2 2 2 2 2 2 2 2 2 2 2 2 2 2 2 2 2 2 2 2 2 2 2 2 2 2
left_child=1 6 7 46 5 14 32 8 112 48 30 12 13 26 15 68 17 41 33 31 25 34 56 118 39 71 45 36 65 93 -8 73 62 102 51 -11 89 -38 86 42 97 44 55 -42 -12 -4 -3 -33 103 113 -22 53 60 54 -10 84 117 109 66 -55 -53 67 -1 -60 -45 94 -26 -28 90 -41 -49 -6 -73 -14 -35 -67 -50 -65 -34 -21 -66 -37 -69 -46 96 -27 -39 -48 -83 -19 -5 92 -54 -16 95 -15 -17 -36 -92 100 -100 -101 -7 -9 -94 -23 -95 121 120 -58 -111 -76 -2 122 116 -116 -47 -13 119 -20 -81 -52 123 124 -18 -64
right_child=2 3 11 4 20 18 10 9 21 35 16 22 19 28 29 24 49 27 23 79 50 105 -24 -25 58 85 61 -29 -30 -31 -32 47 78 74 40 81 37 38 -40 69 43 -43 -44 64 83 114 87 70 76 -51 107 52 91 59 -56 -57 57 -59 63 -61 -62 -63 125 77 80 75 -68 82 -70 -71 -72 72 -74 -75 111 -77 -78 -79 -80 108 -82 88 -84 -85 -86 -87 -88 -89 -90 -91 98 -93 104 106 -96 -97 -98 -99 99 101 -102 -103 -104 -105 -106 -107 -108 -109 -110 110 -112 -113 -114 -115 115 -117 -118 -119 -120 -121 -122 -123 -124 -125 -126 -127
leaf_value=0.0099438262871063988 -0.00059984560454210366 0.0067523280632225801 -0.0020542075847291893 0.0012916163429410228 0.001303691266591286 0.0034060640388703808 -0.0038485119292208094 -0.0056195380766754614 0.0011243913005871335 -0.0010821478441321768 0.0048839847556209079 -0.0030527991587642857 -0.0049156234082309439 0.005004283599467081 0.0033985997986356303 -0.0085053800281541872 0.0038405235776562013 0.0051660231508287259 0.0021325558974963753 -0.0048242679660656807 0.01999571063778045 0.003748570894361293 -0.024088454617467402 0.0016619105283710435 -0.0099632039667141136 0.0064437980450342529 0.005176554436947184 0.006781352956567478 -0.00065817848611740472 -0.0021477330162610604 -0.024273611639440022 -0.0039742833274256373 0.0065732871268061191 0.0021934826883571899 0.0012551645651734558 -0.0028434549281979226 0.026221860497482829 0.0026154968333067363 -0.017686479454933873 0.00037413287564436605 -0.0029873062208230733 0.0031828307278872862 -0.0079662339200174681 0.0089034946952398393 0.0092971279905866063 -0.0025595675646466818 0.0073419757913150002 7.0004857796451467e-05 0.00012580494059387043 0.0015600809534594058 -0.0015743587117289454 -0.0029974918626129938 -0.0038947347755880989 -0.0022152162908961014 -0.0010697084935942442 -0.013879729353317077 0.023590141085393417 -0.016818718236518919 -0.0014110426529351037 0.012626980645408291 0.00093312052394001503 0.013161740738048228 0.0055066366541238875 -0.004134138292425751 0.0022994327369301264 -0.0078670511198114905 -2.3430147546458904e-05 -0.00089988912636512124 0.0026001130841547238 -0.0017017883934581732 0.015381395143827617 0.00078040260225472572 -0.0031700626573742336 -0.0064290260648173529 0.00018078707246201216 -0.0047685605161882786 -0.0023099928447824756 0.00059271229316935285 0.0044986347445227226 -0.004349208515463868 -0.0087283657497119038 -0.0047396134932542735 -0.014146347833490643 0.0044466826709250009 0.00036101555890245531 -0.0026699418568829746 0.022779369606106981 0.0028646363601284226 -0.0014741216840380195 0.0016957530191539492 -0.0032798199853810274 0.00043221539358369521 -0.0028711174753297407 0.0022554405360632511 -0.0021017237020582186 -0.00504773270239566 0.0027236374321252116 0.019614537127210351 0.0021343751451577742 0.0043031590476649961 0.00013974133935712595 -0.0036737677616851608 0.00063281934667832023 0.00085882564143243756 0.0019192673603732476 -0.0016769792876912045 -0.003295837852906265 -0.02177351665543539 -0.01266747239525445 0.0030039853870735718 0.012400140651974159 0.0049863370608360979 0.0046409923290624292 0.019005372137791014 0.0013014688361661995 -0.0032112143904679175 -0.0054863961193801023 0.0088633690291362397 0.0041588016863982466 -0.011288729879383045 6.5945103922482076e-05 -0.0042286764490362515 0.001854905816452889 0.0025393117958071444 0.0072064046451323161 0.014480430832456054
leaf_weight=942.26919300109148 285.95739082247019 904.83602406829596 7849.7032971009612 6447.1640902236104 2850.3300833255053 2418.5215287953615 218.27603979408741 165.07544020563364 3072.2060925066471 1691.5483523458242 8392.7591326162219 268.30332490056753 7653.0818556323647 65.499696120619774 3197.0695385783911 51.805174931883812 4039.6900567263365 616.61649738997221 292.9001701399684 815.97579338401556 15.494056969881056 981.78884667158127 21.733672358095646 13065.225363239646 78.124435886740685 82.395286880433559 208.73454904556274 717.84157247841358 708.55832420289516 600.38239838927984 33.065126948058605 2068.3113391324878 2367.9519184827805 2236.4468998536468 31.451762452721596 4384.9868650957942 41.828261986374855 32.743482381105423 26.327452555298805 2797.3839990049601 426.37839338183403 3051.9587065204978 125.66649862378836 173.13314315676689 913.79074000567198 1233.7095681503415 365.05373583734035 323.09785468876362 1461.5807002484798 5828.4822262153029 1397.6258602961898 779.36060187965631 3867.775890275836 3363.7565516903996 4078.8747123554349 36.680959030985832 20.808371871709824 20.546039722859859 8271.8496210128069 36.913352258503437 1655.5071941316128 42.930854976177216 1204.3666171655059 2173.2152672111988 637.05602358281612 1559.4202364087105 4002.9731951728463 2264.7204261049628 1662.9002889469266 4506.556497938931 33.955322287976742 1131.0229118689895 1047.0774814561009 5422.0938019677997 14965.671771101654 1466.0786170512438 6823.6746890097857 373.1374506726861 5311.7290005832911 420.45942688733339 61.549445264041424 6671.9085032567382 38.889585070312023 424.84942112118006 4564.8215425461531 2958.5651542767882 33.418458558619022 4198.4713067412376 691.1604330316186 5239.1590677425265 541.09481767565012 535.17760007828474 803.36172208935022 618.50944028049707 1035.8547013550997 4286.0549798980355 2233.3682273849845 49.942907907068729 2044.9453213140368 124.21113096177578 17893.43311689049 743.12839385867119 1291.6695432662964 2086.9558429345489 431.2143135741353 281.06871146708727 312.75004932284355 17.76479360461235 47.115431345999241 258.426135674119 114.41649208962917 279.10760955512524 1175.8986221775413 23.815699636936188 431.41661806404591 4108.1845716610551 2553.6089929863811 52.245230786502361 4227.2173136100173 61.305342100560665 1337.7530771791935 2425.2152752876282 3478.0870712995529 5747.2245770841837 804.67135482281446 81.144516214728355
leaf_count=7501 2265 7130 62676 51260 22738 19323 1560 1320 24498 13529 66147 2118 60521 524 25490 399 32199 4917 2144 6491 46 7571 132 103532 625 655 1653 5499 5605 4702 62 16346 18748 17622 238 35000 97 198 90 22262 3268 24359 999 1337 7259 9846 2797 2537 11686 45730 11090 6213 30700 26560 32374 244 132 144 66100 199 13143 255 9286 17379 4980 12400 32013 17475 13293 35890 246 8969 8312 42902 118010 11326 54460 2984 42349 3279 405 53225 283 3366 36364 23595 152 33466 5468 39429 4232 4260 6375 4573 8257 34217 17716 318 16329 991 142913 5927 10328 16658 3383 2238 2418 84 337 1966 801 2165 9346 123 3448 32808 20399 412 33549 455 10453 19204 26894 45903 6407 454
internal_value=-6.39265e-06 0.0014736 -0.00268652 0.000524958 0.000367587 0.000592658 0.00376291 -0.00162569 -0.000627135 -0.00257213 0.00327376 -0.00374668 -0.0038402 -0.0032349 5.19618e-05 -0.000113238 0.00333707 0.00408274 0.00147527 -0.00477028 -0.00156179 -0.000918971 0.00193373 0.0022226 -0.00075972 -0.0007539 -0.00250238 0.00275265 -0.00473864 0.00210151 -0.00662504 -0.00517068 0.00572062 0.000852822 -0.0011375 -0.00349339 0.00226864 0.0111811 0.00416048 -6.08483e-05 0.00161958 0.00478034 0.000819974 0.000919006 0.00528087 -0.00283958 0.00380959 -0.00315768 -0.00139681 0.00260731 -0.00325151 -0.00134185 -0.00211911 -0.000746983 -0.000126927 0.000981581 0.00273652 0.00569267 -0.00143113 -0.00205015 -0.000325307 -0.00036705 0.00772113 -0.00188924 0.00283201 -0.00508207 -0.000216346 -0.000603772 0.000527919 -0.000906638 0.00156778 0.000254147 -0.00111883 -0.00554373 0.000515512 -0.006368 -0.00188022 -0.00344112 0.00513924 -0.00240115 0.00131533 -0.00384037 -0.00112999 0.00776294 0.00106332 -0.00242064 0.0130027 0.00322454 -0.00443346 0.00206216 0.000403815 -0.00289348 -0.00324252 0.00272009 -0.00435867 -0.00489508 0.00246503 0.0126338 0.000135587 0.000224613 0.000344464 -0.00252661 0.00244128 0.00038123 -0.00119692 0.00253987 0.000388516 -0.00335073 -0.00130332 0.00690979 0.00591557 0.000269156 0.00361543 0.00304019 -0.00357948 -0.00278194 -0.00453418 -0.00108598 0.00382063 -0.000212805 -0.0009912 -0.00325919 0.00301174 0.00339132 0.00440119 0.00608468
internal_weight=262642 169205 93437 119633 114165 102239 49572.1 46705.3 22728.4 23976.9 39664.6 46731.7 45975.2 27853.4 63401.2 58672.5 39413.3 19491.3 38838.1 18121.8 11925.5 21266.5 756.479 17646.6 29215.6 8069.39 18731.9 6707.93 9121.47 4728.71 251.341 15500.5 9907.46 21191.4 20003.7 13439.6 5990.09 134.318 92.4894 14316.3 1379.51 12783.4 7012.34 1298.12 9731.4 16176.6 5468.36 2425.36 10537.3 19922 3856.1 18624.1 8072.4 10551.8 7151.08 6886.68 734.746 414.197 14899.3 3400.67 2434.87 2555.28 2227.78 10818.2 871.739 8412.91 4081.1 2512.34 29456.9 7303.94 357.053 5028.43 2178.1 13075.2 17481.2 3025.5 8285.26 2546.35 7679.68 2621.3 698.605 11748.1 2303.61 1338.64 6849.99 3040.96 66.1619 4563.53 7363.07 5855.78 27794 5637.53 5102.35 4128.33 5387.41 4351.55 2285.17 81.3947 21346.8 20805.7 19938.4 867.34 3710.19 2252.03 1234.58 1262.86 931.259 3840.61 1805.33 393.651 372.843 15244.8 1461.86 14093.5 8326.92 4539.6 3787.32 320.549 4581.42 354.206 1758.21 3822.84 14069.7 10591.6 4844.36 1285.51
internal_count=2080052 1339046 741006 950317 906924 812231 388729 371017 179671 191346 310391 369989 364284 221172 505103 467920 308769 151513 307128 143112 94693 168060 5705 139680 232975 64269 148843 50382 72329 37183 1622 122552 78338 167448 158251 107222 44883 537 440 113874 10546 101131 55722 9990 76772 129177 43393 19129 84124 157256 30424 147705 64074 83631 56872 54723 5573 3043 119101 26759 19356 19666 17241 86463 6722 66724 32638 19411 234945 58152 2783 40019 17281 103423 137797 23726 66146 20363 61097 20560 5385 93693 17758 10625 54479 24250 350 36263 58693 44346 221652 44718 40458 32481 42998 34741 18115 556 170392 166160 159242 6918 29651 17978 9758 9809 6991 30378 14069 2899 2767 120175 11611 111526 66501 36256 30245 2530 36148 2599 13732 30294 111403 84509 38606 9740
is_linear=0
shrinkage=0.02


Tree=4
num_leaves=127
num_cat=0
split_feature=9 9 12 1 12 53 51 9 27 8 27 14 13 19 9 47 38 51 45 8 1 16 13 16 2 53 4 26 32 45 9 1 47 19 16 26 19 49 11 13 53 40 32 32 25 15 13 54 51 27 40 12 9 2 55 47 4 16 25 38 55 49 20 6 56 3 31 21 38 6 39 31 53 15 38 51 46 53 6 49 37 47 54 15 23 39 27 47 27 26 26 31 55 39 38 54 38 56 1 4 2 20 19 39 55 26 39 57 31 47 5 53 47 39 57 45 38 37 4 51 13 39 20 24 54 23
split_gain=2442.27 620.491 429.381 194.846 159.467 149.56 136.768 75.6243 65.6628 59.6531 59.6228 58.1517 57.0575 56.4915 48.3807 45.981 42.2582 41.9842 41.3063 41.0335 38.3652 37.8405 37.5398 36.9133 37.1866 32.633 32.0572 31.8614 36.6779 31.4081 30.1445 30.1387 29.2948 27.6026 32.7857 25.4247 24.6718 24.4882 23.9578 24.5789 23.8352 25.1264 26.9713 24.888 24.0552 23.8071 23.5682 23.4792 23.4517 22.9984 23.2155 22.9628 25.3969 23.2819 22.8955 22.8556 22.5674 21.7575 21.3543 20.7194 30.2843 23.9966 25.9082 21.4755 26.4703 20.736 20.5537 20.1926 25.4599 19.1546 19.0586 18.8475 18.4967 18.3353 18.2096 18.2013 18.1646 18.142 29.2118 25.3301 20.5012 18.0716 17.8777 17.6487 17.5979 17.5695 24.1603 17.542 17.4567 17.028 16.8492 16.818 16.6467 16.6386 26.2226 16.6027 16.4236 17.7746 16.3531 22.0461 20.0931 19.3352 16.196 16.1045 16.7382 16.0757 15.9095 15.8226 15.7731 15.7574 16.665 21.0531 15.7473 17.6294 15.6958 15.8832 18.7561 15.5356 15.4728 16.4346 15.3559 15.2873 15.3424 23.7657 15.682 15.2277
threshold=0.28374451398849493 -1.1117673516273496 0.80026981234550487 -0.00040172661829274142 0.13532976061105731 0.40494887530803686 1.161639988422394 1.5515397191047671 -0.87837970256805409 -1.5632946491241453 -0.87837970256805409 -0.58793723583221424 0.23551577329635623 6.3046779632568368 -2.4001940488815303 -0.034380326047539704 -0.0054792130831629029 -1.4947316050529478 -0.0036575091071426864 1.1238375306129458 -0.01752652786672115 -0.31682252883911127 0.57102671265602123 -0.37983357906341547 0.061920782551169402 0.26412773132324224 0.46942597627639776 0.91597560048103344 0.00089676646166481089 0.044712971895933158 1.3999820351600649 0.018888430669903759 0.067825280129909529 2.1549233198165898 -3.9635896682739253 -0.6035533845424651 8.1710290908813494 -1.3385889530181883 0.79616799950599682 0.74788007140159618 1.3850556612014773 0.34150634706020361 0.0052384915761649617 0.082206908613443389 -0.6035533845424651 1.4933586120605471 0.16738378256559375 0.16356691718101504 0.36154390871524816 -0.60785761475563038 0.46650633215904241 0.89310568571090709 2.7376655340194707 0.012831917032599451 0.1636554151773453 -0.091311946511268602 0.10342536866664888 -0.35071671009063715 0.98296290636062633 -0.30351443588733668 0.19549603015184405 -1.7199710011482237 0.58623102307319652 -0.73582646250724781 -0.11619582399725913 -0.087359547615051256 0.14999999850988391 1.4082067012786867 0.046383088454604156 -0.82416415214538563 0.97187501192092907 0.18999999016523364 2.7946424484252934 0.10992884635925294 0.10879106447100641 1.880415201187134 -0.0034169981954619284 -0.81506904959678639 1.8972223401069643 0.77043485641479503 1.4299663901329043 0.019831775687634948 0.02423038519918919 0.20497441291809085 -0.18387026339769361 0.19270832836627963 -0.87837970256805409 -0.004133691079914569 -0.87837970256805409 0.12940952181816107 0.98296290636062633 0.089999996125698103 0.12395853921771051 0.59687501192092907 0.12388854101300241 0.01149524422362447 1.4999838456407941e-17 0.052015518769621856 0.018888430669903759 0.46942597627639776 0.019080841913819317 0.53114601969718944 2.0611982345581059 0.19687500596046451 0.16619100421667102 -0.6035533845424651 0.78437501192092907 -0.10876136273145674 0.26999999582767492 0.022561334073543552 0.061079664155840881 -2.6644068956375118 0.039213685318827636 0.43020834028720861 0.023343481123447422 0.010243292897939684 -0.1897579878568649 1.2239759564399721 0.19401141256093982 -0.61824971437454213 0.92300298810005199 0.021875000558793548 1.5160164237022402 53283.007812500007 0.1664644852280617 -0.032390708103775971
decision_type=2 2 2 2 2 2 2 2 2 2 2 2 2 2 2 2 2 2 2 2 2 2 2 2 2 2 2 2 2 2 2 2 2 2 2 2 2 2 2 2 2 2 2 2 2 2 2 2 2 2 2 2 2 2 2 2 2 2 2 2 2 2 2 2 2 2 2 2 2 2 2 2 2 2 2 2 2 2 2 2 2 2 2 2 2 2 2 2 2 2 2 2 2 2 2 2 2 2 2 2 2 2 2 2 2 2 2 2 2 2 2 2 2 2 2 2 2 2 2 2 2 2 2 2 2 2
left_child=1 4 5 12 10 7 25 33 35 21 73 30 20 23 45 67 22 59 46 40 55 90 92 24 26 48 -10 72 -29 -26 36 70 56 -2 -35 -8 -7 57 39 -13 41 42 44 76 117 -6 -17 -19 -4 82 -51 -25 75 -54 118 71 81 -20 102 61 65 -12 -63 93 -65 109 -28 -16 -69 -9 91 -3 98 105 85 89 -43 78 107 -80 -81 -15 -22 -23 -39 86 -57 -40 -41 -53 -5 -27 -11 94 -62 -75 120 -98 -18 100 101 -100 103 -37 125 -1 -95 108 -36 110 111 -61 -99 -114 115 116 -24 -14 119 -32 -58 -104 124 -124 -123 -105
right_child=2 3 6 9 14 11 8 69 13 16 17 38 19 32 15 18 27 47 37 -21 49 83 114 51 29 31 66 28 -30 -31 54 -33 -34 34 77 58 -38 84 87 88 -42 43 -44 -45 -46 -47 -48 -49 -50 50 -52 52 53 -55 -56 74 96 -59 -60 60 63 62 -64 64 -66 -67 -68 68 -70 -71 -72 -73 -74 95 -76 -77 -78 -79 79 80 -82 -83 -84 -85 -86 -87 -88 -89 -90 -91 -92 -93 -94 106 -96 -97 97 112 99 -101 -102 -103 121 104 -106 -107 -108 -109 -110 -111 -112 -113 113 -115 -116 -117 -118 -119 -120 -121 -122 122 123 -125 -126 -127
leaf_value=0.01302152703898843 0.00080168807034929209 0.0054703175414340787 0.00032998220983424193 0.0036697939448838458 0.0042346454626156198 -0.00059497998462793619 -0.0090852422952093816 -0.00062691709800907812 -0.0013966765438471885 0.0019111312902889567 0.020797515025328936 -0.001379084365273667 0.0022551840864154576 -0.0037318953264857107 0.0002648207978139098 0.0049136123513517874 -0.00097032055474606136 0.0032104232191510879 0.0034946321863960545 -0.0012163823523223499 0.00085939490043189265 -0.007735013868140495 -0.0096771476271541729 -0.0036909766419934344 -0.0039715618445037536 -0.010152542538531989 0.0023571871501096389 -0.0043478704711418835 0.00089520779083522627 -0.021567071498034156 0.008859009360982174 -0.00039669349148199257 -0.01882258702827139 0.017957867933471806 0.0037622680972251034 0.00088162062427471195 0.0056377860390474212 0.0043428192903232814 0.0018659903193190637 -0.0051757626161192394 -0.0015623885335237099 -0.00088485414745056393 0.0028177169487004329 0.017631235828754081 0.00077415022262662518 0.0094188172458663406 0.0028819842365032152 -0.0015659860023985973 -0.0019574914098017173 0.0028633176672709709 -0.00058132163503828464 -0.0055370879183880032 -0.0043357746832556835 0.00042726054379987703 -0.0075471537371619617 0.018879034125047173 0.001815658615837234 0.0013033690821122369 -0.013044428347737665 0.010347823474042159 -0.0047128358338898889 0.019504849677068996 -0.0076217882107773981 0.0084058777112832658 0.00026149351837262999 -0.00041470636752075546 0.025865122064590823 -0.00049218691789081905 -0.012612535032043648 -0.0032684108480416636 0.0037863874595302082 0.027355872784163873 -0.011300403532448208 -0.010554731985764511 -0.0030152282471129681 -0.0060278811776719714 0.0011662524977204519 -0.0010767805234850178 0.00072720719454745834 -0.0041045334697058103 -0.016094318775348969 0.0069027819779226285 0.0050439053719350917 -6.0637469523173104e-05 0.0012978134152347395 -7.9079581090139853e-05 0.0028943455765698951 -0.0040916388689816634 -0.0026363207621185932 -0.0034680910382947003 -0.0039599948991126651 -0.0034714787374326922 -0.0008830968113605201 0.01375778023866139 -0.029964885364686666 0.006189872003752748 -0.0014412846226300004 0.008914954191804627 0.01381846395281758 -0.0182887989741722 0.0057751266792231857 -0.0059840470166751345 -0.01588149295676166 0.0024635183862932028 -0.015763121859196424 0.0078182381028800343 -0.0080328440596012813 0.00045722206174036745 -0.01472362312822811 0.009386413274228211 0.0045031980139936655 0.0056141810518281678 -0.016071091056937683 0.0086959600645059951 -0.0015295441295824217 0.0021454028597761225 -0.00027023816470373363 0.0070268255813763503 0.0047248336900259499 -0.0028776425468718253 -0.005189490993639103 -0.0063966480399379588 -0.0034566271493835349 0.020223864759379692 -0.015399641636383417 -0.0053833467591141515
leaf_weight=323.91742504388094 14861.057094544172 113.95676692575216 2820.1445211395621 2555.4532900825143 2703.8644416332245 8777.4316555634141 1213.565424606204 1600.2734420523047 1980.1395882368088 4828.4446279704571 69.021463245153427 6487.7290827035904 3540.279834985733 705.81219632178545 1929.1105013042688 3388.4581065922976 16081.840241931379 5285.5189142748713 6103.8735920265317 2867.0904060676694 475.96099431812763 133.20069764554501 85.170243054628372 10231.537875920534 109.30558580905199 153.63858962804079 32.167449228465557 2307.4203676134348 693.40345312654972 64.269986294209957 48.038815997540951 1557.2077709957957 33.456848904490471 37.736274838447571 875.06574258208275 280.46472512185574 260.59132830798626 807.26937080919743 204.7401806935668 1266.2167554423213 1124.8354072794318 2998.9672984778881 6553.6941170096397 32.285733066499233 10517.839436627924 408.42075356096029 7046.9998594671488 445.54789942502975 4915.619287148118 7635.745489872992 871.11485058069229 3190.1352934762836 1216.5428095385432 618.4966055303812 366.7905562967062 40.391708679497242 370.49122340977192 2582.6703177765012 147.93490923196077 420.55286141484976 122.7493414580822 22.403759762644768 34.396187879145145 235.10437002778053 493.8373334184289 267.67184461653233 27.210070736706257 171.23796191811562 115.78667119890451 3509.092502258718 140.85103245824575 17.489364385604858 67.112512826919556 23.121462970972061 596.10508721321821 6183.1483517736197 4068.6825993806124 8403.4271725192666 491.10330808907747 538.39348698407412 63.137158893048763 69.293138407170773 2921.5200098976493 1124.747251316905 12651.76558817178 1581.4659081995487 451.98864606767893 5189.5371357351542 7550.3126013800502 3199.7111147791147 120.34937059879303 6731.6408441215754 1034.5752434283495 31.624146677553654 18.142654828727245 1628.0977627784014 137.3101546689868 275.63969335705042 22.379779413342476 18.577828861773014 376.88870889693499 125.36431230604649 64.396544478833675 121.18109087646008 50.655004419386387 936.37638149410486 21.82936143130064 4424.7956023588777 17.87433797121048 351.51733432710171 7261.4922486022115 3660.6596269086003 22.2497913017869 21.785389505326748 4179.38605260849 1173.900524944067 5309.3259412497282 295.34811078757048 123.2903508991003 1792.5946952179074 187.73867745697498 1365.9991044178605 344.94686086475849 16.827217936515808 81.889475621283054 522.04107242822647
leaf_count=2578 118088 732 22360 20288 21338 69428 9624 12755 15324 38559 284 51843 28204 5629 13842 26762 128312 42082 48536 22718 3808 1065 619 81526 777 1227 163 18370 5527 373 382 12147 243 130 6978 2213 2020 6455 1632 10106 8943 23724 51401 171 83881 3048 55699 3270 39057 60800 6951 25329 9634 4768 2830 319 2840 20657 1182 3354 925 102 180 1382 3233 2138 110 1277 848 27808 1124 95 533 185 4459 48972 32426 66921 3861 4207 487 548 23259 8996 100840 12292 3456 41421 60204 25421 955 53635 8093 213 81 12848 1044 2156 159 83 2945 978 512 969 395 7422 160 35039 143 2802 56769 29227 169 159 33239 9226 42324 2361 927 14264 1412 10882 2741 106 634 4156
internal_value=2.16559e-05 0.00173861 -0.00214504 0.000661263 0.00331112 -0.00110177 -0.00356316 -0.000194192 -0.00430597 -0.000358772 0.00468046 -0.00208725 0.00154006 -0.00396319 0.00252884 0.00231498 -0.000612296 0.00426625 0.00250459 0.00106606 0.00257126 0.00198025 0.000130618 -0.00419453 -0.00171851 -0.00206601 -0.000959155 -0.00123896 -0.00313612 -0.0105786 -0.000937806 -0.0029151 -0.000556055 0.000192301 -0.000417422 -0.00663914 -0.000414558 0.00201547 -0.00271846 -0.00231404 0.00129076 0.00140544 0.00175453 0.00037722 0.00126886 0.00491808 0.00354217 0.00283871 -0.00112351 0.0030668 0.00251044 -0.00441681 -0.00493188 -0.0027305 -0.00296538 0.000464829 -0.000203822 0.00284347 -0.00564539 0.00489471 0.00481492 0.012955 0.00321288 0.00132177 0.00289758 0.00508433 0.0133964 -0.000472058 -0.00541186 -0.00244156 -0.00347298 0.00857437 -0.000897673 0.00734413 6.21473e-05 -0.00525285 0.000295777 -0.000465507 0.000335704 -0.00264105 -0.00538927 -0.00277222 0.00445841 -0.000879549 0.00148084 0.000948215 0.00424326 -0.00386503 -0.00300169 -0.0045019 0.0033249 -0.00362216 0.00141783 -0.00456815 -0.00815985 0.00594855 0.00175693 0.00456429 -0.000854942 0.00255453 0.00332791 -0.00290497 -0.00525632 -0.00315768 -0.00479072 0.00916563 0.00485646 0.000947907 0.00337505 0.00521031 0.00507998 0.00610462 0.00714344 -0.00387494 -0.000571542 3.80096e-05 -0.000420709 0.0026246 -0.00210575 -0.00256614 -0.000543527 -0.00634463 -0.00599612 -0.00229971 -0.00691681 -0.00390194
internal_weight=262600 146505 116095 86942.3 59563 66889.2 49205.4 34822 32886.3 40237.5 21653.6 32067.3 46704.8 28676.4 37909.5 34797.2 36303.8 18742.1 32581 31999 14705.7 3933.75 16610.8 26852.7 2213.09 16319.1 2039.52 19693 3000.82 173.576 11368.7 8583.34 1823.78 29712.6 14851.5 4209.9 9038.02 22145.6 20698.5 15304.3 29131.9 28007.1 20907.2 7099.94 14353.5 3112.29 10435.5 5731.07 7735.76 11904.3 8506.86 24639.6 14408 1835.04 2330.71 2801.4 1790.32 8686.54 2996.34 13011 12885.2 125.821 56.7999 923.287 728.942 11961.9 59.3775 2216.14 287.025 5109.37 7026.13 131.446 16692.2 2911.51 2669.95 12573 7067.65 14813.8 6410.37 1092.63 601.531 775.105 3397.48 1257.95 13459 2073.85 492.38 5394.28 8816.53 6389.85 2675.8 6885.28 5863.02 194.346 140.892 1651.22 1015.21 456.985 16625.1 543.211 524.633 147.744 2848.4 974.342 693.877 1260.29 53.4535 5317.74 892.94 11694.2 11342.7 4081.21 319.675 44.0352 10747.8 6568.4 5394.5 3835.63 1963.92 1840.63 558.23 1874.06 1809.66 361.774 1447.89 643.222
internal_count=2079843 1158808 921035 690271 468537 531474 389561 276417 260011 320271 169235 255057 370000 226597 299302 274916 288967 146202 258949 253829 116171 31304 132060 212397 16747 129550 15597 156907 23897 1150 89851 68133 14200 235854 117766 33414 71448 176488 165206 122153 231111 222168 165847 56321 114446 24386 82461 45352 61417 94818 67751 195650 114124 14402 18403 21353 13957 69193 23790 100850 100284 566 282 5994 4615 94290 273 15967 2125 40563 55986 827 133010 23033 20526 99722 56150 117636 50715 8555 4694 6177 27067 10061 107295 16067 3775 43053 70310 50750 21243 54862 46652 1379 1006 13033 7780 3528 132477 4165 4082 1137 22608 7733 5520 10000 373 42160 7121 92152 89350 32581 2484 328 85408 52169 42943 30565 15573 14646 4252 14875 14363 2847 11516 5125
is_linear=0
shrinkage=0.02


Tree=5
num_leaves=127
num_cat=0
split_feature=10 10 10 9 8 32 15 8 16 2 52 27 25 29 17 3 9 44 39 47 49 10 13 29 15 27 7 48 53 16 39 38 43 48 26 26 55 49 9 13 39 2 43 18 29 14 0 39 16 26 45 52 29 34 14 39 40 15 45 23 29 17 52 26 39 34 55 56 16 52 53 4 2 44 27 13 40 26 56 48 4 27 38 47 54 17 34 13 55 9 0 42 39 27 57 14 32 48 54 15 39 16 29 32 10 39 52 7 54 38 54 43 33 39 39 21 47 29 38 39 40 45 33 0 40 23
split_gain=2403.36 825.7 246.394 159.741 128.695 126.86 110.278 92.0152 87.3178 55.8704 55.139 55.0344 52.2982 53.7993 51.8404 45.5287 42.3444 42.1238 41.2977 40.8358 39.8637 37.5847 39.7446 37.1792 38.2741 37.0821 36.1047 34.2283 33.3976 31.086 34.7112 30.9667 35.7927 30.534 29.1281 28.2237 27.7716 28.2521 27.092 26.8145 26.7195 26.6382 25.6323 24.9005 24.2948 23.6508 23.6373 23.5752 23.5623 23.2462 22.8214 22.7476 23.7152 22.6386 30.2587 28.5184 22.2413 22.2396 24.583 22.1317 21.9166 27.5563 22.1067 22.2264 21.892 21.477 21.3992 25.0477 21.0786 22.9875 20.9557 22.1036 20.5719 20.3609 20.0244 26.0358 22.2038 19.8185 19.7322 19.5706 24.6744 19.5669 19.4161 19.3351 23.2886 19.2067 34.7963 35.0949 24.8205 19.0723 19.0272 18.9306 18.7357 30.5165 18.5666 18.4107 22.802 22.8248 18.316 18.2328 26.8973 18.5484 18.1993 18.0416 18.0039 17.8668 17.855 17.8467 17.823 17.7888 17.7803 17.7688 17.7599 17.7092 17.6335 19.3446 31.2379 21.4917 19.1048 17.5893 17.5791 17.576 17.2184 17.0286 16.9693 17.1593
threshold=0.64245030283927929 -1.3822756409645078 1.2979111075401308 -1.7485611438751218 1.152976989746094 0.0027120200684294109 0.11679530143737794 -0.98715943098068226 -0.36513507366180414 0.0026023475220426921 0.60362517833709728 -0.87837970256805409 -0.37940952181816096 2.8040170669555669 0.30186772346496588 -0.29838979244232172 1.8551435470581057 0.0013499178458005192 0.063541665673255934 0.0006764496210962535 0.6022467613220216 2.8704124689102177 0.93188053369522106 1.7951190471649172 0.52143931388854992 -0.87837970256805409 0.27828545868396765 0.0023191790096461777 1.3485091328620913 -0.37249028682708735 0.22187499701976779 -0.30351443588733668 -0.004104356048628687 0.0050019221380352983 -0.37940952181816096 0.12940952181816107 0.075738064944744124 -0.83608150482177723 1.8840572237968447 0.61903294920921337 0.94479167461395275 0.0062508911360055217 0.0045078434050083169 0.70080855488777172 0.71581006050109874 -0.54908692836761464 0.01117435982450843 0.68437498807907116 -0.69868266582489003 0.60355338454246532 -0.0070931878872215739 1.4128052592277529 -1.9729912281036375 0.062500001862645163 -7.3898048400878897 0.40104167163372045 0.46650633215904241 8.7180438041687029 0.044712971895933158 -0.029773190617561337 -1.1232286691665647 0.59085488319396984 -0.70806327462196339 -0.6035533845424651 0.11354166641831399 1.0000000180025095e-35 0.16892395168542865 -0.087770812213420854 -0.51054358482360829 -0.032911505550146096 -2.3592036962509151 0.37772290408611303 0.013523691333830358 -0.0032018657075241204 -0.60785761475563038 0.21258424222469333 0.46650633215904241 -0.6035533845424651 -0.097147431224584566 0.070956852287054076 0.19401141256093982 -0.60785761475563038 -0.027565930970013138 0.00088560220319777738 0.10159130394458772 2.3249268531799321 0.062500001862645163 0.21648754924535754 0.22289493680000308 0.34943106770515447 -0.0080687515437602979 0.0052868817001581201 0.39687500894069677 -0.60785761475563038 0.016420503146946434 -6.0115633010864249 0.0078561245463788527 -0.042219940572977059 0.072998650372028365 0.92081427574157726 0.69687500596046459 -0.092390179634094224 10.237956047058107 0.030817332677543167 2.0198377370834355 0.98645833134651195 1.906639099121094 0.34207928180694586 0.047490265220403678 0.011064352933317425 0.37216435372829443 -0.00052444988978095342 0.010109778959304096 0.97187501192092907 0.50937500596046459 1.4746920466423037 -0.025009729899466034 -2.8886467218399043 0.15175788849592212 0.017708334140479568 -0.3415063470602035 0.0046757035888731488 0.0024089502403512601 -0.0010761746088974176 0.46650633215904241 0.15067486464977267
decision_type=2 2 2 2 2 2 2 2 2 2 2 2 2 2 2 2 2 2 2 2 2 2 2 2 2 2 2 2 2 2 2 2 2 2 2 2 2 2 2 2 2 2 2 2 2 2 2 2 2 2 2 2 2 2 2 2 2 2 2 2 2 2 2 2 2 2 2 2 2 2 2 2 2 2 2 2 2 2 2 2 2 2 2 2 2 2 2 2 2 2 2 2 2 2 2 2 2 2 2 2 2 2 2 2 2 2 2 2 2 2 2 2 2 2 2 2 2 2 2 2 2 2 2 2 2 2
left_child=1 6 7 48 5 12 25 68 26 16 17 51 28 19 15 33 35 46 49 65 109 22 91 24 74 77 56 31 39 30 -11 32 53 66 -26 107 -30 112 60 -5 70 -23 -15 85 47 -46 108 106 72 82 102 -12 -53 55 -55 -16 57 -4 -59 -47 62 -62 -22 -64 -63 92 81 -68 69 -2 71 98 -3 -35 75 -20 -76 -1 -31 80 -28 -8 110 95 -85 88 -87 -88 114 -84 -45 99 -14 121 -39 -37 -97 -98 -27 101 -101 -13 113 -58 -19 -42 -21 -9 -10 -6 -7 -50 -38 -29 119 117 118 -116 -117 -33 -36 -94 -32 -49 125 -43
right_child=2 3 8 4 20 18 14 9 10 29 11 21 13 42 27 -17 -18 104 23 44 38 41 -24 -25 34 40 79 50 36 78 122 43 -34 73 120 83 37 94 -40 -41 105 124 -44 90 45 59 -48 123 111 -51 -52 52 -54 54 -56 -57 103 58 -60 -61 61 64 63 -65 -66 -67 67 -69 -70 -71 -72 -73 -74 -75 76 -77 -78 -79 -80 -81 -82 -83 89 84 -86 86 87 -89 -90 -91 -92 -93 93 -95 -96 96 97 -99 -100 100 -102 -103 -104 -105 -106 -107 -108 -109 -110 -111 -112 -113 -114 -115 115 116 -118 -119 -120 -121 -122 -123 -124 -125 -126 -127
leaf_value=0.011988567727356387 -0.0036224373757532415 0.004341242151823797 -0.0022105949500756043 0.0018170940004443869 0.0026694554666747278 0.0080683557887190113 0.0055636059798434027 -0.0015226422025034806 -0.0025151541825057704 -0.0034361156757249972 -0.0044004239939676648 -0.001742367758134215 -0.0011997286776256222 0.0028949648387823429 -0.014584641967484206 0.0024495340095165023 -0.0043123622708735546 -0.0030475110346288858 0.0052767465132416355 -0.0017525302853015116 -0.0015188084210371066 -0.0045812279663115414 -0.0054134467382835729 0.0037062261333514323 -0.00031412821027603481 0.0092671346229983142 -0.00028473575035607306 0.0064120571008088956 -0.003069260076452755 -0.0010969951066608582 0.00015277369829911104 0.0074544621998782401 -0.015221468911417778 0.0065065128339419544 0.0029937336654820086 0.01702586245915581 0.0064616932275341332 0.0013872850228033779 -0.0041436224891675047 0.00026017579874713112 -0.0033067253394821008 -0.0021154951477885689 -0.0047372842443977924 -0.012020543708524374 0.00085032635238478475 0.00075426036500689318 0.011434221972952838 0.0040611411570466395 0.0034056511993659352 0.0055674446378955371 0.0022839170047135081 0.0039980641128443831 -0.007645653990520025 0.022591564829228829 -0.0016886054045693807 0.0098975655171619735 0.0012644377642227033 -0.0036173103071916058 -0.016622715782432275 -0.0031614042603423575 -0.00093751266209284923 0.00012184711513349012 -0.001575549862879189 0.0032058495159298858 -0.0038610025935318856 0.0011034171558811329 0.0051422777536460611 -0.0018553361540682039 0.00022478188543892285 0.004040741982646319 0.0047813239965347103 0.020802095111126802 0.0088816980391049124 0.0038347886210709282 0.0018840549892751319 0.0020149821823009211 -0.0012310638920478717 0.007096146336308418 -0.0033511208236045565 -0.0074214348115453693 0.0055064320126392164 0.0035451205310653151 0.0021009970260549913 -0.0017799070360364575 0.0028093862716476498 -0.0053476614136817799 0.032516927501059577 0.0061595958483166751 -0.0021950425908431213 -0.0044710541581978926 -0.0012536084840595722 -0.0018491719109326105 0.0023389242918567289 -0.00063197915326626856 -0.0028099193550033992 0.0016157071701119383 -0.0064801753182113613 -7.1259874766334025e-05 0.0051264178414269059 -0.0049989008141254542 -0.002430598608678601 -0.0039951490504351326 -0.013089951804041287 0.023753009746337785 -0.0056515692107074892 0.007502139782836717 -0.0073287152382805381 0.010742309603818863 3.1061394921418795e-05 -0.00063354023103034192 -0.0080544725076480157 -0.00014476089259442217 -0.001903716781687984 -0.012130206487129473 0.0081419448961663685 -0.0031559618565941984 0.0034003128426158642 0.0028301620264601498 -0.01990091788717686 0.00083025354949738963 0.00094795253608341839 0.010293409951708594 -0.0025898880701022385 -0.00048173274833418641 0.0057666864052350834 0.0023540322906096685
leaf_weight=455.99902590364218 174.64557358622551 1978.3639567196369 4809.6049872562289 12415.617460995913 1431.4552256390452 283.89440087229013 2585.8384338468313 9427.2067622840405 2269.4943597540259 2356.9108435288072 1625.5493401139975 2555.3540179803967 4904.26812954247 2640.7082187235355 23.941008403897285 6762.0210234895349 1409.2289875149727 4085.3466420695186 1542.0098034963012 11866.619938760996 1650.7245835736394 949.55795849114656 7397.2549280300736 2664.1486789509654 7313.3399065062404 750.75512582808733 664.11709991842508 1360.3277943953872 1374.6115286871791 1797.8499365225434 3859.8230657279491 165.44569456577301 22.09606197476387 3592.0724658221006 1996.9876518845558 27.191402301192284 421.30868361890316 827.63897984474897 1408.0718614384532 6877.8784929290414 236.71586481481791 1447.1881070286036 187.59458447247744 86.125531658530235 4166.590515434742 945.7945965975523 58.250339969992638 424.78298854827881 3022.5764326825738 1551.1376568004489 1458.5735593140125 71.037043206393719 2846.2422043532133 88.923020713031292 26.336164690554142 79.592186756432056 475.62450858950615 163.97785143554211 89.970081739127636 1478.5579704865813 6743.1985815316439 680.42682403326035 568.77584422379732 1223.668198749423 2911.9049430787563 7093.3161562532187 327.72825017571449 540.77636364102364 2259.894795499742 1447.1104783639312 5554.7411107420921 46.322673037648201 501.8846618309617 1683.9101936519146 8665.963511146605 2688.1280552819371 1022.2201430648565 1251.7840389981866 11547.403685927391 88.428141407668591 526.89891301840544 7554.5074061155319 1013.4195795506239 2799.9029305875301 524.16885574907064 43.273655876517296 32.587951153516769 52.556887105107307 700.20329425483942 212.83217413723469 268.66051726043224 2035.2761190608144 1265.399934373796 2598.3397623002529 856.94379046559334 3734.2408429160714 281.4620246142149 1044.8848653063178 1008.5061452835798 7533.5538842454553 2087.8146872147918 3430.2585448697209 19.046070471405983 13.726046837866305 1439.6748307645321 81.354104436933994 233.46501743048429 46.690138287842274 2130.8711777701974 1196.113159507513 29.40568596124649 692.343226082623 132.90804628282785 19.995742946863174 475.13686879724264 189.0451807230711 509.07329504191875 853.8987847417593 31.023316316306591 4426.118873283267 10598.654639460146 121.08744858950377 1199.0723786428571 1466.133498609066 156.97415731847286 449.37531355768442
leaf_count=3635 1351 15520 37542 98931 11394 2206 20558 74991 18145 18532 12960 20424 39064 20817 112 53995 11201 32563 12304 94743 12879 7552 58509 21012 57206 5968 5234 10521 10980 14357 30489 1274 143 28543 15690 157 3345 6555 11198 54658 1872 11310 1436 489 33187 7556 426 3395 24152 12174 11534 564 22648 358 166 465 3631 1077 538 11817 53912 5365 4470 9641 23103 56602 2361 3956 18068 11465 44141 164 3933 13429 69162 21494 8170 9940 92115 659 3927 59861 8057 22382 4158 218 83 293 4464 1680 2051 16051 10098 20735 6813 29816 2189 8299 7790 59989 16640 27421 112 66 11414 640 1863 370 16955 9536 174 5534 1056 150 3658 1467 4029 6718 221 34266 83558 967 9432 11722 1234 3483
internal_value=2.12233e-05 0.0014421 -0.0025553 0.000622215 0.000460109 0.000734341 0.00382218 -0.00146561 -0.00352439 -0.00175054 -0.00386127 -0.00425979 0.000171778 -0.000270085 0.00329184 0.00382996 -0.000975579 -0.00256015 0.00161973 -0.000475692 -0.00110814 -0.00392859 -0.0041822 0.0014316 0.00125232 0.00574139 -0.00142507 0.00215703 0.000931664 -0.00247065 -0.00143192 0.00149069 0.00853987 0.00440292 0.000689693 -0.000712389 -0.000832611 0.000540991 -0.00150169 0.00126217 0.00514686 -0.00181292 0.00238689 0.00127272 -0.00106466 -6.33408e-05 -0.00111331 -0.00153626 0.00375349 0.00383946 0.00403799 -0.00630273 -0.00736051 0.0110024 0.0170683 0.00414137 -0.00212297 -0.00251656 -0.00827599 -0.00163372 -0.00123136 -0.00169172 0.000150323 0.00168803 -0.00310651 0.000282729 0.00380237 0.000786925 0.00147409 0.00321316 0.0053921 0.00726685 0.00526363 0.00565487 0.00205693 0.00320519 0.00155518 0.00840932 -0.00304763 0.00160239 0.00227888 0.00406044 0.00209533 0.000130653 -0.0010553 0.00151859 0.0091587 0.0165195 0.00138373 0.000956802 -0.00389657 -0.00366562 -0.000372101 0.000646285 -0.000747631 0.000905739 0.000815579 -0.0014359 0.00689827 -0.0039023 -0.004442 -0.00303402 0.00586261 0.00194443 -0.00372714 -0.000524114 -0.0018608 -0.00146096 -0.0012822 0.00116583 0.00653111 0.00274384 0.00445395 0.00613414 0.00176099 0.00329914 0.000678416 0.0047346 -0.00560039 0.00107073 0.00127259 0.00304126 -0.000497485 0.000539875 -0.000530752 -0.00105527
internal_weight=262595 169256 93339.1 125891 119696 101882 43365 43937.7 49401.4 40056 42569.1 32585.4 62299.6 39392.7 33978.8 23046.9 19295 9983.64 39582.1 36564.4 17814.3 28042.6 25039.5 36491.5 33827.3 9386.18 6832.35 10932 22906.9 20761.1 7415.81 8074.04 240.888 16284.8 19909 17885.7 3613.41 2238.8 15186.8 19293.5 7678.4 3003.1 2828.3 7833.15 20581.9 6590.94 4458.62 13991 6195.17 3090.69 2857.94 4542.83 2917.28 218.792 115.259 103.533 5552.9 5063.55 253.948 2424.35 13778.7 10335.5 3443.17 1792.44 3592.33 15982.4 11008.9 868.505 3881.65 1621.76 7360.33 1805.58 2480.25 5275.98 13918.3 4230.14 9688.18 1707.78 13345.3 1279.44 1191.02 10140.3 1539.55 8411.85 3324.07 7478.36 128.418 85.1448 7349.95 1226.25 354.786 17642.3 8889.1 3984.83 1684.58 5087.78 5060.59 1326.35 1759.26 15607 9621.37 5985.61 1399.37 489.351 5525.02 318.07 12100.1 9473.9 4400.37 2627.57 313.3 3714.92 554.217 1380.32 6649.74 2058.18 729.142 1329.04 220.068 4591.56 12595.6 1386.49 5058.9 1890.92 2053.54 1896.56
internal_count=2079843 1339509 740334 999864 950725 809227 339645 349372 390962 318488 338288 258785 496340 314002 265495 182703 153563 79503 312887 291749 141498 222613 199034 288596 267584 74150 52674 82792 182338 164925 58453 60475 1244 128708 156454 142362 28749 17769 120568 153589 60575 23579 22253 59231 164283 52560 35526 111723 49139 24291 22317 36172 23212 1101 524 577 42854 39157 1615 19373 109370 82380 26990 14111 28468 127466 86736 6317 30884 12816 58063 13922 19453 41972 111130 33798 77332 13575 106472 9820 9161 80419 12117 67001 26540 56691 594 376 56097 9737 2540 140525 70864 31800 13368 40461 40304 10488 13758 124474 76629 47845 10783 3697 43977 2512 96606 75361 35100 20930 2380 29686 4401 10671 51633 16093 5717 10376 1688 35540 99248 11065 39921 15117 16027 14793
is_linear=0
shrinkage=0.02


Tree=6
num_leaves=127
num_cat=0
split_feature=10 10 10 8 53 8 12 16 8 51 53 6 9 29 14 16 26 40 6 52 50 39 12 10 26 39 6 33 33 2 9 37 1 39 55 18 17 12 15 16 29 38 26 29 52 48 2 44 10 55 15 8 10 38 4 33 44 47 47 39 28 39 47 9 48 33 5 9 32 16 47 38 41 49 52 29 10 39 55 47 19 15 39 13 39 48 39 4 28 7 17 4 51 29 53 52 42 54 33 16 44 12 15 48 4 18 16 49 6 2 29 6 28 33 6 38 26 18 6 56 33 5 42 29 28 40
split_gain=2327.41 730.778 266.652 141.232 110.879 107.848 105.223 93.5214 72.6218 69.7858 65.9354 64.3564 48.5883 47.4036 47.2925 43.2217 43.0574 66.1966 41.9025 36.3457 35.5107 34.4307 33.3734 39.179 32.0043 31.9924 30.4599 30.337 29.3315 29.0696 28.873 28.1272 27.9886 27.8319 27.4998 27.4372 27.6959 27.0796 26.3454 24.8894 23.6037 27.8436 23.2323 28.8301 26.6005 23.1311 23.1049 22.7547 22.4105 22.0967 22.0884 21.7521 21.6254 25.6528 23.2206 27.9681 23.8955 21.4982 21.4409 42.8754 25.1071 21.5673 24.0849 21.3689 21.0563 21.0309 20.7194 19.9792 19.8795 19.7032 19.7017 24.7865 19.1021 18.9897 18.9254 18.8909 18.8175 22.7327 18.4883 18.4831 18.3861 18.207 18.117 19.9231 20.0632 17.9824 17.9759 17.7203 17.7083 17.5964 24.5453 17.9779 17.5906 17.3951 17.2498 17.214 17.1455 16.9155 20.7775 16.9145 16.8595 16.8128 16.6439 16.6258 16.5273 16.421 16.4195 21.1276 16.5046 16.4007 16.619 16.3937 19.0828 16.1845 16.0913 16.0403 16.0367 21.1222 18.0242 16.0142 28.0427 25.7366 15.9448 15.8552 21.7885 16.547
threshold=0.55170243978500377 -1.3436454534530637 1.2979111075401308 -1.5632946491241453 0.50935938954353344 -0.98715943098068226 0.10156821459531785 -0.36513507366180414 1.5148465633392336 1.161639988422394 0.65398645401000988 0.55023965239524852 1.8840572237968447 -1.3413369655609129 -0.60546696186065663 -0.31682252883911127 -0.12940952181816107 -0.3415063470602035 2.4587911367416386 0.52759900689125072 0.4754220992326737 0.98020833730697643 0.84551611542701732 2.8704124689102177 -0.91597560048103321 0.94479167461395275 2.1187956333160405 -0.044020554050803178 -0.0021852600621059533 0.0065614026971161374 -1.7235445380210874 0.94146466255187999 -0.0012849477934651075 0.042708333581686027 0.15617197751998904 0.77809095382690441 4.3918132781982431 0.3256185799837113 0.35802721977233892 -0.51054358482360829 0.69521069526672374 -0.0070447411853820077 1.0000000180025095e-35 6.4864814281463632 -0.85390424728393544 0.017327206209301952 -0.00056112656602635969 0.015609126072376968 -1.7213626503944395 0.056588111445307739 0.57744383811950695 0.66272285580635082 -2.4700924158096309 -0.24182005226612088 0.15772525966167453 -0.006420343415811657 -0.0028524221852421756 0.055111207067966468 -0.0056151300668716422 0.063541665673255934 1.0000000180025095e-35 0.50937500596046459 -0.010550234001129864 1.230158865451813 0.082287549972534194 -0.029650273732841011 0.081819567829370513 0.5070958435535432 0.057888556271791465 -0.094720721244811998 -0.0016093846643343566 0.014506033621728422 -0.0012543681659735737 -0.78767311573028553 -0.134363017976284 -0.34174025058746332 -0.41680239140987391 0.21354167163372043 0.032522290945053108 0.025823216885328296 2.1638586521148686 2.5672078132629399 0.54687500000000011 0.71497231721878063 0.33854167163372045 -0.12485783174633978 0.82187500596046459 0.11905814334750177 0.81174489855766307 -0.26761026680469507 3.4693002700805669 0.46942597627639776 -0.87573510408401478 -6.1619043350219718 0.92366477847099315 0.049642033874988563 0.0057698728051036605 0.47786283493041998 0.06190797500312329 -0.10824501514434813 0.0012267482816241684 0.42573666572570806 0.13739466667175296 0.020233943127095703 0.09490429982542993 0.32022173702716833 -0.43682157993316645 -0.41148343682289118 -1.9864438176155088 0.0062508911360055217 3.7645518779754643 -1.9367661476135252 0.81174489855766307 0.0066911149770021447 1.3645646572113039 0.097808297723531737 0.78656607866287243 0.064891945570707335 -0.49383533000946039 -0.083350662142038331 0.06190797500312329 0.2451518848538399 0.0050882992800325164 1.3059198856353762 0.81174489855766307 0.46650633215904241
decision_type=2 2 2 2 2 2 2 2 2 2 2 2 2 2 2 2 2 2 2 2 2 2 2 2 2 2 2 2 2 2 2 2 2 2 2 2 2 2 2 2 2 2 2 2 2 2 2 2 2 2 2 2 2 2 2 2 2 2 2 2 2 2 2 2 2 2 2 2 2 2 2 2 2 2 2 2 2 2 2 2 2 2 2 2 2 2 2 2 2 2 2 2 2 2 2 2 2 2 2 2 2 2 2 2 2 2 2 2 2 2 2 2 2 2 2 2 2 2 2 2 2 2 2 2 2 2
left_child=1 6 5 15 8 39 24 18 16 19 12 95 42 35 20 30 37 31 57 93 40 26 82 25 119 102 28 -13 106 -25 81 85 34 -15 58 36 38 49 -8 74 41 50 44 70 -7 68 -22 63 -35 -5 -6 97 53 -26 56 -56 -54 -4 59 -19 86 62 -62 -48 104 -40 -23 96 -33 -17 -44 -72 -38 -57 -2 94 79 105 -39 -16 -60 -3 83 84 -11 -18 92 -65 -31 90 -46 -91 -61 -9 -43 -10 -36 98 123 -79 -95 -50 -24 -55 -20 -78 107 -12 -108 110 -34 -104 -113 -90 -14 -77 117 -114 -118 120 -1 -121 -85 124 125 -51
right_child=2 3 7 4 14 10 13 9 11 22 21 27 114 33 76 69 17 32 64 -21 46 66 23 29 52 -27 -28 -29 -30 88 -32 45 109 48 67 -37 72 78 65 -41 -42 75 43 -45 89 -47 47 -49 101 51 -52 -53 54 103 55 73 -58 -59 80 60 61 -63 -64 87 -66 -67 -68 -69 -70 -71 71 -73 -74 -75 -76 115 77 99 -80 -81 -82 -83 -84 122 -86 -87 -88 -89 113 91 -92 -93 -94 100 -96 -97 -98 -99 -100 -101 -102 -103 111 -105 -106 -107 108 -109 -110 -111 -112 112 116 -115 -116 -117 118 -119 -120 121 -122 -123 -124 -125 -126 -127
leaf_value=0.0087445250770690017 -0.0026832335786190187 0.0040926606740578015 -0.0018196164906464115 0.002761819460664749 0.005552704319429079 0.0018953837190820869 0.0035094171869310092 0.01190777522807486 -0.00033414269649137201 -0.00024378868017604124 0.0015713897908668473 0.026403770813426933 -0.0037873999159641048 0.0062089994518733363 -0.00058159786367613375 0.0010035347315914887 -0.01916442166690387 0.0099961718659264138 -0.005290526963278629 -0.0036165623586988226 0.00062540464168270977 0.00014301117285115872 0.0080277688231915872 -0.0052054349099376271 0.015946787349142046 -0.00094182867591245678 0.00033109375278073019 -0.004020781179352402 -0.0035348683953484077 -0.0019732671097500878 0.0023647337995520231 0.0035608309513263116 0.00044033328359484921 0.0039490231524990449 -0.00031897341132356739 -0.003591394274599416 0.025350433042904789 -0.0016169875087346352 -0.0067698698324035458 0.00019289927435480454 0.00155538987496512 -0.0017480650581361697 0.00046185514911122017 0.0081229565022145119 -0.0038563262385855114 0.0086982329546748775 -0.0010801844367395474 -0.0099816664353160247 0.002733130071902345 0.0018088031752589726 0.00046802165775303514 -0.0021740040796513881 0.0053695000451969887 0.0051042291629260937 -0.010732984494655486 0.0032165616393980932 0.00314641385413517 -0.0066723569007650588 0.0021864262690846421 0.0020591749260411921 -0.0026665287658095486 0.0027496663730224441 0.0029538400582836489 -0.0036395712541470592 -0.0090145657722464807 0.001276979139294285 0.011633500768547231 -0.0039197441911657197 0.014292069358109519 -0.0055789055405812051 0.00013685888093369495 -0.003021180480991047 0.0045468236318719117 -0.0047510398758932601 0.0036514741251727624 -0.0030588051329161255 -0.002417677137446738 -0.00082948484613433763 0.00027723784306856863 0.005079060650595363 0.00025154753714793596 0.0085916803604869207 -0.0019443935711280867 -0.0050756643266427637 -0.0050849762797752565 0.0019987550644651776 -0.001431696006496172 -0.012924550365458498 0.0045043557338903641 -0.0015008623079859052 -0.022113023018429739 0.013038216687689959 0.0052138365143474495 -0.00058670947856497414 0.003452936619854398 0.0029720900406313452 0.0050995874444905607 0.012173666821716301 -0.01111896538410145 -0.0032310369718993089 -0.0028018761824055573 -0.0023949804842404564 -0.002228749512458713 0.0089813893460402115 0.0024167827637984855 -0.0057158729997314004 0.0025750783387355871 -0.0019205897615665378 -0.0026940605597106054 -0.0018517308560001497 0.0073742793205814903 -0.0056077904506003674 -0.0019446403667526088 -0.012623352850159482 -0.010900516769054536 0.0057628237100198019 -0.0050182740481572582 -0.0061700034501391658 0.0018187100821207593 0.0063749768110175969 0.029738251379211076 -0.0086889207582509214 -0.0012996242364251367 0.0037916412657665361 -0.0026817059540163663 -0.0021837038621204418
leaf_weight=874.33688267320395 208.37677373737097 3508.1422511190176 4704.2320668920875 3046.3246625587344 424.18344829231501 897.78940718621016 2612.3361175060272 38.261439740657806 3028.8352789878845 988.59574458003044 1007.3479767069221 12.191117852926252 1292.8475072830915 1369.3719502985477 3500.5833090096712 3373.0480193346739 15.127614751458166 310.21985568851233 118.91521666944027 5599.1256319582462 2037.600170597434 157.03127694875002 37.121934548020363 1104.8200501203537 96.696426339447498 737.90034817904234 1376.7819529920816 2338.6130499392748 9809.1947088092566 1677.8847530856729 6251.3307655006647 3407.3366468176246 9659.593337200582 9645.4634806513786 1471.7016615644097 372.84324370324612 32.531602196395397 2317.0707888826728 131.90610822290182 2980.0159365832806 6512.440753698349 543.94916540384293 6901.197450697422 168.64735822379589 751.03320566564798 430.24072390794754 3405.6417047977448 136.34869109094143 9843.6297578141093 3262.0577506944537 1745.4569156244397 909.46848484128714 4781.4990714117885 3799.6231937631965 69.780442208051682 969.00581645220518 3262.693633556366 395.34887906908989 3815.2842520549893 1150.2099298462272 918.30293004214764 1359.7305388972163 455.3241755887866 514.4576730504632 73.359221987426281 5746.0841907560825 103.80074542760849 520.53094880282879 69.675887115299702 191.23771914094687 2182.0735769495368 1824.0349132567644 38.73044142127037 135.49949887394905 1912.4006979614496 1863.6800010055304 2237.5413562357426 6311.9154530391097 18586.616236872971 245.99024302512407 4051.7079672366381 401.74150843173265 2906.0741572082043 3621.8620371595025 523.34034304320812 3808.2217579111457 263.97147028893232 97.423428311944008 289.12703041732311 8311.6807547807693 29.755436107516289 33.155248157680035 1847.7484166026115 3533.8902195319533 478.41769148409367 794.14800266176462 276.57804404944181 54.353323698043823 54.465468920767307 1440.9385839775205 2250.2710323557258 261.61486662179232 709.58645575493574 503.26330959796906 1545.3936435952783 828.88639222830534 244.60272397100925 2214.6447366327047 7518.1230028644204 1298.0299686938524 139.29905823618174 15317.646798178554 745.56445611268282 22.899976924061775 140.7933232113719 85.286065153777599 260.99921761453152 1304.454118706286 373.8602574467659 834.64819845557213 25.469233721494675 47.068379178643227 512.09744840115309 790.78663451224566 643.10012075304985 474.6984331458807
leaf_count=6860 1631 27878 36477 24358 3392 7117 20682 289 24102 7881 7945 26 10260 10795 27999 26974 88 2466 949 44579 16221 1255 297 8763 462 5868 10909 18457 78110 13043 49483 26997 77076 76650 11177 2710 93 18536 869 23826 51666 4311 54858 1306 5980 3423 27070 1043 78350 25835 13837 7182 37991 29476 444 6961 26035 2966 30450 9168 7292 10839 3636 4104 530 43726 825 4013 460 1530 17425 14567 146 1006 15132 14878 17872 50436 147272 1968 32349 3095 23199 28906 4182 30272 2102 764 2262 66124 171 170 14749 28150 3811 6322 2026 309 385 11524 17919 2069 5654 3959 11773 6627 1954 17471 59975 10278 1109 121660 5925 183 1105 668 2079 10336 2908 6621 95 252 4055 6277 5039 3760
internal_value=-7.85462e-07 0.00146912 -0.00241233 0.000637401 0.000385703 -0.00138366 0.00362304 -0.00345495 0.000825144 -0.00380379 -0.00169631 -0.00124813 -0.000932039 0.00293397 -0.000584801 0.00254417 0.00102087 0.00149523 -0.00128333 -0.00246604 0.000105383 -0.00246393 -0.00429442 -0.00469763 0.00496752 -0.00502972 -0.00254901 -0.00385142 -0.00273976 -0.00260521 0.00320885 0.00313056 0.00103603 0.00345065 0.00155984 0.00171223 0.0019437 0.0004657 0.0018384 0.00137206 0.00075573 -0.000257168 -0.000689781 -5.83313e-05 -0.00138736 0.00432409 -0.00111845 -0.00197404 0.00325905 0.00136757 0.00146468 0.000680799 0.00463686 0.005792 0.00408488 0.00145487 0.00446845 -0.00219726 0.0018871 0.0027561 0.0023797 0.000964803 -0.000801991 -0.00169961 0.00139795 0.00109511 0.00474655 -0.000483955 0.00378021 0.000648615 -0.000185654 -0.00130118 0.014277 0.00223479 0.00302762 -0.00151485 -0.00143037 -0.00185337 6.71571e-05 -0.000208411 0.0011902 0.00455727 -0.0032292 -0.00388989 -0.00192243 0.00190977 0.00356436 -0.00513823 -0.00115914 -0.0017106 -0.00458075 -0.00144142 0.00400493 -0.00135903 0.000685768 0.000352997 0.000540097 0.00117309 0.00105616 -0.00127632 -0.00144901 0.00260005 -0.00519049 0.00555991 0.00186265 -0.00331111 -0.0020294 -0.000828372 -0.00252759 0.000259781 0.000539749 -0.0052172 -0.0053348 0.00320783 -0.00449376 -0.0026695 -0.00377548 -0.00463548 -0.000993964 0.00749058 0.00937222 0.00556076 -0.00460857 0.00118673 0.000715421 0.0013009
internal_weight=262630 163172 99458 117718 103992 50065.3 45454.1 49392.6 71581.6 42555.4 44964.5 6173.79 22533 30054.5 32410.7 13725.5 65407.8 35268.8 6837.25 11421.5 17844.9 22431.5 31133.8 22581.9 15399.6 19487.1 22170.7 2350.8 20793.9 3094.73 10161.2 7730.6 27538.2 21120.1 16441.3 8934.43 8561.59 30138.9 8490.33 5100.79 11653.4 5140.97 21099.4 11076 10023.4 3907.25 6191.47 4153.87 19750.7 9235.25 2169.64 6188.93 13618.1 4399.58 9218.48 1174.29 8044.19 5099.58 14172.5 6305.51 5995.29 2733.36 1373.63 4017.52 1737.67 5877.99 260.832 2268.81 3477.01 3564.29 10907.3 4006.11 71.262 1104.51 2120.78 2971.33 14565.9 10819.3 20903.7 3746.57 7866.99 3909.88 8551.97 5645.9 1511.94 3823.35 3261.93 611.881 1989.91 9125.62 780.789 8344.84 2997.96 5822.42 1022.37 3822.98 1748.28 5279.46 5225.11 7752.85 5784.16 10105.2 18749.2 4302.89 1664.31 3066.43 10984.7 3221.99 7762.73 11096.9 9798.89 18712.1 18002.5 312.027 1433.64 1948.97 2684.88 2050.02 634.859 1781.52 899.806 881.717 4133.96 5170.64 4379.86 3736.76
internal_count=2080182 1291233 788949 934981 826021 398116 356252 390833 567830 338138 357527 48907 179083 236090 258191 108960 518923 279970 52695 90937 141765 178444 247201 178978 120162 154727 176364 18483 165455 24251 80456 61240 218730 167864 130267 68226 65516 238953 65277 40589 92563 40897 167718 88156 79562 30880 49202 32981 157069 73145 17229 48787 106334 33897 72437 8411 64026 39443 113051 50252 47786 21767 10928 31938 13252 44595 2080 17216 27457 28504 86850 31992 239 7967 16763 23668 116426 86459 165808 29967 62799 30973 68223 45024 12063 30360 26019 4868 15488 72445 6151 66294 23917 46358 8122 30424 13203 41605 41296 61960 46069 80419 148859 33435 12722 24499 87345 25416 61929 88463 78185 148562 142908 2445 11365 15546 21248 16261 4987 13828 6955 6873 32961 40911 34634 29595
is_linear=0
shrinkage=0.02


end of trees

feature_importances:
Column_39=44
Column_29=42
Column_26=38
Column_53=36
Column_38=34
Column_4=32
Column_10=32
Column_9=30
Column_8=27
Column_47=26
Column_27=23
Column_6=22
Column_13=21
Column_18=21
Column_55=20
Column_16=19
Column_48=19
Column_52=19
Column_14=18
Column_15=18
Column_40=17
Column_2=16
Column_33=16
Column_43=16
Column_51=16
Column_19=15
Column_45=15
Column_1=14
Column_24=14
Column_32=14
Column_54=14
Column_12=13
Column_17=13
Column_34=12
Column_46=11
Column_5=9
Column_23=9
Column_25=9
Column_44=9
Column_49=9
Column_20=8
Column_56=8
Column_3=7
Column_21=7
Column_28=7
Column_42=7
Column_0=5
Column_22=5
Column_37=5
Column_57=5
Column_7=4
Column_31=4
Column_11=3
Column_50=3
Column_35=1
Column_41=1

parameters:
[boosting: gbdt]
[objective: binary]
[metric: auc]
[tree_learner: serial]
[device_type: cpu]
[data_sample_strategy: bagging]
[data: ]
[valid: ]
[num_iterations: 5000]
[learning_rate: 0.02]
[num_leaves: 127]
[num_threads: 3]
[seed: 70]
[deterministic: 0]
[force_col_wise: 0]
[force_row_wise: 0]
[histogram_pool_size: -1]
[max_depth: -1]
[min_data_in_leaf: 100]
[min_sum_hessian_in_leaf: 0.001]
[bagging_fraction: 0.8]
[pos_bagging_fraction: 1]
[neg_bagging_fraction: 1]
[bagging_freq: 2]
[bagging_seed: 6444]
[bagging_by_query: 0]
[feature_fraction: 0.8]
[feature_fraction_bynode: 1]
[feature_fraction_seed: 15701]
[extra_trees: 0]
[extra_seed: 24524]
[early_stopping_round: 0]
[early_stopping_min_delta: 0]
[first_metric_only: 0]
[max_delta_step: 0]
[lambda_l1: 0.05]
[lambda_l2: 1]
[linear_lambda: 0]
[min_gain_to_split: 0]
[drop_rate: 0.1]
[max_drop: 50]
[skip_drop: 0.5]
[xgboost_dart_mode: 0]
[uniform_drop: 0]
[drop_seed: 26546]
[top_rate: 0.2]
[other_rate: 0.1]
[min_data_per_group: 100]
[max_cat_threshold: 32]
[cat_l2: 10]
[cat_smooth: 10]
[max_cat_to_onehot: 4]
[top_k: 20]
[monotone_constraints: ]
[monotone_constraints_method: basic]
[monotone_penalty: 0]
[feature_contri: ]
[forcedsplits_filename: ]
[refit_decay_rate: 0.9]
[cegb_tradeoff: 1]
[cegb_penalty_split: 0]
[cegb_penalty_feature_lazy: ]
[cegb_penalty_feature_coupled: ]
[path_smooth: 0]
[interaction_constraints: ]
[verbosity: -1]
[saved_feature_importance_type: 0]
[use_quantized_grad: 0]
[num_grad_quant_bins: 4]
[quant_train_renew_leaf: 0]
[stochastic_rounding: 1]
[linear_tree: 0]
[max_bin: 255]
[max_bin_by_feature: ]
[min_data_in_bin: 3]
[bin_construct_sample_cnt: 200000]
[data_random_seed: 267]
[is_enable_sparse: 1]
[enable_bundle: 1]
[use_missing: 1]
[zero_as_missing: 0]
[feature_pre_filter: 1]
[pre_partition: 0]
[two_round: 0]
[header: 0]
[label_column: ]
[weight_column: ]
[group_column: ]
[ignore_column: ]
[categorical_feature: ]
[forcedbins_filename: ]
[precise_float_parser: 0]
[parser_config_file: ]
[objective_seed: 9979]
[num_class: 1]
[is_unbalance: 0]
[scale_pos_weight: 1]
[sigmoid: 1]
[boost_from_average: 1]
[reg_sqrt: 0]
[alpha: 0.9]
[fair_c: 1]
[poisson_max_delta_step: 0.7]
[tweedie_variance_power: 1.5]
[lambdarank_truncation_level: 30]
[lambdarank_norm: 1]
[label_gain: ]
[lambdarank_position_bias_regularization: 0]
[eval_at: ]
[multi_error_top_k: 1]
[auc_mu_weights: ]
[num_machines: 1]
[local_listen_port: 12400]
[time_out: 120]
[machine_list_filename: ]
[machines: ]
[gpu_platform_id: -1]
[gpu_device_id: -1]
[gpu_device_id_list: ]
[gpu_use_dp: 0]
[num_gpu: 1]

end of parameters

pandas_categorical:null
