tree
version=v4
num_class=1
num_tree_per_iteration=1
label_index=0
max_feature_idx=57
objective=binary sigmoid:1
feature_names=Column_0 Column_1 Column_2 Column_3 Column_4 Column_5 Column_6 Column_7 Column_8 Column_9 Column_10 Column_11 Column_12 Column_13 Column_14 Column_15 Column_16 Column_17 Column_18 Column_19 Column_20 Column_21 Column_22 Column_23 Column_24 Column_25 Column_26 Column_27 Column_28 Column_29 Column_30 Column_31 Column_32 Column_33 Column_34 Column_35 Column_36 Column_37 Column_38 Column_39 Column_40 Column_41 Column_42 Column_43 Column_44 Column_45 Column_46 Column_47 Column_48 Column_49 Column_50 Column_51 Column_52 Column_53 Column_54 Column_55 Column_56 Column_57
feature_infos=[-0.090581655502319336:0.23015248775482178] [-0.23143486678600311:0.27632090449333191] [-0.35913670063018799:0.26929402351379395] [-17.619436264038086:32.780982971191406] [0.00062902818899601698:3.6177206039428711] [0.0019179142545908689:3.2312831878662109] [-5.2868804931640625:13.255656242370605] [-0.85181427001953125:0.42635080218315125] [-5.0744380950927734:4.8916125297546387] [-7.0141615867614746:6.3801178932189941] [-8.26885986328125:8.3988237380981445] [0:1] [0:1] [0:1] [-31.175333023071289:0] [0:49.244190216064453] [-18.143390655517578:0] [0:35.333335876464844] [-7.3343977928161621:7.3435153961181641] [0.54079848527908325:85.640998840332031] [0.17170104384422302:4.8739838600158691] [0.15451580286026001:5.7173070907592773] [-0.72070777416229248:0.64699035882949829] [-0.69353395700454712:0.58349251747131348] [-3247941.75:3393648.5] [-1:1] [-1:1] [-0.97492790222167969:0.97492790222167969] [-0.90096884965896606:1] [-45.753044128417969:28.301227569580078] [0:0.2800000011920929] [0.059999998658895493:1] [0:0.35913670063018799] [-0.51758527755737305:0.26861998438835144] [0:0.24166665971279144] [0:0.80000001192092896] [0:1] [0:3] [-1.4353095293045044:1.8392677307128906] [0:0.99791663885116577] [-0.49999997019767761:0.49999997019767761] [-0.07590041309595108:0.079598955810070038] [-0.14540210366249084:0.1784176230430603] [-0.15907551348209381:0.25869593024253845] [-0.22138650715351105:0.26677224040031433] [-0.24205157160758972:0.33450198173522949] [-0.36367103457450867:0.29993969202041626] [-0.41507646441459656:0.34819319844245911] [-0.58164894580841064:0.28811576962471008] [-5.1632986068725586:4.944343090057373] [-6.9108772277832031:6.8061113357543945] [-8.4817972183227539:7.4421753883361816] [-10.734752655029297:8.0791530609130859] [-12.525835037231445:10.217194557189941] [0.0018692912999540567:3.239652156829834] [0.0038777168374508619:1.8896975517272949] [-0.74399197101593018:0.6781277060508728] [-0.67717641592025757:0.5839267373085022]
tree_sizes=14176 14422 14407 14447 14434 14396 14446 14392 14496 14421 14458 14399 14487 14482 14492 14430 14450 14436 14385

Tree=0
num_leaves=127
num_cat=0
split_feature=10 10 10 8 9 12 50 8 9 12 14 2 2 5 27 45 6 27 14 52 29 6 27 29 15 26 47 29 25 7 12 13 9 10 13 40 13 18 26 26 51 12 14 10 38 4 47 44 55 44 34 38 42 55 40 52 14 47 47 33 33 13 40 52 27 26 19 15 21 55 45 32 38 38 42 52 0 37 18 5 1 38 54 20 26 15 0 52 40 40 8 29 38 45 18 32 19 44 27 26 19 1 38 23 27 38 29 56 25 50 38 18 47 5 29 55 28 18 34 41 8 38 5 47 45 5
split_gain=2989.03 755.111 626.717 192.914 169.784 136.778 125.187 103.37 97.8617 88.5449 82.2137 72.6201 72.0059 65.7555 59.8676 59.2809 53.0018 50.0489 47.0253 43.3992 42.4852 40.9537 40.3678 39.5955 38.3142 36.9803 50.6766 47.1056 32.292 32.2502 30.8461 29.856 29.7136 28.8321 33.1776 28.42 28.2419 28.223 29.4756 27.9404 27.4129 27.0744 26.9142 26.4645 28.6251 24.9188 23.0839 22.6043 22.4499 28.3189 24.5426 22.0309 21.5732 21.2541 21.0598 20.7925 20.7338 24.1907 20.667 22.0244 20.6308 20.5967 24.0764 20.386 20.3415 20.3143 20.3083 36.4012 20.2693 20.6034 20.2547 20.2532 20.904 20.2014 20.0979 20.0021 19.9748 19.8812 19.8722 19.7853 19.5726 23.1376 22.8397 19.3283 19.2979 19.0646 24.486 19.0215 18.778 18.6679 18.6395 18.5544 35.7399 19.7763 18.4613 18.4387 18.2639 18.2483 18.1095 18.0874 18.0552 18.099 17.9284 17.8533 18.8283 17.806 17.5928 21.246 17.5846 17.3227 17.2248 20.3853 35.3788 30.0558 20.1278 19.876 19.0899 18.361 17.7308 17.2047 17.1614 17.1018 16.9576 16.9033 16.8236 16.768
threshold=0.050772771239280708 -1.3800229430198667 1.1227725744247439 -1.3375423550605772 -1.7417897582054136 0.10223540663719179 1.0902124643325808 1.1934105753898623 1.5160015821456911 0.88993409276008617 -0.39394199848175043 -0.0023978470126166935 0.0036295866593718533 0.083070252090692534 -0.87837970256805409 0.0067515368573367604 2.4239131212234502 -0.87837970256805409 -0.51192641258239735 1.4090154170989992 4.2008876800537118 0.46647436916828161 -0.87837970256805409 1.3835072517395022 0.62231421470642101 0.12940952181816107 0.0024984613992273812 5.5538833141326913 -0.37940952181816096 0.26016734540462499 0.242558129131794 0.74889984726905834 2.3311461210250859 2.8780215978622441 0.8715883493423463 -1.0000000180025095e-35 0.14054433256387713 0.68869787454605114 0.98296290636062633 0.37940952181816107 1.862223267555237 0.13618805259466174 -0.1109868288040161 -2.3989293575286861 -0.30225843191146845 0.27384214103221899 -0.030038099735975262 0.022151655517518524 0.17333314567804339 -0.0035852829460054632 0.12083333358168603 9.0780822296428658e-18 0.0014576297253370287 0.052622614428401 -0.3415063470602035 -2.3771699666976924 -7.2276027202606192 -0.041931552812457078 -0.0092832194641232473 -0.012158292345702646 -0.039041480049490922 0.22060972452163699 0.46650633215904241 0.89840126037597667 -0.60785761475563038 -0.6035533845424651 1.3828786015510561 5.3510189056396493 0.95482537150383007 0.081325490027666106 -0.047018274664878838 0.0072155117522925147 0.23790342360734942 0.01283681206405163 9.8106629593530683e-05 -0.69362378120422352 0.016213236376643184 1.4583344459533694 0.48376928269863134 0.12835939973592761 -0.0022372878156602378 0.15059255063533786 0.14999570697546008 0.47703813016414648 0.91597560048103344 8.5442423820495623 0.0088143562898039835 1.4280319809913637 0.12500000000000011 0.34150634706020361 -0.86694487929344166 7.5329601764678964 -0.20701614022254941 -0.0073313361499458543 0.81616476178169262 0.00031094619771465665 1.6447432637214663 -0.0029626227915287013 -0.87837970256805409 0.98296290636062633 1.0952942967414858 0.0055195672903209933 -0.010474386624991892 -0.033293200656771653 -1.0000000180025095e-35 -0.30225843191146845 0.60773491859436046 -0.09202099964022635 0.60355338454246532 1.1525005698204043 0.15059255063533786 -0.82697126269340504 -0.034253500401973717 0.46388436853885656 -5.7211222648620597 0.44823849201202398 0.81174489855766307 -2.6346576213836665 0.054166667163372047 -0.00072527080192230631 1.7852427363395693 -0.017927414737641808 0.46388436853885656 0.00029273268592078244 0.0001493412128183991 0.46388436853885656
decision_type=2 2 2 2 2 2 2 2 2 2 2 2 2 2 2 2 2 2 2 2 2 2 2 2 2 2 2 2 2 2 2 2 2 2 2 2 2 2 2 2 2 2 2 2 2 2 2 2 2 2 2 2 2 2 2 2 2 2 2 2 2 2 2 2 2 2 2 2 2 2 2 2 2 2 2 2 2 2 2 2 2 2 2 2 2 2 2 2 2 2 2 2 2 2 2 2 2 2 2 2 2 2 2 2 2 2 2 2 2 2 2 2 2 2 2 2 2 2 2 2 2 2 2 2 2 2
left_child=1 5 3 15 84 14 10 11 12 17 16 24 25 36 78 -2 75 51 35 20 28 123 65 37 54 70 56 52 45 119 -30 -12 63 40 -35 109 98 38 66 90 94 -26 80 44 122 96 -47 -21 49 -45 95 -8 102 -34 77 -52 -27 -58 -20 -60 -23 62 -56 -33 -38 -11 -15 110 -40 -70 -5 -46 -73 -10 -62 -4 105 -6 -1 124 82 -82 -32 -81 -3 86 -36 -67 -69 -43 -37 93 -93 -25 -24 -50 -13 -66 -7 120 -17 -102 -28 -85 -105 -77 107 -63 -88 -14 115 112 116 114 -113 -68 118 -114 -112 -19 -76 -65 -16 -9 -72 -91
right_child=2 4 6 8 7 13 9 21 73 22 31 19 18 23 43 100 -18 29 58 47 -22 60 33 91 41 26 27 -29 30 -31 42 32 53 34 85 39 64 -39 68 -41 -42 89 -44 48 71 46 -48 -49 50 -51 55 -53 -54 -55 61 -57 57 -59 59 -61 74 106 -64 121 97 87 67 88 69 -71 79 72 -74 -75 99 76 -78 -79 -80 83 81 -83 -84 103 -86 -87 108 -89 -90 125 -92 92 -94 -95 -96 -97 -98 -99 -100 -101 101 -103 -104 104 -106 -107 -108 -109 -110 -111 111 113 117 -115 -116 -117 -118 -119 -120 -121 -122 -123 -124 -125 -126 -127
leaf_value=0.01963715657330671 0.011082684457428335 0.014796123512414865 0.011843467503052738 -0.010283871460854188 0.013188012469718423 0.018956284913524843 0.0056458766708078322 0.011048588986133017 0.0073782113484732684 -0.0008753848723954058 0.0086571299890281506 0.010049875584226783 0.010699607305039785 0.0051781475448176104 0.01923032277740977 0.0032951788463118021 0.013611096501191276 0.0084297879169996769 0.010052101157939902 0.0073533576545041814 0.013550358562056653 0.031280928068135663 0.0059677652412701357 0.018243170685466444 0.0017615089408224826 0.027786923030737022 0.0093493640209346956 0.019374771597746164 0.011463886306679355 0.0093851994300629439 0.011218786787517154 0.0071217347029243223 0.0048573261438375481 0.0012593642841901304 0.0064260091836526624 0.01196186673442803 0.015023319160518278 0.007569368304426078 0.011778626238374973 0.0064892489364309514 0.0037383486957652074 0.011529925592231696 0.0013179968993618004 0.016056284921993756 0.017685523547866976 0.018938825758999848 -0.0025785728338072883 -0.0081143770871960619 0.017495372170063313 0.013591003422009199 0.039295812109641712 0.0019929827096361562 0.010803908502183995 0.013093749186220398 0.013322376733665762 0.012137277825378384 0.0070643178203662581 0.011388551511041355 0.0097270901716398073 0.0068211037462626422 0.011918322583279361 0.012749853547394645 0.0098246059383478562 0.00651129744015251 0.014206618686651911 0.0059847321178816797 0.012203814249512151 0.012762934028689972 0.012882939882597045 0.022703620139729284 0.0096584896374987024 0.014833081709478613 0.028001936300630095 0.0050767585252852708 0.0073259148519264419 0.020087286798801351 0.023104574225174396 0.018474559102370676 0.012860185466746412 0.017556855535128601 0.0092831351560322788 0.021296195877237589 0.0062165193726950087 0.013866080318016893 0.011422272126503109 -0.0083731591770863263 0.0092015940875685206 0.0015908853696648666 0.034218748895423978 0.0097326881435798457 0.0085835963842788368 -0.010096374990469781 0.014373720870540001 0.013797461188245704 0.0028079421307871319 0.0089706974917050687 0.01182812458537707 0.012272505430519207 0.015212844951952759 0.012746107625173215 0.011705795709279902 0.016346995792496672 0.0065667768339482107 0.0060495427808567766 0.011063475079926497 0.0080594254682930799 0.013732572898057125 0.0102466037484399 0.016017537441649302 0.0073991152092360377 0.0042201783101760548 0.0018542666091407103 0.0035663041557231732 0.028468647357953951 0.012723787249830684 -0.0019379442457701547 0.0082370613884106079 0.019910947577082408 -0.016669590106493701 0.0064095331234312334 0.0041375140039511052 0.0045293706111666282 0.041029721470905514 0.0088639586482381506 0.0083251294711887708 0.017798753675792766
leaf_weight=1846.7799386382103 4828.4850192815065 5087.6964299678802 662.32317395508289 20.674063570797443 4284.6228514313698 619.68022384494543 1529.3967402204871 2856.216268889606 3712.9855154082179 638.49438983947039 2317.4769445583224 3090.5852679684758 4478.7369401752949 175.21945504844189 30.033945418894291 49.688034661114216 910.63887985795736 1942.6612714082003 1048.0815470144153 1244.2917312160134 1879.1818497031927 13.313942976295946 5734.1621729061007 707.70163364708424 124.82868080586195 29.081714749336243 1566.2105093598366 161.27507200837135 4771.2587858736515 1987.7699914425611 4509.0660293996334 3840.6088526695967 180.02813142538071 344.30641715973616 1256.4071465358138 800.85867644846439 3890.2064031735063 560.29568737745285 233.19296460598707 2320.9653358086944 6709.522827334702 10398.858890220523 152.37117636948824 4182.4597981646657 2278.4185072928667 24.664434671401978 90.52746994048357 38.046184092760086 121.44524684548378 3378.750467017293 21.436806552112103 1171.7926127612591 1168.9022007361054 406.12970066815615 5510.4618873819709 23.179305300116539 546.07123735547066 9546.5729608684778 1162.9928788244724 10212.080573238432 332.89196471124887 1863.8405766636133 917.58231195807457 2908.9311774820089 3956.9019850492477 660.40319906175137 8864.6248844563961 26.346939407289028 132.24917425960302 245.79933345317841 6151.0701938122511 2522.9375645816326 48.370015494525433 2599.0401093810797 2469.6108768507838 48.570495814085007 34.862906269729137 304.58521421253681 192.57732786983252 163.48100462555885 13521.843978635967 63.430868938565254 396.21862696111202 436.31565542519093 784.60710272192955 27.252052068710327 615.95161191374063 992.7574378028512 43.611659727990627 4017.890717536211 3522.4680302068591 32.234465532004833 83.805411897599697 930.39321356266737 851.90489695966244 591.80124904960394 9163.7458003461361 3865.367574185133 3210.4759613126516 192.008404918015 424.9703394472599 1633.9353048205376 2271.2104847356677 478.12571343779564 798.17030505090952 7179.5118206962943 1029.8632038906217 4977.122187718749 199.60804062336683 740.31151649355888 25.119432374835014 95.321289412677288 53.218022674322128 36.395298220217228 231.88767486810684 38.934531718492508 34.303117491304874 54.767415076494217 49.659647867083549 12979.626077115536 931.93136488646269 4386.2978570312262 28.811929903924465 2808.8607458248734 9851.6598913818598 104.80185762792826
leaf_count=14580 38493 40336 5226 92 34185 4948 12167 22719 29466 5074 18533 24667 35342 1332 137 389 7059 15337 8373 9920 14713 55 45384 5458 904 169 12506 1281 38044 15501 35985 30588 1440 2713 9995 6336 31053 4104 1804 18414 53010 81046 1219 33039 18103 158 652 247 927 26957 109 9341 9317 3163 43918 154 4234 76150 9270 81564 2647 14890 7327 23151 31573 5254 69047 127 1041 1884 49161 19208 222 20713 19558 338 180 2429 1507 1132 108004 484 3088 3410 6225 161 4695 7866 169 31694 27757 157 644 7351 6762 4071 73160 30890 25593 1501 3393 12885 18146 3718 6152 56847 8226 39772 1520 5843 186 605 392 132 1700 191 250 413 261 103091 7375 34997 75 22411 78710 634
internal_value=0.0099945 0.0121265 0.00785953 0.00913802 0.0110608 0.0142831 0.00636546 0.0108257 0.00879354 0.00565628 0.00753261 0.0110841 0.0090532 0.0134573 0.0158081 0.0123052 0.00904428 0.00658686 0.00822568 0.0104966 0.0106198 0.00887621 0.00464442 0.0123864 0.0117663 0.00965882 0.0103811 0.00876989 0.0104658 0.00699113 0.0100291 0.00658144 0.0061713 0.00500636 0.00700607 0.00912651 0.0143289 0.0119372 0.0121742 0.00825901 0.00463918 0.0109984 0.00966188 0.0153153 0.0164814 0.0112924 0.00207437 0.00687989 0.0146265 0.0149554 0.0113409 0.00405847 0.00842626 0.0105579 0.0123617 0.0255639 0.0112039 0.0111542 0.00736567 0.00711807 0.00731045 0.0119829 0.012823 0.00594029 0.0138404 0.00216231 0.0119059 0.0120299 0.0164319 0.0192874 0.00904182 0.0163099 0.0150881 0.00642977 0.00722353 0.00851903 0.00821552 0.0135409 0.0189994 0.00906536 0.00973116 0.00934012 0.0108138 0.0110078 0.0143458 0.00795283 0.00817681 0.00334203 0.026305 0.0110784 0.00920993 0.015175 0.00747098 0.0157226 0.00555786 0.0104292 0.0113798 0.0132514 0.0158209 0.00678793 0.0151022 0.0153908 0.00770174 0.010378 0.0091843 0.00814177 0.0112964 0.0109291 0.0108739 0.0102308 0.0119228 0.00858828 0.00375209 0.011482 0.00954514 0.0121405 -0.00422858 0.0118614 -0.00983472 0.00667235 0.00645061 0.00531893 0.0302602 0.00996557 0.00883752 0.00993981
internal_weight=262663 131422 131242 70724.4 87956.8 43464.7 60517.4 82084.5 63787.3 37642 22875.4 72479.7 57475.3 28197.7 15267 6937.08 8835.91 19611.2 24286.5 38945.2 37662.9 9604.83 18030.8 12655.1 33534.5 33188.8 15289.3 5167.6 35783.7 16910.1 23414.2 14039.5 11722 15739.1 2443.53 11863.3 15542.6 10900.9 10340.7 6644.29 13295.6 14646.4 18642.9 13227.6 4908.57 12369.5 115.192 1282.34 8319.07 7561.21 757.863 2701.19 5006.32 586.158 18888.1 44.6161 10121.7 10092.6 12423.2 11375.1 3939.76 14298.9 6428.04 11135.8 11712.5 2291.66 9729.41 9554.19 611.241 378.049 17899.5 4849.73 2571.31 6312.03 3926.44 7925.27 7262.95 4589.21 2039.36 17878.8 18490.6 13585.3 4905.28 1876.09 5872.3 2099.22 2071.97 1653.16 69.9586 14521.6 4323.33 1754.13 116.04 1638.09 6586.07 713.246 12254.3 7822.27 3830.16 3593.55 2108.59 2058.91 3837.42 1712.61 1276.3 7228.08 7870.83 6840.96 815.56 5219.05 9484.23 580.672 217.068 363.604 327.209 8903.56 109.082 107.985 74.7791 14922.3 3401.54 7295.23 58.8459 5665.08 16002.7 4122.69
internal_count=2080396 1038587 1041809 562416 698193 340394 479393 651632 507256 297871 181522 575366 457077 221305 119089 55160 69650 155437 192899 310341 300174 76266 142434 97248 265025 264178 121803 41250 285461 133929 186824 111872 93339 124240 19084 93692 124057 83638 79534 52507 105156 114278 148780 103002 37745 98637 810 10167 65257 59996 5261 21508 39969 4603 150747 263 80553 80384 99207 90834 31136 114133 51245 88736 93516 18194 74805 73473 4729 2925 142375 37533 19430 50179 31081 62591 57365 36614 16087 142283 147561 108488 39073 14412 46561 16371 16210 13120 296 113374 34093 13610 801 12809 52146 4998 97827 62463 30541 28434 16667 16278 30652 13280 9870 57185 62888 54662 6215 41185 73177 3939 1502 2437 2305 69238 697 805 447 118428 26933 58148 212 45130 127871 32328
is_linear=0
shrinkage=1


Tree=1
num_leaves=127
num_cat=0
split_feature=10 10 10 8 9 16 12 53 8 9 32 44 16 12 5 1 46 6 29 6 28 15 29 10 10 13 42 26 40 38 13 18 26 49 12 47 26 55 8 53 40 33 6 34 43 53 26 25 19 16 47 44 2 19 40 50 38 7 13 40 29 38 9 38 12 19 15 21 55 49 40 24 38 32 38 26 5 26 49 40 46 2 29 1 23 18 40 13 19 38 46 21 29 38 44 47 56 29 29 54 29 38 32 25 9 28 43 14 5 7 23 16 33 18 11 40 33 23 14 46 12 10 47 38 18 47
split_gain=2870.74 725.279 601.895 185.419 163.069 149.852 131.391 108.537 99.3204 74.1575 68.6514 68.1541 66.7443 64.4983 63.1566 53.9274 39.173 38.9476 38.0287 37.8745 37.7013 35.594 34.3632 33.9953 33.6341 33.4403 34.7775 29.5694 32.3233 27.5676 27.1274 27.1072 28.3187 26.9319 25.7156 25.593 24.8489 24.6174 24.5798 24.3619 23.9446 25.4304 23.7213 23.6163 23.5701 23.4224 23.1236 23.0767 22.7873 22.336 22.2506 22.215 21.4648 21.166 21.0833 21.0352 22.2413 24.1517 20.9075 23.0921 20.4864 20.4081 19.949 19.7177 19.5766 19.5075 35.0066 19.4727 19.7932 19.3829 18.8765 20.1357 18.8321 18.8268 21.1341 18.7774 23.455 18.4679 18.4435 20.3764 46.4501 30.3125 19.2068 18.3868 18.2867 18.1776 18.0568 18.0073 22.9886 17.8717 20.3446 17.8537 17.8328 34.3625 19.2231 17.8176 17.3781 20.3823 17.3003 17.2905 17.2773 17.2144 22.6536 18.8721 17.1997 17.1074 19.7455 16.9633 16.9344 16.927 18.444 16.9126 16.8685 16.8547 18.9887 16.7911 16.7339 23.8698 16.7059 21.093 16.641 17.0417 16.6354 16.5489 19.6622 39.2931
threshold=0.050772771239280708 -1.3800229430198667 1.1227725744247439 -1.2855297923088072 -1.7417897582054136 -0.36426484584808344 0.10223540663719179 0.65280827879905712 1.2242465615272524 1.5160015821456911 0.0023637615377083425 0.00084313107072375726 -0.47865808010101313 0.88620573282241832 0.083070252090692534 0.0055195672903209933 -0.0025757077382877465 0.46647436916828161 1.3835072517395022 2.4239131212234502 0.81174489855766307 0.62231421470642101 4.2008876800537118 -2.3989293575286861 -0.65211430191993702 0.7362424135208131 0.0057226882781833419 -0.12940952181816107 -0.3415063470602035 -0.30225843191146845 0.14054433256387713 0.68869787454605114 0.98296290636062633 -0.36555126309394831 0.13618805259466174 -0.051724212244153016 0.60355338454246532 0.17333314567804339 -1.9652558565139768 -2.3522297143936153 -0.12500000000000003 0.0106404353864491 1.8760170936584475 0.12083333358168603 -0.0011852830648422239 1.6434934735298159 0.12940952181816107 -0.37940952181816096 3.8397511243820195 -0.76302587985992421 0.055059408769011504 0.019734174013137821 0.0051764156669378289 6.1542379856109628 -0.3415063470602035 1.0902124643325808 0.11801039054989816 0.15255847573280337 0.22060972452163699 0.46650633215904241 -0.10944306850433348 -0.10534738749265669 1.8293365240097048 -0.146069660782814 0.81231531500816356 1.3828786015510561 5.3510189056396493 0.95482537150383007 0.081325490027666106 0.7189854383468629 0.34150634706020361 64415.085937500007 -0.024703666567802426 0.0072155117522925147 0.23790342360734942 0.12940952181816107 0.14778923988342288 0.78656607866287243 -1.1483815312385557 0.46650633215904241 -0.040255820378661149 0.039173340424895293 4.7455310821533212 0.0035153162898495798 -0.083013005554676042 0.020169308409094814 0.12500000000000011 0.60043102502822887 2.0325818061828618 0.01283681206405163 -0.00021846926392754537 0.9002637267112733 7.5329601764678964 -0.20701614022254941 -0.0057312566787004462 0.00029273268592078244 -0.09202099964022635 0.62702298164367687 -1.1505156755447385 0.46055033802986151 10.128843307495119 0.034240659326314933 0.028274293057620529 0.78656607866287243 0.068039741367101683 -0.56174489110708226 0.0069380251225084075 -0.12165009975433348 0.46388436853885656 0.072953447699546828 0.083164855837821974 -2.4688482284545894 -0.010555814020335673 -1.4373448491096494 0.63940739631652843 0.34150634706020361 -0.01243817340582609 -0.017079722136259076 -1.388093829154968 0.019524372182786468 0.50459223985672008 -0.5035974085330962 -0.0009548605594318359 0.15059255063533786 -0.52610158920288075 -0.031334141269326203
decision_type=2 2 2 2 2 2 2 2 2 2 2 2 2 2 2 2 2 2 2 2 2 2 2 2 2 2 2 2 2 2 2 2 2 2 2 2 2 2 2 2 2 2 2 2 2 2 2 2 2 2 2 2 2 2 2 2 2 2 2 2 2 2 2 2 2 2 2 2 2 2 2 2 2 2 2 2 2 2 2 2 2 2 2 2 2 2 2 2 2 2 2 2 2 2 2 2 2 2 2 2 2 2 2 2 2 2 2 2 2 2 2 2 2 2 2 2 2 2 2 2 2 2 2 2 2 2
left_child=1 6 3 15 44 19 23 9 10 27 22 16 40 25 30 -2 -7 95 31 50 55 54 24 29 84 36 83 64 63 108 -8 32 65 -21 -23 48 45 39 -17 -25 49 46 89 75 77 105 -42 111 -30 53 78 107 -37 104 72 -15 -57 -58 59 -56 -40 -22 98 -29 -5 -16 123 -34 -69 -19 101 120 91 -31 -75 -39 -77 -3 -4 -80 -81 82 -82 -27 -6 -83 -68 88 -65 -11 -91 -12 94 -94 99 -10 -60 -98 -14 -20 -35 -36 -103 -104 -9 106 -13 -49 -1 -63 -111 -26 -48 -32 -115 -92 117 -100 119 -86 -72 -122 -109 -67 125 -125
right_child=2 4 5 7 8 11 14 12 17 42 21 13 62 20 18 38 -18 69 92 33 61 34 -24 37 47 26 -28 28 35 73 113 -33 67 100 70 52 -38 43 60 -41 41 -43 -44 -45 -46 -47 112 51 -50 -51 -52 -53 -54 -55 58 56 57 -59 96 -61 -62 109 -64 87 -66 66 86 68 -70 -71 71 -73 -74 74 -76 76 -78 -79 79 80 81 85 -84 -85 118 -87 -88 -89 -90 90 115 -93 93 -95 -96 -97 97 -99 116 -101 -102 102 103 -105 -106 -107 -108 122 -110 110 -112 -113 -114 114 -116 -117 -118 -119 -120 -121 121 -123 -124 124 -126 -127
leaf_value=0.0092242758653124039 0.00069408456371592255 0.0056605562194939696 0.0022847194033395225 -0.00061671679306913273 0.0019595269128726291 4.5478978415221659e-05 0.0056858664321955757 0.004366849921531058 0.0010583292054474711 -0.0014306506151342787 0.0027410103015574395 -0.00086456616369635301 -0.00028746133547603094 -0.0039846238503501519 -0.0047448206368672094 0.00736933699705704 -0.0031329407534323849 0.00075862531759573765 0.0071397349489103427 0.0060721645264937797 -0.0092069160422102413 -0.0080307943922748835 0.0030301322397561239 0.0076172427032950487 -0.01344424766009549 -0.0033822691157399864 -0.00093480374829961726 0.0081434177391842399 -0.0063252999442507977 0.007956893515841312 0.0064837503865581101 -0.0024010232317252011 0.0017242766502030911 0.00042701160766165329 0.0020349277310520394 0.00042220945734316859 -0.00055056966163100529 0.0038545461024555262 0.00020584673962290663 0.0047902265900826154 0.00032721718868911851 -0.0050999093575113561 -0.0088454468350913605 0.015186505983283034 0.0020356073982495076 0.0003454022601565362 -0.00033860528248337628 -0.00062881002490114705 0.018974424156451383 -0.00048053702649145786 -0.0058958387250167953 -0.02165941495765436 -0.0018217099976043413 0.013779208630645317 0.003219798740625356 -0.0059632930503098472 -0.0042013864019267797 0.0065245941356802317 0.0027529530553460154 -0.00019631146578728039 0.0043134805043870926 -0.0038455528686567393 -0.005361189179120031 0.0049831498198234818 -0.0034243327372054373 0.0020787720605448114 0.0026907787067642153 0.0028068148792611144 0.012432927916494417 -0.003342542615346097 0.00039541010142079511 0.011555101287738434 0.0024479087213973116 0.0053781414879992984 0.017977044840478684 0.0055859490980370054 -0.0053507172527922121 0.0025388634643439341 -0.002251911935467229 0.031900210984878545 0.0011973711808913423 -0.029500613510172965 0.016433794920290637 -0.0049784939131021135 0.0031505791602345406 -0.0055672709746983151 0.023732539055822888 0.00033338861158790792 0.00063455516300990264 -0.0055945285287901164 0.0018829201053216474 0.0068377311292705809 -0.019725497517736161 0.004268443259825839 0.0031339762554446009 -0.0012470258282352748 0.00017379464790439743 0.003603243813208928 0.0027421009253797575 0.028621227000562015 -0.011574433147037242 0.0012532034311069811 -0.0053322237011425326 0.0006815544679373588 -0.00090526294986317986 -0.0044660034391717949 -0.0088758775937283103 0.0010904714926097364 0.030770924278953685 -0.0030066102428010868 0.0022924463265906391 0.00074907939855263137 -0.004827356088882951 0.0036157808168196248 -0.0049440857002658566 -0.0063697350268318003 -0.0029246824715446324 -0.0024788396514928315 0.00022669845355069616 -0.0026396341914144222 -0.0079157050114111206 -0.0012169227056694786 -0.011030136116159436 -0.012732770345965913 0.0019594630052075764 0.0026509135616311799
leaf_weight=30.226950280368328 4560.5774075016379 3433.1875744611025 449.06710091978312 12446.276363670826 5184.2161008343101 1987.9817137867212 3830.0108226165175 656.47467792034149 2693.0899143069983 2209.1757910549641 749.12332262098789 1139.0386239513755 1230.7107187956572 3008.589535497129 175.22268182039261 714.35504271835089 7045.553605556488 537.94172547757626 903.70013153553009 363.65776169300079 204.43340848386288 125.20670412480831 1979.8939465805888 1468.3865589275956 32.740726955235004 4350.8455771580338 1237.199623003602 193.55280901491642 349.95856670290232 2714.2526975572109 835.88075970858335 560.3017306625843 233.19072696566582 1616.6588912531734 7214.2447874620557 10684.294181987643 1968.3840014860034 403.6427510753274 681.78598253428936 7331.7422540485859 2474.1268830001354 650.80635650455952 259.59032183885574 47.742843754589558 1461.3269401267171 654.57040111720562 585.2195148319006 12372.917198240757 13.872335433959959 1855.9378167539835 525.7736958116293 19.305970162153244 2027.9429390728474 68.628218807280064 5547.1255242228508 14038.746799528599 310.25253426283598 113.98139273375273 2124.8970684111118 922.45805871486664 1692.8171059265733 1823.9145784527063 1093.2917478233576 1065.7820492088795 1078.9098001122475 8903.4525814503431 26.346527807414532 132.24700652062893 245.773826405406 3190.6136211305857 3237.5461707785726 57.43573023378849 2905.2842729911208 2799.1220449507236 53.570191755890846 107.83631503582001 279.90716557204723 977.63240464776754 5912.8822795897722 18.658173203468323 459.59644082933664 16.807988941669464 34.705126710236073 8671.7190174236894 1626.174211896956 47.058550342917442 43.599989876151085 2097.3843562752008 895.2685906663537 1170.1442282497883 321.78762294352055 993.8269641622901 32.234452709555626 83.803184367716312 719.93256212770939 2668.9646219611168 5076.5387782976031 802.00578605383635 518.49046358466148 14.400117397308348 48.446516320109367 2488.3873128965497 449.54128255695105 388.03865343332291 396.05193588882685 3268.969514913857 137.07871355861425 71.124513193964958 29.972204685211182 594.67320305854082 468.96840957552195 6924.9531745538116 783.9227105230093 10772.579435415566 103.74494541436434 140.9735823571682 16732.486364848912 1074.0237008556724 10399.819687590003 296.72376108914614 194.39390186965466 687.31073053181171 122.24902705103159 138.50431817770004 316.11210203915834 126.04346980899572
leaf_count=138 36397 27148 3517 98823 41426 15829 30541 5147 21420 17542 5962 9094 9815 23916 1332 5642 56132 4271 7030 2808 1576 907 15509 11502 225 34741 9782 1438 2634 21574 6673 4104 1804 12483 56324 85213 15709 2841 5366 58327 19557 5076 2037 284 11662 5226 4621 98744 55 14741 3953 112 16145 541 44212 111314 2386 832 16975 7366 13420 14480 8688 8504 8537 69238 127 1041 1884 25193 25476 326 23208 21352 244 852 1895 7751 46243 60 3620 73 261 69132 12839 355 169 16739 7141 9318 2565 7917 157 644 5708 21295 40567 6407 4133 71 314 19707 3246 2879 3027 26074 1089 569 80 4700 3694 55243 6256 86013 830 1127 133620 8551 83084 2290 1531 5424 978 901 2095 943
internal_value=-2.43256e-05 0.00206513 -0.0021166 -0.000863684 0.00102066 -0.00358078 0.00417871 -0.00122032 0.000790284 -0.000476139 0.00103581 -0.00401006 -0.0021453 -0.00434915 0.00336927 0.00207667 -0.00243344 -0.00118093 0.00231981 -0.00127317 -0.00514956 0.00169332 0.000463591 0.00567337 0.000326334 -0.00358076 -0.00414113 -0.000140184 0.000406781 0.00691001 0.0042235 0.00187954 0.00211179 0.00114925 0.000958217 -8.5756e-05 -0.00246543 0.0049507 0.00411672 0.00526287 -0.000525162 -0.00144666 -0.00300233 0.00167337 0.0042401 -0.00318988 -0.000826606 -0.000243958 -0.00530855 0.000865571 -0.00193175 -0.000754967 6.40503e-05 0.00309323 0.00226379 -0.00550999 -0.00582693 -0.00130866 0.00188703 0.00273261 0.00313512 -0.00311149 -0.00273139 0.00192137 -0.000840992 0.00184888 0.0019704 0.0062853 0.00908425 -0.00275053 0.0010353 -0.000102333 0.003436 0.00676146 0.0056213 0.000838749 -0.00229998 0.00496961 -0.00163043 -0.00190181 0.00168299 0.000615869 0.00230017 -0.00444557 0.000962997 -0.012239 0.0159705 0.00162245 0.00299975 -0.00260508 -0.00419152 0.00508011 0.00505272 -0.00249995 0.00558956 -8.89942e-05 0.00120313 0.000642375 -0.00258405 0.00750853 7.049e-05 0.00148616 0.000295306 -0.00254744 0.0023831 -0.0036992 -0.00173219 -0.00072105 0.0202959 -0.00267656 -0.000669314 0.000680224 -0.00291108 0.00374476 0.00353359 -0.000637291 -0.00273821 -0.000777725 0.000543546 0.00225566 -0.000267884 -0.00270226 -0.00658425 0.00186537 -0.0014031 -0.00541709
internal_weight=262663 131420 131243 70724.6 87956.2 60518.2 43463.5 63075.1 82084.1 34954.9 72993.5 51024.9 28120.2 41991.4 28197.1 7649.54 9033.54 9090.61 12654.9 9493.31 20563.6 33963.4 39030.1 15266.4 37050.2 21427.8 14259.8 30853.2 17328.1 5627.14 15542.2 10900.8 10340.5 2028.76 14842.1 13076.1 7168.04 9639.26 3088.96 8800.13 7471.17 4494.08 4101.67 839.129 5872.15 5199.66 3843.27 19543.3 363.831 2977.09 7464.55 12585.6 12712.2 1121.15 19121.3 17471.6 14463 424.234 14473 6469.58 2374.6 3091.99 20649 4251.99 13525.2 9729.28 9554.06 611.212 378.021 3728.56 14716.9 4176.69 4648.23 5566.94 2852.69 791.386 387.743 4410.82 6938.78 6489.71 576.826 558.168 494.302 13022.6 17506.9 63.8665 69.9465 4058.43 1961.05 3842.08 1632.91 1742.95 1754.07 116.038 1638.03 5362.05 8003.44 5878.54 19555.7 918.1 1665.11 10540.2 3325.97 837.58 1052.53 4545.09 1276.12 12566.3 60.1992 2887.56 1063.64 6957.69 1369.14 11712.2 10876.3 462.761 18325 1592.51 12322.7 1922.9 4119.25 881.705 193.374 9484.11 580.66 264.548
internal_count=2080396 1038587 1041809 562416 698193 479393 340394 501591 651632 277818 579453 405706 223773 333745 221305 60825 71961 72179 97248 73687 162898 268434 311019 119089 295510 170847 113655 245229 137869 43388 124057 83638 79534 15605 115820 104047 57192 75701 24428 69829 58966 35510 32589 5872 46561 41483 30434 155871 2689 23456 58082 100403 101358 8715 152614 138448 114532 3218 115527 51578 18786 24450 164807 33822 107360 74805 73473 4729 2925 29464 114913 32757 37087 43170 21596 5588 2747 34899 54129 50612 4369 4309 3881 103873 139639 428 296 32384 15645 30552 13010 13879 13610 801 12809 42715 63949 46974 156119 7101 12797 82156 25832 6125 8174 36257 10183 100291 218 22874 8394 55468 10877 93516 86843 3692 146304 12684 98213 15129 32431 6955 1547 73177 3939 1844
is_linear=0
shrinkage=0.02


Tree=2
num_leaves=127
num_cat=0
split_feature=10 10 10 8 9 16 17 8 53 51 27 1 27 9 16 44 12 6 6 52 17 32 1 25 29 52 10 54 53 10 17 29 4 53 29 13 2 29 40 18 34 46 44 46 4 6 51 2 40 47 28 33 46 42 29 25 33 9 28 49 54 9 29 38 49 53 16 38 13 45 38 21 23 44 1 12 29 25 29 47 9 29 33 41 57 18 46 11 18 35 27 4 1 25 7 47 46 13 49 53 46 4 40 52 6 56 9 44 51 51 53 13 42 29 44 6 18 54 4 49 10 18 6 34 56 40
split_gain=2829.9 799.517 478.826 159.86 152.094 141.935 129.052 112.926 97.8596 92.2318 93.1504 89.2021 77.088 75.0178 57.4584 57.3098 52.2978 50.0653 45.3488 43.6088 40.5522 39.0881 36.2452 33.3512 55.188 32.5152 32.1259 31.7063 31.682 31.2294 28.1289 28.0846 33.0235 27.1044 27.0137 26.495 25.5705 25.056 24.7938 24.5971 25.0162 27.7255 24.5963 30.5584 24.5795 24.4239 24.2687 23.3752 28.6091 67.3184 23.3479 22.7403 54.2123 39.5215 22.7329 22.6682 32.1445 22.4467 22.2362 21.9545 21.7923 21.3099 21.1436 20.7822 20.685 20.6335 20.38 19.878 19.6847 19.6423 19.5926 19.4639 19.3561 19.3424 19.333 19.1708 19.1065 21.0907 18.6687 24.1404 21.1396 18.5572 18.4181 17.9765 17.7533 17.7478 17.7325 17.705 17.5851 17.5447 17.4971 19.6194 17.3842 18.6187 17.2827 17.2162 17.2156 21.0322 17.1531 17.1489 17.1032 17.0478 18.385 16.9751 16.9294 20.011 16.8086 16.8016 18.7534 18.0034 16.7607 16.7492 16.7066 19.3432 16.697 16.6187 20.6505 16.4706 17.7644 16.4467 16.3948 16.2728 16.1571 15.7562 20.9387 16.8531
threshold=0.21707570552825931 -1.3800229430198667 1.1227725744247439 -1.3375423550605772 -1.7417897582054136 -0.3679364919662475 0.30480027198791509 1.1316735744476321 0.65280827879905712 1.0486460328102114 -0.87837970256805409 -0.0027301295194774862 -0.87837970256805409 1.5562586784362795 -0.44958889484405512 -0.0028230272000655528 0.84637704491615307 2.4727394580841069 0.57467621564865123 0.57372629642486583 4.2913675308227548 0.0023637615377083425 0.0056441589258611211 -0.37940952181816096 0.77487230300903331 -0.38503874838352198 3.2768574953079228 0.12675237655639651 0.35493886470794683 -1.8945515155792234 0.14943480491638186 5.5538833141326913 0.46240074932575231 0.33876520395278936 -0.16126930713653562 0.4355019479990006 0.010143576655536892 1.3520240783691408 -0.12500000000000003 0.33313989639282232 0.11250000074505807 -0.019302709028124806 0.022151655517518524 0.023450136184692386 0.37017491459846502 1.8427515625953677 -1.4434565305709837 0.060884607955813415 0.46650633215904241 -0.051724212244153016 0.81174489855766307 0.060872707515954978 -0.064632825553417192 -0.016946869902312752 2.1287262439727788 0.60355338454246532 -0.019419264048337933 1.4207609295845034 0.81174489855766307 -1.1483815312385557 0.086249906569719328 0.71077641844749462 3.4915983676910405 6.7672582695006918e-18 -1.4683985710144041 1.6937600374221804 -0.31628906726837153 0.071976654231548323 0.22060972452163699 0.044277256354689605 0.013389382977038624 0.83432701230049144 -0.13268484920263288 -0.0023192168446257706 0.002412446890957654 0.92689102888107311 -0.84780752658843983 -0.37940952181816096 -4.012385129928588 -0.0077744971495121709 0.47898438572883612 7.5329601764678964 -0.01186266168951988 5.4121966968523345e-05 -0.15276630967855451 -0.1495692580938339 -0.00136144453426823 0.13193411380052569 -0.052597859874367707 1.0000000180025095e-35 -0.60785761475563038 0.011811847798526289 0.0034312086645513777 -0.91597560048103321 0.029316358268260959 0.002613828051835299 -0.0019826872739940877 0.19288270175457004 0.5653224289417268 -0.97109121084213246 0.049721669405698783 0.011811847798526289 -0.12500000000000003 1.1088507771492007 2.0174409151077275 0.12355883046984674 -1.4528090357780454 0.0055218334309756765 3.2617218494415288 1.9548061490058901 -2.3522297143936153 0.13556758314371112 0.010932357516139747 -7.5479834079742423 0.00057664563064463447 -0.77493390440940846 -0.65706297755241383 0.46055033802986151 0.46240074932575231 -0.36555126309394831 1.8628910183906557 -0.41820491850376124 2.3290525674819951 0.15416666865348819 -0.027991642244160172 0.34150634706020361
decision_type=2 2 2 2 2 2 2 2 2 2 2 2 2 2 2 2 2 2 2 2 2 2 2 2 2 2 2 2 2 2 2 2 2 2 2 2 2 2 2 2 2 2 2 2 2 2 2 2 2 2 2 2 2 2 2 2 2 2 2 2 2 2 2 2 2 2 2 2 2 2 2 2 2 2 2 2 2 2 2 2 2 2 2 2 2 2 2 2 2 2 2 2 2 2 2 2 2 2 2 2 2 2 2 2 2 2 2 2 2 2 2 2 2 2 2 2 2 2 2 2 2 2 2 2 2 2
left_child=1 6 3 22 66 17 12 11 13 19 35 27 29 31 38 30 92 47 33 73 37 23 95 44 28 110 58 46 90 94 -14 74 -33 -9 -24 -11 -28 39 60 51 -41 71 43 -26 114 70 68 48 59 -50 72 53 -53 55 85 56 -8 76 75 -4 -10 112 -45 -37 -39 -40 87 101 -6 88 -15 -42 -48 -7 115 -18 77 -16 99 -80 104 -66 -20 -67 -55 -32 -72 -3 -49 106 96 -92 -12 -94 -1 -2 -25 -98 -84 -74 -38 102 -30 -27 121 -106 -54 109 -109 -77 -17 -31 123 122 -13 -5 -117 -76 -119 -19 -51 -81 -114 125 -125 -29
right_child=2 4 5 8 7 9 20 18 14 10 16 21 15 45 57 25 26 119 82 -21 -22 -23 34 24 42 103 36 61 67 111 54 32 -34 -35 -36 63 100 64 65 40 41 -43 -44 62 -46 -47 50 69 49 120 -52 52 89 84 -56 -57 -58 -59 -60 -61 -62 -63 -64 -65 81 83 -68 -69 -70 -71 86 -73 78 -75 117 107 -78 -79 79 80 -82 -83 98 -85 -86 -87 -88 -89 -90 -91 91 -93 93 -95 -96 -97 97 -99 -100 -101 -102 -103 -104 -105 105 -107 -108 108 -110 -111 -112 -113 113 -115 -116 116 -118 118 -120 -121 -122 -123 -124 124 -126 -127
leaf_value=0.0064638024958754868 0.0020978412742492709 0.0054008121250577659 0.0023235210148202139 0.00092045049603714643 0.0060937466714557076 0.0016422644463349814 -0.02580475182053682 0.00074160443217892523 -0.0017527199537873115 0.0020591517275780481 -0.0019867477217522704 0.0014272490001605606 0.0057331502091569958 -0.00155874904353696 0.0017632625688592429 0.0084681446421472246 -0.0044396966592779663 0.0057090444964722591 0.004484147599431206 -0.0038028027939549128 0.015408810900911802 0.0013718230642119911 0.00066109545281711312 -0.0013129972782204991 0.0008923563533376911 0.0020727120769266773 -0.0044958936865214039 0.0015905927994300658 -0.0016516030630049753 0.0081091069840413168 0.00467331967474683 0.0055568233784868025 -0.019738827305394769 -0.0016688486002666445 0.0054811904532767455 -0.0060044027348519959 0.0015960661703851801 0.0096126247369462264 -0.0027586969572591935 -0.0016389238962111633 0.025549317815187142 -0.011221726504324856 -0.022536793358947392 0.0030255496134458555 -0.014143557967901723 -0.0098458025356396531 0.0041698441440724057 -0.014373216278891373 0.029593921073075409 -0.00078205514502981816 0.00037146106693156252 0.021561760631221071 0.017996353199810227 -9.4678294136855257e-05 0.0081993379127052908 -0.013637512900599141 0.00017208322805608718 -0.004625397295039608 -0.0033411389514935068 -0.0024311784200965305 0.0018719269239572658 -0.0023429822394474653 0.011081168188513742 -0.0086052826672680573 0.0041966685216117622 0.0021766107856170942 0.0015429620098122384 0.0032909438960015149 0.0025707063830691492 -0.015261158816386724 -0.0065991805582855737 0.0038067854883313489 -0.0033681689421488706 -0.0018403052440981874 -0.0010068491636289856 -0.0038687138163847473 -0.0027678474553865635 -0.0033635892191623759 0.0033368199432535803 0.0038059312327301726 -0.00037486150359375333 -0.0061882020684508278 0.00059219925844305446 -0.0019287243904963221 0.0027033655040140936 0.0025289584885195057 -0.0017378957860397352 0.0028913326548370651 -0.0012554814668666052 -0.0027112515098616195 -0.0084198203401232331 -0.00065749955783551365 -0.00043521037479551434 -0.0040419289368335519 0.010052626185820762 -0.00098988535463584394 0.009437059658824784 0.0014575234511725005 -0.0032708145109354831 0.0030295812409442879 -0.013282554664578285 -0.0019713279855634747 -0.012867550984164618 -0.003212811038737425 -0.00025709456225956126 -0.015178375657042355 -0.0011583636301312791 -0.0070278138988600549 -0.001538692823098144 -0.0066785524958180662 0.0038161159598932275 0.0044511860050007223 0.0069977482838778464 0.0025647938091342289 -0.00027636805102236839 0.0026668059048521576 -0.00068392621589448064 -0.00146333986454397 0.02398335793884088 0.00080395194958423732 0.0080228719197897244 0.0017605079191821461 0.026628928306660291 0.00061373736856079283 -0.023589917343660182 -0.0004395050372166863
leaf_weight=843.30566614866257 1789.9543925896287 3237.3765158206224 414.00285928696394 6740.0543747395277 1049.9312176033854 700.35743279755116 19.542785376310349 5175.3778317719698 992.74557891488075 127.19773303717375 4818.2997881621122 8660.4945528879762 10737.432526752353 1786.8817113861442 808.71953947842121 326.01026777178049 8785.1868955120444 330.47665412724018 141.19637806713581 5946.865486331284 92.410449594259262 12655.93198223412 639.74459394812584 899.37188673764467 4825.4873776137829 3379.9495162442327 658.6393842920661 5540.6945911422372 113.8723221346736 715.78265783935785 3649.1556843221188 484.86185996234417 20.578920103609562 2916.6355899646878 1710.2958884909749 2782.2633895203471 697.28140868246555 276.87700198590755 2751.1268172636628 1129.2726012393832 35.32185822725296 19.168143637478352 16.198681242763996 392.42907107621431 42.169054053723812 217.31861429661512 1823.7805617600679 51.701579466462135 33.354225061833858 477.31154004484415 3237.498064532876 80.359165489673615 41.084901005029678 1052.1134627833962 499.14374329894781 81.70924112200737 261.8438039496541 2417.9634618461132 3521.0560724809766 6073.4611418768764 1994.8051026985049 800.87362621724606 195.410834454 2230.7320783436298 957.93011441081762 818.74784546345472 1125.3118119686842 277.86005830019712 1611.7036070227623 87.747011803090572 809.78206599503756 31.101470954716206 475.75436829775572 7045.1696632280946 10016.4606186077 2600.503911100328 14240.959330409765 530.67882905900478 4743.8780867159367 2032.2784303128719 1765.2739443928003 73.20511419326067 518.70509850978851 888.67612075060606 6543.6015298813581 2688.6715203747153 479.04441274702549 1732.9019982740283 184.21272191405296 118.0722693875432 132.4964305087924 5414.8311207666993 648.10582397133112 4965.7263651713729 1529.1577431708574 1209.2183744385839 140.12025401741266 2102.5444053187966 3998.3009769171476 257.37223751842976 31.329885333776474 6920.0376712977886 120.3720481544733 260.85405169427395 581.66989989578724 37.334722124040127 32.090322531759739 3910.8419137075543 267.07937359809875 1413.6174984574318 6318.0863033384085 1694.8526806384325 43.271094471216202 172.2847763672471 3132.1447399258614 805.83012717217207 8339.3385884910822 21.570253267884254 20.969155535101891 1568.6479386910796 101.74426546692848 6665.6920844987035 27.71489467471838 34.295364454388618 23.364158317446709 2319.1984503343701
leaf_count=6703 14284 25626 3262 53817 8359 5538 72 41189 7908 1015 38462 69067 84632 14187 6456 2594 69936 2544 1052 47369 330 100785 5035 7188 38470 26972 5202 42497 911 5681 28757 3805 98 23266 13581 22170 5388 2060 21759 8299 193 125 83 3113 255 1705 14562 368 148 3766 25822 283 272 8178 3928 500 1719 19258 27926 47529 15681 6172 1495 17788 7470 6494 9002 2198 12851 573 6445 212 3742 56164 79558 20714 113720 4241 37844 16222 14100 491 4122 7038 50920 21108 3822 13711 1342 715 1060 43244 5169 39555 12131 9656 1121 16804 31650 2041 216 55278 963 2077 4641 298 229 30730 2105 11268 50389 13543 260 1278 24965 6413 66285 149 99 12047 794 53203 137 240 136 17991
internal_value=-1.46492e-06 0.0019176 -0.00224739 -0.000989918 0.000917192 -0.00350613 0.00417494 0.000714521 -0.00130991 -0.00391979 -0.00443333 0.000995466 0.00480299 -0.000530874 -0.00222046 0.00439985 -0.00403525 -0.00123621 -0.00103236 -0.00251463 0.00228433 0.000425389 0.00231088 6.65531e-05 -0.000401848 0.00321323 -0.00459088 0.00178494 -0.000989225 0.00714942 0.00509401 -0.000176366 0.004488 -0.00012718 0.00417029 -0.00693468 -0.00164278 0.00217002 -0.000742532 0.00181022 -0.000845119 0.00951457 0.00134189 0.00141767 0.000919552 -0.00337707 0.00216019 -0.00197754 -0.0017371 0.00239141 0.00193808 0.00220234 0.00788483 0.00200732 0.00408941 -0.00442965 -0.0017135 -0.00283176 -0.00479026 -0.00212729 0.00066696 0.000767946 0.00571938 -0.00716345 0.00476408 -0.00168715 0.00397649 -0.00194782 0.00396258 -0.00722724 -0.00291663 0.0155911 0.0022139 -0.00152511 -0.000267445 -0.00509053 -0.00255306 -0.000268279 0.00199818 0.00214273 0.00163125 0.00345315 -0.00260422 3.94117e-05 0.0023157 0.00376433 -0.00479581 0.00452683 -0.00418304 0.00205053 -0.000169082 -0.000844565 -0.00286917 -0.00362587 0.00878064 0.000852671 0.00102307 0.00196051 -0.00282696 -0.00111974 0.000937595 -0.00215185 -0.00744963 0.00169297 0.00201145 -0.0011817 0.00968038 -0.00578775 -0.00667761 -0.0048599 0.00404577 0.00554065 0.00107361 0.00622622 0.000974696 0.000166955 -0.000388307 -0.0009535 0.01132 0.00166059 0.000774474 0.00223892 0.0149396 0.000914404 -0.00941171 0.00099147
internal_weight=262629 141620 121009 60536.3 98131.4 60472.9 43488.1 92035.9 55187.1 51150.3 37457.9 79285.6 32642.4 29742.7 25444.4 27859.3 32317.7 9322.66 12750.2 13692.4 10845.7 46041.8 5349.21 33385.8 21551 10284.9 21885.5 33243.9 16121.5 4783.1 17574.4 26449.7 505.441 8092.01 2350.04 5140.19 1387.25 10753.3 7446.1 9445.28 1214.86 85.5915 5429.53 5413.33 11834.8 3293.03 24282.2 7423.54 7099.87 612.41 21620.5 8230.42 271.607 7958.81 6836.97 363.096 281.387 17998.3 20498.3 6487.46 2987.55 8961.7 587.84 5013 1308.01 4458.55 6095.59 7432.14 2661.63 323.661 3075.71 66.4233 18383 7745.53 25944.2 16977.2 15580.4 1339.4 16559.3 15826.1 11082.2 1031.14 4658.2 1707.42 7595.71 6337.83 1288.83 4970.28 235.914 191.247 8689.36 5547.33 10432.1 5613.83 2372.46 2999.17 3142.04 2242.66 4517.01 733.127 728.611 7154.28 234.244 3640.8 9316.98 619.005 73.1752 8192.04 4177.92 4014.12 6644.1 2410.64 8160.82 243.271 11792.6 15885.2 9145.17 10059 42.5394 1899.12 579.056 8697.97 70.986 7917.55 57.6595 7859.89
internal_count=2080179 1119597 960582 481494 779014 479088 340583 730675 438938 406715 297644 629396 258515 236383 202555 220457 256671 72373 101279 109071 82068 367000 42556 266215 171928 82032 173485 262396 128767 38058 138425 210224 3903 64455 18616 40973 10806 81738 58880 71717 8829 530 43161 43078 94287 26159 193685 57782 55499 4708 172475 62888 1499 61389 53793 2291 1791 143675 162679 50791 23589 68711 4608 39958 10021 35291 48339 59350 21210 2283 24454 405 146653 61702 206321 134753 124417 10697 132091 126308 88464 7961 36824 13532 59098 49865 10267 39337 1710 1216 69417 44304 83186 44724 18834 23940 25113 17925 35772 5783 5604 57152 1874 29049 74364 4939 501 64817 32835 31982 52983 19224 62539 1675 94032 126515 72698 79806 248 14591 4560 69425 397 60864 376 60488
is_linear=0
shrinkage=0.02


Tree=3
num_leaves=127
num_cat=0
split_feature=9 9 51 1 9 53 14 13 27 9 9 8 1 29 55 27 25 9 8 29 50 43 6 26 0 55 39 34 42 53 39 47 1 14 46 48 29 39 28 39 1 46 11 18 53 21 45 40 27 1 13 11 24 1 29 32 20 24 42 24 49 48 39 1 16 8 40 14 6 16 45 19 48 39 45 20 25 6 26 37 53 29 47 37 56 9 53 47 19 28 18 55 5 50 4 29 27 18 40 29 5 43 40 56 22 1 16 27 48 29 43 55 4 20 48 13 42 1 19 13 28 39 31 22 55 48
split_gain=2661.72 695.249 380.565 212.274 136.337 130.385 120.974 115.056 83.8255 78.8013 71.9195 64.2823 57.8494 52.8721 52.355 50.0462 48.5318 46.2437 46.228 41.8939 39.3689 39.0461 36.8351 36.0897 35.3382 34.2475 33.7578 33.4594 39.2335 32.9964 34.297 32.6374 31.7905 31.6263 31.2269 30.6117 30.5947 28.8336 34.317 28.0237 27.9847 33.1228 27.9209 27.5527 26.2985 26.2109 26.1083 26.0586 24.6452 24.9859 24.0559 23.2904 30.5329 22.1081 21.5603 21.1237 21.1182 21.0666 21.2488 21.0393 20.9761 20.8461 22.0851 20.8204 20.5633 20.5406 20.5169 20.4132 20.0675 20.0252 19.9723 27.9764 19.801 21.7437 19.6784 19.646 19.5618 20.1946 19.315 19.1187 19.0528 40.232 19.8166 18.8075 18.5717 18.4802 18.4598 30.2522 23.1791 22.2394 18.4082 22.8447 18.2623 22.7123 20.122 18.1066 18.0415 17.8374 17.6108 17.456 17.3682 17.9614 17.1175 17.1027 27.0084 17.8305 17.0699 23.1431 27.3818 21.519 16.9699 17.1355 19.5368 16.85 16.8393 16.5768 16.2989 16.2917 16.2599 16.2359 16.2222 18.2872 19.8155 16.2962 18.498 16.0511
threshold=0.26758797466754919 -1.1433565020561216 1.0486460328102114 -0.00059023039648309339 -2.0581501722335811 0.40214736759662634 -0.37104189395904535 0.18906704336404803 -0.87837970256805409 1.5961762666702273 1.3137637376785281 -1.5864526629447935 0.0033486386528238658 -4.2346420288085929 0.17034266889095309 -0.87837970256805409 -0.37940952181816096 0.81634643673896801 1.14722615480423 1.861536502838135 1.3470038175582888 -0.0014687754446640609 2.5198549032211308 -0.12940952181816107 0.0066451290622353562 0.070242330431938185 0.20104166865348819 0.12083333358168603 -0.010948731563985346 1.4410497546195986 0.067708335816860213 -0.0070140145253390065 0.035617629066109664 -0.50686299800872792 -0.020050900056958195 0.017376514151692394 5.2279472351074228 0.50520834326744091 0.81174489855766307 0.83020833134651195 0.00059670291375368844 -0.064632825553417192 0.91646715998649608 0.25325989723205572 0.53779208660125744 0.65099263191223156 -0.00034236638748552645 -0.12500000000000003 -0.87837970256805409 -0.0032136467052623625 0.65839758515357982 0.10707244649529458 11102.988769531252 0.0014383577508851888 -0.10944306850433348 0.0027389153838157658 1.4456958770751955 670.57318115234386 0.0066600474528968343 352.68705749511724 1.7188559770584109 -0.016219983808696267 0.22187499701976779 0.0132989170961082 -0.7148832082748412 -0.52784368395805348 -1.0000000180025095e-35 -0.1109868288040161 0.55219852924346935 -0.67259371280670155 -0.047018274664878838 2.582291960716248 0.020736418664455417 0.071874998509883894 -0.010644719935953615 1.2664234638214114 0.60355338454246532 0.64037713408470165 -0.91597560048103321 1.2008494138717654 1.7720632553100588 7.5329601764678964 0.055059408769011504 1.1366926431655886 -0.026024588383734223 -1.645314574241638 -1.8566814064979551 -0.013979796785861252 5.092074155807496 1.0000000180025095e-35 0.070960309356451048 0.13656906038522723 0.033427774906158454 -0.13436466455459592 0.023861845955252651 2.8880834579467778 -0.60785761475563038 -0.51597008109092701 -0.3415063470602035 -2.2887319326400752 0.15934261679649356 0.00044157831871416425 1.0000000180025095e-35 -0.048294294625520699 0.030250395648181442 -0.00049236620543524612 -3.1243652105331416 0.6078576147556306 -0.033118849620223038 -4.9987733364105216 -0.00098895153496414401 0.17333314567804339 0.46240074932575231 1.656007766723633 0.045754142105579383 0.9011325240135194 -0.0028443662449717517 0.012467660475522281 2.9970319271087651 0.84057992696762096 0.81174489855766307 0.79687500000000011 0.14999999850988391 0.16279586404561999 0.035015057772398002 -0.0091699170880019647
decision_type=2 2 2 2 2 2 2 2 2 2 2 2 2 2 2 2 2 2 2 2 2 2 2 2 2 2 2 2 2 2 2 2 2 2 2 2 2 2 2 2 2 2 2 2 2 2 2 2 2 2 2 2 2 2 2 2 2 2 2 2 2 2 2 2 2 2 2 2 2 2 2 2 2 2 2 2 2 2 2 2 2 2 2 2 2 2 2 2 2 2 2 2 2 2 2 2 2 2 2 2 2 2 2 2 2 2 2 2 2 2 2 2 2 2 2 2 2 2 2 2 2 2 2 2 2 2
left_child=1 4 5 18 15 10 9 14 84 22 23 25 57 -9 48 78 50 33 29 26 92 63 40 114 39 -5 44 45 -29 30 55 34 56 60 -25 51 37 38 43 120 69 -42 80 61 -18 79 118 -21 -6 72 67 70 -53 -36 -27 -3 -26 58 -10 -39 -7 62 -32 85 100 -43 -40 90 -20 -4 71 -17 73 -50 -33 -54 77 -22 -1 -16 -11 82 125 -63 -8 -15 87 88 -75 -90 -13 -92 94 -94 97 -57 -19 -12 -47 -46 -64 -102 -80 104 105 -76 107 -100 109 -109 111 -72 -113 -34 119 -67 -87 -35 -23 -2 -14 123 -123 -122 -125 -82
right_child=2 3 6 11 7 17 8 13 12 42 20 16 24 21 27 35 19 96 68 47 76 46 -24 31 32 54 -28 28 -30 -31 36 74 113 117 53 -37 -38 59 66 -41 41 65 -44 -45 99 98 -48 -49 49 -51 -52 52 75 -55 -56 95 -58 -59 -60 -61 -62 83 64 -65 -66 115 -68 -69 -70 -71 110 -73 -74 86 103 -77 -78 -79 102 -81 81 -83 -84 -85 -86 116 -88 -89 89 -91 91 -93 93 -95 -96 -97 -98 -99 106 -101 101 -103 -104 -105 -106 -107 -108 108 -110 -111 -112 112 -114 -115 -116 -117 -118 -119 -120 -121 121 122 -124 124 -126 -127
leaf_value=0.01306896848193786 -0.00059505276259038428 0.0019933530544437124 0.0069360681580053927 0.00013285608777880272 0.0069124769890547269 0.00029721750079752249 -0.0040071045966968508 -0.0019390315304391485 -0.0019441659054621719 -0.0038850917885800435 0.0069609853522243246 0.0018506676254430796 -0.0053524162692518661 0.003738213181899402 -0.0024767020513933508 0.00050483418593464497 -0.0014647598201125221 -0.0042690463020683724 0.00081615733447069211 0.0025898491132371484 -0.0014324678141798605 0.0017826661786672065 0.0017476017671328062 -0.00075149001079742258 -0.002776256260568071 0.0013045494955387016 -0.00098355400977049364 0.028164958899768645 -0.00027112045066634806 -0.0018762266409005838 0.0027141047443973269 -0.004318609988780241 -0.0093041729862759631 -0.0027071650595556361 0.0035514160187747681 0.0068484199678000672 0.005922341410655365 0.0017023721208791105 0.0011645500917562151 -0.0026025291938306504 0.02259722061578217 0.00049490862974191428 -0.0057804670761064866 0.00017999011354837176 0.0089440561087026117 -0.0029774765590535319 0.00043922328926312401 -0.00098861342739267242 0.0078827911176450119 0.0025562615732003637 -0.00057888283227397973 0.0041364740152146631 0.0023696029000907001 0.00078607664599102199 0.0054880000392316976 0.0054598883832363511 0.0011467485262061305 -0.0039552776212197719 0.0085964739279415434 0.0032405599163641305 -0.0051011180038014548 0.0019306099165716495 -0.0046434264834466603 0.0074131689135157755 0.0014481096600537785 -0.0024778838616465095 -0.0020540212917708849 0.014395412634603122 -0.0024129788980990332 -0.00070901816958384334 0.0055229657546078913 0.017057927735225433 0.0075710677329169822 0.0046855828515259606 0.0053894840452779185 -0.0028025069339142872 -0.0057207354159117619 -0.0053687326921042231 0.0053314364691275252 -0.015020185877616599 -0.0093382980584624468 -0.014153318544749055 -0.0092694832952285641 0.0039614626508424743 -0.0071235129926092494 0.0011254626659921187 0.0032208596005982222 0.0072683150163222777 -0.0047861096207187821 0.0044008410004217182 0.00053608139134583279 -0.0042688613103552516 0.00278844956912444 -0.0009254343984878118 -0.0060135759903259239 -0.0038814359100362928 -0.0026212773901735749 -0.0021996947082416375 0.012038673202960253 -0.0043549610625421356 0.0023927946719994667 -0.005035917205969246 0.0091903995411209555 -0.00046168770284322309 -0.0010655473360151671 0.0011290844056133316 0.0012243524681499272 0.0015192302556913879 0.022427898903191253 -0.022155170544100971 0.0019567120943299195 0.0025100501568559837 -0.015397886263402419 0.0113968036456852 0.0043463087176782399 -0.0063400128203324529 0.0028423655224153067 0.00093219978291538431 0.0046713780948979345 -0.0039307737839413869 -0.0040503148710575162 -0.020635780589064581 0.0011723506717419287 -0.012717950523516625 0.0014799287575837953 0.0020701721706917328
leaf_weight=260.58353181928396 11243.544129222631 1586.5177943408489 140.78892537951469 1900.9187527149916 1802.586382381618 4283.5676961913705 946.24907726794481 1211.8324930146337 6370.9511431530118 3185.8781972751021 100.55555217713118 4352.3963582962751 11924.28343719244 5608.1138460487127 342.87861574441195 61.576901391148567 2935.0938125252724 3740.065442956984 1591.8364039808512 1764.3808156400919 1873.9698045179248 2911.0826790630817 1229.8824143633246 1422.5352935045958 1886.0239040032029 811.50433551520109 14522.417248047888 36.752199329435825 39.760148011147976 957.98713394254446 1278.8130127638578 405.13516160100698 308.1909618601203 4766.1739043369889 3352.1944181323051 2143.0234297215939 673.43030272424221 9076.8352463915944 1349.7160344496369 2171.6244917437434 20.241401538252831 901.76792997866869 2569.4409803897142 4812.0461027771235 39.097646236419678 236.51884911954403 5606.1769042238593 1509.1521215811372 713.12648307532072 2358.6119806617498 6476.4987509027123 3601.5252009704709 830.93843211233616 1767.812764801085 1259.5738246589899 1970.9222070872784 772.94605336338282 2586.710173368454 76.426498576998711 5858.8527574017644 307.65145923197269 8705.8592863380909 630.04104828834534 403.16886743158102 1087.529624029994 10135.085375621915 1914.4466736391187 44.748322300612926 1488.4917349293828 4087.0777036100626 5252.6263270303607 121.39264805614948 971.58154971897602 1658.7329310253263 749.46161738038063 453.04544202238321 1094.2098365053535 722.56202694773674 942.70062913000584 55.836285181343555 51.595555298030376 80.869315207004547 75.493852630257607 2310.4261502921581 4132.7101885452867 3205.3738405629992 3700.6214449182153 1623.5005469322205 228.11747494339943 194.16207936406136 2888.0905598774552 457.60931180417538 774.37758437544107 4372.9514059722424 529.49849130958319 85.841749645769596 9248.7508665248752 520.86983100324869 160.15915619581938 2791.8167637735605 419.77418755739927 187.50874292105436 912.875986084342 5194.3251898661256 982.91779144853354 827.75506244599819 527.09834062308073 44.657881878316402 15.139421813189982 22.260893128812313 732.86275739967823 447.19112981855869 24.76668381690979 15.704867482185362 262.15814387798309 464.82828856259584 7163.8417924046516 547.70719508081675 1065.873225517571 614.82171254605055 2045.7964242994785 48.805649966001511 24.765652850270271 39.383316621184349 401.89517650008202 791.73374463617802
leaf_count=2058 89235 12639 1052 15194 14298 33947 7559 8949 50920 25042 804 34650 94987 44587 2351 331 23374 29828 12654 13969 14901 23245 9567 10929 14765 6422 115865 184 249 7623 9959 3190 2230 38088 26699 16900 5172 72274 10659 17308 78 7169 20262 37988 303 1632 44753 11878 5620 18832 51502 28590 5953 14029 9982 15415 6003 20654 605 46113 2449 69396 5001 3117 8683 80133 15128 358 11739 32597 41451 502 7731 12968 5987 3405 8716 5689 7415 355 397 578 571 18427 32948 25315 29383 12897 1757 1524 23071 3565 6112 34679 4236 669 73480 4167 889 22268 3120 1410 7202 41460 7859 6612 4032 253 107 148 5845 3212 95 97 2048 3557 57101 4370 8512 4846 16281 390 198 314 3192 6147
internal_value=-1.43247e-06 0.00180599 -0.0022444 0.000684641 0.0035113 -0.00112601 -0.00340589 0.00291442 -0.00417531 -0.00231154 -0.000388892 -0.000347745 -0.00375549 0.00214263 0.00433779 0.0050956 -0.000602227 -0.00231112 0.00162199 -0.00115907 -0.00183742 0.00233324 -0.00158442 0.000150562 -0.00436489 0.00207215 -0.00149783 0.00077012 0.0135622 0.0017919 0.00187574 0.00081667 -0.00235826 -0.00128144 0.0018689 0.00465166 0.00169924 0.00162348 0.00117421 -0.00472401 -0.00184478 -0.00235545 -0.00413861 0.00149296 -0.00279255 6.34106e-05 0.00131883 0.000940016 0.00473638 0.00439309 0.000320428 0.00424257 0.0031926 0.00259715 0.00385071 0.0037302 -0.00163548 -0.00243026 -0.00181775 0.002306 -6.5332e-05 0.001925 0.000603988 0.00292653 -0.000556944 -0.00240141 -0.000722902 0.00107276 -0.000744194 -0.000452619 0.00501431 0.0115256 0.00486926 0.0045449 -2.70364e-05 0.000543118 -0.00347745 -0.00252988 0.00795915 -0.00426898 -0.00312933 -0.000718341 0.000477139 0.00235695 -0.006544 0.0028128 0.0042223 0.00522127 0.00362107 -0.000559215 0.000993329 -0.000121897 -0.000875806 -0.000366081 -0.00315231 0.00506783 -0.00309611 -0.000706956 0.00178431 -0.00416784 -0.00231981 9.29038e-05 0.00723437 0.000197578 0.00153523 0.00315631 0.00325154 0.00763569 -0.000987391 -0.00655171 0.00482791 0.0051949 0.00153762 -0.00826537 -0.000657342 -0.00264792 0.00231189 -0.00233176 0.00255811 -0.000768401 -0.0050418 -0.00359342 -0.013364 -0.00329874 0.000184642 0.00136078
internal_weight=262626 145433 117193 87740.2 57692.7 59705.6 57487.2 41907.6 33752.5 23734.7 36811.7 41753.3 28673.5 27175.5 14732.1 15785.1 37781.3 22893.9 45986.9 23562 9988.99 25963.6 16979.7 26822.7 19639.4 3972 20288.4 1481.06 76.5123 42906.5 41948.6 14702.1 2982.87 9905.1 6542.54 13668.9 38305.3 37631.8 22696.2 16656.6 15749.8 11521.9 6755.01 19432 5766.01 1404.55 9583.13 3273.53 13251 11448.5 14219.3 11525.9 4885.51 5120.01 2071.08 3643.28 2658.97 9034.09 6447.38 14935.7 4591.22 14620 3603.67 16380.5 2324.85 11501.7 3264.16 7742.84 3080.33 4227.87 6640.42 182.97 9089.84 8118.26 8159.59 1283.98 3690.74 2596.53 2116.16 398.715 4185.57 999.692 918.823 11016.3 5078.96 15977.3 7405.13 3704.51 2081.01 422.28 7698.1 3345.7 6298.25 5147.33 1150.92 2056.76 12988.8 621.425 1005.83 2830.91 1237.32 607.283 1855.58 7754.46 2560.13 1577.22 769.316 242.217 82.0582 66.9188 6457.45 5724.58 471.958 323.896 12120.5 10599.9 10369.2 5313.88 3976.96 11858.4 14484.9 2560.65 73.5713 2487.07 441.278 843.329
internal_count=2080179 1150218 929961 696470 453748 474360 455601 330789 268451 187150 292198 332401 227944 215579 115210 122959 300803 182162 364069 187657 79304 206630 134153 212894 155765 31598 161810 10200 433 339676 332053 116765 23095 78854 51657 106284 303330 298158 179771 132670 124586 90937 52997 153984 45945 9767 76510 25847 105010 90712 113146 89384 37948 40728 16404 28723 20768 72179 51525 118387 36396 115996 28173 130120 18214 90859 25787 61644 24393 33649 51436 833 71880 64149 65108 9358 29306 20590 16675 2706 32735 7693 7115 87823 40507 127003 58529 29146 16249 3281 61286 26636 49998 40791 9207 16084 103308 4971 7061 22571 9531 4530 14617 61918 20458 12599 5429 1397 508 401 50603 44758 3307 2327 96129 83690 82416 42458 31757 94081 115362 20375 588 19787 3506 6544
is_linear=0
shrinkage=0.02


Tree=4
num_leaves=127
num_cat=0
split_feature=10 10 10 8 9 12 12 8 53 32 44 9 5 27 14 6 52 45 6 19 27 17 29 29 25 33 15 39 38 27 26 52 13 53 38 25 29 39 53 18 27 29 38 6 34 39 26 43 0 14 23 14 27 26 40 9 26 54 13 52 27 43 10 1 26 38 39 8 40 33 5 56 22 19 38 13 40 18 18 44 47 47 19 21 53 5 40 8 1 54 34 0 56 25 13 33 19 43 39 6 38 40 6 29 39 27 55 31 38 4 8 4 18 41 47 54 39 44 38 45 17 4 55 24 22 38
split_gain=2583.07 699.267 434.629 154.304 149.999 109.127 102.19 97.9389 95.6237 89.6305 67.9358 57.2532 56.5847 55.2039 53.8897 53.0463 51.7379 51.5546 45.8121 45.1292 40.0302 39.6861 40.1043 39.1788 55.3846 36.7249 36.0902 33.8745 32.7303 32.1121 29.7914 29.5713 29.4974 28.6059 27.4901 27.3615 26.9462 26.9265 26.7117 26.0578 25.8006 28.1901 25.702 26.3105 25.5241 25.2175 25.0166 24.9512 24.3186 24.2906 24.2425 23.4835 23.2165 23.0729 28.7372 22.7744 22.5515 22.4895 22.2853 22.2503 22.2362 21.961 23.1228 26.0372 22.7833 27.5214 21.6667 21.5003 21.4543 21.4428 21.3925 21.3207 20.9862 20.9012 20.7231 20.2972 20.2899 20.5582 20.0045 19.96 19.9336 23.5189 20.4745 19.874 19.8327 26.9463 19.7011 19.2757 19.1773 19.1111 18.7875 20.2521 18.5571 18.4567 18.2864 18.1656 19.4181 18.0539 17.6204 17.6011 20.0299 23.7909 20.1585 19.4265 18.7793 17.925 17.5998 17.5588 18.2523 21.3204 17.4576 17.4366 17.2454 17.1699 17.0852 17.0785 16.9527 16.9073 19.5364 16.8969 16.8324 23.9261 16.7926 16.7762 16.7586 16.7384
threshold=0.21707570552825931 -1.3800229430198667 1.1227725744247439 -1.0242068767547605 -1.7417897582054136 0.096804291009902968 0.84637704491615307 1.1316735744476321 0.65280827879905712 0.0023637615377083425 0.0010754915419965985 1.5562586784362795 0.083070252090692534 -0.87837970256805409 -0.36198198795318598 2.0174409151077275 1.3909754157066347 0.0066013655159622439 0.50817951560020458 5.4048485755920419 -0.87837970256805409 4.2913675308227548 1.3835072517395022 0.39094090461730963 -0.37940952181816096 -0.011061200872063635 0.56309103965759288 0.94895833730697643 0.15059255063533786 -0.87837970256805409 -0.91597560048103321 0.73407986760139476 0.75561118125915538 0.41883921623229986 0.073550827801227583 0.98296290636062633 -5.7211222648620597 0.54687500000000011 0.55255264043807995 0.68869787454605114 -0.60785761475563038 1.813703775405884 -0.30225843191146845 2.0910604000091557 0.12083333358168603 0.10104166716337205 -0.6035533845424651 -0.001021195843350142 0.0038626601453870539 -1.5222251415252683 0.047784863039851196 -0.11659860610961913 -1.0000000180025095e-35 1.0000000180025095e-35 -0.3415063470602035 1.4962655901908877 0.98296290636062633 0.36520297825336462 0.52329537272453319 0.10175372287631036 -0.87837970256805409 0.00069108474417589616 3.0528441667556767 0.010073419194668533 0.78656607866287243 -0.041636092588305466 0.50104168057441723 -1.9041528701782224 0.34150634706020361 -0.028037911280989643 0.25502912700176245 -0.053919050842523568 -0.021252567879855629 2.3576511144638066 -0.30225843191146845 0.13556758314371112 0.46650633215904241 -2.6346576213836665 -0.079465687274932847 -0.003034999361261725 0.002613828051835299 -0.044944319874048226 3.9177980422973637 0.96166494488716137 -2.2932953834533687 0.31911547482013708 -1.0000000180025095e-35 1.6038324832916262 -0.0051699781324714414 0.36520297825336462 0.15416666865348819 -0.017230073921382424 -0.047139964997768395 0.37940952181816107 0.68574523925781261 -0.012158292345702646 3.8030878305435185 -0.0019773109816014762 0.592708319425583 2.1682417392730717 -0.0094352508895099146 0.46650633215904241 -0.59239864349365223 -0.9160935878753661 0.19270832836627963 -0.60785761475563038 0.081325490027666106 0.22999999672174457 -0.18679938465356824 0.37017491459846502 -1.7724632024765012 0.072827924042940154 1.3552415966987612 -0.0022901972988620396 0.010086865164339544 0.13209940493106845 0.93437498807907116 -0.0048046123702079049 -0.026795294135808941 -0.0012788556050509212 2.0344734191894536 0.18286146968603137 0.031456254422664649 -275.25736999511713 0.15476191043853763 -0.037868242710828774
decision_type=2 2 2 2 2 2 2 2 2 2 2 2 2 2 2 2 2 2 2 2 2 2 2 2 2 2 2 2 2 2 2 2 2 2 2 2 2 2 2 2 2 2 2 2 2 2 2 2 2 2 2 2 2 2 2 2 2 2 2 2 2 2 2 2 2 2 2 2 2 2 2 2 2 2 2 2 2 2 2 2 2 2 2 2 2 2 2 2 2 2 2 2 2 2 2 2 2 2 2 2 2 2 2 2 2 2 2 2 2 2 2 2 2 2 2 2 2 2 2 2 2 2 2 2 2 2
left_child=1 5 3 17 47 20 14 9 11 16 31 53 29 35 15 74 23 67 38 27 -1 22 28 24 58 -10 40 61 39 119 84 48 -16 -26 -21 46 44 -25 117 56 88 -42 43 89 75 49 -12 -3 -8 71 -36 122 114 -5 -55 99 66 -13 116 -31 112 -15 64 -64 65 -63 95 -2 -68 -44 -52 -28 -48 -67 -4 -30 77 -38 -29 -76 81 82 120 -58 -22 -86 -23 -20 -11 -32 91 -47 -92 94 -82 96 -14 -71 -62 100 101 103 105 -27 -102 -103 -85 108 -73 -110 -19 -51 -34 -99 -39 -90 123 -9 -119 -7 121 -56 -35 -6 -81 -124
right_child=2 4 6 8 7 12 10 18 25 26 13 57 21 19 32 -17 -18 110 87 34 30 86 -24 37 33 55 45 78 36 59 42 -33 60 51 50 -37 76 52 -40 -41 41 -43 69 -45 -46 90 72 -49 -50 111 70 -53 -54 54 80 -57 83 -59 -60 -61 98 62 63 -65 -66 73 68 -69 -70 97 -72 107 -74 -75 79 -77 -78 -79 -80 124 93 -83 -84 106 85 -87 -88 -89 115 -91 92 -93 -94 -95 -96 -97 -98 113 -100 -101 104 102 -104 -105 -106 -107 -108 -109 109 -111 -112 -113 -114 -115 -116 -117 -118 118 -120 -121 -122 -123 125 -125 -126 -127
leaf_value=0.0080673694328268399 0.0032089750622403368 0.0046234561169696533 0.0099434334356460381 -0.00089294126915690332 -0.0004189444787650256 0.0072408170748667275 -0.0016247418841133883 -0.0021342227075331552 -0.00062672833575520739 0.0053778489980693045 -0.009210174257912658 -0.0028752432590534367 -0.0054711218252004078 -0.0029221861971600437 -0.0015967063782462651 0.0010883013771443161 -0.0029930076065080996 0.0063227338145087318 -0.0014497596691992664 -0.0022432378498527606 0.011475690893980015 0.0049778898399027603 0.004927031098344861 0.0018358106749031015 -2.7678488893711794e-05 0.00049756380667665193 0.0083707985251664976 -0.0059895639773709253 -0.003241730810126766 0.0039460539963576549 -0.0065297323602703681 -0.0037223033461922317 -0.0066349845180380959 0.00084379355697238772 -0.0067306604295379845 -0.016165605666726115 -0.0082550865602876861 -5.4950861693154683e-05 -0.0017819418306765581 -0.002443469551268479 0.0015972228710784198 0.0054965842402004373 -0.00960866604710023 0.027593515348953993 0.0080185892714864059 0.012696640055018367 -0.0014082574488363082 0.0015412747722213258 0.0028689660292523828 -0.0030408017323840463 0.0091198519507910587 -0.011668601670173546 0.0012366193733460637 0.0018994824499469016 -0.0062831996075568717 -0.0047521287552712071 0.001521052053303752 -0.018267919344322144 0.00023394779734481534 0.0014760810638809829 -0.00399838465044539 -0.0041785015890084378 -0.0048509547411063787 0.00069295126429065991 -0.0036580869895935374 -0.0051123590128861153 0.0028327840900550893 -0.0001146976918988257 0.0088789068061096224 0.0050652767853329719 -0.013547087617271537 0.015890248335306528 -0.0062744756458994909 -0.0070732394785009301 0.0034712313621005552 -0.01647654613803656 -0.013105414198913827 0.003730349223516137 0.0013919089201076523 -0.0020281480452070308 0.0022950974028135398 0.00049048906213704311 0.018012276123062956 0.0028811253629432271 0.0066815275290119111 -0.01514407392973607 0.023168329684075575 -0.004041154776809457 0.0029361941766265017 0.015376385353435008 0.0014992217040349207 0.00078579813353892925 -0.021735839339245104 -0.0037454758265151396 -0.0041000736127043899 0.0015247942798292172 0.010926372806475989 -0.0016850623381047891 -0.0020296551904234695 0.00043000669591258925 -0.0048960578879238209 -0.0023661095563369881 -0.00073358863138290535 -0.0026327451294331119 -0.0027337577317855617 0.0098313583249558106 0.011969555051583107 -0.01449820157410946 0.0034781965460578892 -0.011219405880758171 0.0027210045673354217 0.0027620904776516557 0.000339537915582536 0.0037029881911161216 -0.0034011592172384759 -0.0063377809518370869 0.0078267825869430159 0.0030368870661831296 0.00031341484870092473 0.0038638247466956689 -0.014152487433893017 0.0078401310801670641 0.01056113758497677 0.0027560841108634068 -0.0045095628352022857 -0.0021232419255608564
leaf_weight=1909.7479899153113 911.47154928743839 4726.8630829229951 55.578822396695614 11798.345619313419 845.31928089261055 1703.4419755488634 2576.8943119645119 705.82961852103472 4183.804333306849 1566.697062253952 967.00120028853416 3278.4523462280631 254.51238333433867 2903.7313750907779 3111.7964602559805 2540.4870036169887 1774.7903097644448 697.02040368318558 2917.9720041900873 1779.2686951681972 396.37650585919619 44.563516445457935 1808.5286719948053 10794.670881740749 10832.129420690238 917.03932182490826 432.0019136890769 191.88895503431559 80.230349063873291 11714.248745977879 25.922828517854214 2418.3748094886541 1472.8766959756613 968.87112302333117 61.00945495814085 120.93342573940754 68.165310047566891 1766.3930253311992 2359.3951678201556 504.07070321589708 11545.019250750542 792.0374733954668 41.945159383118153 37.803839519619942 32.314960338175297 56.327417902648449 434.96518101543188 1353.8180264011025 591.34214789420366 348.10742334276438 211.96030858904123 92.621626228094101 3632.5204981938004 3428.8079026117921 233.13886007666588 1937.4693817794323 252.15863682329655 37.478812046349049 3622.4957417175174 1669.7482660412788 6175.9460919871926 4949.1492235139012 728.13618929684162 632.15496324747801 4020.1920087859035 4590.1676088571548 2840.3387670814991 5299.5587489530444 255.47949253022671 7868.0159955620766 17.157869458198547 43.864204853773117 1945.1110017746687 4175.4640059769154 242.12342207878828 111.44761567562819 40.006706289947033 331.01978258788586 614.22216845303774 9072.5862287655473 551.10760290175676 7034.7808666080236 14.382474966347216 132.51684953272343 1024.0852968767285 22.194855019450188 52.343722939491272 1896.074963234365 3578.9478240758181 38.385104782879353 25.484093815088272 15604.994325175881 28.367282703518867 1101.8644225075841 263.52098476141691 5978.441247522831 31.597663439810276 257.98455609381199 2585.7769408598542 800.73345128446817 2106.2683293297887 66.517418041825294 477.40624050050974 5824.4777706041932 6825.8946745321155 169.6956794783473 243.62359824031591 21.380711920559406 853.56819505989552 40.40219659358263 2380.5690740793943 508.16347946971655 156.50051687657833 2751.3478651493788 932.10884525626898 80.25514067709446 215.79141263663769 1540.8900040835142 3330.6005815118551 917.69825428724289 72.141982264816761 59.383311502635479 40.95072215795517 3117.9568101838231 1238.2206985577941 5182.6519913598895
leaf_count=15060 7268 37455 371 93678 6713 13609 20558 5553 33080 12500 7681 26087 1855 23067 24873 19782 14103 5502 23076 13917 2972 181 14039 85860 86465 7282 3284 1525 481 93483 136 19243 11770 7751 467 967 509 14045 18819 3838 92133 6322 245 155 157 299 3469 10807 4614 2781 1660 741 28897 27281 1854 15433 1945 254 28820 13334 49254 38887 5774 4842 31823 36415 22006 42281 2028 61158 108 273 15429 33148 1884 591 264 2471 4852 71784 4383 56096 69 1041 8092 98 159 14977 28613 167 177 122570 169 8804 2098 46638 249 2027 20644 6377 16793 532 3813 46430 54469 1349 1879 161 6671 197 18854 4039 1250 21965 7442 641 1718 12251 26593 7340 483 435 313 24896 9829 41351
internal_value=-3.19949e-06 0.00183047 -0.00214838 -0.00094884 0.000895598 0.00394321 -0.00334569 0.000694685 -0.00137924 0.000956146 -0.00407379 -0.000588619 0.00323799 -0.00447116 -0.00241863 -0.00150696 0.000350851 0.00142253 -0.000932191 -0.00414115 0.0053689 0.00226069 0.00216462 0.000492094 -1.40038e-05 -0.00232455 0.00170269 -0.00439778 0.00171631 0.00403529 0.00495474 -0.00205717 -0.00330615 -0.000650594 -0.00131171 -0.00683606 -0.00258928 0.00122851 1.39841e-06 0.00198875 0.00234741 0.00184807 0.00459992 0.0145525 -0.00821775 0.00107217 -0.00649395 0.00393776 -0.000785048 0.00305344 0.00438576 -0.00172383 0.000192752 -0.000255441 0.000333999 -0.00269585 0.00221275 -0.00305498 0.0013825 0.00363812 -0.00381778 -0.00454533 -0.00479194 -0.00227524 -0.00498478 -0.0053733 0.00196593 0.00037333 0.00333476 0.00450543 0.00736656 0.00468378 -0.00538655 -0.00604723 -0.0021286 -0.0109876 0.000291178 0.00166569 -0.000369203 -0.00219321 -0.000241337 0.00022862 -0.00461732 0.00587921 0.00765974 0.00620357 0.0149498 -0.00247125 0.00352547 0.00656584 0.000788577 0.000829508 -0.0108952 -0.00205903 0.000222632 0.0012889 -0.00362497 0.00456083 -0.00341778 -0.00246374 -0.00260522 -0.00183912 0.00163089 -0.00220677 -0.00324425 0.00639685 0.00878642 0.00301523 0.00343058 0.00280104 0.00353885 0.000401027 -0.00596468 0.00324034 -0.00121199 0.00273084 0.00237755 0.000756175 0.00117552 0.00606079 -0.00555939 -0.00339575 -0.00157306 0.0020787 -0.00232665 -0.00202161
internal_weight=262669 141617 121052 60471.3 98176.3 43440.3 60581 92095.7 51182.7 79344.9 33929.1 27873.4 29066.5 28342.5 26651.9 13149 43819.3 9288.62 12750.8 24874.5 14373.8 13061.4 12964.5 42044.5 24918.8 23309.3 35525.6 22805.1 11155.9 16005.1 12464.1 5586.61 13502.9 17117.2 2069.4 3468.01 663.185 17125.7 7936.72 10492.7 17563 12337.1 11021.4 102.112 223.993 17962.7 3347.08 6080.68 3168.24 2247.49 290.128 6285.1 6331.02 24557.5 12759.1 19125.5 9988.67 3315.93 7801.56 13384 10391.1 21999 19095.3 1360.29 17735 13714.8 9360.37 6211.03 3095.82 10919.3 229.118 1391.22 2380.08 8765.63 10608.5 191.678 439.192 399.185 806.111 10552.9 9330.32 7413.83 379.047 628.299 1442.66 1046.28 96.9072 4814.05 5225.9 64.3079 15715.2 15661.3 53.8514 1916.49 814.629 6264.55 286.11 10877.3 8761.72 17188 16387.3 7455.14 713.619 6741.52 8932.16 236.213 376.14 959.215 937.835 893.97 3077.59 856.271 1629.38 3009.33 2698.5 3659.2 4179.07 5577.32 4871.49 2621.14 364.664 292.522 6192.47 3963.28 10310.8 5223.6
internal_count=2080520 1119648 960872 480985 779476 340172 479887 731214 407080 629945 268446 221522 228097 224031 211441 103650 349115 73905 101269 196485 112075 100331 99991 335012 198768 185558 280830 180333 85952 127766 97015 44415 107791 136621 16152 27546 4473 136244 63216 81479 140209 98455 85853 458 1229 140621 26579 48262 25172 17406 2235 50156 50384 195181 101503 152478 77641 26341 62147 106817 82918 173956 150889 10616 140273 108450 72776 49549 24034 85395 1768 10586 18898 69563 83868 1072 3244 2980 6377 83497 74222 58937 2841 4865 11162 8190 340 38053 41754 303 123215 122869 346 15285 6481 48742 2104 85150 69898 137045 130668 59406 5694 53712 71262 1881 2920 7302 7141 6868 24356 6820 13020 23992 21487 29254 33327 44397 38844 20949 2772 2289 49415 31609 81613 41664
is_linear=0
shrinkage=0.02


Tree=5
num_leaves=127
num_cat=0
split_feature=10 10 10 8 9 16 17 8 32 9 52 2 10 52 45 7 50 6 44 17 29 25 6 15 48 28 1 39 51 1 35 16 48 26 39 18 0 33 8 15 43 39 7 17 48 7 25 39 1 3 16 29 32 14 29 32 20 24 49 29 9 8 56 7 3 5 7 33 45 54 33 16 52 18 26 5 5 49 54 29 5 34 0 39 39 35 24 33 8 54 19 43 29 46 52 3 50 46 15 34 29 54 25 22 3 20 31 56 42 16 17 15 22 29 45 39 44 11 54 18 5 45 21 51 22 39
split_gain=2480.88 671.674 417.44 148.199 144.073 127.179 99.8568 94.063 86.084 70.0332 70.0264 63.3257 59.2169 49.69 49.5177 48.2409 47.8943 43.9988 39.3829 38.2969 37.6272 53.1935 37.5244 34.7086 30.7549 29.2528 36.3377 27.8218 31.6911 28.1193 27.5867 26.3343 26.305 26.2709 25.8612 25.7404 25.3809 28.3732 25.8229 25.0585 23.9666 23.3928 28.1758 24.4422 29.3802 24.0392 22.5109 22.2471 22.1748 23.7893 22.1304 22.2396 22.1195 21.7583 21.3946 23.9053 21.0694 20.9997 20.9598 20.9503 24.869 20.6505 20.5728 20.3769 22.9406 20.3598 20.3239 20.3083 19.905 21.9364 19.5157 19.3348 19.0652 23.0328 20.7549 18.8965 18.887 18.7307 18.7157 18.5596 18.5469 18.5322 19.3078 18.5236 22.1047 25.9574 21.1434 20.9923 18.5128 18.466 18.2309 17.8637 17.8226 23.8238 17.7756 17.7007 17.6781 17.6617 17.553 17.5467 19.501 17.5236 17.5018 20.0216 17.4892 17.4597 19.6417 17.1765 17.1632 16.9383 17.9957 16.8094 16.5455 16.4255 21.2945 16.3442 16.2882 18.0846 16.2744 16.2192 20.5788 21.9134 39.1514 20.0841 17.4441 24.2549
threshold=0.21707570552825931 -1.3800229430198667 1.1227725744247439 -1.0242068767547605 -1.7417897582054136 -0.39054453372955317 0.30480027198791509 1.1316735744476321 0.0023637615377083425 1.5160015821456911 0.67538619041442882 0.0036295866593718533 -2.3989293575286861 1.3909754157066347 0.0066013655159622439 0.31939731538295751 1.3815738558769228 0.50817951560020458 -0.0027569839730858798 4.2913675308227548 0.39094090461730963 -0.37940952181816096 2.4239131212234502 0.58674216270446788 0.0069727397058159122 0.81174489855766307 0.0031945292139425878 0.80937498807907116 1.0170655250549319 0.012467660475522281 1.0000000180025095e-35 -3.8731575012207027 -0.077433168888092027 0.12940952181816107 0.54687500000000011 0.27116402983665472 0.0066451290622353562 -0.026641676202416417 0.18892747908830645 0.11585354804992677 -0.001021195843350142 0.50937500596046459 0.37773060798645025 2.2962808609008794 -0.12024815008044241 -0.52969512343406666 -0.6035533845424651 0.10104166716337205 0.0079732132144272345 0.51539540290832531 -1.2665599584579466 6.4095079898834237 0.0067238155752420434 -1.5222251415252683 -4.2346420288085929 0.0063229307997971782 1.632905185222626 60.132291793823249 -0.67854291200637806 7.5329601764678964 1.5961762666702273 -1.9041528701782224 -0.053919050842523568 0.058086635544896133 0.55311322212219249 0.11680271476507188 0.1375582963228226 0.042886357754468925 -0.021999530494213101 0.11088352650403978 -0.0077060486655682317 -0.045767426490783684 -0.69362378120422352 0.81616476178169262 0.60355338454246532 0.013319619465619327 0.15202486515045169 -1.1483815312385557 0.36520297825336462 -0.21465122699737546 0.096928127110004439 0.15416666865348819 -0.017230073921382424 0.33854167163372045 0.36354167759418493 0.47500000894069677 -16908.067382812496 -0.028037911280989643 1.6038324832916262 0.31909994781017309 1.923066318035126 0.0046176982577890166 -0.9160935878753661 -0.023725219070911404 1.2695743441581728 -0.65860450267791737 -1.5400310754775999 0.0082113849930465239 2.0541250705718999 0.062500001862645163 -4.7186045646667472 0.018816635012626651 0.60355338454246532 0.056888304650783546 3.2729268074035649 2.1195187568664555 0.14999999850988391 -0.047139964997768395 0.0040996456518769273 -3.8731575012207027 4.2913675308227548 0.7242262363433839 -0.033296514302492135 4.3634057044982919 0.022117435000836853 0.26770834624767309 0.022151655517518524 0.48753027617931372 0.087980393320322051 0.68869787454605114 0.46388436853885656 -0.016588458791375157 1.5052904486656191 -1.874101936817169 -0.13519635051488874 0.81770834326744091
decision_type=2 2 2 2 2 2 2 2 2 2 2 2 2 2 2 2 2 2 2 2 2 2 2 2 2 2 2 2 2 2 2 2 2 2 2 2 2 2 2 2 2 2 2 2 2 2 2 2 2 2 2 2 2 2 2 2 2 2 2 2 2 2 2 2 2 2 2 2 2 2 2 2 2 2 2 2 2 2 2 2 2 2 2 2 2 2 2 2 2 2 2 2 2 2 2 2 2 2 2 2 2 2 2 2 2 2 2 2 2 2 2 2 2 2 2 2 2 2 2 2 2 2 2 2 2 2
left_child=1 6 3 14 40 22 12 8 13 11 16 33 31 20 61 25 72 -9 32 24 21 111 77 35 41 26 57 28 29 90 75 -1 -14 68 113 54 38 -38 -28 -20 -3 43 45 83 -45 -43 -40 53 49 -18 66 92 -33 62 -10 101 -34 -12 98 70 -61 -2 -25 -27 108 -29 -35 -44 -5 -70 -24 -59 80 74 -74 -23 94 -4 102 91 -7 82 -49 87 -85 86 -86 89 -19 -8 97 -32 93 -52 95 -41 -21 -13 -16 -71 -101 -56 -11 -104 -66 -94 -107 -83 -65 -64 -111 -6 -48 -22 -115 -95 117 -15 -17 120 121 122 124 -122 -47 -126
right_child=2 4 5 9 7 10 19 17 23 78 15 27 18 116 58 118 48 88 39 96 34 30 59 47 -26 63 36 65 -30 -31 79 52 56 50 -36 -37 37 -39 46 76 -42 42 67 44 -46 119 112 81 -50 -51 51 -53 -54 -55 55 -57 -58 71 -60 60 -62 -63 109 64 104 -67 -68 -69 69 99 -72 -73 73 -75 -76 -77 -78 -79 -80 -81 -82 107 -84 84 85 -87 -88 -89 -90 -91 -92 -93 105 115 -96 -97 -98 -99 -100 100 -102 -103 103 -105 -106 106 -108 -109 -110 110 -112 -113 -114 114 -116 -117 -118 -119 -120 -121 123 -123 -124 -125 125 -127
leaf_value=0.01342560912671943 0.0031449609473022978 0.004531323259087199 0.002400007298948412 -0.012665404358947379 0.0021704260310545639 -0.00056259408423672071 -0.00047098607196687555 1.3666379492417952e-06 -0.0028659753582175561 -0.0026252199510453053 -0.001971292557505065 0.00012510845723637991 -0.0009201970542359767 -0.0010908032114101244 0.0027564429520494289 -0.0018013652681563711 -0.0035831526385116186 -0.0014207712987963511 0.0045308576204010718 0.0012975370260367525 0.0015145869645589415 -0.0052474387740959827 0.0034254876720725513 0.0081602471712850597 0.0041412293931059494 -0.0039065399319174379 -0.0025961976702695878 -0.00085800855777046258 -0.0035886550482633417 9.6835758589915307e-05 0.0019695270924936755 0.0067979287535683284 0.0046211964344932991 0.00505612340211867 0.00018888427027355511 0.0010019292747560152 -0.0065431370952273261 -0.0020903749372361566 -0.0042524288129530442 0.0072937859884889033 0.0015104986055603407 -0.022211531429116131 -0.0025102590584049301 0.027114878560019862 0.0029517502463874334 0.0092120213196023471 -0.0041036065024929588 0.012390041254562998 -0.00069457910748461612 -0.0068472994430434806 -0.0035517345505430881 0.0081833722932234138 0.0046347115791052799 0.000298279332935131 0.006753411341172794 0.0036993117943710549 0.0089554119646335691 -0.0031791455749216207 0.00096012983700488315 -0.00015254816165901481 -0.018552546271205103 -0.00011240393757742247 -0.012884837248486195 -0.004661575904573537 0.00083408133396624721 0.0037283002793283295 0.027461570493879345 -0.024081041044919232 -0.0013320625622940919 0.0012937276426061867 -0.0013039439889989805 -0.0055286325192613148 -0.0022898894577685499 -0.0046943050466129775 6.8985794099256638e-05 -0.0010263773370147429 -0.0070071900671525942 -0.0019867848785778907 -0.016317043621799247 -0.00061256527134183726 0.0054186178814683286 0.0011219292330217011 0.0007457172674330216 -0.0060856101379665045 0.019447553423579862 -0.024990357856528634 -7.4477344439803514e-05 0.0015258581863218297 -0.0039603923702741751 -0.026950933503887175 -0.0029409239318249113 -0.0090210543418737729 -0.00021606922055028444 0.0046114826937731302 -0.0040960113468292859 0.0024391077412344222 0.020106400463953615 -0.0025574867651332119 0.0063801040890072921 -0.018362180463797031 -0.0012828124434101024 0.0017925508182634201 -0.0032221250528527891 -0.0077048103807696791 -0.014554848341838485 -0.00033257240980441051 -0.012421620990952315 -0.021427131066790391 0.0022855614300382387 0.0028882212894667629 0.02421761444747805 0.00029773759671750994 -0.0061115757268978841 0.0034760331143395117 0.018551630406706623 0.001037130857900919 -0.015106828613146642 -0.0053458997436521064 0.0035060656735721569 -0.0028632796373409962 0.026127494735286833 0.0051979860371013584 -0.0067367706760032911 0.0036353354757301076 0.0047963280020986701 -0.0044731969610130396
leaf_weight=183.32795152813196 911.44439893960953 4726.535699814558 414.87824057042599 57.642555482685566 4402.9028507173061 1096.2073118910193 23.226755872368813 7936.6957054287195 268.59370168298483 3948.7298458516598 2924.3444704413414 2047.8410193473101 332.41951842606068 1107.4966492578387 1082.2162506356835 573.84246353805065 2768.4248454347253 2917.9776280373335 3118.3049107193947 28.437310099601746 9531.0338335707784 440.10738032311201 1246.1588759496808 417.38138766586781 2303.7462171837687 3072.5306910872459 1483.5204706788063 1952.8278771489859 4924.2827865332365 2739.1756751015782 2623.7144558057189 3948.4409368261695 13300.797100670636 92.354650251567364 6331.0095488503575 4741.7852905988693 758.58195316046476 2335.7820799350739 5335.8885790333152 313.47965112328529 1353.794085919857 13.441193491220472 114.2623108625412 29.497660294175148 60.384424328804016 160.59972044080496 1951.6842756569386 56.194554813206196 662.90370222181082 1323.5189347341657 324.14786953479052 135.50102648139 3661.5741186216474 793.58797915279865 296.98551132529974 6469.690730266273 465.13255296647549 3853.9645893797278 931.39443568885326 91.42954770475626 42.385417193174362 5299.5619620010257 25.726722702383995 894.83643718808889 1195.2940854355693 481.85041037201881 18.884487956762314 19.710709802806377 11649.655981764197 2068.1392450481653 483.63027125597 2210.8828385546803 4942.5392767041922 1095.6799073219299 2135.7157966792583 11230.56729401648 83.46096995472908 6091.8630451187491 43.990125678479671 2763.3524715527892 254.66729939728975 24.983855947852135 14881.440602593124 295.57610721886158 21.573074951767921 15.491874389350412 1307.5625435635448 3990.5657548010349 1896.0661933720112 18.452914834022522 5554.3471652120352 59.514469258487225 8964.4238177612424 768.06606304645538 158.75230667740107 6990.7452712804079 68.421585023403168 1883.3331915959716 1063.8614072054625 36.894167266786098 91.930411234498024 6616.3949783965945 966.14845433086157 682.10014075785875 29.284973859786987 115.76287944614887 99.747809559106827 27.987313985824585 168.26171386986971 889.123943336308 15.148036099970339 3398.5713483914733 10755.958464600146 1225.729512013495 37.768826529383659 1534.8331433311105 41.979354314506054 625.32695453613997 385.4075545668602 142.59807344526052 32.025015339255333 1510.55512817204 192.15628177672625 31.537091039121151 331.19216592609882 170.03977773338556
leaf_count=965 7268 37455 3238 388 35191 8762 168 63216 2103 31410 23375 16336 2320 8835 8630 4546 22114 23076 24911 65 75995 3521 9558 3168 17938 24429 11858 15590 39139 21493 20917 31448 105630 655 50384 37865 5723 18230 42444 2482 10807 71 885 102 367 1182 15547 298 5212 10511 2549 1073 28687 6320 2376 51605 3709 30762 7412 646 266 42281 135 7153 9424 3761 108 95 93093 16186 3823 17651 39386 8738 17039 89628 627 47262 297 22089 1988 173 116802 2232 151 74 9890 30489 14977 59 44289 466 71583 6122 1265 55822 275 14965 8314 247 720 52883 7695 5439 217 926 798 166 1329 6868 68 26956 85700 9589 276 12218 283 4985 2956 992 133 11875 1441 162 2418 1242
internal_value=-3.13441e-06 0.00179393 -0.00210545 -0.000929873 0.0008777 -0.00327886 0.00386465 0.000680799 0.000937037 -0.00135167 -0.00364578 -0.00109121 0.00441908 0.000343838 0.00139413 -0.00409528 -0.00245154 -0.00091356 0.00394011 0.00220545 0.000482259 -1.37156e-05 -0.000989914 0.00166867 0.00209211 -0.00421017 -0.00444196 -0.00194983 -0.00223385 -0.00168778 -0.000637583 0.00594017 0.0046341 -0.000443354 0.00120395 0.00227203 -0.00486967 -0.00318405 -0.00513655 0.00302223 0.00385926 0.00153492 0.00306416 0.000812995 0.0111037 0.00352858 -0.00534521 0.00102071 -0.00409092 -0.00464058 0.000239925 0.000156752 0.00575797 0.00292753 0.00271302 0.00282526 0.00476836 -0.0033651 0.00346827 0.00151141 -0.00608248 0.000365872 0.00447401 -0.00284246 -0.00141179 5.04214e-05 0.00907947 -0.00584616 -0.00103574 -0.000986345 0.00210262 -0.00403656 -0.0016327 -0.00199646 -0.0015781 -0.00118608 0.00239819 -0.0017066 -0.00345366 0.000537522 0.00056742 0.000748137 0.000790416 0.000647829 -0.00114334 -5.247e-05 0.000256014 0.00137678 -0.00242185 -0.0125747 -0.0022032 0.00172211 6.38653e-05 0.00151617 0.00250443 0.00264857 0.0146641 -0.00116013 0.00455538 0.000846179 -0.00628565 0.00200675 -0.00334948 -0.00508136 0.000453674 -0.000351755 -0.00596406 -0.0109496 -0.00355996 0.00281157 0.00327299 0.00135489 -0.00580361 0.00179912 0.00394178 0.00223117 -0.00293316 -0.00262912 0.000331444 0.00367214 0.00405738 0.00375079 0.0011867 0.0152124 0.00349541 0.00164706
internal_weight=262664 141613 121051 60471.1 98175.2 60580.1 43437.5 92094.8 79344.1 51182.6 52209.7 45541.6 32556.4 43819.1 9288.48 37930.1 14279.7 12750.7 24763.1 10881.1 42044.3 24918.7 8370.35 35525 10784.2 36970.8 31610.6 19583.7 17149 12224.7 17117.3 7793.34 14098.3 25958 17125.5 18393.5 22621.4 3094.36 19527.1 10664.7 6080.33 8480.45 2718.12 5762.33 89.8821 2584.14 18043.5 17131.6 4754.85 4091.94 12053.7 11942.5 7610.02 2140.97 13651.7 13383.1 13765.9 8989.19 3077.47 1863.6 133.815 6211.01 1347.38 5360.21 2287.68 2434.68 111.239 133.973 13904.3 13846.6 1729.79 6064.85 9524.81 8173.93 7078.26 11670.7 7546.44 6506.74 5640.97 5446.58 1350.87 14990.6 14937.6 5672.45 1640.2 1344.63 1329.14 4032.25 4814.04 41.6797 9485.52 2683.23 11807 2627.05 7462.98 7304.22 96.8589 3931.17 2146.08 2196.96 128.825 6913.38 5596.98 1648.25 1224.58 9179.93 215.511 52.9712 1063.1 929.999 904.272 7801.47 12707.6 10794.5 1263.5 2302.9 1774.8 1732.82 959.25 2570.7 2428.11 2364.54 853.988 63.5621 661.832 501.232
internal_count=2080520 1119648 960872 480985 779476 479887 340172 731214 629945 407080 415094 362239 257866 349115 73905 301344 113750 101269 196766 82306 335012 198768 64793 280830 81966 293842 251290 155573 136222 97083 136621 61100 111659 206666 136244 146832 179502 23953 155549 85107 48262 64028 20496 43532 469 19516 143691 133998 37837 32625 96032 95269 60135 16559 108967 106864 109339 71788 24356 14293 912 49549 10239 42552 18123 19351 763 980 110634 110246 13381 48413 75913 65163 56425 93149 60196 50500 44841 43472 10750 117439 117100 43063 12347 10115 10041 30716 38053 227 75590 21383 94196 20889 59569 58304 340 31301 16944 17153 967 55259 44544 13134 9641 73307 1724 339 8482 7071 6936 62147 101247 85860 9865 18340 14103 13820 7502 19445 18453 18158 6283 295 4842 3660
is_linear=0
shrinkage=0.02


Tree=6
num_leaves=127
num_cat=0
split_feature=10 10 10 8 53 16 12 9 9 51 27 8 5 32 12 16 1 27 6 26 40 19 10 48 39 51 8 27 48 26 21 2 53 19 6 47 47 25 48 39 26 40 26 3 5 16 26 39 21 34 35 15 3 1 1 2 40 12 13 40 25 16 32 48 32 2 21 26 25 42 39 9 52 5 6 26 47 16 40 48 5 3 6 19 5 15 13 2 6 1 13 39 11 12 39 49 52 48 22 31 0 55 55 44 22 49 14 19 27 48 34 25 42 7 19 1 6 49 39 41 53 43 13 35 20 52
split_gain=2298.95 564.155 512.842 197.519 130.516 109.08 107.988 98.8677 77.2439 75.7456 74.9752 69.9293 62.2555 58.6828 45.0232 44.4096 44.0852 41.5353 41.0278 38.2671 36.4877 34.8612 34.2328 32.6473 31.091 30.3488 29.8585 29.6503 29.3089 36.2411 30.825 29.2977 28.8986 27.6091 26.9317 26.8657 28.5077 26.2571 26.1391 32.3792 25.4662 25.2188 24.7299 24.1476 23.4976 30.3239 24.9053 23.3239 39.9762 26.7447 29.8764 27.7726 23.3051 23.2401 23.1475 24.9237 26.7785 23.8443 23.0747 22.8447 25.5755 23.7812 22.9328 22.7957 22.755 22.6624 22.3845 22.2623 21.891 21.8289 21.8253 20.9965 20.7814 20.679 30.5851 20.6129 20.4774 20.3403 20.2798 28.6797 20.2434 20.0418 19.8159 19.639 19.5304 19.5303 19.468 19.2681 19.2357 19.2115 19.1481 22.5853 19.0081 18.9017 18.8485 18.7035 18.7812 18.6262 18.5708 18.4891 18.3559 18.2739 20.2029 18.2164 18.2122 18.1355 18.1193 20.0897 18.8763 18.0122 17.9304 17.8564 17.6683 17.4922 17.4338 20.2178 17.2454 16.9291 16.8837 16.8671 16.8238 25.5629 17.1225 16.7972 16.697 16.6858
threshold=-0.16901871562004087 1.2342222929000857 -1.3800229430198667 -1.0242068767547605 0.65280827879905712 -0.3604739904403686 0.096804291009902968 -1.7178905606269834 1.8856703639030459 0.57058906555175792 -0.87837970256805409 1.14722615480423 0.083070252090692534 0.0026567674940451984 0.82260137796401989 -0.44958889484405512 0.0085683693177998083 -0.87837970256805409 0.17884901911020282 -0.12940952181816107 -0.3415063470602035 1.2578445672988894 3.0528441667556767 0.0071899921167641887 0.94687500596046459 0.88507655262947094 -1.7724632024765012 -0.87837970256805409 -0.011688794009387491 0.98296290636062633 1.5052904486656191 0.010143576655536892 0.33876520395278936 2.5570906400680546 2.4239131212234502 0.0046451496891677388 -0.048131229355931275 -0.37940952181816096 0.0090845548547804373 0.080208331346511855 -0.37940952181816096 0.34150634706020361 0.37940952181816107 -0.5293220281600951 0.20088425278663638 -3.8731575012207027 0.91597560048103344 0.45937500894069677 0.41937650740146643 0.11250000074505807 0.47500000894069677 1.7114639282226565 -0.45555233955383295 0.0015554842539131644 -0.0022372878156602378 0.015221742913126947 -0.12500000000000003 0.32295605540275579 0.14054433256387713 -1.0000000180025095e-35 -0.37940952181816096 -0.7734626531600951 0.0058784375432878741 -0.01845366787165403 0.080423820763826384 0.0024336149217560892 0.76699948310852062 -0.98296290636062611 -0.37940952181816096 0.008113819174468519 0.096875000745058074 1.401784420013428 -0.88661000132560719 0.46388436853885656 2.9154409170150761 0.91597560048103344 0.047757832333445556 -1.9835829734802244 0.46650633215904241 -0.098794192075729356 0.16214847564697268 0.28809905052185064 1.9816612005233767 6.1542379856109628 0.096928127110004439 8.5442423820495623 0.74889984726905834 0.039173340424895293 0.1449944004416466 0.004931370960548521 0.74253228306770336 0.33437500894069677 0.80562770366668712 0.725042223930359 0.75937500596046459 -1.099093973636627 -1.0373848676681516 -0.098794192075729356 -0.044035667553544038 0.089999996125698103 -0.00058235795586369921 0.045968528836965568 0.02873067278414965 0.0018178560421802106 0.01848783623427153 1.1344364881515505 -0.12165009975433348 4.6047470569610605 -0.60785761475563038 -0.033118849620223038 0.062500001862645163 0.78656607866287243 0.00092764341388829063 0.19058470427989962 1.0569967031478884 -0.031571272760629647 -0.65447291731834401 -1.165128707885742 0.38437499105930334 -0.00091482209973037232 1.7438265085220339 -0.00063455061172135163 0.80772194266319286 0.27500000596046453 0.87453392148017894 -0.3018254935741424
decision_type=2 2 2 2 2 2 2 2 2 2 2 2 2 2 2 2 2 2 2 2 2 2 2 2 2 2 2 2 2 2 2 2 2 2 2 2 2 2 2 2 2 2 2 2 2 2 2 2 2 2 2 2 2 2 2 2 2 2 2 2 2 2 2 2 2 2 2 2 2 2 2 2 2 2 2 2 2 2 2 2 2 2 2 2 2 2 2 2 2 2 2 2 2 2 2 2 2 2 2 2 2 2 2 2 2 2 2 2 2 2 2 2 2 2 2 2 2 2 2 2 2 2 2 2 2 2
left_child=2 3 6 16 8 34 17 117 19 32 42 13 27 25 86 59 75 -1 -13 23 65 97 24 93 89 37 -18 58 29 30 47 -24 84 44 78 36 64 66 39 -23 63 -37 -11 -29 -19 46 -46 49 -49 50 -14 -51 95 -38 114 57 -57 -56 -8 61 80 83 -62 69 -22 88 -9 -60 -42 81 112 -72 -25 -35 -75 100 -33 111 85 -80 92 110 -10 -6 -7 119 -12 -81 99 123 91 -44 118 116 -87 -30 -97 -15 -40 -21 -2 102 -101 -91 -95 -20 107 -105 -109 -50 -41 -32 -17 124 -39 -116 -5 -4 -61 -3 -82 -122 -123 -16 -31 -45
right_child=1 5 7 4 15 9 12 11 82 10 14 18 28 21 22 70 26 33 105 20 35 38 31 72 -26 -27 -28 43 52 113 77 76 -34 73 -36 41 53 54 98 40 68 -43 90 125 45 -47 -48 48 109 51 -52 -53 -54 -55 55 56 -58 -59 67 60 62 -63 -64 -65 -66 -67 -68 -69 -70 -71 71 -73 -74 74 -76 -77 -78 -79 79 87 120 -83 -84 -85 -86 94 -88 -89 -90 103 -92 -93 -94 104 -96 96 -98 -99 -100 101 -102 -103 -104 106 -106 -107 -108 108 -110 -111 -112 -113 -114 -115 115 -117 -118 -119 -120 -121 121 122 -124 -125 -126 -127
leaf_value=0.0079556224678553975 0.0014758376698622954 -0.00034432615835937194 0.004208880779548777 0.00025171935255053306 0.0018532463726519063 -0.00090302109629839238 0.0090888994397689479 0.00022965742234019147 -0.0036451102717676726 -0.0071889210877127841 -0.0010749562316651287 0.00057882169357462382 0.00016675859090995086 -0.014073816734894936 -0.0036029732655961638 -0.0054807425263186035 0.0066102419646405187 0.0041740957204194802 -0.00048503854137009093 -0.0052435692614271525 -0.0047210762446908555 0.0038698162863709806 -0.0039745809547956003 0.0040328867692911476 -0.00062784178534188361 -0.0018833702086741458 0.0022790138760376828 0.0050932295963521876 0.0049228491481101031 -0.0017800235872906297 -0.0037524684130909565 0.001491018877178614 -0.0031846856208492813 0.0055865173972859429 0.00094286356765656775 -0.00063652944129762414 0.0010354549179469078 0.0097323902446213133 0.0043499984943682467 -0.00098891870656654429 0.0029594328427220737 -0.0047599092710617985 0.0019520973140192818 0.0035288370494992415 0.01062574633540043 -0.0046734491446921173 -0.010335109367185425 -0.022616978954581386 0.0052627894257625827 0.0027792721346091456 -0.023593309559084497 0.021333677795171559 0.00013392922986540468 -0.00062518053018452467 0.00048797377568879081 0.0074368052282236087 0.00030687295097166451 -0.0013001474632554292 0.015417806051150442 0.0036972317797446018 -0.0034736057705188898 -0.0007960578197446287 0.0092398166101522045 0.0012486733566489719 0.016371309299843519 -0.0002525450644256532 0.0021183719415538973 0.0043572363384992039 0.0011946620867834469 0.0080299062413602511 -0.0020480554908612674 -0.0038498317239213445 4.8876956383641238e-05 0.0045830499308914885 0.028258590753467993 -0.001418500410947214 -0.0084141410434747082 -0.00027572830415332003 0.023257356956022525 0.0024786334403773557 -0.0062070915351795878 0.0053997074034596053 -0.012065537806251962 0.011642942273285618 0.0033804071116873636 -0.0099351049932605712 -0.0031026100721578465 -0.0090119738976551372 8.7958472272609448e-05 -0.002864324731796293 -0.0056118040817780095 -0.0059922539754515168 -0.0064389616930017029 -0.0012745704551270231 0.0041561689586955769 0.0036371919740300789 0.0003503864218916373 -0.0011398633856851356 0.0020992195155878001 0.0062569932300159435 -0.00082086968856453959 0.0044940426326578169 -0.0015874319321684124 -0.0049465137338183182 -0.0039925827024499911 -0.003326772678784215 -0.0062035575764368637 -0.0078414897174840393 -0.00057242525314851007 0.0014465544461833382 -0.0052547834140867378 -0.015206253571082767 -0.0023914216019265909 0.013476067218875652 -0.01901503615698651 0.0011273739073867143 -0.0015105176406675297 0.0015417084575986681 -0.00036361017170625137 -0.00272881149666166 0.011046700826767449 0.0021493309446480864 -0.011433577819037205 -0.010943067615328594 0.010004399318463709 0.0016108361261388229
leaf_weight=1931.1686166599393 8609.8944696485996 1833.6447591558099 4384.1668589115143 3354.6984347552061 1148.1284103244543 2580.3208765387535 669.29492621123791 3885.8066948726773 2034.555746614933 3450.7333372235298 3062.6076119989157 3718.4713356420398 2811.35974740237 45.456248588860035 9369.7294768616557 1693.8110877647996 855.72198280692101 5691.9656805992126 1374.8689765930176 95.994210012257099 596.37488394230604 2196.4089631587267 1076.4738373830914 612.42023811489344 910.760139092803 1986.0283288136125 2492.3397742807865 3139.4211556687951 2299.2874568328261 99.641595587134361 331.01292450726032 1005.3875398933887 2227.8972587585449 6270.1988512203097 1884.0817480683327 1854.4873982444406 8627.8438161984086 93.233794994652271 2565.520696811378 2059.7984331548214 4625.5075142160058 872.17736648768187 342.26641201227903 7876.7438993230462 117.25342173874378 272.02430929243565 27.159719906747341 22.70123553276062 1080.2538176029921 103.08667650073767 20.329144112765789 46.327005125582218 935.93623685091734 5530.4585210010409 5381.9833156988025 332.96415800601244 571.98978558182716 6688.3879812508821 74.97130673378706 695.37668014317751 2480.9261292889714 2685.9044412225485 57.10600133985281 4699.6675115451217 20.20388550311327 1632.3427254706621 7096.0860684067011 1902.7214510366321 7181.3703849762678 101.54210960119963 17989.926473788917 3024.7131708115339 3585.1304563879967 49.057962089776993 39.19307453930378 1480.8476446643472 90.027178317308426 963.19909891486168 23.141276150941849 432.2019092515111 360.45313816517591 163.30946932733059 117.68339236825705 87.404017716646194 508.85876371711493 216.20358173549175 4977.3468557521701 66.453629568219185 959.04106339812279 1607.8757828399539 1539.865938834846 244.48837323486805 135.88148970901966 2107.414429500699 45.31591484695673 2093.6036882027984 1042.4176632538438 1098.841961234808 3436.2304618880153 182.9890852868557 1659.0764249935746 2225.950149320066 457.64054429531097 7139.8457441702485 1857.0571342632174 2597.4988545179367 4184.5486724674702 173.21707049012184 798.11030781269073 915.52089685201645 486.90615658462048 64.596071757376194 1322.4948846176267 126.68079920113087 18.991463549435139 6527.2474463135004 6566.93357026577 1219.5066715106368 992.9473214969039 3368.8129987865686 66.68820434063673 84.76151679456234 64.566548846662045 125.79181601107121 91.298579730093479 2363.3899429291487
leaf_count=15249 68667 14389 34766 26698 8893 20617 5347 30821 16177 27518 24440 29636 21103 287 74773 13515 6712 45220 10891 766 4536 17184 8524 4851 7241 15795 19634 25024 17982 739 2461 7778 17716 48870 14440 14774 68824 739 20400 16176 36475 6967 2733 62914 631 1909 116 99 7872 755 90 196 7435 44074 43008 2606 4523 53453 600 5540 19647 21317 442 37425 79 12997 56629 15217 56797 683 143657 24120 28522 198 98 11812 671 7569 84 3400 2748 1244 912 687 3964 1449 39699 484 7579 12780 12259 1955 1083 16693 274 16481 8245 8721 27318 1464 13266 17698 3659 56489 14696 20507 33187 1373 6256 7146 3666 458 10522 943 115 51982 52085 9709 7930 26383 528 650 495 1004 707 18877
internal_value=1.00348e-05 -0.00168075 0.00208132 -0.000726144 -0.00114032 -0.00331597 0.00380773 0.0010744 -0.000418711 -0.00369266 -0.00399009 0.00086667 0.00310597 0.00109241 -0.00364221 -0.00209003 0.00136362 0.00522442 -0.000930734 -0.000225405 0.000314779 0.00175251 -0.00404028 -0.000914141 -0.00425525 0.000511709 0.00338796 0.00394111 0.00207982 0.00115329 0.00082314 -0.00163279 -0.00144898 0.00480066 -0.00114181 -0.000133399 0.000203203 0.000667262 0.00189478 0.00156898 0.00130714 -0.0019571 -0.00614217 0.00355776 0.00383859 -0.000743748 0.00663281 0.00154919 0.00320883 0.000424434 -1.17344e-05 0.00864246 0.00305019 0.000386715 0.000228784 -0.00026263 0.00293664 -0.000502796 0.00587636 -0.00087942 -0.00178424 0.000260035 -0.00318363 0.000396477 -0.00400292 0.00172702 0.00145025 0.00478461 0.00188631 -0.0010276 -0.00253628 -0.00230761 0.000631202 0.00572398 0.0153076 0.000786462 0.000669115 -0.00184673 -0.0017982 0.00196505 -0.000303659 -0.00137018 -0.00411139 0.00255545 -0.000196253 -0.00215806 -0.00233058 0.000930358 0.00255111 -0.00439636 -0.00444063 -0.00136101 0.00072862 -0.00138136 -0.00748304 0.00355205 0.00254543 -0.00166637 0.00306207 0.00334784 0.00110464 0.00363762 0.000657946 -0.00487058 -0.00254869 -0.00234385 -0.0051326 -0.00457927 -0.00187648 0.00351427 -0.00180665 -0.00565882 -0.00412781 0.0077361 0.00118919 0.00106589 -0.000914605 0.00362899 0.00130955 -0.0018888 -0.00356759 0.000840495 -0.00375399 -0.00370146 0.00387229 0.00308647
internal_weight=262576 144566 118010 91280.4 76182.5 53286 43471.8 74537.8 43291.4 45416.2 40099.1 68934.1 29073.8 61243.3 34521.7 32891.1 15097.9 14398 7690.84 41139.2 23055.5 28660.6 26481.8 18083.7 24309.9 32582.7 3348.06 16026.5 13047.3 6676.01 6358.39 2171.89 5317.08 12466.9 7869.86 17501.5 14774.9 30596.7 27516.3 21514.5 19318.1 2726.66 5577.35 13379.6 6108.4 416.437 144.413 4999.58 2018.48 2981.1 2831.69 149.414 6371.25 14158.3 19614.8 12975.3 904.954 12070.4 2646.99 8860.14 4938.71 3921.44 2538.03 7511.22 616.579 5553.96 10981.9 1977.69 11806.9 2811.56 24030.9 21014.6 4197.55 6358.45 88.251 11749.8 1095.41 1358.81 5985.77 521.797 2400.67 2710.01 2152.24 1235.53 3089.18 5463.98 8039.95 498.656 3921.62 23399.1 2126.62 586.755 1824.21 13886.1 261.519 5435.31 3136.02 1144.3 6001.75 2962.57 10269 2866.58 640.63 13903.6 3964.47 3972.37 12295.7 8111.17 971.327 1995.77 2546.7 395.609 3016.31 317.621 6639.47 6546.24 9921.63 5603.67 1688.32 5202.46 576.469 216.016 149.328 9495.52 190.94 10240.1
internal_count=2079903 1147796 932107 725916 605825 421880 340551 591556 344051 360977 318680 547081 228260 486047 274215 261774 120091 112291 61034 326962 183417 226376 210076 143545 193103 259671 26346 127979 100281 50138 47749 16973 42297 97042 60903 139254 117513 243876 217368 169650 152466 21741 44465 106815 47876 2656 747 37261 15117 22144 21193 951 50143 112898 156426 103590 7129 96461 21164 69960 39063 30897 20089 59194 4615 44163 87450 15817 93272 21769 191814 167777 33373 49166 296 93745 8449 10488 46463 3968 18974 21086 17089 9580 24581 42495 64139 3884 31166 185862 16947 4688 14553 110172 1723 42708 24726 9008 47718 23587 81933 22821 5123 110085 31389 31398 97305 64118 7629 15018 19842 2919 24037 2389 52836 52097 78783 44475 13470 40772 4421 1673 1145 75777 1446 81791
is_linear=0
shrinkage=0.02


Tree=7
num_leaves=127
num_cat=0
split_feature=10 10 10 8 16 12 9 9 52 27 8 29 32 50 13 45 27 27 6 1 10 19 17 39 39 29 29 25 29 6 50 15 24 25 29 47 6 15 48 39 38 13 7 49 7 54 55 48 1 50 46 16 38 39 39 54 17 56 27 26 54 55 52 6 29 42 1 39 48 7 52 26 19 47 39 52 37 17 55 24 47 38 52 5 45 5 5 16 5 39 39 16 19 47 0 52 3 54 21 23 31 19 39 34 34 6 55 49 26 16 52 48 52 19 38 52 13 26 24 15 49 17 9 21 15 1
split_gain=2208.01 542.567 492.624 156.942 122.935 103.749 95.6617 94.9639 93.4615 74.4352 67.2857 66.1852 50.4461 48.4393 47.9284 44.8419 41.161 39.9142 39.3698 37.9494 47.9582 36.796 34.4601 33.797 33.7448 33.7272 32.9014 32.5977 30.6242 30.42 30.0304 29.0694 28.247 27.6266 33.2924 27.294 27.0359 26.6977 25.0596 29.8721 25.0115 24.9206 24.8839 24.3971 23.2293 35.8332 22.9172 22.8793 24.1267 26.1864 22.8697 22.3861 22.3334 22.2435 22.1422 24.7879 21.7025 21.6567 21.6379 21.5243 24.1509 21.0924 20.8501 20.3617 20.2316 27.7332 21.2131 20.155 20.0487 19.8326 19.5225 20.1879 22.7738 19.4537 19.2144 19.0974 18.8938 18.8581 32.9412 24.6999 22.8192 19.067 18.6961 18.6513 18.6295 18.8482 18.6052 20.8084 25.0973 18.4724 27.8978 19.8713 18.3118 18.2685 20.8979 18.1276 18.1134 18.0758 21.305 17.9377 19.9385 17.9096 17.7839 17.6 41.4915 17.5104 17.4635 17.2255 17.1844 17.5355 18.2678 17.1301 26.9398 20.9867 20.3949 17.262 17.0678 17.8713 20.4951 16.99 16.9312 16.8542 16.6807 16.6732 16.6208 16.5682
threshold=-0.16901871562004087 1.0140022635459902 -1.3800229430198667 -1.3375423550605772 -0.37143528461456293 0.096804291009902968 1.5160015821456911 -1.7178905606269834 0.57372629642486583 -0.87837970256805409 0.83135417103767406 -1.3421714305877683 0.0029591851634904747 1.3815738558769228 0.61417183279991161 0.0060246342327445754 -0.87837970256805409 -0.87837970256805409 2.0544666051864628 0.0031945292139425878 2.8780215978622441 1.2578445672988894 4.2913675308227548 0.69270834326744091 0.94895833730697643 0.1174449920654297 0.37606358528137213 -0.37940952181816096 3.2733440399169926 0.44611023366451269 0.66331785917282116 0.87097287178039562 644.79501342773449 -0.37940952181816096 3.2733440399169926 -0.00029011917649768287 0.27000170946121221 1.4013767242431643 0.0090845548547804373 0.080208331346511855 -0.30225843191146845 0.16354940086603167 0.34285573661327368 1.150471091270447 0.094331920146942153 0.46055033802986151 0.22179222851991656 0.01551953610032797 0.010363987646996977 0.75582343339920055 -0.052160589024424546 -0.12311935424804686 0.038983466103672988 0.98020833730697643 0.50104168057441723 0.053773887455463416 0.16967654228210452 -0.077169477939605699 -0.87837970256805409 -0.37940952181816096 0.107402540743351 0.082251586019992842 1.4090154170989992 1.9816612005233767 7.5329601764678964 0.008113819174468519 0.0060290973633527764 0.034375000745058067 0.04197382181882859 0.19058470427989962 -0.66080543398857106 0.60355338454246532 4.4076561927795419 -0.00056830313405953337 0.042708333581686027 0.70452556014060985 1.2046578526496889 0.99268555641174328 0.19893889129161837 -21229.750976562496 -0.044944319874048226 3.4982766778429255e-17 3.4154056310653691 0.049674032256007201 -0.012763965874910353 0.09356952086091043 0.18621424585580829 -3.8731575012207027 0.36545668542385107 0.37604166567325598 0.28020833432674414 -1.8808454275131223 1.1272950768470766 0.060074659064412124 0.0066451290622353562 -0.084767464548349367 0.64342021942138683 0.23128855228424075 0.47024218738079077 -0.13027530163526532 0.2099999934434891 2.1334029436111455 0.87604168057441723 0.12916667014360431 0.10416666790843011 -0.72563254833221424 0.14284525066614154 -1.4113344550132749 0.12940952181816107 -0.84311366081237782 -0.21942509710788724 0.0059249254409223804 -1.0373848676681516 9.5498361587524432 -0.20701614022254941 1.1882677078247073 0.13556758314371112 -0.91597560048103321 -703.36895751953114 0.70423483848571788 1.4764214754104616 2.4717628955841069 -1.2982589602470396 0.56829181313514721 2.5497972965240483 0.0079732132144272345
decision_type=2 2 2 2 2 2 2 2 2 2 2 2 2 2 2 2 2 2 2 2 2 2 2 2 2 2 2 2 2 2 2 2 2 2 2 2 2 2 2 2 2 2 2 2 2 2 2 2 2 2 2 2 2 2 2 2 2 2 2 2 2 2 2 2 2 2 2 2 2 2 2 2 2 2 2 2 2 2 2 2 2 2 2 2 2 2 2 2 2 2 2 2 2 2 2 2 2 2 2 2 2 2 2 2 2 2 2 2 2 2 2 2 2 2 2 2 2 2 2 2 2 2 2 2 2 2
left_child=2 3 5 15 18 17 14 -4 13 62 12 22 26 70 33 -2 74 -1 107 32 24 50 42 28 51 102 27 75 47 -12 89 -32 82 108 35 37 86 68 39 -23 63 -29 54 123 84 -46 106 61 119 105 -14 69 -8 83 55 -7 -42 -20 73 60 -41 -16 -10 -38 66 -66 -59 -18 76 -21 -6 -72 -73 -43 -13 -9 -35 78 -62 81 -81 -79 96 -27 -39 -86 -19 88 -88 90 -30 -91 -60 94 -22 -80 -11 99 -99 100 -56 -17 -25 104 -44 -50 -36 -3 -5 -110 -111 -69 113 124 -114 -116 -76 -118 -119 -49 -107 -57 -24 -31 -113 -15
right_child=1 4 7 6 8 11 52 10 9 19 29 16 21 125 23 101 67 36 57 20 93 38 122 25 -26 53 -28 41 30 43 31 -33 -34 34 46 -37 40 44 -40 59 56 58 103 -45 45 -47 -48 48 49 -51 -52 -53 -54 -55 97 121 -58 64 92 -61 77 -63 -64 -65 65 -67 -68 111 -70 -71 71 72 -74 -75 116 -77 -78 79 95 80 -82 -83 -84 -85 85 -87 87 -89 -90 91 -92 -93 -94 -95 -96 -97 -98 98 -100 -101 -102 -103 -104 -105 -106 120 -108 -109 109 110 -112 112 114 -115 115 -117 117 118 -120 -121 -122 -123 -124 -125 -126 -127
leaf_value=0.0077983364174968621 0.001064349377923008 0.0024495511520670915 0.0035566720063064062 7.6863532756822408e-05 0.00070095559762264599 0.0050500506046952899 -0.0025737572392026242 0.0018510126671256214 -0.0044397645944792355 -0.0015364429260936454 0.00041512851474247967 0.011899768896969039 -0.013725737225425104 -0.0041285532391884226 -0.0018539102897092339 0.0025739105509558114 0.006184351638708536 0.0041239425198789058 0.0074353361245802418 -0.0041378358069283829 -0.002946162110007412 0.0040211595392027726 0.004585912562815834 0.003307681349718612 -0.00029775642851175374 -0.003655736303229773 0.0014229969714525037 0.0032640504391665331 0.0013168713845263939 0.0073763054587524567 0.016795521753760548 -0.0031222349633784532 -0.0038918003538596785 -9.5701565137550269e-06 0.0050771422920478882 -0.0014759522411443651 0.0050724975213829642 -0.0080328044907894795 0.0032105577558952225 0.0014109582608035037 0.0062973605599309984 0.0032056996881111156 -0.0019713704167378691 -0.0027997092754361726 0.0013991607034090114 0.031540582549205498 0.019337836666980909 -0.00041428152531395646 -0.0043409321114635281 -0.0051863076149952355 -0.0010955242810929075 -0.0050813705291389549 -0.0054945935165487125 0.0047714864730968969 0.0011130120838814799 0.00034927173891061294 0.0031328083401145766 -0.0032613249535562369 0.0059000478444077888 0.001943354494062635 -0.0012438579729010411 -0.00037764398469998831 -0.0068711565198536087 0.025878116654565155 -0.00077342228989052929 -0.01735949667411734 0.001668898391801169 0.0026281715775041963 0.0085940241741838605 -0.0020282202247137292 -0.0022450463005214095 0.00034999358524333328 -0.0077122340920693176 -0.00054143973668296713 0.0081617004500718158 -0.001275942001451328 0.0025671593854041724 0.001368703050005339 -0.011512783062879154 0.0082051625121407849 0.0002591053138232375 -0.016624655741174013 0.0068779575198414499 -0.00050632002237028042 -0.007846195377524099 -0.00094837044151380807 0.015929437926375696 -0.004287563955969736 -0.0043526585003997803 -0.01539076601234368 0.0077140247617440505 5.0409764073311137e-05 -0.0011437795165880824 -0.01112884873272693 0.00063672452893648649 0.012299128593636813 -0.0060602627543607348 -0.023283669919934632 -8.1041527315507745e-05 0.0044722263619637612 -0.019327553507849357 0.0058482674032593416 1.8180379987700351e-05 0.014945904928424038 -0.025482390784194609 0.0028894475890384303 -0.0044260866714808814 -0.001966712080919219 0.0059885251491947379 0.0026992831081028173 0.00017355290255949009 0.0052651706243653316 -0.015871734586973198 0.015826090196870746 0.0031536138168127641 -0.0041944256504414558 0.009344858301395375 0.0088517348977424151 0.0030804980517040886 -0.004089058180805529 -0.015149877014787889 0.012643125003618418 0.02189111715595745 -0.00050410614763480872 -0.01081890775598845 -0.00046305442554364336
leaf_weight=1930.7407358884811 6284.88103954494 369.21922310441732 5603.3046484068036 6296.785801641643 1779.7323278337717 525.78620743751526 4694.9132153093815 4843.1291114315391 2367.7642597034574 6145.5372731238604 7083.9119312167168 191.59703288972378 59.867254056036472 4012.2733904346824 11199.492459245026 1391.3498818352818 907.4664965569973 6883.571812056005 189.12793397903442 10825.599065981805 1241.5718329250813 1891.6733426824212 42.862286880612373 1519.2460475414991 864.73401634395123 1061.4761031195521 12197.783693790436 683.0602702498436 925.89422355592251 110.98296803236008 29.249312415719032 946.19589621573687 3481.1689701080322 6277.3941130414605 403.46014909446239 8274.153673030436 33.699271522462368 259.01152826100588 5190.5381054654717 4104.4152875468135 4084.2985380887985 996.94571104645729 488.13009800761938 2974.4133856296539 219.37328027933836 16.018716275691986 37.31772780418396 586.14571363478899 187.77153813093901 351.97837879508734 1003.2440461963415 9209.5125816315413 1349.9078681766987 246.40518171340227 505.34994177520275 4563.6673668473959 1106.2327792048454 411.33502694964409 148.7784409224987 10219.891184985638 1507.0467907190323 5919.9372244924307 3535.9111839830875 43.800341367721558 132.86263094097376 57.047385327517986 2272.993246473372 10326.699518889189 122.10182686150074 2139.8954666629434 5910.3697743713856 2410.9972752481699 147.78924539685249 1244.9637106582522 676.40165530145168 930.34901095926762 1389.162537664175 44.843710295855999 185.14206093549728 218.49872053414583 424.45369036495686 48.08226028829813 99.88857688754797 2580.025602273643 189.2043738886714 954.75872322916985 53.121836952865124 217.10026018321514 43.706647664308548 33.754170268774033 386.15738099813461 814.45791645348072 10191.782545879483 73.306204006075859 1366.813514135778 12.890162013471125 375.05245211720467 15.633136279880999 329.69216289371252 2138.3534192740917 18.834588386118412 1292.5330256000161 1159.362525254488 20.738134473562241 31.02612579613924 793.60752260684967 94.706746853888035 7711.3569678515196 345.91115269064903 2103.4308207854629 2515.8915054798126 2696.0607333034277 22.498932272195816 74.531872794032097 2933.9164835587144 132.75562104582787 273.06506503373384 286.20724052935839 1754.3771705403924 3595.029457218945 20.374708659946918 44.053757570683956 47.367980271577835 2616.5850785598159 25.009189650416374 563.39303059130907
leaf_count=15249 50086 2890 44475 49980 14172 4192 37329 38588 18908 49122 56411 1531 405 31993 89539 10982 7139 54773 1497 85895 9883 14787 118 12114 6876 8488 97038 5449 7277 823 234 7455 27776 50144 3213 66050 153 1947 41257 32761 31867 7950 3700 23481 1713 54 253 4680 1482 2791 7958 73223 10728 1965 3979 35012 7999 3250 1188 80695 11926 46799 28171 166 962 352 17640 82107 972 16961 47116 19244 1180 9947 5385 7409 11106 295 1404 1474 3280 316 790 20504 1513 7418 356 1562 166 215 3043 6441 81379 541 10571 98 2985 53 2233 16849 144 10244 9248 118 112 6314 748 60021 2641 16747 20091 21431 137 584 23365 1053 2183 2280 14009 28641 163 210 197 20762 139 4425
internal_value=9.8373e-06 -0.00164718 0.0020398 -0.000497329 -0.00295281 0.00373192 -0.000825785 0.00105293 -0.00333115 -0.00381582 0.000849351 0.00304406 0.00114753 -0.00196672 -0.000591061 0.00198902 0.00367137 0.00512063 -0.00103261 -0.00347265 -0.00388072 0.00181884 0.00159186 -0.00112262 -0.00417537 0.000158221 0.000612103 9.24846e-05 -0.00144877 -0.000459976 0.000403302 -0.00250738 -0.0024332 -7.95615e-06 -0.000488962 -0.000637741 0.00470521 9.79342e-05 0.00198117 0.00163894 0.00579494 -0.000453418 0.00146305 -0.00154723 -0.00222177 0.0035793 0.00441928 -0.00170517 -0.00282313 -0.000501166 -0.00181994 -0.00432652 -0.00322699 -0.00103126 0.00173893 0.000939959 0.00562384 0.000897662 -0.00065555 0.00136986 0.000474099 -0.00134352 -0.00589709 0.0170238 0.000464692 -0.00582581 0.000912106 0.00328262 0.000586242 -0.00378991 -0.00120249 -0.00160264 -0.000118101 0.0011251 0.00576106 0.00134682 0.000457471 -0.00110073 -0.00225545 0.00157289 0.00296957 -0.00800875 -0.00166562 -0.00142538 -0.00319765 -0.00209596 0.00390679 -0.000849656 0.00681333 0.0017186 0.00320486 -0.000580286 -0.00104178 -0.00134821 -0.00106879 -0.0099038 -0.00179769 0.00310144 -0.00119853 0.00365975 0.000341251 0.00415277 0.00188482 -0.00269084 -0.00342466 0.00114755 0.00326323 -0.00176452 0.000770826 0.0016505 0.00132421 0.00311976 0.00398165 0.00540458 0.00269228 0.00283393 0.00536352 0.00454186 0.00389439 -0.00357436 0.00241864 0.000469746 0.0138219 -0.000180505 0.00511306 -0.00367765
internal_weight=262569 144564 118005 76868.8 67695.3 43468.4 67900.1 74536.6 56551.3 41726.8 68933.3 29072.1 56147.4 14824.6 61855.2 8968.76 20300.6 14396.3 11143.9 35823.1 25721.4 24910.6 8771.5 32356.6 23039.7 6566.52 31236.8 19039 25790 12785.9 3135.71 975.445 10101.6 29498.7 18236.7 17701.2 12465.5 9427.03 23847.5 18656.9 5268.03 13265.5 8681.26 5701.98 1638.37 235.392 535.485 22654.3 5534.91 1353.73 1063.11 22175 6044.82 3887.91 8141.37 5133.51 5190.53 3063.37 12582.5 16765.3 6545.37 17119.4 5903.68 77.4996 2874.24 189.91 2684.33 17118.9 7788.66 12965.5 10248.9 8469.16 2558.79 2241.91 3181.65 5773.48 7666.56 2440.96 1705.08 735.878 642.952 92.926 6620.48 3641.5 1402.97 1143.96 7197.5 313.929 96.8285 2160.26 1312.05 848.212 10340.6 2681.69 2608.39 198.032 6520.59 3007.86 345.325 2662.54 524.185 2683.88 2678.61 539.894 519.156 1001.75 498.167 8080.58 11262 4965.23 4619.32 16211.5 5884.77 2795.6 3089.17 3066.67 2990.05 2313.65 2040.58 4181.18 813.982 4607.72 90.2303 2727.57 2721.07 4575.67
internal_count=2079903 1147796 932107 611352 536444 340551 540040 591556 449832 331702 547081 228260 445604 118130 491983 71312 161343 112291 86612 284623 203950 196656 66917 257393 182955 52319 248948 151910 205074 101477 24665 7689 80673 234590 145131 140917 97042 74867 188293 147036 40185 105913 66602 45066 12645 1767 4214 180409 44071 10750 8363 176079 48057 30957 62672 39414 39866 23701 100464 132249 51554 136338 47079 319 22204 1314 20890 135955 62222 102856 81712 67540 20424 17897 25388 45997 61250 18793 13428 5365 4754 611 52897 28992 10878 8931 56857 2084 522 16976 10320 6656 82567 20995 20454 1502 52107 23258 2286 20972 4123 21226 21362 3930 3812 7959 3961 62911 89459 39479 36838 128816 46709 22154 24555 24418 23857 18472 16289 33321 6477 35222 315 21585 21570 36418
is_linear=0
shrinkage=0.02


Tree=8
num_leaves=127
num_cat=0
split_feature=9 9 12 1 12 53 51 9 27 29 9 27 8 34 14 16 2 43 53 26 14 33 16 47 19 26 8 27 16 39 39 48 53 14 14 19 38 14 39 44 26 24 16 46 47 26 16 38 1 19 8 26 29 43 55 27 53 53 28 12 44 46 13 48 44 29 21 34 2 34 26 56 4 4 48 34 0 26 26 25 1 55 39 38 19 33 26 37 39 29 29 38 19 39 4 34 14 42 20 21 56 49 48 14 8 16 25 1 9 51 13 46 37 25 38 42 38 39 47 39 39 19 12 39 48 39
split_gain=2101.41 573.549 338.107 176.917 162.129 140.774 125.089 66.8448 65.6679 64.5707 58.0625 57.7422 53.4706 53.3909 48.7704 45.1482 42.8071 48.7037 42.3629 48.1232 37.7032 34.0692 33.056 32.2034 31.2287 30.2216 30.2197 30.0222 29.0034 28.9899 31.8921 39.0893 27.5736 27.4551 27.1516 27.0376 26.0515 28.436 25.8095 24.1022 23.4633 23.281 22.8399 22.6022 28.862 35.1466 22.5156 22.3546 22.2338 22.0731 22.0716 21.962 21.8957 21.8539 21.2818 21.2082 21.1235 20.9698 20.2618 20.4797 20.0827 19.988 19.7695 19.7361 28.2507 22.4865 19.5028 24.5559 19.3443 19.3223 19.2745 23.7682 29.7506 20.8117 19.1133 19.0814 19.0536 18.9865 18.9445 20.3425 18.859 21.238 21.9147 18.7586 18.7308 19.7435 18.5653 18.1272 17.8852 17.8577 17.8396 23.0704 17.7391 17.7367 17.6948 34.7308 37.7172 30.3262 27.288 24.0742 17.6145 17.6054 17.1333 18.3736 17.1192 17.0482 16.9971 18.0397 16.8549 30.8278 17.3559 17.0032 16.78 16.6583 16.6428 17.087 16.5588 16.5543 16.5538 17.9267 16.3835 16.3816 16.2898 24.8363 16.5847 20.3905
threshold=0.26758797466754919 -1.0924128890037534 0.80545723438262951 -0.0019190236926078794 0.1502841338515282 0.65280827879905712 1.0486460328102114 1.5364405512809756 -0.87837970256805409 -4.012385129928588 -2.0581501722335811 -0.87837970256805409 -1.5658377408981321 1.0000000180025095e-35 -0.49120187759399409 -0.3679364919662475 0.060884607955813415 0.015534042846411468 0.083197314292192473 0.98296290636062633 -0.3803879022598266 -0.011061200872063635 -0.54313242435455311 -0.0026468472788110371 6.3536679744720468 0.37940952181816107 0.92147129774093639 -0.87837970256805409 -3.8731575012207027 0.067708335816860213 0.50937500596046459 -0.016219983808696267 0.24426782131195071 -0.39849877357482905 -5.2605152130126944 7.3647782802581796 -0.18679938465356824 -0.77742934226989735 0.94895833730697643 -0.001692659279797226 0.37940952181816107 -3048.4604492187495 -1.8808454275131223 -0.020882242359220978 -0.0073907203041017047 -0.37940952181816096 -0.37143528461456293 -0.026795294135808941 0.0024803491542115812 4.6047470569610605 -0.46290141344070429 0.91597560048103344 2.4978399276733403 -0.00036769804137293244 0.093241922557353987 -0.60785761475563038 2.9152835607528691 1.3647515177726748 0.81174489855766307 0.88993409276008617 -0.014225855004042385 0.010881270281970503 0.74889984726905834 0.020736418664455417 -0.0048046123702079049 -2.6055783033370967 0.40470111370086675 0.12083333358168603 0.0021074843825772409 0.045833334326744087 -0.91597560048103321 -0.16904336959123609 0.46240074932575231 0.46240074932575231 0.075995944440364852 0.012500000651925804 -0.0032598107354715462 0.12940952181816107 -0.12940952181816107 -0.37940952181816096 0.012467660475522281 0.17034266889095309 0.36354167759418493 -0.0071980194188654414 1.2910398840904238 0.0057050809264183053 1.0000000180025095e-35 1.937589228153229 0.21770833432674411 1.3835072517395022 0.7097005844116212 -0.047848431393504136 3.7323143482208256 0.92604166269302379 0.14770122617483142 0.11250000074505807 -7.2276027202606192 -0.013045689091086386 0.74238330125808727 1.4471899271011355 -0.078667558729648576 -2.0023838281631465 -0.011388414539396761 -1.2444943189620969 0.1212337873876095 -0.76302587985992421 -0.37940952181816096 0.0034312086645513777 2.7486613988876347 1.862223267555237 0.86116307973861705 0.0011855377815663817 0.9485764503479005 0.98296290636062633 -0.011340862605720757 -0.013045689091086386 0.1668946370482445 0.32604165375232702 9.8321368568576886e-05 0.52187499403953563 0.026041666977107528 7.3647782802581796 0.28346477448940283 0.034375000745058067 0.0090845548547804373 0.34687499701976782
decision_type=2 2 2 2 2 2 2 2 2 2 2 2 2 2 2 2 2 2 2 2 2 2 2 2 2 2 2 2 2 2 2 2 2 2 2 2 2 2 2 2 2 2 2 2 2 2 2 2 2 2 2 2 2 2 2 2 2 2 2 2 2 2 2 2 2 2 2 2 2 2 2 2 2 2 2 2 2 2 2 2 2 2 2 2 2 2 2 2 2 2 2 2 2 2 2 2 2 2 2 2 2 2 2 2 2 2 2 2 2 2 2 2 2 2 2 2 2 2 2 2 2 2 2 2 2 2
left_child=1 4 5 26 8 7 23 28 121 51 41 25 22 34 35 16 42 -18 78 21 53 89 -5 77 38 113 29 -16 -2 32 31 -31 -3 43 -10 50 -23 40 58 105 54 -11 -13 -30 45 -45 -25 -42 118 -33 -7 66 -46 80 -38 90 62 86 59 -17 100 83 120 70 65 -65 -6 101 -27 -9 71 73 -73 -15 -26 88 -37 116 102 -80 81 82 122 -58 -57 -86 87 93 -39 -20 -52 -92 -55 -32 -72 98 97 -97 -96 -100 -28 -68 -14 -104 -77 -36 107 -22 109 111 -110 -61 -83 -8 115 -53 -4 -47 119 -35 -29 -1 123 -12 125 -125
right_child=2 3 6 12 9 14 11 69 13 10 20 15 18 63 27 24 17 -19 19 -21 106 36 -24 46 74 68 60 56 33 30 57 49 -34 48 39 76 37 75 -40 -41 47 -43 -44 44 52 117 -48 -49 -50 -51 55 114 -54 92 -56 84 61 -59 -60 108 -62 -63 -64 64 -66 -67 67 -69 -70 -71 94 72 -74 -75 -76 104 -78 -79 79 -81 -82 112 -84 -85 85 -87 -88 -89 -90 -91 91 -93 -94 -95 95 96 -98 -99 99 -101 -102 -103 103 -105 -106 -107 -108 -109 110 -111 -112 -113 -114 -115 -116 -117 -118 -119 -120 -121 -122 -123 -124 124 -126 -127
leaf_value=0.0067266007028831164 0.016803970898685967 0.0049085229487734082 -0.0018031509665778357 0.004136512817181413 -0.01396180009038629 0.0011499442479219566 -0.0069540655269072537 -0.0017178661891811733 -0.015539975304032639 0.0075547661755867761 0.0071924636806094079 0.021932920186771638 -0.0017842723444982339 0.0097695572894791402 -0.0048334851134844035 -0.0036090685053737433 -0.0017486804339453877 -0.0212243075706437 -0.00023025182113053361 -0.0049262156990460592 0.0032770221224397425 -0.010291976726748064 0.00059010191630505635 0.00073253539730446502 -0.00075281350683661312 -0.0012479702201393923 0.0020581181991953627 -0.0071530778643037708 -0.0013703057849282741 -0.00036612130423326723 0.002341254626553014 0.0020134315798253162 -0.00015842046515562516 -0.00066061187018251857 0.0049516726026549206 0.011417470182824043 0.0033634908711602908 -0.0027628413409773074 -0.00070056668351183655 -0.00027316216607238753 0.0012020835922236265 0.0038065748813100879 -0.00063929352307486855 -0.00024382106686896696 -0.00033013966488583174 0.0038856715078641382 -0.0027211777064008562 -0.0032468073338394396 -0.0025679393684497702 -0.00083787147694046728 -0.0015580641107112577 -0.024670484191286875 0.0021644769188707497 0.00039400087198932941 2.282542707145425e-05 0.0017360858827343299 0.0021305108714994216 -0.0036530833992878811 -0.0028686344051614752 -0.0027517165215631828 0.00045146492174059054 0.0045492932518128399 -0.003313689720300007 -0.002392141979519217 0.0038066770384354407 0.0092570767499527262 0.0039963116048109867 0.012587229254940919 -0.0056015174060383534 -0.0045906375687919743 0.004275191435642171 0.005393688277696148 -0.014667082595527204 0.034823239885838221 -0.020373457169742135 0.0018187100465635658 0.0014211063123193673 0.00090822382062768754 0.0020819746615236704 0.00020320199825631303 0.0061554490241348837 0.0016008104098730073 0.0033523483802108504 -0.0080837566296670105 -0.00070047845009099598 -0.0027962448524048327 0.0034096776220970721 -0.0096231046323979347 -0.0012025088219101239 0.0026487553597614021 -0.0012019441773552465 -0.0068952995367014417 0.0046047637421835772 -0.001237987467899335 -0.00073150360376766162 0.029066082622711407 0.0040567091270144644 0.0040916269119143853 0.0052426577387238446 -0.000423851986588552 -0.0075688122748110969 -0.0012901562146413171 -0.0028707705345869905 0.00061352025881296628 -0.0019997244666503803 0.0016365875853916584 -0.00063633138574540563 -0.0075951811244308358 -0.0068316190906716782 -0.0062912177856084437 -0.0017182068183013391 -0.0049935123194090585 -0.0032395095716207744 -0.013623023747596033 0.011638332357233397 -0.0066401143969843281 0.011208845835648035 0.0015951109727984825 -0.0018444362111576286 0.0020025749405704015 -0.0014657045277127311 0.014437070976659146 0.0011494481013288431 0.0019524900868884006 0.0042995348143446436 -0.0053724312683436845
leaf_weight=3139.5976698920131 40.063891269266605 2084.9992130696774 2376.8365311026573 1618.0295009240508 40.593734622001648 1187.5192709341645 2561.4330134391785 5001.2625306770205 34.745263576507568 768.29165089130402 465.71611716598272 17.054376475512981 2441.836226888001 333.25878715515137 2669.3178343996406 8253.3173206746578 124.4051231816411 86.867535226047039 1866.0761231333017 1150.3287187963724 861.68993885815144 119.88741663098335 3001.7205238565803 837.98077401518822 1464.845493465662 653.69261275976896 110.14039263129234 210.69127047806978 2827.5715543106198 4950.0529330968857 4105.5922719687223 11176.188021972775 540.4603558331728 2635.489951595664 1114.388141259551 89.383454479277134 1296.1713564246893 3958.9072871655226 913.38371098041534 1270.0109779909253 762.63574209064245 4893.0596111267805 2593.9960019960999 3256.6506512984633 12312.960567548871 1898.9755198135972 7553.1663146093488 1105.0019478872418 2514.2874695360661 1201.8234139382839 1155.1904410123825 23.690240599215031 1587.9702936559916 3138.1917250826955 1853.0982851609588 766.92290389537811 151.20204513520002 214.70672752708197 4268.775893740356 2151.7050782963634 3694.6390451341867 321.32052152603865 7802.3218869939446 70.400664649903774 988.2695070952177 1009.1975641921163 294.90679978579283 58.003221347928047 1092.4303816258907 1153.0063047111034 10638.517693802714 1466.9319193214178 29.217223957180977 13.049318127334116 19.140530183911324 1312.0362925902009 493.55811920762062 2452.3409015089273 3734.3587750047445 6025.3274033069611 586.08051170408726 899.89665216952562 9766.4035360068083 135.41129275411367 4473.1748585551977 3008.5697607249022 5784.6412970423698 54.641438066959381 11426.483399316669 1599.1418671160936 429.11024089157581 850.53904184699059 457.86793245375156 639.09281039237976 1041.4772212207317 54.48786361515522 176.90366768836975 30.668208755552769 990.28463540971279 429.33818135410547 240.86949989199638 1695.4269580245018 684.04364593327045 5202.2015008032322 730.05918134748936 1404.884346999228 2651.079755499959 64.706869356334209 344.77232007682323 5171.7722252085805 1153.0322292745113 3680.7213859334588 419.05698120594025 159.86935599148273 15.957507781684397 156.04298640787601 38.770658582448959 3775.565453261137 1997.7252993062139 1638.6207093149424 4825.8474300429225 114.36615804582834 4619.5141335874796 3134.9508560448885 1256.4654957428575 158.74419445544481
leaf_count=24845 145 16342 18823 12783 223 9394 20373 39786 185 6047 3679 60 19294 2644 21337 65773 897 530 14805 9155 6892 870 23999 6547 11517 5220 810 1684 21760 38439 32436 88964 4307 21076 8792 699 10346 31609 7247 10128 6063 38798 19999 25834 98261 15078 60141 8768 20092 9563 9194 103 12606 25030 14660 6110 1202 1714 33878 17128 29370 2556 62253 530 7871 7934 2168 281 8660 9102 84554 11441 124 22 138 10485 3822 19484 29743 48051 4514 6830 77832 1083 35334 23820 45749 407 91322 12591 3378 6749 3629 5075 7148 205 1307 173 7361 3174 1817 12414 5422 41589 5838 11217 21210 515 2715 40991 9006 29221 3192 1279 113 1190 259 29997 15974 13107 38560 884 36823 24943 10018 1255
internal_value=5.40349e-06 0.00161108 -0.00198778 0.000547139 0.0030935 -0.00109333 -0.00327819 -0.000337005 0.00435699 0.00224878 0.00246661 -0.00390942 -0.000216316 0.00394861 -0.00216911 -0.00359559 -0.00118591 -0.00982331 -0.000425521 -0.000924629 0.00209868 -0.000747565 0.00183305 -0.00162542 -0.00384352 -0.0060325 0.00164166 -0.00289554 5.64182e-06 0.00185543 0.00166764 0.00113578 0.00386543 -1.43545e-05 0.00180919 -0.00122882 -0.00103114 -0.000981173 -0.00400497 0.0019726 0.000345428 0.00431666 -0.000483137 0.000316024 0.000524957 0.00141202 -0.00237611 -0.00142993 -0.000979258 0.00173646 -0.00143545 -0.00100572 -4.49605e-05 0.00237448 0.00139872 -0.001723 -0.00251044 0.00252081 -0.00412551 -0.00438381 1.64399e-05 0.00112965 -0.00268295 0.00442209 0.00625777 0.00849499 -0.000403437 -0.00012757 -0.00397391 -0.0022569 0.00417196 0.00609191 0.00499173 0.010814 -0.0010201 -0.00136312 0.00297251 -0.000331002 0.000324426 0.000922321 0.00261791 0.00251751 0.00268445 -0.0027031 -0.0012384 -0.00154363 0.00264648 0.00172586 -0.00160423 0.00109846 -0.00336311 -0.00498933 0.000931545 0.00185877 0.00390671 0.00246574 0.00937465 0.0202352 0.00172616 0.00352913 -0.00454795 -0.000504747 -0.000376154 0.00020802 0.000452801 0.00310478 0.000178399 0.00250917 -0.00489486 -0.00516605 -0.00289968 -0.00416725 6.09007e-05 -0.00735108 -0.00739509 -0.00914554 -0.00158934 0.00236237 -0.000341911 0.000360404 -0.00170519 0.00700226 0.00200709 0.00279637 0.00234472 0.00159763
internal_weight=262642 145462 117181 84685.2 60776.3 69210.2 47970.3 40640.2 24350 36426.3 34141.7 34711.2 49887.3 21096 28570.1 30243.8 2822.32 211.273 45267.6 27179.8 28480.4 26029.5 4619.75 13259.1 27421.5 4467.43 34797.8 16116.1 34485.9 30752.2 28126.7 17328.1 2625.46 34445.8 3824.03 12454 22564.3 22444.4 25937.5 3789.28 5016.91 5661.35 2611.05 25659.7 22832.1 8931.19 8391.15 1867.64 8786.12 12378 11871 2284.62 13900.9 24902.9 3149.27 10683.5 13446.8 10798.7 25024.1 20755.3 4045.65 607.934 12838.9 17272 2067.87 1079.6 2088.93 2048.34 1746.12 6154.27 15204.1 1842.46 1496.15 346.308 1483.99 17427.5 582.942 4867.95 18087.8 9759.69 21306.8 20720.7 19401.8 286.613 8248.67 7481.74 10584 4799.33 15385.4 3465.22 2434.84 1279.65 3596.06 4744.69 13361.7 2723.16 262.06 85.1561 2461.1 1419.62 351.01 1990.33 8328.08 5886.25 2042.1 2519.27 3577.48 926.397 12502 11004.2 1497.8 5832.43 1318.95 2721.3 195.691 179.733 2415.61 5674.54 6271.84 4274.11 5036.54 3253.96 9635.39 5015.88 4550.16 3293.7
internal_count=2080503 1150624 929879 672386 478238 549993 379886 322818 190539 287699 271207 274632 397393 164810 227175 239100 21486 1427 360611 216512 226362 207357 36782 105254 217614 35532 274993 128675 273930 242996 222347 136966 20649 273785 30322 98500 179961 179091 205959 30137 39837 44845 20059 203536 181776 70909 66688 14831 70249 98527 93979 16492 110867 197745 25006 84585 107338 85381 198712 164834 31997 4841 102497 134488 16335 8464 15086 14863 13880 48888 118153 14231 11565 2666 11655 139254 4521 38566 144099 77794 169086 164572 154550 2285 65264 59154 83667 37918 122931 27396 19321 10127 28659 37511 103922 19368 1685 378 17683 10535 2627 14582 66305 47011 16323 20009 28617 7407 99061 87340 11721 46349 10022 21652 1406 1293 19082 45075 50157 34183 40244 25729 76718 39895 36216 26198
is_linear=0
shrinkage=0.02


Tree=9
num_leaves=127
num_cat=0
split_feature=10 10 10 8 9 16 53 12 8 52 45 1 27 9 29 33 6 50 27 19 27 17 12 6 15 33 11 32 44 39 25 25 29 4 10 39 39 50 42 0 25 13 27 39 40 24 2 1 34 32 34 52 39 8 29 28 48 18 39 2 43 40 33 41 6 14 43 27 46 50 29 42 15 39 50 27 4 20 43 25 4 40 48 39 39 9 15 33 24 25 51 13 29 39 11 20 29 11 39 44 44 44 4 3 40 39 51 21 3 33 27 1 6 11 17 1 43 42 6 44 16 42 39 53 20 21
split_gain=2070.32 528.008 423.151 128.658 109.254 108.875 103.609 99.2707 83.6053 65.9555 63.2232 61.1126 57.6027 55.1024 49.8157 46.2443 41.1898 38.7064 37.6907 36.5456 33.6413 33.0839 32.473 32.206 31.3352 28.8208 27.2924 27.1971 29.6679 26.636 26.0499 25.9437 36.305 27.9497 24.5702 28.2699 23.9793 26.1548 23.7024 23.6862 26.2497 23.582 23.7133 23.1042 22.6839 22.5709 22.3978 21.7762 21.761 22.2365 37.0645 24.5073 24.6135 21.7238 21.5614 20.9442 20.8691 20.6237 20.5034 20.3596 29.9733 21.7391 35.2915 23.2459 20.1703 20.1161 19.9781 19.7019 19.5098 19.3886 25.9475 19.3063 20.1746 19.7729 19.1051 18.8245 18.7894 19.4787 23.5555 19.46 19.8165 18.7146 18.7 18.5882 19.3479 18.5818 20.4141 18.518 18.1146 18.0062 19.4115 17.9763 17.811 21.0354 19.4771 17.7172 18.1176 17.7109 17.6901 17.59 17.3041 17.2748 17.2634 17.2291 17.1955 20.1586 17.2698 17.2526 17.2177 17.0997 17.086 17.0766 17.0365 17.0018 16.9246 16.8206 16.7964 16.7524 16.7133 16.6615 16.6122 16.5046 16.5043 20.5359 16.5008 16.2931
threshold=0.050772771239280708 -1.4190436601638792 1.1227725744247439 -1.0561788082122801 -1.7417897582054136 -0.3679364919662475 0.65280827879905712 0.096804291009902968 1.1934105753898623 0.57372629642486583 0.005507790483534337 -0.0021070969523862 -0.87837970256805409 1.5562586784362795 -1.3421714305877683 -0.011061200872063635 2.4239131212234502 1.3815738558769228 -0.87837970256805409 6.1542379856109628 -0.87837970256805409 4.2913675308227548 0.84637704491615307 0.1449944004416466 0.64707398414611828 -0.039041480049490922 0.11120146885514261 0.0027389153838157658 0.022151655517518524 0.067708335816860213 0.12940952181816109 -0.37940952181816096 0.77487230300903331 0.37017491459846502 3.0528441667556767 0.94895833730697643 0.096875000745058074 0.47441372275352484 0.0017792987055145206 -0.017230073921382424 -0.37940952181816096 0.339519813656807 -0.60785761475563038 0.50520834326744091 0.46650633215904241 -7766.0917968749991 0.024541852995753292 0.002412446890957654 0.012500000651925804 0.080423820763826384 0.11250000074505807 -3.1274583339691158 0.14687499403953555 -1.7975776195526121 1.1965095996856692 0.81174489855766307 -0.056282060220837586 0.53882989287376415 0.034375000745058067 0.060884607955813415 0.018218329176306728 0.46650633215904241 -0.065024044364690767 -0.00077870534732937802 1.9444460868835451 -0.34411549568176264 0.001688996213488281 -0.60785761475563038 0.022578107193112377 1.0278879404067995 7.5329601764678964 0.0046931216493248948 0.88698267936706554 0.592708319425583 -1.5400310754775999 0.87837970256805431 0.14770122617483142 0.54301157593727123 -0.0088838357478380186 -0.91597560048103321 0.011811847798526289 0.34150634706020361 -0.017073407769203183 0.69270834326744091 0.29270832240581518 -2.0581501722335811 0.32272934913635259 0.014946799725294115 -2571.4406738281245 1.0000000180025095e-35 3.6705801486968999 0.52699002623558056 -1.091259717941284 0.19270832836627963 0.75741791725158703 1.0570905208587649 -0.25818049907684321 0.098728213459253325 0.43854166567325598 -0.0072175951208919278 0.0011166423792019489 0.00068970161373727034 0.011811847798526289 0.69800019264221203 -0.12500000000000003 0.042708333581686027 -1.3626813292503355 0.74943354725837719 -0.21543204784393308 0.00063871138263493787 1.0000000180025095e-35 -0.0035706057678908105 -0.53865158557891835 0.53608503937721264 0.3340065479278565 0.0079732132144272345 -0.00081135198706760992 0.0029707771027460699 1.6027252078056338 -0.0045646324288099996 -0.19998848438262937 0.016582979820668701 0.067708335816860213 -1.4917304515838621 1.2514814734458926 0.61998978257179271
decision_type=2 2 2 2 2 2 2 2 2 2 2 2 2 2 2 2 2 2 2 2 2 2 2 2 2 2 2 2 2 2 2 2 2 2 2 2 2 2 2 2 2 2 2 2 2 2 2 2 2 2 2 2 2 2 2 2 2 2 2 2 2 2 2 2 2 2 2 2 2 2 2 2 2 2 2 2 2 2 2 2 2 2 2 2 2 2 2 2 2 2 2 2 2 2 2 2 2 2 2 2 2 2 2 2 2 2 2 2 2 2 2 2 2 2 2 2 2 2 2 2 2 2 2 2 2 2
left_child=1 7 3 10 45 16 13 18 11 17 -2 24 30 38 21 36 59 100 -1 22 104 39 71 -10 41 -25 -26 28 31 -21 87 33 67 101 35 55 -8 54 47 40 -9 42 -6 -41 57 -3 53 -5 88 76 51 -51 -53 -12 113 66 -29 110 -22 61 -61 63 -63 -4 -15 -36 -24 -33 -34 -18 -71 72 -14 -74 -23 92 79 78 -78 -50 -81 -28 -42 84 -40 91 111 -11 119 -68 95 -60 -17 -94 -95 -91 -97 -47 -39 -46 -7 -13 109 -73 105 106 -16 -107 -106 -69 122 124 -79 -38 -90 -19 -70 -72 -101 -20 -100 -83 123 -44 -87 -117
right_child=2 4 5 6 8 9 15 14 23 12 46 27 19 64 20 75 69 115 48 29 58 74 34 25 26 -27 81 56 -30 -31 -32 32 68 -35 65 -37 37 98 83 43 82 -43 44 -45 99 97 -48 -49 49 50 -52 52 -54 -55 -56 -57 -58 -59 85 60 -62 62 -64 -65 -66 -67 89 102 116 70 117 103 73 -75 -76 -77 77 112 -80 80 -82 121 -84 -85 -86 86 -88 -89 114 90 -92 -93 93 94 -96 96 -98 -99 120 118 -102 -103 -104 -105 108 107 -108 -109 -110 -111 -112 -113 -114 -115 -116 125 -118 -119 -120 -121 -122 -123 -124 -125 -126 -127
leaf_value=0.0076318597725657522 0.00011812681483651501 0.0076897228452716196 -0.00027288498597569409 0.00011336881153063118 0.0035953470961799889 -0.00052765278625706616 -0.0042376518558992536 0.0032496206832179869 0.00010227262283118962 -0.0046779356350308303 0.0055197321222837251 0.0014438349506377154 -0.0019027753457335423 -0.002267021922528787 0.018874504126218172 -0.00038127572200035586 0.0037460844658412087 -0.0041816057438488598 0.010451766119381176 -0.0073037623129143308 0.0061685343733441705 0.00028173544171300772 -0.0036543152142873513 0.023485763182909729 0.004209043016725326 -0.002307766901745572 0.0011239040952563057 -0.0030117959287006596 -0.020234192657486733 -0.00033800318973145719 -0.0072987706512293105 0.00013777192705738802 0.00075064436193808288 -0.015704432110521679 -0.0099102592563057243 -0.00036636151022845361 0.0013817963367195587 -0.0031338840397643272 0.0018007503825770621 0.0009211778707131187 -0.0097580243323488001 0.00069479885211441608 0.011807424914184 0.0031745574772723386 -0.0058399479713868423 0.0041900224898632297 0.0068324489770138696 -0.0011541337419840138 0.0024812177848813496 0.018191545853559404 0.025814591922470535 -0.017678423609210271 0.0061384868128172045 0.0017515587056333485 0.0036071117970398053 -0.0029626009797464109 0.0015560322214232848 -0.00034278634927031317 0.0038701170514878693 -0.0034593091384618382 -0.018457021088934759 0.019998505569940771 0.00083408973920404941 -0.0027598123095595238 -0.0085958379249161474 -0.00099928752786537355 -0.0044766936841833752 -0.01330615544075819 0.0084869045222341916 0.00061351448270895409 0.0071397558474640532 0.001446846968205281 -0.0045513530206578905 -0.0019742882920383222 0.019819505010096872 -0.00098857184622525257 0.0019190250056438513 -0.003246871760284516 -0.012070928060854795 -0.0031714313028973879 0.0059804308619172322 -0.00047905207509737032 0.0064703361386975059 0.0033243792294029434 -0.00080092987662936776 0.0037468500896616743 0.0017990573000764988 0.0080664854881579359 0.0028301369405842923 -0.0054842819490063914 0.0039706403237305104 0.00906876773902302 -0.0040152854793542251 -0.0019441728897157153 -0.0036934016804647304 -0.013709108457403502 -0.0072356540391915634 0.0019415312268617135 0.0021019815101353586 -0.0002907285776994798 -0.0023345703072242632 -0.00060577965709324665 -0.0013146148083617161 -0.0043229792022167436 0.0082088593642505887 -0.0026912663467380648 0.0010395849799565498 0.0040265350051449256 0.0038256566795604259 -0.0013747678146211648 0.0032002826908141507 0.002270028890795027 0.0045501669462760302 -0.004803074186293917 -0.015742963337250445 0.0048446961680028502 0.0010154278477091023 -0.01592578619044014 0.0092292370291313115 0.0025927768214489 -0.0054465319775755848 0.013901548552028411 0.0010740002696468522 0.001987834957305834 0.0074348388933748169 -0.0026688165184481721
leaf_weight=1893.1886479482055 7150.7260939627886 474.0247518196702 2415.0054489076138 15265.37330186367 4612.8131064921618 4695.8205576464534 507.53328478336334 147.25854555517435 4944.5869697630405 3065.8527170866728 797.31319374591112 7447.2401189357042 3820.3309589251876 3546.3308992385864 60.694497317075729 1292.844847381115 882.03685317188501 3643.2866563424468 249.12123553454876 244.08382812142372 849.32562793791294 29.621528886258602 4431.041808962822 16.393138363957405 932.56397464126348 4663.1040251478553 11517.436514213681 419.06573241949081 27.780100651085377 2115.2452515289187 2308.233813919127 4891.6695389673114 3828.8817520588636 39.273194178938866 108.38914611935616 698.24593263119459 559.29020990431309 1006.193267390132 2311.8978359550238 4948.7186244875193 201.76003904640675 4180.0711404532194 131.88881061971188 2880.7164275497198 214.36469959467649 3020.349731400609 594.90374975651503 8405.9638762995601 784.25985281169415 44.667274624109268 53.754260316491127 22.077472805976868 69.002104319632053 2636.6170615851879 1229.3812748193741 3064.6665031909943 8388.0846388563514 1137.6401554495096 2696.0543844252825 255.12498346716166 66.713712669909 40.274448983371258 563.07236947864294 3987.1036696359515 212.89891279488802 1389.2188754528761 5528.4706284999847 95.746203802525997 258.00652568787336 1041.2752959057689 15.066621549427508 747.40060509741306 3998.2560345083475 1701.6136223226786 61.633511990308762 3210.2294244617224 157.1599343046546 120.81766536086798 68.215675532817841 95.437694124877453 5973.1862530112267 4615.8029977679253 32.239850156009197 1185.8014685511589 2259.7285163402557 2778.3828737661242 6032.5407010763884 45.364376649260521 3035.6631107255816 3312.4364114627242 73.935904435813427 295.45423603802919 4379.2619406580925 9542.2445761486888 3478.2030833512545 201.21462265402079 1293.5446228832006 2623.4041617363691 683.89047932624817 959.63921684026718 3867.68469081074 2109.6761153936386 8468.1951600164175 285.15431409329176 1132.2502856329083 179.19699196517467 33.892129138112068 1012.1336863413453 530.03481715172529 96.371037244796753 5736.0814407393336 2757.3900000229478 1423.1513306945562 259.36934523284435 18.758305124938488 163.59034133702517 226.02840090543032 61.774886451661587 78.891845546662807 191.98448391258717 139.52419766783714 31.142714753746986 3586.8471005037427 239.67483714222908 589.95681121200323 385.50730206817389
leaf_count=14947 57028 3691 18937 121770 36804 37420 3977 879 39423 24466 6315 59423 30533 28202 485 10256 6848 29048 1956 1898 6660 63 35297 67 7304 36946 89962 3191 166 16708 18410 39099 30530 230 842 5538 4433 7970 18204 38342 1089 33412 1051 22445 1706 24001 4651 66775 6216 118 173 94 359 20953 9716 24323 66902 9069 21355 1848 408 211 4444 31144 1671 10900 43761 766 1993 8026 117 5916 31897 13580 235 25554 1059 892 456 764 47493 36210 223 9378 17781 22154 47751 351 24083 26287 587 2350 34897 76102 27749 1607 10292 20834 5408 7670 30831 16827 67634 2236 9035 1429 271 8068 4242 771 45734 22050 10517 2059 103 1276 1789 394 630 1520 1115 208 28580 1912 4712 3035
internal_value=5.29706e-06 0.00177904 -0.00177237 -0.000721055 0.000918891 -0.00299979 -0.00109108 0.00364687 0.000730692 -0.00336192 0.00124732 0.000957973 -0.00377557 -0.000348094 0.00294001 -0.00202899 -0.0010122 -0.00211534 0.00500289 -0.00346157 0.00350612 0.00164761 -0.00364619 -0.0010231 0.00151885 -0.0022122 0.0008838 0.000371102 6.11625e-05 -0.00106186 -0.00568719 8.24661e-05 -0.000368034 0.000921203 -0.00411806 -0.00431651 -0.000153984 0.000381212 -5.67584e-05 0.00151346 -0.00334768 0.00203878 0.0023751 0.0017507 0.00190899 0.00349901 0.00325073 -0.000336723 0.00459781 0.00512796 0.0118999 0.00623409 0.000225171 0.00262812 0.00193347 -0.00447046 0.00133825 0.00220369 0.00314383 -0.00170662 -0.00661881 -0.00147989 0.00214598 -0.00182204 -0.0026279 -0.00165107 -0.00478156 -0.000876696 0.00122987 0.00153079 -0.000217651 -0.00274697 -0.00302867 -0.00378266 0.0135602 -0.00240432 0.00497765 0.0031359 -0.00234559 0.00545249 0.00583584 0.000691649 -0.00749985 0.00109399 0.000514642 0.00297379 0.00262573 -0.00448926 0.00326 -0.00526089 -0.00614779 0.00438675 -0.00264734 -0.00281562 -0.00241178 -0.00630442 -0.00811632 0.00314556 -0.00135593 -0.000637743 -0.00134404 0.000991265 -0.00144977 -0.000148244 0.0054701 0.00372688 0.0125721 0.00301381 0.00681498 -0.00736435 0.00250262 0.00343923 0.00393768 -0.000579956 0.00271063 -0.00368988 0.00500932 -0.0113568 0.000439675 0.00704713 0.000816649 -0.000379491 0.00149084 0.00549838 0.0043951 -0.000423792
internal_weight=262634 131462 131172 70655.5 90012.7 60516 59476 41449.7 83895 51188.6 11179.6 74270.9 38432.7 33188 27249.3 26288 9327.45 12755.9 14200.4 33013.2 18947.3 8301.95 30653.9 9624.08 37974.9 4679.5 17096.9 36296 27488.9 2359.33 5419.45 27461.1 17864.9 9596.19 20101.2 18603.6 4385.18 3877.65 29428.8 8210.69 381.258 20877.9 16697.8 7829.44 12085 6117.78 4028.83 23671.3 12307.3 8811.73 189.501 135.747 91.0796 3433.93 2048.04 17905.3 8807.15 10832.1 15999.1 7327.29 321.839 7005.46 603.347 6402.11 3759.23 1497.61 14840.6 13552 4312.92 2000.15 1118.12 10552.8 9520.2 5699.87 91.255 21902.8 8622.23 1769.34 225.376 6852.88 6068.62 16164.4 234 5757.43 4571.63 15149.8 12158.3 3111.22 3495.53 10409.6 4881.13 2991.51 18692.6 17399.7 13020.4 4807.2 1494.76 5643.75 1829.61 1252.9 8563.51 9556.92 8660.31 1032.55 2948.2 1285.92 94.5866 1191.33 1662.29 192.117 9694.49 6125.73 1543.97 818.66 3054.42 4192.38 484.035 76.8415 1038.53 441.106 823.415 4646.95 3958.41 371.564 3368.34 549.098
internal_count=2080503 1039123 1041380 561964 714535 479416 473017 324588 666009 407039 88947 589573 305429 263781 213838 209236 72377 101610 110750 262202 150562 63276 243596 76436 300252 37013 133684 289321 219228 18606 43227 219062 142582 76480 159434 147692 34678 30701 233908 62978 2191 166568 133156 60787 96352 48526 31919 188545 95803 68141 744 571 453 27268 16208 142154 70093 86346 127032 56992 2256 54736 4655 50081 29873 11742 117831 108270 34312 15385 8537 84162 76010 45477 298 174558 67397 12924 1515 54473 48257 126380 1312 45363 35985 120372 96667 24817 27662 82534 38773 23705 149004 138748 103851 38186 11899 44835 14493 10006 68251 76250 69171 8152 23530 10253 756 9497 13277 1537 77277 48916 11409 6492 24186 33359 3782 511 8300 3476 6523 36418 31543 2963 26866 4311
is_linear=0
shrinkage=0.02


Tree=10
num_leaves=127
num_cat=0
split_feature=10 10 10 9 8 16 12 9 53 8 51 27 32 45 53 5 12 33 52 29 27 53 6 6 17 29 19 40 48 18 39 43 27 1 27 40 26 38 8 10 39 29 2 26 6 19 33 40 14 38 29 38 26 27 33 41 39 48 55 3 48 18 53 26 33 39 15 29 16 47 26 15 2 26 5 45 38 18 22 18 51 18 48 48 24 0 48 1 48 38 18 47 39 5 20 2 4 55 51 53 25 39 4 29 22 43 16 47 39 17 54 12 15 4 39 19 29 10 54 15 55 25 5 47 51 18
split_gain=1965.13 525.322 407.823 111.182 110.021 97.9501 94.7822 81.2215 81.8264 79.5591 78.7427 72.4616 64.3418 47.5881 46.9236 45.5437 45.0661 40.5357 36.8914 40.5628 36.8867 40.1665 33.6163 32.9138 32.4535 31.7304 29.9381 28.1055 31.9811 27.8512 25.7204 25.4218 24.6174 34.7753 24.485 23.7075 23.4087 34.3455 22.6457 22.4548 22.3653 25.2517 21.3226 21.1096 20.9929 20.9486 23.006 20.3683 22.0121 20.3242 20.2615 32.7672 19.8813 19.8317 22.7563 19.701 19.5452 19.5077 19.4264 19.3632 22.1208 25.2925 25.1062 19.3616 21.4589 19.2782 27.1067 19.2251 29.9602 19.0646 18.7765 18.6294 18.5999 18.9993 18.5258 18.5226 19.4584 19.2087 21.0255 18.3547 18.2468 20.9217 18.2187 18.7781 18.1666 18.1315 18.1146 17.965 20.7326 17.8853 17.9347 30.3244 26.3244 21.6285 17.8467 17.8009 17.7222 19.2043 17.7062 17.527 22.4094 17.4765 17.4444 17.3562 17.329 17.2709 17.217 18.1408 17.0029 21.3568 19.7949 18.7877 16.9858 17.1768 18.8165 16.9696 16.9637 16.9207 19.6544 16.8689 21.2359 16.7537 18.3704 20.0822 20.3438 20.2053
threshold=0.050772771239280708 -1.3800229430198667 1.0442206263542178 -1.7417897582054136 -1.2663189768791197 -0.37528872489929194 0.096804291009902968 1.5160015821456911 0.60957577824592601 1.2724003195762636 1.0486460328102114 -0.87837970256805409 0.0023637615377083425 0.0069127120077610025 0.33876520395278936 0.083070252090692534 0.84637704491615307 -0.011061200872063635 1.4090154170989992 4.2008876800537118 -0.60785761475563038 -3.0103907585144039 0.1449944004416466 2.4239131212234502 4.2913675308227548 1.3835072517395022 6.3536679744720468 -1.0000000180025095e-35 0.0095885172486305254 0.68869787454605114 0.94895833730697643 0.00083508915849961351 -0.60785761475563038 -0.0021070969523862 -0.87837970256805409 0.34150634706020361 -0.6035533845424651 0.028912802226841453 -2.1553448438644405 3.2768574953079228 0.20104166865348819 -0.9636014699935912 0.010378380771726372 -0.6035533845424651 0.98375809192657482 1.462675213813782 -0.0207883957773447 0.34150634706020361 -0.56998431682586659 -0.015934303402900692 7.5329601764678964 -0.20701614022254941 0.78656607866287243 -0.60785761475563038 -0.016600736416876313 -0.0011481702094897626 0.28437499701976782 0.020736418664455417 0.011065668426454069 -0.2968460321426391 0.0088389008305966871 0.14786992967128756 -0.66457396745681752 -0.91597560048103321 -0.028037911280989643 0.32187499105930334 1.8031299114227297 5.5538833141326913 -1.7866998910903928 0.055059408769011504 0.98296290636062633 1.0525166988372805 0.017125234939157966 0.91597560048103344 0.015909153968095783 -0.031725367531180375 0.019529717974364761 -0.12180179357528685 -0.099867202341556535 -1.808746814727783 1.9548061490058901 0.10637339577078821 -0.027962148189544674 0.016222774982452396 -7077.5234374999991 0.001973052392713726 -0.066240180283784852 -0.0075105738360434762 -0.071237258613109575 0.15059255063533786 -0.40117621421813959 -0.030038099735975262 0.48854167759418493 0.46388436853885656 0.40793928503990179 -0.0064126988872885695 0.46240074932575231 0.17333314567804339 0.19967287033796313 1.0098330378532412 -0.7865660786628722 0.530208319425583 0.055297929793596275 0.30751228332519537 0.081905856728553786 -5.3683241276303299e-05 -0.082156062126159654 0.022244884632527832 0.52187499403953563 4.2913675308227548 0.089783385396003737 0.40243309736251837 0.85561871528625499 0.097583737224340453 0.56354168057441723 6.8094704151153573 -0.1200735569000244 -2.1304767131805415 0.073778938502073302 0.84785819053649913 0.083701405674219145 0.37940952181816107 0.085240758955478682 -0.0088100684806704504 0.099569231271743788 1.1495911478996279
decision_type=2 2 2 2 2 2 2 2 2 2 2 2 2 2 2 2 2 2 2 2 2 2 2 2 2 2 2 2 2 2 2 2 2 2 2 2 2 2 2 2 2 2 2 2 2 2 2 2 2 2 2 2 2 2 2 2 2 2 2 2 2 2 2 2 2 2 2 2 2 2 2 2 2 2 2 2 2 2 2 2 2 2 2 2 2 2 2 2 2 2 2 2 2 2 2 2 2 2 2 2 2 2 2 2 2 2 2 2 2 2 2 2 2 2 2 2 2 2 2 2 2 2 2 2 2 2
left_child=1 6 4 84 13 23 20 8 67 12 14 36 18 38 98 34 112 56 19 27 21 -1 -11 55 25 29 30 58 32 89 39 -9 106 -34 117 45 101 99 -2 52 41 71 -41 49 86 46 -14 48 -45 65 -27 -52 80 54 -37 -4 -10 63 -5 60 -36 62 -62 94 -65 -42 -67 -6 -69 -20 -24 -19 121 -74 -35 76 77 -47 -79 -51 81 -18 -49 -84 -3 -21 -16 -56 -89 -17 91 -91 93 -92 -22 119 97 116 -7 100 -38 -12 -70 -50 -59 -81 107 -29 109 110 -55 -110 -13 114 -114 -100 -66 118 -8 -77 -121 122 123 -60 -125 -126
right_child=2 3 5 9 7 10 15 31 17 22 11 16 35 -15 44 24 26 40 69 85 57 -23 70 -25 -26 50 -28 28 -30 -31 -32 -33 33 74 59 53 37 -39 -40 42 43 -43 -44 47 -46 75 -48 82 103 79 51 -53 -54 108 87 -57 -58 104 72 -61 61 -63 -64 64 96 66 -68 68 102 -71 -72 -73 73 -75 -76 95 -78 78 -80 105 -82 -83 83 -85 -86 -87 -88 88 -90 90 92 -93 -94 -95 -96 -97 -98 -99 115 -101 -102 -103 -104 -105 -106 -107 -108 -109 111 -111 -112 -113 113 -115 -116 -117 -118 -119 -120 120 -122 -123 -124 124 125 -127
leaf_value=0.012651819261676363 0.0040471427346510172 0.0071264194571622891 -0.00018000593998136657 -0.0066380119669521512 -1.0903036086435507e-05 0.00037193174413210634 0.010338757305182777 -0.00052375590489929817 -0.0014335450036463491 2.4588640769839477e-05 -0.0086340814066799866 -0.0013700241442450862 -0.0042980680556751263 0.0040493195313203011 0.015997679388683513 0.0019301804952465593 -0.0029525781918559165 -0.0036964626907443044 -0.0024651975308463553 0.0024847938820001538 -0.011212564021662623 0.005840827019269198 -0.0028414504092310363 0.0011872085358880955 0.013598243097138059 0.0049288696154077896 -0.00078258299599088946 0.0019907072416963626 -0.0013757481683572149 -0.0028753940421554769 -0.00037213810454212864 -0.0038738537824800669 0.0013913113621512446 -0.008042040687876055 0.0032575854381480642 -0.0058206067127006111 -0.0056524247029613216 -0.0079414100995448232 0.0001297841622696789 -0.0040866554496435019 0.00019659404608231838 -0.0034251676356985236 0.0017430756053665164 0.0001040981043861027 -0.00092586457390312824 -0.0031319215347445657 0.00091372070231861876 -0.010699580407791833 -0.00074009585004962853 0.013094215238079215 -0.020679466352343964 0.0028880174931258701 -0.0031147582614819355 0.00079213903050798337 0.0054820161988777599 -0.0022867421924217066 0.0014182923582498896 0.0068280000844511855 0.0046704846942946729 0.0023457875685188897 0.010756294776566165 0.00134311185055015 0.0052005166623527929 -0.010665490796248596 0.0044474503841796581 0.001994411257212508 0.013664955156093634 -0.014245749719939835 0.023351873095958812 -0.013966705265076446 0.0033418386089928225 0.0050631245802457781 0.0028956582665724227 0.013309863304815227 -0.0010914366379030035 0.0031201675231317637 -0.0043749842502519946 0.017448148371299616 0.0026558157863649542 0.00066613320914785655 -0.0055095467998209869 -0.0049050496652032491 -0.0017442452447717213 -0.0049224910569935143 0.0031512036933365778 0.0081857247066399862 -0.0036295007701333099 -0.018070374671366844 0.0018125377083780187 -0.011163512384557659 -0.0080952480451015815 0.0016627640004358768 0.007016561133509092 0.014510436963097577 0.0068152327511557089 0.0014255425328571004 0.011906273691810574 0.00040442198080462509 -0.0014550240758121229 -0.0050783998837544541 0.00030737910683396755 -0.0023702451926494623 0.0043862030121137483 -0.0031992236726255019 -0.004111883531834051 -0.0024839379612400631 -0.0021378517338243685 -0.0083763542885320653 0.0047910462319242075 0.013023117254774759 -0.0014698576496829955 -0.0008316901503358455 -0.0042902411970789809 -0.0011274685900196186 -0.0018053641383130627 -0.010472327451853388 0.0022891559226962586 0.0044792425465767435 0.0016066681574637665 -0.0016354582285529127 0.0021956317173916972 -4.6927962943031241e-05 -0.00045418167865598927 0.0020540692223014923 -0.00082544869702597373 0.011162294090649791
leaf_weight=385.30572710186243 671.39491808414459 503.41931490600109 2582.1357350349426 135.23794417828321 27497.80782006681 2799.3971271291375 451.35457114875317 1135.1976737827063 1581.0980264618993 4256.6957396417856 1405.681259766221 4603.9276151433587 398.6287600249052 2268.7322351261973 17.879010073840618 9976.9291000664234 3800.9521692618728 155.58511327207088 1249.2010079175234 1637.5587791204453 21.532287366688251 3462.2437181919813 3821.6023227795959 2074.5018870532513 94.589070752263069 1674.0848572179675 1205.9340082630515 4399.4497211277485 6610.2612389996648 551.94687977433205 744.94444780796766 4508.2945608273149 2997.6771405190229 157.11673641949892 5732.2953083217144 131.19446443766356 388.96184761077166 1095.4187752455473 4839.5609435215592 512.06933639198542 780.22167577594519 4837.5704965740442 490.13558783382177 2563.1445563957095 1473.5265162214637 188.5503471121192 2223.9619365483522 126.85419342666864 1943.2218515276909 34.734212912619114 31.735143139958382 83.686775960028172 4343.5847843587399 3013.1759335249662 660.32667348533869 5691.6565147563815 2448.3236339837313 1406.559969894588 838.75318159162998 5699.5083853453398 470.72646173834801 416.29692413657904 1068.473388068378 41.254989482462406 5132.9879109561443 247.65789546817541 116.80602717399597 32.938164740800858 19.377031661570072 59.558227464556694 206.12344136089087 254.6702696532011 731.71980452537537 76.741219408810139 5228.3816619068384 8432.0100165754557 364.40620800852776 45.222343534231186 233.12414346635342 1100.8871124461293 6001.4898729324341 5230.3566708937287 1904.9904304072261 1222.2542512565851 5362.7627901732922 258.04370501637459 6452.4741110578179 20.268198810517788 1523.9906528890133 155.81263662129641 114.9747008010745 138.51306571811438 168.90375590324402 18.859709516167641 1035.5223843976855 8673.0779172182083 101.43053904175758 719.61123444139957 5055.141879811883 1596.4898857176304 714.12743452936411 205.58794444054365 453.86011389642954 2811.4579421728849 59.656524956226349 1889.2832705676556 483.34061501175165 67.564822919666767 596.14237245172262 46.998566158115864 3178.7579983323812 394.02797169983387 3671.0611455067992 1634.9553282484412 1830.5471784323454 83.954353734850883 2042.0460138767958 2047.0228794366121 134.44586812704802 689.67386300861835 3568.4118692874908 5892.7780765295029 1882.0073018819094 4904.1354446262121 1732.8320943117142 57.12115366756916
leaf_count=2910 5349 3932 20086 1082 218637 22285 3611 9057 12454 33936 11211 36782 3027 17945 135 77513 30217 1244 9960 12820 148 27364 30256 15955 328 13091 9452 35127 52747 4131 5909 35815 23829 1257 45697 1019 3101 8750 38598 4048 6182 38548 3776 20382 11715 1348 17649 1000 15534 277 161 645 34502 24078 5174 44380 19406 11129 6704 45559 3763 3326 8541 221 40493 1980 923 204 155 422 1616 2015 5748 602 41702 67111 2642 283 1598 8766 47570 41586 15221 9753 42631 2012 51436 162 12171 1016 711 1042 1229 65 8012 69274 379 5057 40318 12698 5706 1640 3561 22452 477 15053 3867 531 4732 275 25032 3111 29297 12917 14625 670 16250 16377 1073 5500 27599 47080 14927 39217 13859 457
internal_value=-6.10996e-06 0.00172283 -0.00173792 0.000833886 -0.000620404 -0.00285096 0.00352222 -0.000921614 -0.000674336 0.000643708 -0.00318483 -0.00366333 0.000852384 0.00161199 -0.00199529 0.00286379 -0.00332174 -0.00153079 0.000300614 0.000414109 0.00484851 0.00652627 -0.00121453 -0.00106467 0.00198431 0.00189813 -0.0038493 0.000264674 -0.000238369 0.00150015 -0.00402429 -0.00320037 0.000325486 -0.000334801 0.00357779 0.00148462 -0.00581482 -0.00495396 0.000607862 -0.00415772 -0.00189967 -0.0030211 -0.00123569 -0.0015002 -0.003082 0.00181068 0.000119821 -0.00197548 -0.00138952 -0.000294708 0.00436966 -0.00370522 -0.00430873 0.000638422 0.00224015 -0.00162948 0.000298939 0.0042366 0.000882052 0.00323037 0.00388566 0.00572366 0.00690614 0.00389031 0.00355451 0.00197377 0.00576456 6.0227e-05 0.00391872 -0.00299963 -0.00252401 0.0017378 0.000945626 0.00390066 -0.00129585 0.00201042 -0.000916755 0.00178379 0.00511653 -0.00115385 -0.00465342 -0.00408385 -0.00329205 -0.00298793 0.00349367 0.00326528 -0.00357265 0.00272272 0.0015394 0.0017289 -0.00163048 -0.00513874 0.00178268 -0.00481829 0.00643681 0.00212441 0.00362933 0.00352136 -0.000907479 -0.00373887 -0.00179643 -0.00783744 0.00521248 -0.00219476 0.0063797 -0.00132401 0.00144369 0.00183184 0.000120516 -0.000265877 -0.000368992 0.00255395 -0.00231802 -0.00292917 -0.00346411 -0.00160454 0.00383373 0.00534204 0.00834253 0.00260182 0.00157464 0.000789248 0.00131267 0.00175423 0.00138804 -0.000436317
internal_weight=262523 131370 131153 87932 65445.9 65706.9 43438.3 57666.2 52022.7 82065.9 55358.6 39476.2 73781.4 7779.69 15882.4 29030.2 34070 24018.8 39399.5 38090.7 14408.2 3847.55 8284.42 10348.3 13010 12915.4 22329.5 36195.1 19943.8 11125.9 21123.5 5643.49 13333.5 8383.18 16020.1 34382 5406.27 3795 5510.96 20378.6 19989.3 5247.83 1002.2 14741.5 7943.88 24817.1 2622.59 10571.9 7317.82 4169.59 1789.51 115.422 19376.4 9564.88 2335.78 8273.79 4029.42 10560.6 16251.3 13387.3 7687.79 1955.5 1539.2 9094.39 8037.33 1144.69 364.464 28004 506.175 1308.76 4027.73 410.255 16116.1 808.461 5385.5 22194.5 831.303 466.897 278.346 3024.9 15032.8 9031.31 3254.1 3127.24 5866.18 1895.6 6470.35 2204.59 1544.26 10574 597.064 294.326 302.738 133.834 1057.05 21363.2 7996.08 7894.65 7938.49 2699.58 1103.09 1611.27 473.237 4754.68 1466.22 2990.17 4950.36 4467.01 7229.1 6238.93 6191.93 990.17 11740.5 7136.56 5501.61 5139.1 7175.03 2632.82 585.8 12690.1 4258.09 15307.6 9414.85 7532.84 6694.09 1789.95
internal_count=2079703 1038425 1041278 698106 520511 520767 340319 458619 413747 651543 440346 313787 585735 61892 126559 227879 270681 191190 313950 303568 112440 30274 65808 80421 99932 99604 177060 288736 159060 85707 167608 44872 106313 66788 127947 271785 43106 30255 43947 161699 159330 41807 7824 117523 63286 196031 20676 84342 58368 33181 13897 806 153875 75754 18526 64466 31860 82166 129676 106886 61327 15630 12304 70560 62400 9085 2903 222557 3920 10382 31872 3259 128594 6350 42959 175355 5871 3229 1881 24096 119373 71803 25974 24974 46563 14832 51571 17507 12333 81576 4063 2058 2005 776 8160 169484 62179 61800 63273 21505 8807 12851 3716 37986 11606 23819 39525 35658 57228 49385 49110 7843 93621 56839 43922 40988 56743 21061 4684 100210 33099 122244 75164 60237 53533 14316
is_linear=0
shrinkage=0.02


Tree=11
num_leaves=127
num_cat=0
split_feature=10 10 10 9 9 12 12 27 11 53 1 49 1 6 5 50 9 27 53 52 28 0 46 11 4 13 17 39 29 39 29 13 29 0 35 53 29 15 10 53 29 4 29 4 6 11 40 38 49 52 38 48 39 27 24 48 21 22 2 40 6 39 4 38 38 29 34 12 29 38 6 13 39 19 48 27 23 48 48 39 39 38 0 24 48 40 5 27 32 38 38 33 7 17 33 32 52 27 4 29 40 21 3 24 11 6 21 15 3 9 11 38 3 38 29 22 45 52 38 9 13 32 40 52 53 45
split_gain=1887.41 504.627 391.717 106.796 98.7263 93.2594 91.0699 64.095 58.0113 56.5567 73.0824 58.2408 54.1863 45.0458 43.7524 42.4148 35.706 35.4522 38.6247 34.6309 34.1453 35.0581 37.6261 33.6091 32.3844 31.3987 31.2163 30.7159 30.4782 29.5768 27.5634 26.7923 26.0788 25.5563 25.2252 28.3412 26.4365 23.9655 23.7221 26.3007 23.0151 24.8251 22.2261 22.4834 21.8337 21.7434 21.6576 21.5911 21.4379 21.2807 20.342 20.3003 20.1156 19.9971 19.9297 19.91 29.4859 19.8569 19.5702 20.1605 19.5497 19.529 34.1919 26.2343 19.5068 21.2852 33.2558 19.9604 19.4758 31.5144 19.3802 25.3951 19.34 19.0795 19.6358 18.9939 18.9688 18.9188 18.7562 18.5925 21.6276 18.9511 19.0984 18.5616 18.4298 24.7761 18.472 28.022 18.2759 18.1338 18.0632 20.4886 19.87 17.9656 17.8938 24.7605 27.9786 24.0947 21.5776 21.6605 21.4772 17.8509 17.6551 17.4571 18.4382 17.072 19.0239 16.8338 16.8291 16.7509 16.6719 19.168 16.5612 16.5485 16.5385 16.4987 16.4757 16.3104 16.1446 16.0789 21.7301 16.0455 18.022 16.0258 16.0223 16.7413
threshold=0.050772771239280708 -1.3800229430198667 1.0442206263542178 -1.7417897582054136 1.5160015821456911 0.88620573282241832 0.096804291009902968 -0.87837970256805409 0.87157592177391063 0.60957577824592601 0.012467660475522281 -0.070031773298978792 -0.0019810440717265006 2.5198549032211308 0.083070252090692534 1.0902124643325808 0.83103844523429882 -0.60785761475563038 -3.0103907585144039 -0.82080015540122975 0.81174489855766307 0.0070561980828642854 0.062349524348974235 0.08560334146022798 0.095333248376846327 0.85414189100265514 4.2913675308227548 0.18854166567325595 1.3835072517395022 0.067708335816860213 -0.9636014699935912 0.14054433256387713 4.0430307388305673 0.0066451290622353562 1.0000000180025095e-35 0.71164563298225414 3.7427783012390141 0.38461089134216314 1.6329431533813479 0.32337059080600744 5.956977605819703 0.46240074932575231 3.7427783012390141 0.088050864636898055 0.55219852924346935 0.57248827815055858 1.2246467864107191e-16 -0.092260025441646562 -1.5463722348213194 1.5283358097076418 -0.005684908712282776 0.034089827910065658 0.27604167163372045 -1.0000000180025095e-35 26924.532226562504 0.060649374499917037 1.4471899271011355 0.13188678026199344 -0.0088615603744983656 0.46650633215904241 -1.5819310545921323 0.046875000000000007 0.46240074932575231 -0.2403113171458244 0.15059255063533786 -5.7211222648620597 0.12083333358168603 0.1633999049663544 7.5329601764678964 -0.20701614022254941 2.0174409151077275 0.33239005506038671 0.60520833730697643 6.8094704151153573 0.029506820254027847 -0.87837970256805409 1.0000000180025095e-35 0.058064881712198264 0.020282194018363956 0.50104168057441723 0.47187499701976782 0.19213236868381503 0.0037532262504100804 -291.63230895996088 0.00073786368011496972 -1.0000000180025095e-35 0.032574059441685684 -0.60785761475563038 0.035600062459707267 0.23790342360734942 1.0458054410675281e-17 -0.0065477802418172351 0.33018690347671514 4.2913675308227548 -0.026641676202416417 0.080423820763826384 -2.3771699666976924 -1.0000000180025095e-35 0.21615024656057361 -0.25818049907684321 0.12500000000000011 0.6053980588912965 -0.46662688255310053 -7077.5234374999991 0.11120146885514261 -1.5003265142440794 1.1512103080749514 1.0525166988372805 -1.771697402000427 2.3311461210250859 0.20048280060291293 0.027908916585147384 -0.26298761367797846 0.032578116282820709 -1.2107789516448972 0.081905856728553786 -0.0064119112212210885 -0.36855366826057429 -0.029525198973715302 -1.4721699953079221 0.35024707019329077 0.052687054499983794 -0.12500000000000003 -1.5480990409851072 0.68436157703399669 0.0024480095598846678
decision_type=2 2 2 2 2 2 2 2 2 2 2 2 2 2 2 2 2 2 2 2 2 2 2 2 2 2 2 2 2 2 2 2 2 2 2 2 2 2 2 2 2 2 2 2 2 2 2 2 2 2 2 2 2 2 2 2 2 2 2 2 2 2 2 2 2 2 2 2 2 2 2 2 2 2 2 2 2 2 2 2 2 2 2 2 2 2 2 2 2 2 2 2 2 2 2 2 2 2 2 2 2 2 2 2 2 2 2 2 2 2 2 2 2 2 2 2 2 2 2 2 2 2 2 2 2 2
left_child=1 6 4 103 9 7 17 38 12 40 23 114 16 19 31 33 29 18 -1 -9 21 60 -23 37 -15 32 28 30 64 61 107 75 57 117 36 84 50 -11 39 -4 108 -42 43 70 124 -29 -44 101 -26 -38 -14 -6 -37 112 -40 -50 -57 105 59 -45 -17 62 -5 -63 -16 66 67 -66 116 -70 88 -72 79 110 83 -8 89 102 94 80 81 82 -27 -75 121 -86 87 -87 123 -61 92 -92 -41 -24 97 98 -97 -19 99 -96 -98 -22 -65 -3 -105 106 -21 -25 -2 -35 111 -52 -33 -39 -12 -80 -30 -7 -62 -28 -121 122 -36 -31 125 -10
right_child=2 3 5 8 51 15 14 13 44 10 11 -13 34 24 26 20 -18 78 -20 25 47 22 93 27 48 72 119 45 68 42 -32 53 -34 109 35 52 49 113 54 90 41 -43 46 58 -46 -47 -48 -49 55 -51 73 -53 -54 -55 -56 56 -58 -59 -60 76 118 63 -64 77 65 -67 -68 -69 69 -71 71 -73 -74 74 -76 -77 -78 -79 115 -81 -82 -83 -84 -85 85 86 -88 -89 -90 -91 91 -93 -94 -95 95 96 100 -99 -100 -101 -102 -103 -104 104 -106 -107 -108 -109 -110 -111 -112 -113 -114 -115 -116 -117 -118 -119 -120 120 -122 -123 -124 -125 -126 -127
leaf_value=0.012405931640420679 0.019886847355491635 0.006985679228486457 -0.00099433344597063674 0.0025451105190759517 -0.0027317855034522855 -1.4908789032034835e-05 0.0080238674370415562 0.002235567633690482 0.00018507043063211985 -0.0061125169618882272 -0.0023802031589315242 -0.0012058469618406989 0.00041034223882033976 -0.0025123395443947035 0.0016792522209354707 -0.0027059562905147765 -0.00091976969080692888 -0.025513671362988717 0.0057252611505201291 0.0011982906068765935 0.0013332765493084845 -0.0021626230449967401 -0.0081815577937689021 -0.0032777681367955132 0.015371011615790143 -0.0040963538758935231 0.0016734520989892202 -0.00066339133495584295 0.006851254612653377 0.0031722711585529507 -0.0034076345722728221 0.0048594046067553945 0.00073133788834137017 -0.00048756261421348745 -0.0005101993898552771 -0.003721545113442643 0.0029469459996307908 0.00095870832416808708 -0.006512806109319794 -0.0032856440606424441 0.0054894177004720032 -0.015128346115131202 0.0057829787967220714 0.0015291985393807877 -0.0024500566759020222 -0.0021472782465350986 0.00086253374759527753 -0.0016104761199648399 0.0022081264391288764 -0.0090251689273255064 -0.0008224958421579686 -0.0067034374422305235 0.00043878594478734815 0.0022670941344170577 0.00254040601924463 -0.0016946971143332816 -0.026327835208395371 -0.0033203153826554927 -0.00040830486039639352 -0.0038212916146366472 -0.0041689924885550652 0.031581214539393811 -0.020188382769070728 0.010353977070262114 -0.0020474131117577386 0.00067859085800663652 0.010859093636857053 -0.015584776087093327 -0.02028354894483575 0.0028311266857122068 0.001663193546260446 -0.0047865252942943014 -0.0017184607335465666 0.0065266669533716728 -0.02337471382634573 0.004306285760570858 0.0037910809939052242 -0.0094453117350386459 0.0066584581242866469 -0.0062246472626801899 0.002003424786145706 -0.023399239916015776 -0.0012264988062165112 -0.0067729970725781009 0.0045039100326383363 0.0024665829506720382 0.0022437510514309355 -0.0070465129005213324 -0.0077603929258118851 0.016318710579354606 -0.0021729308237172442 -0.0081268164172195109 0.015067716379805907 -0.027027951239192799 0.0047601016323563393 0.018582441381233168 -0.010964400832112569 0.0020963885996638661 0.00023767041121788309 0.0025904864278397765 0.014044388113531205 -0.010330994514844592 0.0041011659276419541 0.0040756207583675878 0.0016930708889398847 -0.0018790450180157089 -0.0058038849572949356 0.0047185251567904958 0.00012780629673173993 0.0075275189402214436 -0.0010911286183933949 0.0021905376097718617 0.002648571129091626 0.0060368718120549407 0.0038248408051518596 -0.0038759694371206044 0.002874621554144168 -0.0031145766472141529 -0.0057767692586448488 0.028775791760596869 0.0046673183275035383 -0.01165794927778737 0.0018136384344940742 0.0015505819184896518 -0.0026021735238317091 0.0072105770247695078
leaf_weight=385.10551121085882 16.252328991889954 503.31167630106211 1340.5296127796173 2150.1791723743081 5070.0886626765132 787.6267014965415 657.99509122222662 718.93047467619181 2921.051152959466 145.36542297154665 184.85682533681393 2031.0400381684303 9678.2745247259736 987.05539756268263 10473.458749510348 1313.5624725297093 2691.3363460898399 18.392870329320431 3461.5148585811257 1309.4980904459953 69.251974456012249 2762.2867783084512 55.155821926891804 166.20804931223392 45.230322264134884 4405.9621208384633 31.941021487116814 10171.528268247843 822.00553940981627 2913.3445296809077 4947.3725518286228 3159.0118326917291 1538.019344329834 315.52563551068306 2252.8739331662655 752.73760136216879 1433.5047420039773 880.14640644192696 1759.4245250225067 1446.1113715842366 472.20112834125757 23.601564601063728 844.83313415944576 7006.1618089154363 2903.5689407512546 6461.0330842807889 621.79384405165911 2531.3278160467744 1808.7306616157293 60.961974963545799 1881.4821949973702 573.20366091281176 1211.6422778666019 6408.9547893032432 102.28302358090878 151.26858322322369 21.35387047380209 3580.5288566276431 5200.0906480848789 659.02150359749794 3627.8069068193436 14.449769385159014 25.794547505676746 247.63405653089285 71.762504398822784 434.00955609232187 34.343853816390038 111.98994558304548 31.727083913981915 83.681225843727589 570.41764546185732 425.3417284488678 2708.8546725586057 50.803715959191322 22.517783306539059 3405.981731556356 194.63615539669991 32.875145979225636 1439.7471689283848 1008.8984522297978 293.23929383605719 18.243397653102875 1177.5519788116217 221.77252067625523 1560.4345782399178 250.84594482183456 1494.9735206216574 242.72942212224007 79.089298330247402 17.391491115093231 329.63212246447802 784.55595151335001 22.995478965342045 32.489879935979843 5403.509712934494 93.012924522161484 29.133722007274628 35.773039177060127 652.03217440098524 2802.0573387295008 24.237808384001255 211.203134290874 675.02513632923365 3138.9592523649335 2223.393346875906 14981.605472534895 175.03391958773136 283.42318388819695 31362.382448241115 154.56935953348875 9934.320582844317 1530.4945878684521 2386.6709072589874 362.03758824616671 2294.4411102980375 61.286808997392654 851.85603057593107 4954.3963583931327 8173.1150538176298 36.979137755930424 25.594184041023254 40.219195321202278 3271.9502199664712 14995.136100031435 841.69181340932846 141.30774540454149
leaf_count=2910 73 3932 10684 17020 40329 6275 5260 5696 23301 1163 1419 16033 77215 7872 81300 10486 21344 79 27364 10444 518 21192 409 1328 355 35059 75 81137 6355 23269 39438 25206 11977 2421 17928 5984 11305 7034 14034 11535 3699 120 6620 54108 22994 51520 4866 20034 14022 483 15043 4543 9646 51210 786 1127 161 28567 41136 5143 28766 54 137 1913 439 3219 159 590 161 645 4543 3402 21490 406 130 27181 1531 262 11396 7991 2321 113 9230 1773 12464 2007 11926 1942 632 115 2630 6257 184 163 42660 328 144 215 4391 22339 124 1642 5376 24974 17657 119156 1400 2248 249444 1156 79293 12209 19090 2893 18090 490 6736 39416 65198 110 143 283 26067 119835 6719 1119
internal_value=-5.9827e-06 0.00168847 -0.00170322 0.000817231 -0.000607996 -0.0027941 0.00345218 -0.00220364 0.000630847 -0.000369326 -0.0010264 0.00130449 0.000790788 -0.00188054 0.00280676 -0.003756 0.00130323 0.00475236 0.00639741 -0.00210124 -0.00423008 -0.00458811 -0.00257549 -0.00147543 0.000456377 -0.00220128 0.00194473 -0.00166561 0.00186024 0.00146642 -0.0029767 0.00350663 -0.00177759 -0.0023225 0.000228724 0.0010222 -0.000125516 0.00154241 -0.00415352 -0.00326934 0.000206364 0.00447747 0.00129231 0.00118205 -0.00113698 -0.00123997 0.00369959 -0.002196 0.00190332 0.0024522 -0.000290853 -0.00313649 -0.001156 0.003029 -0.00601379 0.00158778 -0.00488173 -0.00197016 0.000543754 0.00117235 -0.00502517 0.00332062 0.00226601 0.00568063 0.00147021 -0.00188316 -0.00696541 -0.010343 0.0042827 -0.00363443 0.00162165 -0.00109286 -0.00315224 -0.000788403 -0.0058105 0.00491027 -0.00169524 0.00525531 0.00415245 -0.00371433 -0.00328354 -0.00356079 -0.00349161 -0.00427571 0.00149187 0.00261801 0.00113611 -0.00221451 0.00177203 -0.00327866 -0.00444866 -0.00636979 -0.00298763 -0.0154052 0.00380818 0.00387747 0.0120165 -0.00755345 0.00374151 0.00401974 0.00042396 -0.00745271 0.00578984 0.00342414 0.00308843 -0.00167633 0.000368674 0.00175973 0.000138706 0.00215609 -0.00067686 0.000528999 0.00390877 0.00244322 0.00336102 0.00622538 0.004831 -0.00268965 -0.00528299 0.0133397 0.019159 0.000773169 0.000865938 0.00181462 -0.000159774 0.000511826
internal_weight=262513 131364 131149 87930.4 65445.2 65703.9 43433.8 40715.5 82064.7 59801.9 27927.5 4510.34 75257.1 34930 29028 24988.3 39364.6 14405.8 3846.62 31916.4 18776.2 15964.4 2849.93 23417.1 3013.64 31197.4 13009.3 22029.6 12914.8 36673.2 5397 16018.6 21584.7 6212.12 35892.5 11078.4 24814.1 1387.55 5785.53 3923.82 31874.4 495.803 33527.3 32060.6 6807.62 16632.6 1466.63 2811.78 2026.58 1494.47 23319.7 5643.29 1964.38 11954.6 1861.71 1981.35 172.622 20046.7 13077.3 7877.21 13114.5 3145.96 2175.97 969.984 11125.6 652.106 218.096 183.752 1789.27 115.408 18983.3 995.759 9612.75 13641.4 295.094 4063.98 871.049 955.534 10559.2 6903.9 5895 5601.76 5583.51 272.576 9114.03 3548.98 1988.55 493.575 17987.6 676.413 2583.29 1114.19 1469.11 87.6457 9058.15 9003.98 146.384 54.1659 8857.6 8205.57 53.3715 280.455 922.659 5865.66 5362.35 16466.1 1484.53 449.631 31378.6 470.095 13346.3 3411.98 5545.68 1242.18 2479.3 1501.03 1673.86 5742.02 11800.9 94.5143 62.5733 5565.04 5524.82 17908.5 3904.05 3062.36
internal_count=2079703 1038425 1041278 698106 520511 520767 340319 323091 651543 475639 222303 35542 597410 276981 227879 197676 311306 112440 30274 253444 148408 126214 21764 186761 23537 247748 99932 175671 99604 289962 43014 127947 171544 49268 286104 88247 197857 11090 46110 31290 253336 3819 265200 253714 54133 132657 11486 22194 15665 11788 186069 44872 15630 95506 14820 15310 1288 159567 102033 60897 104450 24762 17157 7605 85707 4407 1188 1029 13897 806 151681 7945 76204 108854 2309 32441 6789 7551 82166 54714 46723 44402 44289 2179 72617 28339 15875 3949 143736 5258 20606 8887 11719 572 70280 69986 596 294 69390 64999 268 2160 7289 46563 42631 131000 11844 3576 249517 3577 106545 27252 44296 9927 19509 11886 13091 45691 93964 328 253 44278 43995 143104 31139 24420
is_linear=0
shrinkage=0.02


Tree=12
num_leaves=127
num_cat=0
split_feature=10 10 10 11 53 9 16 12 16 10 45 5 27 9 45 52 53 17 29 27 2 9 16 42 39 27 53 45 1 27 39 4 42 38 23 21 47 16 29 25 26 2 16 39 39 24 12 9 1 0 18 27 21 12 39 38 33 5 1 28 44 57 51 47 29 53 20 43 6 2 38 15 43 15 18 44 44 4 14 42 33 33 39 38 47 25 44 47 43 38 26 25 11 9 29 16 39 6 44 48 11 1 4 15 48 26 31 29 43 27 29 38 22 48 15 39 26 39 39 29 26 20 32 34 5 48
split_gain=1931.32 485.151 384.874 108.814 100.369 98.048 91.2713 76.226 58.1631 55.9837 55.1583 52.8095 48.2673 45.3458 41.0231 33.3796 31.3213 31.3001 32.5539 30.9007 30.6241 30.1937 29.988 29.3001 32.3131 28.4317 39.7788 26.2137 29.4034 28.0336 25.6128 25.5433 25.3658 24.6694 32.4444 24.0068 23.8631 29.2437 23.3853 24.2254 23.3432 28.0351 37.4799 24.6816 23.8847 23.2716 23.0234 22.751 22.6193 23.559 22.9365 22.2905 25.3468 22.1776 21.9804 21.9679 21.5577 22.0876 21.4328 21.4315 21.4151 21.3846 21.362 21.2217 22.0535 20.9278 22.306 22.1213 20.7608 19.8453 19.8338 21.0115 19.6222 19.3573 19.3074 19.2743 19.09 19.0592 18.7687 20.4206 19.0299 18.5868 18.2349 23.5622 17.9129 24.4947 17.782 17.5658 17.5213 23.127 20.3978 17.4373 17.31 17.2537 17.1837 17.1571 16.8605 16.856 16.7357 23.1592 17.4898 16.7199 18.8479 17.8033 16.7076 18.3747 16.6686 16.6253 16.5274 20.114 20.3673 19.9828 16.4757 19.4915 16.4271 16.6057 16.306 16.2903 16.1766 16.0206 17.1559 20.7965 19.7664 16.2208 16.0204 15.9893
threshold=0.050772771239280708 -1.4190436601638792 1.3030601739883425 0.24009341001510623 0.65280827879905712 -1.7417897582054136 -0.3604739904403686 0.096804291009902968 -0.51000118255615223 -0.63549152016639698 0.0053806141950190076 0.081529710441827788 -0.87837970256805409 1.8856703639030459 0.0022558227647095923 1.3375643491744997 0.60957577824592601 4.2913675308227548 1.5202522277832033 -0.60785761475563038 -0.0023131581256166096 0.84625750780105602 -3.8731575012207027 0.0057226882781833419 0.69687500596046459 -0.60785761475563038 -2.8633152246475215 -0.031725367531180375 -0.002967464854009449 1.0000000180025095e-35 0.81770834326744091 0.46240074932575231 -0.00088734569726511825 -0.30225843191146845 -0.059141993522644036 0.36582048237323767 0.055059408769011504 -0.67259371280670155 3.7427783012390141 -0.37940952181816096 -0.12940952181816107 0.0050542566459625968 -3.8731575012207027 0.66354167461395275 0.059374999254941947 131913.90625000003 0.88993409276008617 3.0974831581115727 0.0077823186293244371 0.0070561980828642854 0.070960309356451048 -1.0000000180025095e-35 2.2155467271804814 0.64871329069137584 0.080208331346511855 0.035989766940474517 -0.026641676202416417 0.31911547482013708 -0.017375287599861618 0.81174489855766307 -0.00064944749465212215 -0.087080068886280046 -0.64589929580688465 -0.041931552812457078 5.5538833141326913 -0.31721349060535425 0.86814546585083019 0.0064547371584922084 1.7727457880973818 0.0060977023094892511 -0.13396415114402768 4.0322601795196542 0.0015001059509813788 0.33307671546936041 0.68869787454605114 -0.0048046123702079049 0.0057996364776045093 0.32396781444549566 -2.7750730514526363 0.0063391490839421758 0.012843423523008825 0.0076589842792600402 0.24270833283662799 -0.013806791976094244 0.0024984613992273812 0.37940952181816107 0.019734174013137821 0.0055305454879999169 0.0012500235461629929 0.052651878446340568 -0.37940952181816096 -0.37940952181816096 0.86433717608451854 1.7311726212501528 -1.5720427036285398 -0.51000118255615223 0.038541667163372047 1.7382428646087649 -0.0027569839730858798 0.0047500622458755979 0.63940739631652843 0.0023462051758542661 0.06709804013371469 0.9215533733367921 -0.085599966347217546 -0.37940952181816096 0.32999999821186071 -1.9726157188415525 -0.0011852830648422239 -0.87837970256805409 0.03151297569274903 0.024925909936428074 -0.010628402698785065 0.025815798901021484 0.40028691291809088 0.78437501192092907 -0.7865660786628722 0.97604167461395275 0.071874998509883894 3.3824086189270024 -0.91597560048103321 0.46135868132114416 0.015055110678076746 1.0000000180025095e-35 0.46388436853885656 0.014193959534168245
decision_type=2 2 2 2 2 2 2 2 2 2 2 2 2 2 2 2 2 2 2 2 2 2 2 2 2 2 2 2 2 2 2 2 2 2 2 2 2 2 2 2 2 2 2 2 2 2 2 2 2 2 2 2 2 2 2 2 2 2 2 2 2 2 2 2 2 2 2 2 2 2 2 2 2 2 2 2 2 2 2 2 2 2 2 2 2 2 2 2 2 2 2 2 2 2 2 2 2 2 2 2 2 2 2 2 2 2 2 2 2 2 2 2 2 2 2 2 2 2 2 2 2 2 2 2 2 2
left_child=1 7 3 10 13 108 36 25 30 19 16 98 15 40 48 -8 -2 18 74 65 21 22 -11 24 101 26 -1 70 29 31 78 54 -12 34 -27 -24 37 -4 39 -22 53 42 -42 -43 -44 77 -25 -48 50 -50 106 69 73 94 -29 82 57 -35 -55 -39 62 -60 -37 -46 84 66 114 96 -15 93 71 -21 -40 -53 118 -20 -61 -38 -6 80 -80 -31 83 -18 -65 -86 -41 -26 -23 90 -90 107 124 -10 -5 -45 -68 -92 99 -9 -100 -16 -103 116 -28 -106 -14 -17 109 110 -3 -111 -75 -114 -7 -116 -104 -71 -13 120 121 122 -58 -122 -83 -78
right_child=2 5 6 4 8 9 12 11 51 20 32 17 14 68 23 91 55 -19 75 27 38 88 35 46 87 33 104 28 -30 81 -32 -33 -34 56 -36 60 45 59 72 86 41 43 44 95 63 -47 47 -49 49 -51 -52 52 -54 58 -56 -57 119 -59 61 76 -62 -63 -64 64 -66 -67 67 -69 -70 117 -72 -73 -74 112 -76 -77 125 -79 79 -81 -82 92 -84 -85 85 -87 -88 -89 89 -91 97 -93 -94 -95 -96 -97 -98 -99 100 -101 -102 102 103 -105 105 -107 -108 -109 -110 111 -112 -113 113 -115 115 -117 -118 -119 -120 -121 123 -123 -124 -125 -126 -127
leaf_value=0.01170256456312126 0.00090206037304097267 0.011004640886771168 0.0018255595700313531 -0.0021746262426672052 0.0071405511844478894 0.0030818494701435667 -0.0035855077752393679 0.0036244958381839235 -0.0021277789385202289 0.017245259746695912 0.003668545177168457 0.0040405186799480535 -0.0012410892588988799 -0.0027835807600151631 -0.0024691945050333373 0.0057130108034695003 -0.0012177980692409033 0.013767212355871692 0.0061229602400590267 -0.00062554028852629178 0.00045230818032711436 0.0011563720281129459 0.0096051777618154817 0.00014773787972841267 -0.0036448921689680243 0.025066098615103068 -0.0042515478928785259 0.0040226677534539795 0.00024983993349609923 0.0031774447476025976 0.0034098279600275937 -0.015145783291623756 0.00050086821887426844 0.0013450049301843314 0.00082221926450619105 0.0013991822991009499 -0.0049927407210695936 -0.0019375209364063323 0.0033706805953952292 -0.00091410721920025338 0.032016421619404996 -0.0027399771156915147 0.0032145715284313051 0.0050613238733766344 -0.0030911105505777594 -0.014753134062247715 -0.0037683563300714251 0.00091844323493384713 -0.0011232329232921745 0.006023019979406876 -0.0032308202558070319 0.0018688704330072198 0.009296569880669495 -0.018125476298529692 0.00027690968317165167 0.0014016221434892521 0.0031967108014269423 -0.02501416136144036 0.00096940874743612964 -0.0025590406638525366 0.0018704568557667012 -0.0018489848989385702 -0.00093918403723615407 0.0006634713087414455 0.007218172077212268 0.0011178622453377142 0.0093889327335506499 -0.012187930414697718 -0.010570512357250166 -0.0042921291800226144 -0.004404944347282053 0.013033177980854467 -0.0014984338345323692 -0.001261199631048617 -0.0022926492397685166 0.0015973874261335289 7.501584707723038e-05 0.0065608694994857024 -0.00019217351648327273 -0.0060376030381504376 -0.0038948824140466994 0.0017800717910655718 -0.0012944260882968236 -0.0077915377024314674 0.0005983819635372046 -0.0030300841983644834 -0.020430481813078299 -0.0011617956323084239 -0.0034495047902028154 -0.0054333133759111021 0.0020652602754209371 -0.0078221621395474783 -0.0031886842437933161 -0.0059653503648066635 0.0004925344705714815 -0.00053586396315785819 0.0035855235930070816 -0.0059821910932049086 0.0030842136061675482 0.0060155256746257518 -0.0088814640703027622 -0.0054155234119413233 -0.0050848028758017482 -0.0041390277682765621 0.0077084159763727428 0.0045373731674013939 -0.023407057219271707 -0.005252861628422585 0.0015326145390730107 0.0024579945306428203 0.0034301146984805644 0.0054669172572150912 -0.0020650714329867523 -0.0042257622935240524 -0.00060427479558645785 0.0056913175858750069 0.0043810180381357016 0.006138633850965268 0.0013851580572301053 0.0082977560342007099 0.0014614985478133722 0.0068651620190115538 -0.022921948954417487 0.0040170666180036254 -0.013832551736775009 0.007451655895780028
leaf_weight=459.70203802734613 4616.9661161452532 302.45719307661057 1477.0489753335714 1182.3668550699949 117.30865133553743 1387.7561612799764 2931.7446027249098 5314.1823296323419 6119.0322180315852 45.774473868310452 3022.5526519492269 1018.4835933148861 4205.534624427557 1976.6738305166364 1651.8853551000357 57.086248226463795 395.2394288405776 87.928513184189796 1042.1566058918834 261.60379429906607 7688.0241121128201 1125.1097422689199 133.63592261075974 1243.8427583649755 2408.9702951535583 50.172504156827927 69.124396368861198 693.82024493813515 12638.198742382228 4353.6229338943958 661.08636617660522 40.215766943991184 1520.9766405075788 33.544353000819683 39.114125214517117 3215.40255831182 372.70176249742508 4178.539391502738 1189.4014329537749 14278.271417617798 14.050020724534987 2259.001049913466 1154.1181597113609 287.49324921518564 730.72284287214279 82.788833484053612 2723.8885220438242 487.78112235665321 687.00889425724745 251.12190017849207 6121.8296163976192 502.52248001843691 79.170804016292095 30.023395150899887 6397.272965721786 728.41911859065294 30.839147165417671 19.322454877197742 1243.7182281762362 262.7685505002737 7059.5843172073364 7978.714178815484 3038.0989081263542 11714.031842961907 186.24995838105679 5331.2818788662553 211.26051354408264 33.525065094232559 146.47987766563892 4394.1158809810877 638.7856024056673 53.375410325825214 457.60464541614056 5335.025748744607 521.43333751708269 591.45776177942753 213.25892036408186 66.456578992307186 4740.3035152554512 293.31939091533422 628.00118941813707 5617.3814411684871 1652.3046763166785 487.93704721331596 1617.6715981885791 1376.2588868662715 17.705955043435097 2167.2335075512528 654.47594638168812 555.92194789648056 868.41364712268114 1823.5521145164967 303.41731014102697 507.34214322268963 5264.6392183825374 908.67009002715349 3762.4032650515437 117.2550401315093 6931.9975378066301 2340.0195536091924 48.229964695870876 6316.2973905578256 116.63052193820477 7663.7676478922367 1119.0209635198116 2138.7865143194795 12.622985400259493 1201.9829460382462 1526.6323871612549 2723.7835183292627 270.23384899646044 1309.5605600252748 5760.2344758808613 2356.0690812170506 1447.6329168230295 188.50491287559271 189.89981695264578 59.802201069891453 9277.1148997172713 357.34008374065161 1145.4830478131771 1091.0539583191276 17.326193779706955 7626.781078517437 25.410946980118752 261.67191016674042
leaf_count=3476 36810 2399 10970 9267 833 11086 23406 42424 48906 186 23896 7833 33559 15722 13196 452 3155 319 8006 1846 61293 8970 1041 9835 19214 204 474 5464 100751 34577 5191 228 12115 247 178 25502 2881 32857 9334 113968 35 17916 9179 2228 5681 564 21203 3701 5433 1912 48825 4019 633 152 50750 5818 246 46 9919 2067 56100 63303 24040 93448 1472 42547 1686 266 1144 35050 4569 296 3608 42575 3896 4688 1669 427 37527 2222 4894 44537 13206 3902 12902 10991 107 17225 5165 4396 6882 14534 2410 4056 41972 7248 30010 923 55418 18706 386 50475 928 60815 8908 16962 101 9586 12192 21559 2148 10382 45940 18744 11358 1465 1519 477 71722 2810 9104 8499 85 59514 159 2024
internal_value=7.25965e-06 0.00172187 -0.00170874 -0.000870157 -0.00117784 0.000897518 -0.00310777 0.00351438 -0.00201194 0.000718895 0.000853913 0.00289354 -0.0034563 -0.000486468 -0.00318074 -0.00511616 -0.000157848 0.00194058 0.00185588 0.00121791 0.000183552 0.000835982 0.00125649 -0.00363302 -0.00395241 0.00470228 0.00618773 0.000880869 0.000984458 0.00151698 -0.000316042 0.00055277 0.00260871 0.00416136 0.0145833 0.00120071 -0.000977357 -0.000641081 -0.000280631 -0.000452906 -0.000318642 0.000130085 0.000467711 -0.00151024 0.000439327 -0.00508535 -0.00216167 -0.00305616 -0.00217903 0.000793011 -0.00244883 -0.00244677 -0.00191686 -0.00089742 0.000644066 -0.00165727 0.0040697 -0.00855605 -0.00152484 -0.00138259 0.00111555 -0.00146873 0.00026302 0.000234081 0.000397481 0.00206349 0.00278011 0.00375878 -0.00332601 -0.00311757 -0.00238153 0.00171978 0.00201715 -0.00198121 0.00145804 0.00448705 0.00175771 -0.00323116 -0.000742956 -0.00090771 -0.000626159 0.00218435 -0.00253666 -0.00485549 0.000310556 -0.00106968 -0.000939776 -0.00246966 -0.000871915 -0.00191158 -0.0007147 -0.00656994 0.00145667 -0.00242261 2.96653e-06 0.000811667 0.0038966 0.00110183 0.00370976 0.0043563 0.00300013 -0.00437789 -0.00459832 -0.00394998 0.00542212 0.00562893 -0.00131319 -0.00475074 0.00333851 0.00393638 0.00744443 0.0034363 -0.00212525 -0.00269286 0.00148207 0.000123484 0.00077133 -0.00415051 0.0016483 0.00413563 0.00398464 0.00629601 -0.00645356 0.00368368 0.00170715 0.00414853
internal_weight=262560 131333 131227 82048.6 69624.2 89962.8 49177.9 41370.6 31553.3 83830.1 12424.4 27173 42262.7 38070.9 36248.3 6014.37 7880.87 12538.6 12450.6 43385.5 40444.7 16813.7 13492.5 24970.2 20514.7 14197.6 3786.63 31023.1 30069.3 17431.1 6440.02 7131.31 4543.53 10411 89.2866 13446.7 6915.23 6393.29 23631 21984 35947.7 20248.3 16793.1 3455.16 16779.1 521.947 4455.51 3211.67 11278.1 938.131 10340 25113.3 14033 15699.5 7091.09 3263.9 10321.7 52.8668 9252.46 4916.24 13313.1 9222.43 6253.5 15624.9 14894.2 12362.4 7031.08 4007.19 2123.15 11080.3 953.765 314.979 1647.01 13953.9 10817 1633.61 737.699 439.158 5778.93 5661.62 5368.3 10299.8 2535.48 883.176 14708 2993.93 14296 4576.2 3321.18 2196.07 1640.14 3082.62 5946.21 6626.37 6447.01 1196.16 3973.66 985.669 14634.4 7654.2 6980.23 15938.5 14286.6 7970.3 3326.93 3257.81 4218.16 1259.07 6132.67 4606.04 572.691 4033.34 13451.3 8116.3 3023.89 1636.14 306.53 4453.92 10295.6 10268.8 9911.48 1139.22 48.1653 8772.26 5642.79 474.931
internal_count=2080277 1038351 1041926 652548 553646 714200 389378 324151 251067 665520 98902 213398 335919 302579 287941 47978 62891 96464 96145 344005 321515 133205 106869 198111 163372 110753 29820 245587 238876 138125 50667 56442 36011 80933 382 106683 53459 49587 188310 175368 285713 161100 133708 27392 133673 3872 34739 24904 89830 7345 82485 200400 111911 124613 56214 26081 80551 293 73374 38617 105642 73222 49542 124494 118813 98418 55871 31962 16866 88489 6711 2142 12942 111278 83451 12694 5760 3308 45476 44643 42421 81683 20263 7057 117341 23893 114075 36439 26336 17366 12970 24572 47106 52962 51239 9476 31696 7805 116934 61130 55804 126933 113737 63262 26344 25870 33660 10038 48680 36488 4547 31941 107259 64684 23909 12823 2447 35527 79555 80258 77448 8830 331 68618 44696 3693
is_linear=0
shrinkage=0.02


Tree=13
num_leaves=127
num_cat=0
split_feature=10 10 10 8 53 9 12 12 8 1 5 45 51 4 27 9 40 22 54 11 39 0 17 0 35 44 6 27 33 5 26 51 26 40 47 13 39 6 25 50 33 25 55 38 49 3 38 53 48 53 45 53 11 41 48 50 6 10 38 55 44 22 12 17 6 1 4 27 27 37 47 38 39 17 47 25 56 27 39 33 26 7 39 27 52 4 19 33 23 39 33 43 47 7 43 57 33 43 53 53 51 26 45 47 48 3 25 45 40 54 35 57 49 4 40 38 4 55 40 38 26 9 6 27 55 48
split_gain=1854.95 466.051 369.686 134.271 105.962 94.1864 73.2499 66.7736 59.6002 51.9979 50.7294 50.4553 50.0204 48.356 44.8219 43.9056 36.9927 45.5788 31.2395 31.0966 41.7082 30.2052 30.1148 29.8113 29.8 30.1712 29.5916 27.4327 26.0364 33.9534 25.5158 24.7351 24.4253 31.9902 24.1907 24.0945 24.0122 23.2849 23.5887 22.9462 22.2029 22.1524 25.4605 21.6162 21.4538 21.344 21.1922 21.0181 21.293 20.9006 22.9382 22.7879 25.4936 20.6012 20.321 23.8925 23.842 20.3039 29.2843 24.3109 28.6579 20.8947 20.1834 20.1791 19.9549 19.8117 19.532 19.4918 19.402 19.3313 19.0839 23.0932 36.2771 30.9263 22.1274 23.3677 18.7329 18.6364 18.6039 18.5459 18.6107 18.5203 18.4994 18.4577 25.1323 19.2347 20.4437 19.1091 18.8225 18.9932 18.4565 18.3235 18.2449 18.1953 17.6357 17.5085 17.373 17.6061 17.3301 16.9783 16.9782 16.8818 16.8126 16.7667 16.7179 25.1923 16.9526 16.7099 16.6937 16.6758 16.6094 19.1587 16.5659 16.5129 17.2298 16.4093 21.0137 16.4072 16.2 17.2526 16.0462 16.2724 16.1464 16.037 15.9944 19.2971
threshold=0.050772771239280708 -1.4190436601638792 1.3030601739883425 -1.0561788082122801 0.65280827879905712 -1.7417897582054136 0.096804291009902968 0.88620573282241832 1.14722615480423 -0.002582843066193163 0.081529710441827788 0.0066013655159622439 0.72112253308296215 0.18704761564731601 -0.87837970256805409 1.8856703639030459 0.34150634706020361 -0.063789505511522279 0.081397373229265227 0.83838155865669262 0.20104166865348819 0.0038626601453870539 4.2913675308227548 0.0066451290622353562 1.0000000180025095e-35 0.022151655517518524 0.36530970036983496 -0.87837970256805409 0.00047084846301004296 0.095520339906215682 0.37940952181816107 1.893158555030823 -0.12940952181816107 -0.3415063470602035 0.055059408769011504 0.14054433256387713 0.97187501192092907 3.9496828317642216 -0.91597560048103321 0.279600739479065 -0.039041480049490922 -0.37940952181816096 0.06231041997671128 9.0780822296428658e-18 -0.67854291200637806 -0.2968460321426391 -0.146069660782814 0.71164563298225414 0.00073786368011496972 -2.8633152246475215 -0.031725367531180375 -1.9267639517784116 0.64361155033111583 -0.0014696792350150643 0.060649374499917037 1.329443693161011 2.3290525674819951 -2.4704895019531246 -0.30225843191146845 0.17333314567804339 -0.0035852829460054632 -0.081420704722404466 0.6449897587299348 1.4640688896179201 1.7727457880973818 0.0031163366511464123 0.29468387365341192 -0.60785761475563038 -0.60785761475563038 0.92005771398544323 -0.048131229355931275 0.11320657283067705 0.48020832240581518 1.9329667091369631 0.0035846851533278827 0.37940952181816107 -0.061032496392726891 -1.0000000180025095e-35 0.080208331346511855 0.00079980582813732337 0.37940952181816107 0.092398509383201613 0.23854166269302371 -0.60785761475563038 -1.1605030894279478 0.062163397669792182 2.6726906299591069 -0.0086196390911936743 -0.03859759867191314 0.50104168057441723 -0.029546057805418965 -0.0080043547786772234 0.024716455489397052 -0.063140630722045885 0.0010190437315031888 -0.087080068886280046 0.003574058180674911 0.0078191328793764132 2.7857792377471928 -3.1907540559768672 0.066655274480581297 0.91597560048103344 0.003568957326933742 -0.013288766611367462 0.0022789133945479993 -0.45555233955383295 -0.7865660786628722 -0.0034820816945284601 -0.12500000000000003 0.032935336232185371 0.075000001117587103 -0.11869772151112555 -1.165128707885742 0.06542623415589334 0.46650633215904241 0.23790342360734942 0.46240074932575231 0.02249267511069775 -1.0000000180025095e-35 0.040814358741045005 0.98296290636062633 -1.0256098508834837 -0.16617885231971738 -0.87837970256805409 0.036393625661730773 0.0088389008305966871
decision_type=2 2 2 2 2 2 2 2 2 2 2 2 2 2 2 2 2 2 2 2 2 2 2 2 2 2 2 2 2 2 2 2 2 2 2 2 2 2 2 2 2 2 2 2 2 2 2 2 2 2 2 2 2 2 2 2 2 2 2 2 2 2 2 2 2 2 2 2 2 2 2 2 2 2 2 2 2 2 2 2 2 2 2 2 2 2 2 2 2 2 2 2 2 2 2 2 2 2 2 2 2 2 2 2 2 2 2 2 2 2 2 2 2 2 2 2 2 2 2 2 2 2 2 2 2 2
left_child=1 6 3 11 15 112 27 13 9 16 35 101 21 14 43 32 17 -7 -15 20 -6 -9 90 31 25 41 -10 -1 29 30 -22 68 62 46 -25 123 39 38 -16 -31 -28 91 -43 -4 -13 124 -34 48 92 -19 51 79 66 -40 56 -56 100 58 -29 60 -59 99 -5 69 -17 -55 -53 -67 109 -48 71 -35 -73 -74 -72 -76 78 108 103 -51 -81 -80 -49 84 93 94 -87 -86 89 -88 -12 -11 -26 -18 117 -64 -78 -98 102 -61 -20 -2 -69 -52 -92 106 -106 -103 -30 -14 111 -32 -3 -104 -115 116 -60 -85 -50 -120 121 122 -44 -8 -37 -126
right_child=2 5 7 4 19 8 10 12 26 24 22 44 23 18 37 64 83 49 54 -21 28 -23 -24 34 47 -27 40 57 77 36 110 -33 33 70 -36 45 -38 -39 53 -41 -42 42 120 -45 -46 -47 63 82 118 50 76 52 -54 65 55 -57 -58 59 115 61 -62 -63 95 -65 -66 67 -68 98 -70 -71 74 72 73 -75 75 -77 96 -79 81 80 -82 -83 -84 85 87 86 88 -89 -90 -91 104 -93 -94 -95 -96 -97 97 -99 -100 -101 -102 107 113 -105 105 -107 -108 -109 -110 -111 -112 -113 -114 114 -116 -117 -118 -119 119 -121 -122 -123 -124 -125 125 -127
leaf_value=0.0068567998138588018 0.00062542885237889059 0.0038102005009813902 -0.0033075948193622695 -2.4728668694775836e-05 -0.0030561037260206508 0.0031240923101481916 0.0079498187605913945 -0.0025037157844528825 0.00021965434312968608 -0.0038976397566026643 -0.0053669472300382761 0.0041562804392460077 -0.0026697045310592384 0.013406978465285529 -0.00047032439320853609 -0.0027280365127361496 0.0078890116110235334 0.0081976604980071761 0.010831901245121251 -0.0034106707847628872 -0.00065199647033007194 0.0024557537383278157 0.013508104230313008 -0.0021043611210407242 0.00092572776169476596 -0.021975904000447601 0.020848181513539506 0.02063530996090213 -0.0016011628360062325 0.0024072156743659523 0.0029302000605559105 -0.0053958045365835126 0.0072254178526048657 -0.0066943361523285599 -0.0081148895431864612 0.0069565787079353385 0.010886162176409968 0.0032378648067184642 -0.00053439074899285801 -0.00074097106022901946 -0.002022320742540596 -0.0010871180037295898 0.0009423552074612091 -0.0064903330721722075 0.00073365883528208351 0.00218591215856946 0.00037930000789339406 -0.0032508808003910124 0.0041320901695210176 0.010539555043996156 0.011194504896980298 0.00022744070674698933 -0.0084751472384886201 -0.0018513961535339743 0.00035001763286447273 -0.011073499283649519 0.0040308367163367845 0.0051246363295567787 0.0052088511769774531 0.018208919343705953 0.0025977143203500504 -0.0024626148351960769 0.00070456256440550469 -0.0051426056553606344 -0.010363359181525452 -0.005323926788415023 0.01330992716466505 -0.0018721332366454068 -0.0032852029840718796 0.0030134048304633135 0.00019966588237247629 0.018764176169153168 0.0072702196095604001 -0.014821473146336844 0.00016849583382708871 -0.0035489029398812462 0.0021800993567737607 -0.0013860764827927591 0.0026456792682107307 -0.010947235444297375 -0.00064182409187741793 -0.00073094160751777017 0.00072146885662175797 0.02343670465952909 -0.010315770180695507 -0.0015528866304687814 -0.0017064276070728895 0.00082107460553718244 0.0033504920932548757 0.0064787194559107102 0.0014241410310334762 0.00098350632555485162 -0.015343666624752733 0.0021344416449041916 -0.0018338787040318644 -0.0018214817471424824 0.00060871935765552225 -0.0044355447638502995 -0.00035131766467615886 0.0026958707043040786 -0.0015530609756794409 0.0063062260341827797 -0.005591246305990733 0.0036966143018005481 0.00094955957598750888 -0.0008165959845835702 0.0045494223650780381 -0.0029527116356362492 -0.004684909319806879 -0.006273251315466387 0.00069477877448401875 -0.0040176440118445062 0.0012610956291591385 -0.0035774105407101052 0.0011178878258115605 0.016678563262538314 -0.0086998936233563008 0.002399453663735424 0.0007513143881094016 0.0051894030998476627 -0.002754156438628968 2.9045583558105024e-05 0.0044231968760593092 0.0044289255010265113 0.002834737031645081 0.0055307202351717053
leaf_weight=1886.7899382188916 6812.2460423707962 4836.6592344865203 1961.9341403320432 6400.2214332744479 7123.351151227951 8025.3455983698368 620.64914842694998 1763.4157893434167 5876.0557724907994 317.1880509108305 140.34769117832184 2493.5101221427321 705.48649068921804 73.046958044171333 2415.0736651644111 1976.6026248037815 385.33242856711149 172.28203110396862 45.536898836493492 5361.4608808755875 5876.7400707006454 679.6549436673522 87.842869475483894 3549.8206012770534 6346.4982148334384 23.900733798742294 16.04359857738018 48.92404767125845 1168.1144620478153 1595.9445757940412 169.35793199390173 7252.3140365034342 249.01036778837442 371.1563311368227 289.0750454813242 640.00467431545258 91.684040650725365 304.31956069916487 1781.7867751643062 2203.010104469955 4479.2320201843977 9311.373032040894 1708.8143873512745 1519.0675682798028 1038.9254160150886 4955.3092481046915 2585.8926339969039 705.81149140000343 1788.9662412703037 23.976204052567482 161.25305185467005 110.41715706884861 69.095749132335186 5697.5639913603663 167.39071153104305 128.89306539297104 643.08520571887493 4122.6365354061127 4110.8723228424788 30.773740693926811 3190.2978648468852 452.232590906322 1267.5153071135283 188.65793369710445 146.44008503854275 1636.7698646858335 77.056313827633858 2455.2380637004972 6899.3696192651987 1959.2779679968953 12194.259915038943 39.657561145722866 50.526039712131023 48.935594044625759 1278.2725011333823 1434.1348155364394 3152.8043398857117 4235.9405147358775 3071.7771017178893 203.12450288236141 107.27743353694677 822.95867561548948 1391.9815443307161 13.997141748666762 63.776981212198734 3577.7283387929201 933.10123901069164 1265.0386121943593 798.03422804921865 128.04829382896423 8679.568563900888 9230.9229070544243 26.687925793230534 513.78111046552658 462.12743933498859 8136.3728538602591 7801.0949538201094 285.92689065635204 923.39087896049023 260.93496865779161 907.29138938337564 84.26275010406971 1580.9175935089588 460.78220348060131 671.73390509933233 569.99869545549154 2388.4377241805196 910.76464314758778 1769.7023860663176 1921.8309169635177 430.97908677905798 2354.5006517544389 1295.4056711047888 3530.4086347743869 342.18145498633385 48.50555232912302 42.995525665581226 1579.3765108808875 1857.4268555194139 431.2080787345767 572.87839388847351 4703.5650900155306 774.93104077130556 3189.9409424364567 3739.4689366742969 1487.4634301960468
leaf_count=14907 54318 38362 15666 50868 56578 63455 4967 14053 46820 2445 944 19681 5638 567 19222 15722 3053 1332 324 42691 46962 5282 319 27273 50536 144 74 185 9283 12607 1355 57778 1843 2878 2116 5117 721 2403 14140 17407 35474 74475 13595 12129 8274 39631 20646 5608 14292 172 1266 814 483 45494 1259 946 4821 32605 32103 190 25479 3135 10092 1490 1144 13053 422 19541 54881 15644 97253 229 388 323 10171 11453 24905 33698 24387 1461 790 6516 11091 112 496 28195 7332 10060 6295 998 66673 73671 202 4060 3696 64495 61913 2175 7337 1789 6747 671 12637 3651 5209 4531 18788 7273 14117 15340 3446 18827 10318 28011 2720 212 148 12632 14835 3445 4548 37451 6143 25461 29865 11893
internal_value=7.11664e-06 0.00168753 -0.00167463 -0.000852768 -0.00117678 0.000879591 0.00344454 -0.00304583 0.000704527 0.000904913 0.00283593 0.00116744 -0.00383022 -0.00235299 -0.00259851 -0.000465084 0.001474 0.00188754 0.000663177 -0.0020191 -0.00174282 -0.00112316 0.00190191 -0.00415086 0.000407315 2.87883e-05 -0.000714614 0.00460914 -0.00127244 -0.00072894 -0.00141471 -0.00451478 -0.000301086 0.000156114 -0.00255922 0.00363597 0.000827429 -0.0022446 -0.00232674 0.000581608 -0.00193586 4.94078e-05 -0.000382028 -0.00469826 0.00315043 0.00315356 0.00154909 0.00121087 0.0015776 0.0012866 0.00121321 -0.00265169 0.0018255 -0.00257643 0.000163862 -0.00463675 0.00105807 0.00426398 0.0053835 0.00367253 0.0040229 0.000226288 -0.00089127 0.00124883 -0.0032598 -0.00280139 0.00565207 -0.00331809 -0.0038435 0.00151541 -0.00029411 -0.00409358 0.0028361 -0.00362838 -0.000163716 -0.00179722 0.00135839 -0.00223593 0.00244627 -0.00608524 -0.00740231 0.00193194 -0.000615481 0.000429563 0.00202736 -4.56275e-05 -0.000668843 0.00027845 0.00103175 -0.000712619 0.00181886 0.000820859 0.000855046 0.00460781 0.00160185 -0.00148086 0.000920948 0.000429723 -0.00294569 0.00439245 -0.000949383 0.000269805 -0.00324839 0.00565678 0.0019013 0.00304119 0.00376012 -0.00216208 -0.00346007 -0.00530739 -0.00293056 -0.00355005 0.00327216 -0.00386736 -0.0031621 0.00520084 0.00506259 0.00259947 0.00270619 0.00158985 0.000463904 0.000720892 0.00203013 0.00500459 0.00397017 0.00360305
internal_weight=262549 131327 131222 82047.4 70707.7 89961.1 41365.7 49174.9 83829 73457.7 27170.8 11339.7 23061 26113.9 24148.7 38326.9 34265.5 24545.2 1965.24 32380.8 27019.3 2443.07 12537.9 20617.9 39192.2 26643.6 10371.3 14195 19896 12722.2 8831.58 16779 36203.9 20399.8 3838.9 14632.8 3890.64 20667.7 20363.3 3798.95 4495.28 26619.7 17071.6 3481 3532.44 10822.2 4982.84 12548.6 10450.8 16519.8 16347.5 590.947 256.569 17948.3 1892.2 296.284 1595.91 12308.2 4251.3 8056.88 7312.93 743.941 15804.1 4733.83 2123.04 16166.5 187.473 10468.9 9526.69 4545.17 15416.9 510.276 139.119 99.4616 14906.7 2712.41 15756.6 7173.76 4516.77 334.378 310.402 3894.74 2097.79 9720.34 2227.93 7492.41 5436.91 1328.82 1859.18 1061.15 12450.1 9548.11 6373.19 899.114 2055.5 9403.89 11239.8 8087.02 8832.14 291.709 952.828 7807.27 7908.75 622.035 12309.7 3630.17 3060.17 995.027 2937.82 2627.32 2954.84 2523.86 6132.06 5453.51 3872.59 4202.37 4153.87 1593.37 4077.6 2288.63 7760.19 7187.31 2483.75 3810.59 5866.94 5226.93
internal_count=2080277 1038351 1041926 652548 562331 714200 324151 389378 665520 583152 213398 90217 182361 207017 192353 304639 270671 193742 14664 257692 215001 19335 96464 163026 312481 212472 82368 110753 158423 101325 70590 133637 287773 162318 29389 116934 30735 164558 162155 30014 35548 212328 136212 27795 27955 86506 39623 100009 83310 130287 128955 4142 1719 142933 14097 2205 11892 95846 32648 63198 58084 5114 125455 37780 16866 128793 1236 83299 75859 36290 122695 3818 940 711 118877 21624 124813 57098 35820 2423 2251 30903 16699 76929 17669 59260 42820 10556 14625 8330 96145 76116 50738 7113 16440 74587 88993 64088 70246 1979 7071 62262 62909 4917 95201 28528 23997 7944 23400 20978 23628 20182 48680 43368 30731 32463 32251 12744 32572 18280 61737 57189 19738 30428 46875 41758
is_linear=0
shrinkage=0.02


Tree=14
num_leaves=127
num_cat=0
split_feature=9 9 12 53 1 12 9 50 27 41 29 8 38 9 26 27 13 24 53 26 47 46 7 27 44 26 38 40 38 33 39 6 52 48 39 39 53 29 43 48 43 18 44 39 29 12 6 46 0 26 33 28 47 24 16 47 48 12 44 26 53 29 39 1 18 8 2 47 24 38 5 13 2 57 54 52 33 29 17 19 24 40 39 6 38 1 0 39 47 56 18 40 26 27 21 48 20 24 45 48 57 17 50 1 21 48 43 43 33 37 38 21 13 38 43 13 16 47 6 6 45 16 54 29 57 17
split_gain=1697.03 423.554 325.539 155.721 134.52 108.186 81.584 62.491 57.5171 53.2653 51.857 47.9575 43.0199 41.2847 40.9212 39.4467 38.1839 32.3455 32.3095 31.4783 43.9025 32.3627 31.3101 31.255 30.6216 29.1813 27.2545 27.1525 26.6264 26.5378 24.4923 26.3292 23.7404 23.6802 25.9314 26.2261 23.2719 23.1505 27.5439 23.1389 22.9617 25.7888 22.9514 22.8599 28.973 22.5305 22.4754 22.2984 34.4844 23.742 23.3062 22.5717 22.5657 22.2937 21.7213 21.3767 21.295 21.2849 28.5309 20.8106 20.7291 20.5979 20.5572 20.4238 19.4947 23.1035 20.7304 19.3726 19.1491 19.1321 24.2184 18.9923 18.9627 18.9504 18.6472 22.7738 19.5814 20.7432 18.6127 23.7081 18.498 18.4753 25.0822 22.6105 18.4107 21.1037 18.6297 18.2824 18.2797 18.2689 18.2088 20.6451 19.3806 18.0347 17.948 17.4406 17.3453 17.1929 20.4867 24.009 19.7765 17.0786 16.9358 16.9141 16.8765 18.244 17.2878 16.8661 16.8322 21.0672 17.1755 16.6402 17.2586 16.4892 16.4525 16.4109 16.3745 16.3333 16.1649 21.2264 16.0538 15.9929 17.8175 15.9039 15.7517 15.6287
threshold=0.11784581840038301 -1.1778259277343748 0.84637704491615307 0.65280827879905712 -0.00059023039648309339 0.17154661566019061 1.330940902233124 0.80102011561393749 -0.87837970256805409 -0.00077870534732937802 -4.012385129928588 -1.6076093316078184 -0.005684908712282776 -2.0581501722335811 0.91597560048103344 -0.87837970256805409 0.22060972452163699 241.0273361206055 0.30806897580623632 -0.12940952181816107 -0.0070140145253390065 -0.020882242359220978 0.31939731538295751 -0.87837970256805409 -0.0012408048496581612 -0.6035533845424651 0.011036498937755825 0.46650633215904241 0.012251286301761867 -0.065024044364690767 0.21770833432674411 1.6027252078056338 1.4280319809913637 0.020736418664455417 0.071874998509883894 0.36770834028720861 1.4410497546195986 1.1676073074340823 0.00086562012438662361 -0.0067888388875871888 -0.0015064883045852182 -0.96467721462249745 -0.0048046123702079049 0.067708335816860213 3.6178946495056157 0.73543578386306774 -0.93487209081649769 0.062349524348974235 0.012563136871904136 -0.98296290636062611 -0.065024044364690767 0.81174489855766307 0.035786218941211707 -639.21148681640614 -0.53743422031402577 -0.041931552812457078 -0.047136815264821046 0.92249888181686412 0.00072806101525202404 0.91597560048103344 1.0000000180025095e-35 -0.15072524547576902 0.24270833283662799 0.018718211911618713 0.25937886536121374 0.86139738559722911 0.036202024668455131 0.055059408769011504 -5115.3195800781241 -0.30225843191146845 0.46388436853885656 0.54465907812118541 0.0039324231911450633 0.074427530169487013 0.46055033802986151 -0.21942509710788724 -0.043698735535144799 -0.19327402114868161 0.16967654228210452 2.6073051691055302 94.208652496337905 0.46650633215904241 0.54687500000000011 1.5386391878128054 -0.096150033175945268 -0.047183837741613381 0.0075531145557761201 0.54270833730697643 -0.013979796785861252 -0.23695718497037885 -0.74147081375122059 -0.12500000000000003 0.91597560048103344 -0.60785761475563038 1.5052904486656191 -0.01292632846161723 0.39143428206443792 131913.90625000003 -0.031725367531180375 -0.098794192075729356 -0.042676711454987519 0.90624690055847179 -2.6491903066635127 0.015459584072232248 0.72876909375190746 0.091928798705339446 -0.0051350852008908978 0.0010514658060856166 0.060872707515954978 1.1150613427162173 0.23790342360734942 0.79887834191322338 0.41068814694881445 0.012251286301761867 0.004176363581791521 0.7296968698501588 -0.49395263195037836 -0.0029939184896647926 0.27000170946121221 2.0174409151077275 0.028029550798237327 -1.0776728391647337 0.36520297825336462 2.6437938213348393 -0.013543220702558754 1.9329667091369631
decision_type=2 2 2 2 2 2 2 2 2 2 2 2 2 2 2 2 2 2 2 2 2 2 2 2 2 2 2 2 2 2 2 2 2 2 2 2 2 2 2 2 2 2 2 2 2 2 2 2 2 2 2 2 2 2 2 2 2 2 2 2 2 2 2 2 2 2 2 2 2 2 2 2 2 2 2 2 2 2 2 2 2 2 2 2 2 2 2 2 2 2 2 2 2 2 2 2 2 2 2 2 2 2 2 2 2 2 2 2 2 2 2 2 2 2 2 2 2 2 2 2 2 2 2 2 2 2
left_child=1 5 3 6 16 8 19 18 90 30 59 54 56 53 63 113 27 -17 -4 37 21 74 23 25 29 -9 89 97 46 -10 -5 62 -27 34 -31 95 43 45 125 73 -15 -42 55 69 64 84 -8 48 49 101 -49 57 121 -12 71 -35 -13 -51 -59 96 -23 78 -32 104 65 66 -45 -52 -53 -18 111 -6 -16 -28 75 -21 -76 -78 79 -37 -26 82 83 -19 86 -86 -2 -63 94 -22 -1 92 -92 -29 -80 108 -7 98 -3 -100 -99 -25 -98 -20 106 -106 -14 -60 -36 110 -110 -71 -113 -11 117 -91 -70 -30 -40 -120 -64 -50 -123 -119 -89 -39
right_child=2 4 7 9 11 10 28 22 24 15 13 12 14 40 72 17 36 81 103 20 26 60 -24 47 80 32 39 93 114 33 31 -33 -34 42 35 61 -38 38 118 -41 41 -43 -44 44 -46 -47 -48 50 52 51 67 68 -54 -55 -56 -57 -58 58 107 -61 -62 87 120 -65 -66 -67 -68 -69 116 70 -72 -73 -74 -75 76 -77 77 -79 88 -81 -82 -83 -84 -85 85 -87 -88 124 -90 115 91 -93 -94 -95 -96 -97 102 100 99 -101 -102 -103 -104 -105 105 -107 -108 -109 109 -111 -112 112 -114 -115 -116 -117 -118 123 119 -121 -122 122 -124 -125 -126 -127
leaf_value=0.0091015710221344446 0.0010820420990654252 -0.0010395192164124884 -0.0001105998653386945 -0.0021753134797388609 5.4991025781106534e-05 -0.014575964764252299 0.00097825994750684315 -0.0083404140003789061 -0.02129991666490965 -0.0031724977601866981 0.0061007945163561589 -0.0036931340888745 0.0024336114071663905 0.0023710048721465181 -0.0018994692794355181 -0.0012121741914705847 0.02300340659782444 -0.0039607434227637191 -0.0036133773396058041 -0.00063847700976550961 0.006452561264681517 0.0026773891458846616 0.00097460335683990777 -0.0043614993410522294 0.00013511752712126295 -0.0022516330896953153 0.0018886011872524997 0.0036472872270327857 -0.00088704900875988301 0.0059044700800306629 0.0057495635450457803 0.0027080203256370583 -0.0060671198674530089 -0.011978650271879249 0.00087851088264856328 0.0039844297557006516 -0.0022417016537311352 0.0026581912576895618 0.00087175142507935814 -0.0018318864640898031 0.0050536016300584763 0.00070503685390624555 0.0032198857548031354 0.0013817767150693856 0.0038280255872334447 -0.0022147311733307891 -0.0017013500961516007 -0.024572538313797958 0.018267886890422885 -0.003112511286057947 0.0011356552604785538 -0.0088789667300382454 -0.0056877040666737742 0.0030872921203711858 0.00067249060769971388 0.00751753741368288 0.00042589532742488714 -0.00020875214208442472 -0.0022528801956113406 -0.0084409207658078973 -0.00057927326559591098 0.0050190703538478118 -0.0011251810787754116 0.0033998833208385391 -0.00020394429334974227 -0.00070355968408433039 -0.012063753009087788 -0.011248290679852986 0.0082357119058929559 0.00053856857336854037 -0.017314071770154035 0.0052364646989794946 -0.0052202301556857622 -0.0045225327361067044 0.025951561478282065 -0.0091014746776189401 0.0073406368017940177 -0.017212317944212702 0.0028371670649579815 0.0071455622047076894 0.0030013888871121318 -0.00034220607949878739 -0.001678876063014703 -0.0014909735123126359 -0.016796554296020168 -0.00058507331153042415 0.0088611734425162996 0.00039535836058194462 0.0058816968535545808 0.001035976651921269 0.0043716139245425483 0.0069448863203973353 -0.0037796997954231961 -0.0016132964890239378 -0.0032348464582893171 0.0032371302365167766 0.0079273350357084073 0.020236411198409496 -0.0082507114984622688 0.0027856963484570209 -0.002489995178923165 -0.0097793080243237639 -0.00083133246723975248 -0.00090562258702112769 -0.00036721176482781587 -0.012992340950749512 -0.0022011638666828495 -0.0050722440765211896 0.0071582212268404763 -0.0099633306506924074 0.02573301877274857 0.0052939085545465397 0.0010600786921825525 -0.0056816273284044814 -0.005000539502707119 -0.0013673593317576217 -0.0019688979697399683 -0.0039604103409614103 -0.0056038342340913299 0.0044371618175299832 0.0050244753065831647 0.001995782271524825 -0.010485434666857137 0.0058930720583278287 0.0048811452451674158 0.013325783677501174
leaf_weight=688.66910616308451 889.82099965959787 614.33687696605921 3206.1336590200663 2530.6123365387321 389.16429194062948 33.857646703720093 1721.2137400731444 1034.7732776552439 15.896532364189623 2879.9535902440548 1347.5023370981216 518.97456265985966 346.07810626924038 14156.527655445039 1534.3896986395121 10514.388771295547 17.725230775773525 7428.1609169989824 2945.3605212047696 1387.4917297959328 214.88477550446987 6391.226968549192 566.6750171482563 545.23277772217989 1580.322902418673 1176.1622661724687 1335.6471992880106 342.20911183953285 1741.7203127145767 1647.9871048778296 196.34290736913681 1284.1789543777704 1471.6531318575144 21.955152153968811 2892.2484387755394 1995.3216029405594 870.47779200971127 1394.023682937026 816.66081941127777 4468.1685842573643 588.33535682410002 7363.7795942649245 954.56626702100039 16474.018649227917 1284.6594050824642 3507.7195118516684 4583.5280158445239 34.135216392576694 21.658846020698547 9728.2850904613733 77.057170264422894 158.28234200924635 207.49680832028389 3646.3018740862608 2245.0583714619279 1437.9434310570359 14539.282178364694 591.15209815651178 960.29841037094593 147.6917672380805 889.82020116597414 815.69858209788799 3919.3323991075158 457.43135034292936 6405.3614812791348 2541.3013951554894 44.99133488535881 144.07189662009478 62.996906436979771 830.90378078818321 22.97700360417366 1039.9440651088953 1250.5052993968129 212.90524752438068 17.230818465352058 139.09540274739265 82.30487684905529 15.497651092708109 1090.8769354596734 1822.9859347119927 2095.6916167885065 1269.9113657251 4746.1878420710564 1856.274882979691 31.222978956997395 10689.212189078331 142.09433073550463 1390.6393971666694 635.54296813905239 5556.9007063880563 1109.9282292798162 1639.0894572213292 129.46497837454081 1082.634931653738 235.96517855674028 3896.56351044029 92.865440718829632 44.361762300133705 78.420263819396496 11209.841921955347 22.70980829000473 410.57597281783819 1487.9832529202104 1346.3511945903301 10122.729971446097 44.997991502285004 4437.090026602149 7552.9351392760873 99.38768345862627 21.761510692536831 24.483799502253532 1227.7232471331954 562.74347405135632 1655.1071524322033 1180.1287736296654 1427.3950316607952 3649.347762838006 1760.404017701745 423.51714858412743 104.14347013086081 176.45823605358601 729.08110088855028 47.801925651729107 67.116839826107025 403.42156752198935 56.336105696856976
leaf_count=5428 6946 4534 25430 19984 3070 186 13724 8243 50 22980 10676 3995 2705 112315 12253 83806 63 59041 23493 10855 1719 50846 4361 4354 12605 9379 10668 2705 13903 12704 1558 10151 11715 149 22216 15729 6925 11085 6487 35707 4699 58801 7618 130875 10109 27853 36276 169 76 77342 563 1239 1508 28920 17951 11348 115752 4711 7660 1068 7039 6463 31197 3496 50610 20203 342 1075 468 6577 137 8232 9941 1698 51 1079 552 83 7799 14349 16662 10123 37692 14634 208 85129 995 11014 4993 44307 8771 13018 1022 8557 1811 30983 659 228 553 89041 118 3245 10811 10603 80867 319 35371 59950 564 132 97 9749 4492 13226 9302 11383 29025 14072 3348 824 1365 5452 298 526 3201 416
internal_value=-2.42262e-06 0.00154708 -0.00167139 -0.00102236 0.000621184 0.00289143 -0.000300469 -0.00325909 0.00381044 -0.00198428 0.00204292 -0.000267405 -0.000507034 0.0022591 -0.00116149 -0.00236897 0.00137242 -0.00206653 -0.00163001 0.000118006 0.000623465 0.00170732 -0.00367773 -0.00376997 0.00344475 -0.00549086 -0.000108291 0.00226162 -0.00182203 0.00376191 -0.00054386 0.000196596 -0.00437414 0.00378361 0.0035194 0.00326248 0.000979026 -0.000501728 0.00117134 -0.00110175 0.00188788 0.00102749 0.00563832 0.00107445 0.000898434 -0.000808251 -0.000969611 -0.00351541 -0.00345419 -0.00360839 -0.0093908 -0.003478 0.000171229 0.0039017 0.00190053 0.00721565 0.000283633 -0.00376401 -0.00445964 -0.00128043 0.00227923 0.00401494 -0.000555029 -0.000758039 0.000750462 0.00107124 0.00134437 -0.00694265 -0.00208552 0.00284183 0.00269766 0.00382721 -0.00339229 0.00100416 -0.000828511 -0.00141569 0.00690031 0.00330506 0.00468113 0.0054954 0.00176982 -0.00265346 -0.00286254 -0.00346727 -0.000388221 -0.000633944 0.00216174 0.00253769 0.00309427 0.00072189 0.00617455 0.00547101 0.00351697 -0.000347473 0.00175495 0.00235144 -0.000620052 0.00257229 0.00251462 0.00270821 0.0126032 -0.0066976 -0.000311495 -0.00276457 -0.000885539 -0.000424456 -0.00186517 -0.00475464 0.00121438 0.00782629 0.0110143 0.00287999 0.00396511 -0.0040895 -0.00295295 0.000544533 -0.00179329 -0.00227445 -0.000890187 -0.00361552 -0.000858831 0.0017001 0.00121403 -0.00359496 0.00140677 0.00308214
internal_weight=262486 136114 126372 89704.3 80603 55511.3 51247.4 36667.5 26646.4 38456.9 28864.8 36925.6 33251.5 27102.4 18193.2 30350 43677.4 25814.9 7497.85 40193.3 22138.6 8922.67 29169.7 28603 23079.3 3682.59 13215.9 13394.5 11054.1 19403.2 8106.92 5576.31 2647.82 19387.3 16972.9 15324.9 30282.9 18054.8 2794.68 6016.72 22108.6 7952.11 2414.46 29412.4 26750.3 15260.1 6304.74 24920.4 24665.1 23659.1 255.264 22703.3 1006.04 4993.8 3674.17 1459.9 15058.3 18832.7 9104.39 1762.4 7281.05 8390.45 4292.13 15408.3 25465.7 19060.3 16519 221.129 3870.63 2662.07 2644.35 1429.11 2784.89 1548.55 1641.62 1526.59 115.033 97.8025 5780.69 3818.31 3676.01 15300.5 14030.6 9284.44 11752.4 10720.4 1031.92 2609.76 1962.39 7199.18 3567.15 2878.48 1239.39 1424.84 1326.84 6934.44 1614.71 11969.7 11902.6 11288.3 67.0716 955.809 1580.85 4291.71 14950.9 10167.7 4783.17 8513.23 3037.88 145.633 123.871 2621.37 1790.47 4535.06 4749.37 6984.3 3712.34 3569.24 1344.32 527.661 4095.79 798.542 776.883 1827.52 1794.06 1450.36
internal_count=2079828 1076631 1003197 712838 639770 436861 407081 290359 208726 305757 228135 293952 264699 215411 144952 241502 345818 205296 59526 319278 175987 70505 230833 226472 180487 29337 105482 105736 87803 151220 64255 44271 21094 151170 132055 119351 240082 143291 22160 48073 175815 63500 19115 233157 212139 121131 50000 197135 195328 187994 1807 180395 7334 39596 29253 11497 119747 149663 72321 12724 57885 65359 34120 122758 202030 151420 131217 1638 30732 21018 20955 11302 22194 12366 12620 11934 686 635 44681 30078 29267 121490 111367 73675 93278 85337 7941 20678 14603 57409 28239 22811 9793 11262 9610 53992 11656 94474 94128 89594 346 7599 11470 34096 119262 81186 38076 67610 23009 793 661 20818 14241 36206 37803 55690 29493 28501 10659 4172 32562 5826 5750 14598 14215 11501
is_linear=0
shrinkage=0.02


Tree=15
num_leaves=127
num_cat=0
split_feature=10 10 10 9 8 16 17 8 32 53 10 52 52 27 26 53 29 26 48 7 5 27 33 46 42 47 3 39 53 6 5 44 40 38 16 47 40 27 47 33 9 1 6 27 48 33 35 40 54 54 6 26 1 39 38 52 55 46 56 39 39 54 21 29 8 24 38 39 28 16 40 47 32 48 14 48 20 6 35 53 40 39 8 21 56 1 4 13 55 23 39 39 38 9 8 27 29 38 26 53 48 29 38 48 29 1 0 46 23 55 28 1 6 44 4 6 38 38 29 0 4 26 29 39 34 26
split_gain=1657.17 544.175 250.219 112.93 111.949 80.0165 79.7606 72.1992 74.0475 64.1263 55.928 43.5041 42.3406 42.4851 40.6158 38.7711 38.7265 32.5003 31.9324 31.756 31.4338 31.1799 30.4592 58.5604 35.4508 29.3065 28.7657 28.3421 29.86 27.6219 26.9622 26.5822 26.1763 32.6161 26.1656 25.7328 25.7024 24.9031 24.7814 24.4173 23.9204 23.6477 23.637 23.5651 23.2892 22.9811 27.9671 26.3782 22.636 22.0831 21.9391 21.598 21.5685 23.1805 21.5163 20.5599 20.2239 20.1049 23.0898 20.0789 28.9301 22.9947 27.2207 25.3383 19.8605 19.7833 19.1461 18.664 23.3537 18.4799 18.2257 18.0427 19.4389 21.4755 28.4685 18.011 17.9992 17.9103 19.3494 17.9088 17.9075 23.1018 17.1053 23.637 42.1231 17.082 22.8994 17.2879 17.0094 16.9153 16.8848 28.0035 24.3559 23.7412 18.1802 16.8776 18.4577 16.8483 22.6037 16.846 19.4829 18.5221 16.6618 17.4474 17.0072 16.621 17.3229 16.3864 16.3076 16.2991 20.0893 16.2914 16.2867 16.2464 16.1437 16.1414 15.867 15.8165 16.3902 15.8108 15.7803 15.6547 16.0014 15.7163 15.5151 20.6608
threshold=0.42978270351886755 -1.2647678256034849 1.3030601739883425 -1.5327203869819639 -1.0242068767547605 -0.3679364919662475 0.23389458656311038 1.4563024044036867 0.0026567674940451984 0.65280827879905712 -2.3375034332275386 1.4090154170989992 0.70452556014060985 -0.87837970256805409 1.0000000180025095e-35 -2.2932953834533687 3.6178946495056157 0.12940952181816107 0.0063347646500915298 0.13052833825349811 0.16502752900123599 0.87837970256805431 0.060872707515954978 -0.064632825553417192 -0.016946869902312752 0.0012978462618775668 -0.4446804523468017 0.22604166716337207 0.40214736759662634 0.34607487916946417 0.015909153968095783 0.00084313107072375726 -0.12500000000000003 -0.015934303402900692 -0.58580338954925526 0.055059408769011504 -0.3415063470602035 -0.87837970256805409 0.0016132179880514743 -0.02245604898780584 1.7311726212501528 -0.0010565735865384338 2.7009435892105107 -0.60785761475563038 0.0086006298661232012 -0.035862140357494347 0.12500000372529033 -1.0000000180025095e-35 0.047389946877956397 0.26976184546947485 2.4727394580841069 -0.98296290636062611 0.004931370960548521 0.82604166865348827 -0.16265235841274259 -1.372781455516815 0.011065668426454069 0.023450136184692386 0.081365406513214125 0.50937500596046459 0.071874998509883894 0.16235926002264026 1.7905210852622988 -3.2343298196792598 -2.7203948497772212 -7077.5234374999991 0.15059255063533786 0.063541665673255934 0.81174489855766307 -2.4688482284545894 0.34150634706020361 0.0056836400181055078 0.0069656718987971553 -0.037565892562270158 -5.9552400112152091 0.014502515085041525 1.8371214866638186 0.55219852924346935 1.0000000180025095e-35 1.0000000180025095e-35 0.12500000000000011 0.905208319425583 -1.630409240722656 0.81059673428535473 -0.15318512916564939 -0.015023767948150633 0.46240074932575231 0.87504741549491893 0.011065668426454069 -0.094291627407073961 0.19687500596046451 0.37187500298023229 -0.02886941377073526 0.86176082491874706 0.61398035287857067 -0.87837970256805409 -2.8959244489669795 0.032021978870034225 -0.6035533845424651 1.7438265085220339 0.020736418664455417 1.1965095996856692 0.11801039054989816 -0.024295152164995667 4.9752414226531991 0.035617629066109664 0.0043682281393557796 -0.020882242359220978 -0.075141914188861833 0.21299015730619433 -0.56174489110708226 0.023699986748397354 -0.75566622614860524 0.00065250656916759919 0.07237644121050836 -0.61376443505287159 0.089360218495130553 -0.2403113171458244 2.4978399276733403 0.0066451290622353562 0.011811847798526289 -0.91597560048103321 -0.54529905319213856 0.038541667163372047 0.037500001490116126 -0.12940952181816107
decision_type=2 2 2 2 2 2 2 2 2 2 2 2 2 2 2 2 2 2 2 2 2 2 2 2 2 2 2 2 2 2 2 2 2 2 2 2 2 2 2 2 2 2 2 2 2 2 2 2 2 2 2 2 2 2 2 2 2 2 2 2 2 2 2 2 2 2 2 2 2 2 2 2 2 2 2 2 2 2 2 2 2 2 2 2 2 2 2 2 2 2 2 2 2 2 2 2 2 2 2 2 2 2 2 2 2 2 2 2 2 2 2 2 2 2 2 2 2 2 2 2 2 2 2 2 2 2
left_child=1 6 4 65 34 50 10 8 11 17 37 16 31 97 44 108 25 40 22 52 26 39 24 82 45 41 99 28 89 38 -27 48 57 69 -2 -13 75 -1 -9 -11 55 77 90 -28 -10 -8 47 -47 -7 -42 -4 -25 -15 105 -18 -6 -43 -32 -59 60 -26 70 63 112 -49 -3 -62 68 -21 -34 -61 72 -38 74 -74 79 -23 78 -5 -19 81 -45 -24 -84 -85 -57 87 -87 -67 113 94 92 -92 -93 -41 96 -58 98 -14 100 121 -102 103 -69 -104 106 -54 -56 -12 110 -53 -77 -63 -16 -99 -33 -46 -39 -119 120 -105 122 -17 -123 -65 -126
right_child=2 3 5 7 9 12 18 29 14 21 15 35 13 19 27 20 54 36 -20 67 -22 76 23 51 59 30 43 -29 -30 -31 32 115 33 -35 -36 -37 71 117 -40 42 49 56 -44 80 116 46 -48 64 -50 -51 -52 109 53 -55 107 85 95 58 -60 61 66 62 -64 124 -66 88 -68 102 -70 -71 -72 -73 73 -75 -76 111 -78 -79 -80 -81 -82 -83 83 84 -86 86 -88 -89 -90 -91 91 93 -94 -95 -96 -97 -98 114 -100 -101 101 -103 104 119 -106 -107 -108 -109 -110 -111 -112 -113 -114 -115 -116 -117 -118 118 -120 -121 -122 123 -124 -125 125 -127
leaf_value=0.0079229571655347417 0.0032507137160284524 0.0057128280764334929 -0.0015787663989970185 0.00099818950757965758 0.0044006270502794939 -0.0024317178609163095 -0.0234884799483745 0.00073529568704398568 0.00015027894274241384 7.7070466329198e-05 0.0069930732058289162 -0.0021087310067056182 -0.007090281643047122 -0.0029938832639000118 0.0047900861474691617 0.0097279037633507051 -0.0037829711157174118 0.0019572705064877767 0.0034899820895016665 -0.0066590901888245284 -0.0025528725852331682 -0.00063254728838451864 0.024153336391576109 -0.016920350727318258 0.0038288414142840549 -0.0052771255353082835 0.0035939925138195258 0.0013543582569946427 -0.0012441806308748705 -0.0028446010777731885 0.00016440168842229725 -0.0020736781235034178 -0.01585496757482097 -0.0016611707058356 0.00055247405937474845 -0.012256114849859367 0.00040129750098185545 0.015356293722674051 -0.0019903082036462861 -0.0046536352783293766 -0.0034750361669635098 -0.006255421469388428 0.0020457621476483077 0.0030635373943139533 0.002243262941781345 -0.0056086308517040717 -0.0092768072184143298 -0.012879334713584267 0.00063037211121644494 -0.019410120631879441 0.0010851439777678318 -0.0020638086680318203 -0.0051391301062518003 -0.0020196119887235485 -0.018125489296296579 -0.013926557652076784 -0.010149960360033355 0.0055470043457101293 -0.0050419438114040543 0.0030807492330775848 0.00065088665018756626 -0.0078450153055913616 -0.011241753777634388 -0.0065746491241895034 0.0088244875515979676 -0.0096057621558136141 -0.0054320061709744859 -0.0070752515631155935 0.0019398923408918149 0.00044696183008612614 0.0088822857529284021 -0.0028070701247684304 0.015368010086735516 -0.0007242376803265983 -0.0070596450298049188 0.0041440326173645898 0.0075849815322917733 -0.00019505444406845592 0.0032500008358808232 -0.0012526736380104109 0.00084292884224596053 -0.0010233511927022875 0.019930179887168567 -0.017273882905811978 0.018000184276744675 -0.0010181432724875241 0.013837715509212067 -0.0047768302226823918 0.0024656001769511565 0.0030181479836969023 0.0011975473202686796 -0.0021899702336074509 -0.0019439445672650472 -0.0042717234606252782 -0.0022104334969548097 -0.00029568450718421005 0.0017969615227736136 -0.010323047151879794 -0.0036357164279381309 -0.0090162648279772124 0.0044571862713317228 0.0096039012151339764 0.0072739256495504556 0.014495979533870568 -0.010558991181265614 -0.0094297695723646845 -0.003295785966960672 0.0026844191272817281 0.0038585763412715126 -0.0014041105695221825 0.014571933092232559 0.022956107986183319 0.0053300976335953366 0.011580779335506546 -0.005152509205864012 -0.0039848933420351378 -0.0029004338898104072 0.0043481777189613982 0.0091127532813464127 0.00015409551841451182 -0.0024332925153341084 0.0086556615338552103 0.003166178668032885 0.0030295411589570005 -0.0068888827909017189 0.005700646965559838
leaf_weight=1083.4556785523891 2171.2804038077593 790.98883870244026 4982.9785312116146 4092.8528242856264 269.87457763403654 1898.5011921077967 21.976099990308285 2867.9772066101432 14565.910248436034 1540.4877702072263 1342.9673097282648 2516.5435416102409 1153.3860261887312 7838.792564317584 798.04574008285999 322.01696171611547 225.97413965314627 2111.1688719764352 4155.9006580337882 695.61497079581022 416.52594850957394 3770.1790030524135 62.582173511385918 23.202549695968628 1196.1936210393906 464.32881757616997 5038.4596511274576 12847.692945688963 556.62287323921919 3362.9231857135892 8547.9543639943004 3932.804916292429 26.971262156963348 9168.7857727557421 4255.4859854727983 103.21555608510971 5990.2269702404737 54.033690042793751 2493.0948979109526 2935.9843732714653 1236.1833458170295 205.03935050219297 439.65115804225206 5038.8751897290349 3590.2841011509299 138.53025634586811 176.15770575404167 18.203010767698288 1962.7875748351216 34.889907903969288 1643.475430265069 46.366485007107258 6584.9606375843287 1475.6577339172363 14.210662707686422 40.863876923918724 51.84946171194315 524.08448456972837 96.788826338946819 2790.8773748129606 6957.4542143568397 40.178317986428738 78.198389209806919 200.53635991364717 141.41317078471184 45.97895959764719 212.30027099698782 271.38032817840576 153.64048682898283 4912.551677159965 234.49953357130289 1169.279284119606 23.002161756157875 1336.2932271212339 411.86572450399399 539.79136149585247 108.7099793702364 2355.0518528744578 2436.3780117183924 1035.1419332846999 3825.5255094394088 620.59094572067261 54.176792301237583 24.974057786166668 27.287719763815403 11697.377469755709 39.768801890313625 510.13526831567287 7799.4306784570217 3529.7246534824371 1377.5449007079005 6309.7592724636197 3474.8805718794465 3363.7190081477165 2090.8271106854081 10298.149586781859 2425.8023416399956 499.51180279999971 2226.7618770375848 38.151015892624855 717.07899836450815 462.74719857424498 133.07191581279039 21.116194739937782 24.501111350953579 290.03446382284164 2971.3944981843233 3222.2139616832137 1327.2502925470471 161.31917647272348 75.28051682561636 18.161620773375034 429.4547817632556 171.63849265873432 476.63266127556562 3222.0043395459652 256.04692017287016 6419.1121337786317 302.84937987476587 1216.0637559890747 5469.9213461056352 207.00588693469763 279.06172431260347 4676.9171282947063 81.374146454036236 141.02624022215605
leaf_count=8625 17133 6199 38575 32624 2138 15182 74 22836 114845 12015 10611 20069 9226 62596 6286 2555 1649 16792 32626 5492 3028 29938 193 112 9212 3715 40307 101870 4435 26590 68270 31357 197 73174 34019 769 47750 246 19892 23397 9840 1640 3481 40275 28535 889 1077 99 15573 233 12601 310 52493 11683 90 279 414 4139 773 22084 54501 272 604 1506 886 368 1421 2155 1207 39148 1871 9324 131 10638 3233 4297 868 18754 19405 8254 30576 4960 180 83 158 93105 217 4035 62073 27803 10941 50364 27744 26828 16638 82177 19373 4003 17757 303 5729 3700 1005 169 186 2138 23375 25505 10482 912 512 135 3084 1357 3773 25631 2010 50567 2396 9459 43602 1651 2228 37224 630 1080
internal_value=-2.37492e-06 0.00132063 -0.00191123 0.000507103 -0.00102507 -0.00296246 0.00304657 0.00031143 0.00048348 -0.00133355 0.00363759 -2.78116e-06 -0.00328106 -0.00365436 0.00117559 0.00316311 0.000131289 -0.000644399 0.00195917 -0.00335979 0.00288223 -0.00205114 0.00148174 0.00644971 0.00129758 -2.35219e-05 0.00298905 0.00185387 0.00312243 -0.0014239 -0.000510075 -0.00221319 -0.000414717 -0.00095539 0.00146459 -0.00251343 8.87898e-05 0.00510466 -0.000532158 -0.00234848 -0.00131431 0.000504737 -0.00253542 0.00248836 0.000515919 -0.00393803 -0.00298258 0.000751564 -0.000875163 -0.00392814 -0.000917856 0.00121552 -0.00380154 -0.00436032 0.00217016 -0.00104937 -3.93405e-05 0.000417136 0.00388922 0.00150815 0.000950691 0.00267441 -2.94571e-06 0.00099205 0.00627833 0.00269826 0.000469897 -0.00229934 -0.0051018 0.000354555 0.00353355 -0.000492084 -0.000142878 -0.00198308 -0.00583851 0.00148925 -0.000400089 0.00129972 0.00183897 0.000900813 0.00190062 0.00261511 0.0158623 0.0107987 0.00111734 -0.0011695 -0.00112572 -0.00117567 0.00239351 0.00366301 -0.00263858 -0.00229234 -0.00105184 -0.00291432 -0.00363826 6.08252e-05 0.00154255 -0.00548856 -0.00481654 0.00407322 0.00414964 0.00648308 -0.00196501 -0.00211053 0.00444567 -0.00471078 -0.00456648 0.00258717 0.00543745 0.00276049 0.00825784 0.00479814 0.00418653 0.00600379 -0.00780725 -0.00293493 0.00189993 0.00465277 0.00456431 -0.00190847 -0.00236538 0.00364644 0.00669348 0.00326993 -0.00255428 0.00107957
internal_weight=262475 155027 107448 105365 58302.5 49145 49662.1 96728.7 88004.7 51875.8 32172.6 51688.7 42518.5 31502.4 36316 24313.2 49069 26464 17489.5 27146.2 21643 25411.7 13333.6 475.189 12858.4 45606.6 21226.4 17903.7 5056.03 8724 23741.5 11016.1 23277.1 14108.3 6426.77 2619.76 12634.9 7859.45 5361.07 21532.9 13829.1 21865.1 19992.4 14523.5 18412.2 496.28 474.304 298.146 3861.29 1271.07 6626.45 306.169 19160.8 11322 3462.4 12558 12980.8 9168.83 620.873 12362.1 8365.95 3996.15 970.768 892.57 159.616 8636.4 7169.75 7985.31 849.255 4939.52 3025.38 8930.67 7761.39 1771.16 434.868 3704.26 3878.89 8884.28 6529.23 3146.31 9484.99 5659.47 169.021 106.439 52.2618 12288.1 12247.3 12207.5 7845.41 4499.41 19552.7 14525.9 4852.43 9673.48 5026.81 12775.8 2477.65 4356.29 3380.15 6702.98 6664.83 1179.83 7136.05 6978.48 157.573 9846.39 9556.36 3236.42 2670.22 282.966 121.647 557.953 469.633 969.684 976.144 7154.81 3846.33 6776 6721.96 6707.1 5491.04 5485 601.079 4883.92 422.937 222.4
internal_count=2079828 1226823 853005 836984 463767 389238 389839 768344 699026 412615 255463 411885 338062 250319 287141 193629 391047 210401 134376 215560 172536 202214 101750 2460 99290 363803 169508 141751 39881 69318 189416 87743 185701 112519 51152 20838 100554 61834 42728 171408 109847 174387 159393 116118 145390 3025 2951 1874 30755 10073 51176 1846 152285 89689 27244 99774 103604 73182 4912 96265 65134 31131 7176 6572 985 68640 55922 63275 6699 39345 23955 71076 61752 14002 3364 29478 30806 70783 52029 25046 75811 45235 614 421 241 97636 97357 97140 62441 35446 155912 115877 38685 77192 40035 101964 19787 34759 26983 53390 53087 9429 56576 55385 1191 78006 75868 25595 21093 1734 822 4432 3356 7643 7776 56988 30545 53209 52963 53230 43771 43658 4783 38875 3216 1710
is_linear=0
shrinkage=0.02


Tree=16
num_leaves=127
num_cat=0
split_feature=10 10 10 8 8 12 53 27 8 12 53 29 17 44 53 15 10 6 27 29 44 6 12 27 6 39 7 39 5 39 27 26 2 25 39 27 14 6 26 19 29 1 1 54 19 6 48 47 39 38 39 12 17 18 39 5 34 52 37 48 1 14 40 39 10 2 7 26 12 52 19 15 38 22 17 38 48 38 1 25 2 55 26 19 57 23 12 25 12 4 53 26 39 44 2 17 6 38 31 48 14 18 53 11 39 21 1 11 10 38 1 54 48 46 39 39 48 39 27 34 7 22 46 7 7 38
split_gain=1565.88 519.724 197.012 114.77 98.2194 81.2793 77.8712 66.9451 55.3075 55.0888 54.2094 42.7209 36.5096 32.4913 32.4338 32.2443 32.1388 31.8146 31.7794 31.4904 31.4459 31.1151 30.8174 30.6983 28.1538 27.8002 26.4524 26.3815 33.5165 36.9382 25.713 23.5607 33.5246 30.0643 23.4711 23.2988 23.0705 22.7719 22.7117 34.6813 21.9857 21.9627 21.7048 21.4888 21.2454 20.5299 20.414 20.1942 24.9682 19.4513 19.3216 21.41 19.2831 19.0458 18.6979 18.5775 27.5497 18.5433 18.481 18.143 18.1168 22.3502 19.2681 18.0108 19.9975 18.9756 17.9282 17.8684 17.8469 17.6358 17.5232 17.5153 19.302 23.1657 17.4707 22.7999 18.737 17.3438 23.1137 17.1895 20.1771 21.9579 17.0203 18.643 16.8193 17.3502 16.7771 26.6515 16.697 16.5197 20.3146 16.3858 16.3959 16.3614 18.5481 16.3391 17.3151 18.5913 16.3187 24.2807 16.2149 16.2132 16.1799 16.1202 17.9976 16.0738 19.7316 16.0584 16.0494 15.9814 15.9661 15.9529 15.8877 21.3109 20.7853 15.806 15.6288 15.622 15.5988 15.5699 15.5515 15.5286 15.5271 15.4518 15.4216 15.4089
threshold=0.52191051840782177 -1.2647678256034849 1.320434093475342 -1.5658377408981321 -0.97648587822914112 0.10223540663719179 0.66804489493370067 -0.87837970256805409 1.5846502184867861 0.82597932219505321 0.65280827879905712 -1.3421714305877683 4.2913675308227548 0.0011568795307539406 0.92373922467231762 0.2040207386016846 -1.8036976456642149 -0.81507170200347889 -0.87837970256805409 0.57258009910583507 0.002171467756852508 2.4727394580841069 0.34782676398754125 0.87837970256805431 0.16183494776487353 0.63437500596046459 0.31939731538295751 0.49687500298023229 0.36545668542385107 0.67187500000000011 -0.60785761475563038 -0.12940952181816107 0.006231047911569477 -0.37940952181816096 0.98020833730697643 -0.87837970256805409 -0.42243599891662592 2.7009435892105107 0.60355338454246532 4.7532954216003427 0.020581483840942386 0.018718211911618713 0.031183216720819477 0.053773887455463416 2.5697391033172612 1.9090703725814822 0.027585760690271858 -0.0054685561917722217 0.063541665673255934 -0.016605624929070469 0.051041666418313987 0.43877923488616949 0.93367099761962902 -0.70556557178497303 0.87604168057441723 0.20088425278663638 0.12083333358168603 -2.7112523317337032 1.172252953052521 0.0026087675942108039 -0.018333399668335911 -1.3709753751754759 -0.12500000000000003 0.94895833730697643 3.0528441667556767 0.0070014498196542272 -0.12855629622936246 -0.37940952181816096 0.41336362063884741 -0.084767464548349367 3.8785408735275273 8.5442423820495623 0.082629296928644194 0.068662568926811232 2.6847839355468754 0.15059255063533786 -0.077433168888092027 1.4608529914291768e-17 -0.03674169443547725 1.0000000180025095e-35 0.025641569867730144 0.1846134811639786 0.91597560048103344 1.3587858676910403 -0.043656382709741585 0.0091387573629617708 0.25780400633811956 1.0000000180025095e-35 0.96114444732666027 0.099115356802940383 1.0098330378532412 0.98296290636062633 0.067708335816860213 -0.0035007698461413379 0.0082023795694112795 2.4717628955841069 -1.6289547085762022 -0.020689060911536213 0.14999999850988391 -0.029468816705048081 -0.22687315940856931 0.050104942172765739 -0.29993991553783411 0.80562770366668712 0.59687501192092907 1.4335276484489443 -0.0028853579424321647 0.63940739631652843 -0.53503590822219838 0.023499228991568092 -0.015023767948150633 0.07288702949881555 0.0043842436280101546 -0.0027498729759827252 0.36354167759418493 0.81354168057441723 0.033293843269348151 0.026041666977107528 0.6078576147556306 1.0000000180025095e-35 0.039909048005938537 -0.06009556166827678 0.062349524348974235 0.29328176379203802 0.22270569950342181 -0.0071980194188654414
decision_type=2 2 2 2 2 2 2 2 2 2 2 2 2 2 2 2 2 2 2 2 2 2 2 2 2 2 2 2 2 2 2 2 2 2 2 2 2 2 2 2 2 2 2 2 2 2 2 2 2 2 2 2 2 2 2 2 2 2 2 2 2 2 2 2 2 2 2 2 2 2 2 2 2 2 2 2 2 2 2 2 2 2 2 2 2 2 2 2 2 2 2 2 2 2 2 2 2 2 2 2 2 2 2 2 2 2 2 2 2 2 2 2 2 2 2 2 2 2 2 2 2 2 2 2 2 2
left_child=1 5 4 15 36 18 8 14 22 26 17 12 27 89 38 108 35 54 67 25 41 63 30 34 -10 53 49 43 -29 -30 77 -24 33 45 37 120 69 42 -4 98 70 103 125 -7 55 58 82 48 119 -9 -18 105 -46 -8 -6 93 57 -57 -33 -55 66 -62 109 64 88 -66 -32 -1 -61 -2 110 72 91 -74 75 116 -77 102 -79 80 -16 -82 83 -17 -22 -86 -14 -88 95 -11 -91 -23 -93 94 -20 96 -15 -98 -40 -100 -64 -65 -5 104 -21 112 -107 -49 -3 -63 -19 -36 114 -114 -52 -34 -45 -25 -96 -35 -13 -80 -97 -68 -39 -12
right_child=2 3 7 6 10 11 19 9 24 13 23 16 86 21 79 46 50 40 44 20 84 71 31 117 -26 -27 -28 28 29 -31 60 32 115 47 111 -37 -38 124 39 -41 -42 -43 -44 74 52 -47 -48 107 -50 -51 51 -53 -54 59 -56 56 -58 -59 -60 68 61 62 100 101 65 -67 123 -69 -70 -71 -72 -73 73 -75 -76 76 -78 78 121 -81 81 -83 -84 -85 85 -87 87 -89 -90 90 -92 92 -94 -95 118 122 97 -99 99 -101 -102 -103 -104 -105 -106 106 -108 -109 -110 -111 -112 -113 113 -115 -116 -117 -118 -119 -120 -121 -122 -123 -124 -125 -126 -127
leaf_value=0.0089681101691371171 -0.00081954442036018781 0.00015154593073635542 -0.0043670294821195619 0.0045224162935770381 -0.00016695814540376459 0.0038753062558829804 0.00052230138023658796 -0.0007244758290490534 -8.8521583403553293e-06 -0.0020270408507124605 -0.0020778537163216445 0.0028322506490634915 0.025796399464363007 -0.0012972695167219532 -0.0055298683642229117 4.8263026664653018e-05 0.0047928495971922861 -0.012860433708833456 0.0036939933841901463 0.0014171663914845443 0.0018930567502355095 -0.0022201410222314542 -7.5327986875741546e-05 -0.0073793906360412409 -0.002874435534128817 0.00053259197260603923 0.0018770520543881486 0.0028833391740043317 -0.017226566228871962 0.0018907900562371383 -0.0031251843025448946 0.0018197979738908267 -0.0021143300551735235 0.00014321230333695225 -0.00069929904416071514 0.0033659881998154666 -0.00031416183835904248 -0.0014946733580063437 -0.0015152704617906671 -0.012141547965589004 -0.00048268777778166387 0.0065686528741093174 0.0010669571112094497 -6.9827141455615078e-05 0.0044932983273289527 -0.0013965583933044875 0.0045814211082105061 0.00058070982339658128 0.0010658970426019577 -0.0024058500668285758 0.00010424921835087045 -0.0031235489669359851 0.024253536254341179 -0.0011154026131385266 0.0028010772118242616 0.008503104146336822 0.019757603325622687 -0.0037407272555410854 0.0042186609435552877 -0.0015735324633207298 0.0021889936067055024 0.0026048323594998831 -0.0001058255286935908 -0.0048270881397338801 -0.0042842515724023774 0.00028048615857164934 0.0008859659048021482 0.0050656909632859478 -0.0038738013825506991 0.0029682672813869781 0.00052219907063441313 -0.016869671642924616 -0.0035132999664673793 0.007206091437220799 0.010207063090194798 -0.012561611101276069 -0.0014673622437063804 -0.013045739723300533 0.0032831509148634379 -0.0076456210873948388 0.0035719156846509489 -0.013800780234979182 4.5707359492505474e-05 0.0028496769195955874 -0.00080122060832075201 -0.0038841879130591225 0.01982209084989878 -0.0042968968698088601 -0.0048953157923564417 0.0034880776133336933 -0.003419956541292363 -0.0024456875661935831 0.011349568874458175 0.0020736676421718486 0.005348674018310645 -0.00051662841740642701 -0.0029826058697741292 -0.0044967611406116171 0.019719800524699096 0.0022768949902440203 -0.0091474501460602417 0.0013212154959366298 0.001565630112113103 -0.0017207490111387849 -0.00061474835771000282 0.0055188480199799064 0.001323129586228928 -0.0012989302272711442 -0.0059761054295413346 -0.00015348563835636687 -0.0023682472565692975 0.0096695769957109191 0.0045329881194746896 0.0018276006758312414 0.0023125002854163315 0.0024590716179419369 0.0071324014514474489 -0.00013936008026124841 0.014806118237046828 0.0092638951538395204 0.0076298598330455667 0.00042817784466714674 -0.0092038519600452767 -0.019629072014258689 0.0059846617302888004 -0.0032262209904499834
leaf_weight=719.64475171267986 586.53238032013178 705.75772945582867 2114.890281021595 2037.7542858049273 9509.9037438780069 616.48963667452335 1241.932158254087 4709.9356930702925 2931.7840799987316 3691.9584332704544 8852.7103749737144 382.05212834477425 29.095979861915112 1116.1848192811012 1778.0904580578208 1082.9635010361671 1136.7641120925546 57.640103913843632 3353.257238291204 5482.4653421193361 466.25460969656706 1711.6761452034116 20229.410286262631 122.42558503895998 2576.9531601816416 2491.4510741606355 886.72398316115141 3555.4415890201926 70.026337087154388 93.249392740428448 821.06863144040108 5957.7176543399692 1988.1634108871222 107.26903621852398 135.61156406998634 7310.5655601993203 2030.6767125502229 233.08886539191008 504.78621376305819 92.417935520410538 6108.0339310243726 239.75581808388233 636.59537107497454 5042.6969950273633 6819.2777654677629 637.22952706366777 1673.6992914900184 4578.9391898959875 5412.2830974385142 6631.2178379520774 3157.7298609688878 308.12034284323454 18.888045556843281 4187.3856875821948 931.20347068458796 56.047225870192051 23.329198651015759 371.99348772317171 1639.5497000068426 2409.2430959641933 5343.1304781064391 2416.5175621956587 5014.0560005828738 248.20556968450546 587.35830889642239 955.1546968370676 1280.6590499132872 1374.3055508434772 3077.2652160748839 3014.7870587110519 893.35911644250154 26.725642390549183 123.82168938964605 227.18292033672333 64.49851194024086 103.08595895767212 148.05188245326281 42.892843812704086 1267.0827077254653 1536.1681715026498 186.81565210968256 33.432967506349087 1286.3175063282251 7795.6180795654655 1622.7601696252823 1329.0177936479449 35.565575055778027 36.045377232134342 4527.2183425948024 512.52229000627995 253.70605587214231 63.684927694499493 73.105116568505764 2720.3184824958444 191.17435248196125 1046.8451113253832 5420.5600433349609 8135.5466367676854 35.086769841611385 282.27439649403095 79.62036020308733 549.41224966943264 1166.6217572391033 1191.35285179317 2555.1552446112037 1168.9295778051019 729.36182504147291 3013.6538295447826 224.49303130060434 1286.5868213996291 6465.87409286201 104.14968179911375 1786.2179268673062 3357.4397790580988 3707.7701352760196 355.3853467926383 122.46457475423813 3504.9512268975377 111.18200182914734 248.82861755788326 943.17364075779915 1913.0092800185084 88.372348792850971 13.853780291974543 207.48227690160275 9941.7520509436727
leaf_count=5718 4653 5644 16871 16175 75751 4913 9913 37253 23349 29490 70555 3054 54 8905 14214 8583 9022 409 26583 43659 3691 13342 160561 972 20370 19886 6900 27829 332 597 6281 47396 15747 848 1085 57996 16240 1848 4036 731 48596 1867 4844 38986 52959 4984 13221 36583 42931 52673 25147 2441 54 33369 7424 334 126 2454 12996 19222 42280 19310 40076 1970 4657 7446 9711 10870 24523 23945 7080 151 969 1738 317 582 1020 313 10118 12244 1413 252 10210 61937 12888 10552 168 142 35785 3942 1987 486 568 21716 1523 7828 43075 64865 260 2247 637 4338 9300 9504 20375 9329 5834 24071 1796 10275 51302 829 14169 26772 29523 2802 957 27856 889 1963 7528 15245 603 92 1626 79324
internal_value=9.30573e-07 0.00122684 -0.00194489 0.000468382 -0.00110757 0.0029284 0.000237433 -0.00287232 0.000576159 -0.00257588 -0.00140247 0.00237658 0.00127205 -0.00304569 -0.00474965 0.0022525 0.00283308 -0.00073137 0.00411529 -0.000694674 1.12356e-05 -0.00332725 0.000734897 -0.0020799 -0.00134981 -0.0013732 -0.00144762 0.00114829 0.00247575 -0.0063572 0.00133412 0.00042712 0.000851736 0.00109833 -0.00238534 0.00380945 0.00139 -0.00246048 -0.00322862 -0.00059311 -0.00137159 0.000604906 -0.00256246 0.000338246 0.003763 0.00204885 0.00253425 0.000512326 0.00140429 -0.0017078 0.00228359 0.00208254 0.00455156 -0.00180829 9.7897e-05 0.00297249 -0.000945027 -0.00211912 0.00233811 -0.00210761 0.000910498 0.00116878 0.000548821 -0.00354879 -0.00365643 -0.00145868 -0.000815076 0.00641098 -0.00286436 0.00235103 -0.00210333 -0.00106972 -0.0008697 0.0034226 -6.00608e-05 -0.00018437 -0.00605701 0.00240503 0.00136794 -0.00605177 -0.00482283 0.000879824 0.00219666 0.00250813 -0.00163277 -0.00219049 0.0131947 0.00777604 -0.00382301 -0.00147239 0.00119798 -0.00168671 0.00494856 0.00325009 0.00412443 -0.00351556 -0.00369445 -0.00389165 0.000717013 0.00426437 -0.000249121 -0.000594432 0.00344707 0.000449173 0.000771101 0.00219817 0.00390884 -0.000165298 -0.00133097 0.00164644 -0.00246306 0.00382213 0.00192738 0.00276798 0.00129714 -0.00141962 0.00010209 -0.000385956 0.00886699 0.00652732 0.00625068 0.00156671 -0.00120128 0.000650661 0.00203095 -0.0026855
internal_weight=262575 161087 101488 111423 53336.8 49664.3 98654.1 48151.1 72360 41587.1 47704.8 33904.8 9916.71 29359.2 6563.96 12768.8 23988.1 23966 15759.4 26294 12886.8 24901.1 66851.3 23738.8 5508.74 13407.3 12227.9 9816 3718.72 163.276 22682.9 44168.4 23939 21595.5 20111.4 8635.79 5632 19871.6 3029.46 914.565 13524.9 9468.73 19431.1 6097.29 13665.5 8234.5 11838.6 13361 5768.38 11341.2 15352.3 14215.6 6838.17 10915.8 10441.1 6827.3 451.37 428.041 7597.27 9673.89 16255.5 14139.9 8796.78 22674.9 21877.2 1542.51 2115.58 2093.95 5486.51 3601.32 7416.87 2226.2 2199.47 351.005 5480.8 5416.3 251.138 6427.36 3222.98 3534.51 1998.34 220.249 10164.9 8878.58 3418.03 2951.78 100.707 71.611 20334.7 4458.19 766.228 1848.47 136.79 6375.93 3655.61 15807.5 14672.3 13556.1 822.147 317.361 5093.68 797.618 3204.38 9228.97 8037.62 13907.4 1898.29 7592.59 930.251 3703.1 6523.51 239.761 12009.2 5143.66 6865.5 2343.55 5165.16 3627.38 302.356 356.098 1325.23 3180.09 1135.22 1294.51 440.571 18794.5
internal_count=2080770 1275192 805578 885254 424339 389938 783863 381239 574414 328971 379501 266712 75897 232145 52268 101391 190815 190562 123226 209449 102536 196726 530695 188939 43719 106913 96826 75533 28758 929 179813 350882 190321 171772 160111 68578 44838 158197 24145 7274 107387 75405 154723 46775 106638 65376 93951 106396 45742 89926 122237 113215 53013 87027 83175 53625 2914 2788 60392 77114 128662 112578 70298 179472 173164 12103 16084 16588 43745 28598 58791 17254 17103 2707 41862 41545 1602 51151 25676 28123 15879 1665 80730 70520 27131 23440 364 310 161061 35419 5929 14396 1054 50711 28995 125276 116845 107940 6543 2507 40713 6308 25475 73538 64034 110774 15163 60654 7440 29585 51711 1914 95611 40941 54670 18549 39943 28828 2412 2811 10582 25363 8431 9803 3474 149879
is_linear=0
shrinkage=0.02


Tree=17
num_leaves=127
num_cat=0
split_feature=10 10 50 9 8 12 53 12 53 8 29 29 27 29 29 17 1 9 11 39 9 10 27 6 14 29 0 47 39 39 4 39 39 9 14 4 1 1 26 38 27 49 18 54 48 27 13 6 34 13 54 19 6 33 39 17 24 48 39 12 39 31 47 38 24 57 27 39 57 33 39 48 9 28 3 12 26 48 39 27 21 27 7 4 52 26 54 29 16 24 53 4 22 19 16 38 17 38 48 48 48 18 38 43 44 24 20 51 33 8 48 35 48 3 39 19 3 12 26 29 26 19 29 31 38 47
split_gain=1503.98 499.269 191.313 114.83 102.557 78.1104 71.8427 69.2199 65.3683 54.7797 47.9168 41.0346 40.2512 38.0518 36.2072 35.1652 33.1102 36.4764 31.9566 31.211 30.9519 30.8783 30.5529 30.0121 28.88 28.1122 27.2283 32.3243 27.2035 25.3374 29.0844 32.2805 25.1941 25.0446 24.3559 23.7434 28.5135 23.3272 22.736 22.6038 22.3951 21.5203 21.4463 21.1929 21.0955 20.96 25.3507 20.8675 20.8451 20.7161 20.6417 20.4128 19.6933 19.5543 19.2539 18.6241 18.6079 18.6204 18.5631 20.565 18.5495 18.1213 18.0413 26.0835 20.7214 20.01 19.0858 17.8407 19.709 17.7785 19.4066 17.9401 17.7074 17.5955 22.0618 18.1748 17.2599 17.2497 28.2207 20.3706 17.2684 17.2268 17.2245 30.1752 18.1846 17.1849 17.0703 17.0276 19.7714 18.9774 17.0082 16.9903 26.6171 17.9543 18.5195 17.5296 16.794 21.9066 18.0046 16.6502 16.5989 16.4651 16.3645 17.2463 16.2813 18.2772 18.2054 16.2644 19.2259 17.144 16.1575 21.8809 15.9237 17.6437 18.5367 15.9173 15.875 15.8741 15.8543 18.9388 17.2094 15.809 15.803 16.4959 20.9156 15.7982
threshold=0.52191051840782177 -1.2647678256034849 1.0902124643325808 -1.5327203869819639 -0.67654606699943531 0.10223540663719179 0.66804489493370067 0.82260137796401989 0.65280827879905712 1.4038698077201845 2.7999281883239751 -1.3421714305877683 -0.87837970256805409 0.55397152900695812 5.956977605819703 4.2913675308227548 -0.0010565735865384338 1.2321473360061648 0.90535077452659618 0.067708335816860213 0.39830313622951513 -1.8036976456642149 -0.87837970256805409 0.32649773359298712 -0.41769146919250483 0.30751228332519537 0.0070561980828642854 0.055059408769011504 0.63437500596046459 0.49687500298023229 0.46240074932575231 0.67187500000000011 0.21770833432674411 0.81634643673896801 -0.77742934226989735 0.20893123000860217 0.0024803491542115812 0.011682608164846899 1.0000000180025095e-35 -0.005684908712282776 -0.87837970256805409 -1.165128707885742 -0.65706297755241383 0.091581612825393691 -0.05380661599338054 -0.87837970256805409 0.85414189100265514 -0.77493390440940846 0.079166669398546233 0.47736440598964697 0.053773887455463416 2.5697391033172612 2.1682417392730717 -0.043698735535144799 0.23437500000000003 0.93367099761962902 6357.3618164062509 -0.026378645561635491 0.051041666418313987 0.43877923488616949 0.98229166865348827 0.14999999850988391 -0.056400079280138009 0.076923545449972167 -21229.750976562496 -0.026192538440227505 -0.60785761475563038 0.10520833358168603 -0.02796037774533033 -0.013368729967623947 0.80520832538604747 0.058064881712198264 1.8856703639030459 0.81174489855766307 0.43873190879821783 0.88267105817794811 0.91597560048103344 -0.019394407048821446 0.50104168057441723 1.0000000180025095e-35 0.98008921742439281 -1.0000000180025095e-35 0.3096435815095902 0.10906159877777101 1.4880391955375674 -0.37940952181816096 0.11175747960805894 -3.4980684518814082 -0.74221491813659657 8453.1347656250018 0.16645175218582156 0.18704761564731601 -0.044035667553544038 1.88256311416626 -3.8731575012207027 0.045601112768054015 2.6847839355468754 0.15059255063533786 -0.077433168888092027 -0.0051411152817308894 0.030200255103409294 0.38090448081493383 -0.030877905897796151 0.0024212803691625599 -0.0034175055334344502 -2305.721801757812 0.58408525586128246 0.76627618074417125 -0.002733219182118773 0.53720605373382579 0.02116526942700148 1.0000000180025095e-35 0.0026087675942108039 -0.76705515384674061 0.25937499105930334 6.8094704151153573 0.66078305244445812 0.28696422278881079 0.91597560048103344 4.3634057044982919 -0.6035533845424651 1.1272950768470766 -0.1200735569000244 0.10999999567866327 0.0649581514298916 -0.0092832194641232473
decision_type=2 2 2 2 2 2 2 2 2 2 2 2 2 2 2 2 2 2 2 2 2 2 2 2 2 2 2 2 2 2 2 2 2 2 2 2 2 2 2 2 2 2 2 2 2 2 2 2 2 2 2 2 2 2 2 2 2 2 2 2 2 2 2 2 2 2 2 2 2 2 2 2 2 2 2 2 2 2 2 2 2 2 2 2 2 2 2 2 2 2 2 2 2 2 2 2 2 2 2 2 2 2 2 2 2 2 2 2 2 2 2 2 2 2 2 2 2 2 2 2 2 2 2 2 2 2
left_child=1 5 4 41 24 22 9 18 14 16 32 15 49 28 35 29 17 19 45 125 34 40 85 102 25 121 73 56 42 50 -31 -32 -10 37 69 36 47 52 48 44 -13 100 -8 -22 67 -4 -47 -6 77 -9 -7 91 -34 -38 -35 -53 -28 61 -23 -60 -27 -58 63 65 -65 -50 -64 -18 -69 70 -15 -71 -20 74 -14 -76 -75 78 -21 -80 87 -56 84 -84 -51 -1 117 89 -89 -79 -63 104 93 95 -95 -93 97 -52 -99 -25 -3 -17 -11 -104 105 -24 -106 108 -55 -109 -46 -112 -44 114 -114 -41 -19 -82 119 120 -73 -2 123 124 -30 -5
right_child=2 3 7 6 8 11 13 12 10 23 -12 21 26 20 -16 101 39 116 72 38 43 58 51 99 -26 60 27 -29 122 30 31 -33 33 54 -36 -37 53 -39 -40 115 -42 -43 112 -45 110 46 -48 -49 62 82 96 55 -54 107 81 -57 57 -59 59 -61 -62 90 66 64 -66 -67 -68 68 -70 71 -72 118 -74 76 75 -77 -78 80 79 -81 86 -83 83 -85 -86 -87 -88 88 -90 -91 -92 92 -94 94 -96 -97 -98 98 -100 -101 -102 -103 103 -105 106 -107 -108 109 -110 -111 111 -113 113 -115 -116 -117 -118 -119 -120 -121 -122 -123 -124 -125 -126 -127
leaf_value=0.0087939192514494297 -0.0076432882068336438 0.0029414204418063772 -0.0032845397040869007 0.0048548351452672904 0.00082190678268583451 0.003798367351035563 0.00054631301904787795 0.0021733502794084795 -0.00386425655888425 0.001852712910236897 -0.00043140585786827337 0.0061276438757411232 -0.0029224028980015478 0.0041229555995674237 0.0044247843897132566 0.018660502507345484 0.0054320883057197176 -0.0011381560607355444 -0.0022739634993617515 -0.0015937470182498209 -0.00059192336066871327 0.0046978342674572626 0.0080064644860360756 -0.001071047212492698 -0.00060958595003729693 0.0027965393048671756 -0.0035011190378367264 -0.0077167918181732329 -0.0039187533746965122 0.0027520606279773097 -0.018107977614080541 0.0024344539034025837 -0.0022610537448215073 0.0028568346689665015 -0.00024852196225886479 0.002939613701945443 -0.0063876714616467045 0.0012626320653668622 0.0016027366121441555 -0.00017098972023433509 0.0032990562373177703 0.0010970861155721503 -0.0011719691890045504 -0.0044119937916357625 0.00081249819075928417 -0.00089225518451258522 -0.0034720829407167372 -0.0010070525186251103 0.022555105833324478 -0.0042280223890829435 0.00010007199581555503 0.0044043242637059549 0.002522009701092085 -0.00021380358041890002 -0.0045020614519293133 0.023845049971082766 -0.0094480105626499594 0.00024749198251187217 0.0021543778231521023 -0.0030610680831739847 0.017427925869536003 0.013147599507878065 0.0026674604544476015 -0.019542730838505371 0.0047949129001949612 -0.0023195814599926614 -0.0047482567491195001 -3.2197895630551728e-05 -0.0090700541210313665 0.0018992941788922757 0.018257022040471988 0.0015775026695101408 -0.0050615239545490675 -0.0026995020358272061 -0.0030236105951601199 -0.0049300184225881706 0.0014356738910668715 -0.0012653992341942067 -0.00030287613168164068 0.0041058115898072872 0.0027702312344587581 -0.0023447297953963224 -0.0095035782779487443 0.012001973614636244 -0.0071734203849710835 0.0049659171234402453 -0.0023238724741387923 0.0043321546992011028 0.0014423252839516221 -0.019448273959520094 -0.0046241435163921008 0.0025133016189664661 -0.0068599546414607202 0.013081810934035829 0.0014124728678972199 -0.015696739590879936 0.010008891687011022 -0.012313883696237577 -0.0014382004018795094 -0.0038569534971431415 0.0063002365213488233 0.0015080056814942156 0.00010938816540301772 -0.0033806671579620002 0.0060970186385674611 0.0035506308430652864 0.0013325713673659101 -0.0011540881934653234 -0.0030865961213471351 -0.0035695927683374942 0.0014740386550200612 0.0074261241416346451 -0.001958106045713213 -0.0029659986155852434 0.013028895726423233 -0.0044907741974228414 -0.0074790090830968116 5.6414857466439695e-05 0.008337653423148763 0.0012733565670496455 -0.0072342203682128825 0.00041986088209721627 -0.00091829601936853356 0.0035155837186871147 0.014878533178170159 0.0020197382379860329
leaf_weight=719.2453973069787 100.84546532481909 5525.0044643580914 2297.9511013031006 1283.9290316328406 4576.2505458965898 616.41855087131262 1410.7418128475547 138.69458647072315 5300.1217121556401 1444.8958293348551 4667.3417021408677 1324.8394432589412 7886.0001748949289 364.36456549167633 537.58581447601318 66.647086553275585 77.692803137004375 1358.7252927422523 1941.9789753183722 2702.4314039424062 1932.0274344161153 1136.5825063586235 415.83876645565033 1832.6729324012995 3208.5737845599651 3254.2357588112354 969.69362618774176 322.18016832321882 244.50101850926876 3597.0993049070239 56.335549183189869 65.015955381095409 4546.3986843526363 208.35980108380318 5858.4752471372485 648.84845082461834 337.31890375167131 1150.8932477831841 17439.54334808141 14914.631039090455 7309.7348578870296 2488.6276399716735 4300.5874847173691 830.39744640886784 10133.283190526068 11983.801325537264 1745.2623770833015 5484.5571703538299 38.912870839238167 1462.9997189342976 5165.1452842578292 6817.9306969866157 371.5204002559185 4636.1236191168427 2694.2081920057535 18.844942137598991 161.60064093768597 2491.8942897170782 13906.568809904158 308.14152942597866 34.102184191346169 32.16389187425375 173.05419894307852 21.29809046536684 36.69080775976181 18.779613181948662 686.66878990083933 175.58472691476345 213.94719558209181 3745.3660320490599 42.752328515052795 121.62528263777494 1725.2204181998968 3092.227759629488 2876.5792220160365 6642.989920027554 463.38723800331354 104.54026385396719 921.47379539161921 767.35906469076872 1164.6666931584477 3303.002722106874 46.487041659653187 56.949971698224545 1991.1525113135576 1373.9035149514675 852.11817322671413 1128.5500928089023 5893.2388070896268 28.532831065356731 60.443995952606201 50.532238639891148 176.53764577209949 84.320568948984146 151.51895751804113 34.989134348928928 64.480023093521595 103.07681511342525 148.05305498838425 1616.6830885708332 659.62025064229965 33.935281470417976 2379.0394296497107 742.08660654723644 372.4943735152483 3249.5807657241821 2290.6314684152603 2330.5131381228566 1165.5989490151405 2376.3338478580117 807.00577687472105 355.87931476533413 77.695419430732727 5476.2328742966056 56.000288084149361 348.21976368129253 177.9221848025918 3314.5301699340343 62.786541372537613 377.88519102334976 321.30809254944324 2160.656719557941 1400.7873920574784 906.77237123250961 25.205871351063251 2037.7921603545547
leaf_count=5718 797 43919 18327 9979 36569 4913 11257 1107 42209 11469 36663 10582 63030 2836 4054 256 574 10830 15463 21087 15442 9022 3317 14367 25653 25823 7445 2333 1946 28071 272 415 36340 1662 46804 4677 2665 9120 138277 118913 57996 19800 34269 6564 80843 95104 13848 43804 241 11671 39943 52959 2970 36945 21529 54 1187 19081 110774 2441 270 216 1363 134 241 135 5360 1360 1630 29730 323 960 13710 24602 22856 52789 3677 813 7190 5984 9312 26311 372 421 15852 10870 6765 8851 47070 208 452 342 1179 451 1092 205 317 582 1020 12878 5215 108 18990 5903 2976 25777 18286 18602 9276 18955 6421 2816 601 43694 437 2783 1377 26492 496 2946 2517 17141 11192 7233 201 16216
internal_value=9.18402e-07 0.00120238 -0.0019061 0.00045902 -0.00107702 0.00287025 0.000272453 -0.0028157 -0.00146772 0.000592607 -0.00223311 0.00232929 -0.00344243 -0.000601124 -0.000697061 0.00124675 0.000779085 0.00114337 -0.00190235 0.00126366 0.00014857 0.00277672 0.0040339 -0.000970043 0.000900494 0.00177366 -0.00315406 -0.00164913 -0.00133782 0.00112536 0.00242634 -0.00716393 -0.00271149 -0.00221336 0.000628099 -0.000825043 -0.000942064 -0.00129922 0.00108911 0.000237829 0.00373383 0.00266878 -0.00175998 -0.0017418 0.00089665 -0.0015167 -0.00122051 -0.000175035 0.000587251 -0.00539113 0.000331508 0.00368848 -0.00189908 -0.0016534 -0.00310685 0.00446154 -0.00112083 -0.000278978 0.0022381 0.00204104 0.00295383 -0.0054244 -0.00225381 0.00512779 -0.0043066 0.0145395 -0.00325302 -0.00326297 -0.00500924 0.00164792 0.00565076 0.00129451 -0.00358666 -0.00344383 -0.00370588 -0.00435443 -0.00216005 0.000751628 -0.000326311 0.00170096 0.0011308 -0.00331465 -0.00568685 0.00232884 -0.00592778 0.00628534 0.000268865 0.0017728 0.00190748 -0.00528751 0.00161204 0.00291357 -0.000640851 0.00278316 0.0056265 -0.00502068 -5.88478e-05 -0.000180713 -0.00593725 -0.00237781 0.00330078 0.0129551 9.35072e-05 -0.000720913 0.00319343 0.00405846 0.00200139 -0.00150074 -0.000791569 -0.00237431 0.00106906 0.00330124 -0.0020884 -0.00279043 0.00436211 -0.000269898 -0.00187737 0.000762737 -0.00126714 -0.00201231 -0.00481425 5.66456e-05 0.000516215 0.00222441 -0.00210986 0.00311701
internal_weight=262563 161080 101483 111421 53093.4 49658.4 102748 48389.7 44335 75192.4 22241.8 33902.1 28695.4 27555.5 22093.1 9916.21 67177 40150.8 19694.2 38614.1 13657 23985.9 15756.4 8015.38 8758.41 5549.84 24999.2 4037.98 13898.5 9815.62 3718.45 121.352 17574.5 12274.4 10894.6 21555.5 20906.7 6068.81 35292.4 27026.2 8634.57 8673.25 11321.3 2762.42 11763.4 16027 13729.1 10060.8 17852.8 3696.28 6097.17 13663.2 4917.92 10845.9 6205.57 6836.78 3715.8 2746.1 15351.3 14214.7 3288.34 254.209 975.404 115.681 57.9889 57.6925 859.723 467.225 389.532 5036.09 407.117 4628.97 3667.2 20961.2 17405.6 9519.57 3555.61 16877.4 4391.26 1688.83 12486.2 5997.21 3557.59 103.437 3454.15 2093.15 5331.32 7154.86 7021.79 133.073 92.6079 6826.44 497.899 321.361 235.84 85.5214 5480.76 5416.28 251.13 3449.36 6184.62 100.582 4566.02 3121.13 6328.55 3665.42 2663.13 10508.6 5801.72 4706.85 11296.2 1162.89 9910.52 5609.93 133.696 15262.9 1536.65 4479.2 883.605 820.819 442.933 2261.5 2577.27 1176.48 269.707 3321.72
internal_count=2080770 1275192 805578 885254 422035 389938 816320 383543 352351 596872 176804 266712 227091 219448 175547 75897 533265 317925 156452 305718 108618 190815 123226 63607 69684 44031 197668 30714 110830 75533 28758 687 140141 97932 86612 171493 166816 48430 279523 215340 68578 68934 90258 22006 93644 127279 108952 80373 141246 29423 46775 106638 39310 86443 49502 53013 28381 20936 122237 113215 26093 1855 7474 751 375 376 6723 3564 2990 39808 3159 36649 29173 166954 138675 75645 28279 133772 34261 13174 99511 47840 28316 793 27523 16588 42569 56942 55921 1021 668 53625 3269 2090 1543 547 41862 41545 1602 27245 49134 364 36362 24893 50356 29094 21262 83778 46221 37557 90080 9237 79001 44732 1038 121696 12207 35804 6919 6423 3477 17938 20572 9380 2147 26195
is_linear=0
shrinkage=0.02


Tree=18
num_leaves=127
num_cat=0
split_feature=10 10 10 8 9 51 27 53 8 17 6 1 9 1 50 27 44 13 10 45 54 29 53 14 51 6 28 48 25 26 25 29 4 2 26 25 29 53 55 17 26 21 34 48 18 46 52 51 9 29 5 6 14 44 24 4 9 10 7 0 46 52 26 48 26 2 13 53 22 7 45 53 17 10 2 7 45 13 14 0 54 47 7 29 1 25 27 47 35 41 55 47 54 1 47 6 54 9 6 27 35 28 3 18 13 3 48 22 19 55 26 17 20 47 29 18 31 53 54 8 54 5 50 13 19 14
split_gain=1478.68 396.121 299.976 89.0699 84.8358 68.243 68.2328 66.6744 65.4657 65.421 57.3522 54.3066 48.6596 48.3347 49.0157 44.3253 45.2832 37.9855 39.495 35.9368 35.4482 28.5962 32.0686 28.4537 27.5309 27.46 27.3405 27.3085 26.2309 24.8534 27.2179 24.5479 29.5415 26.6881 27.5868 24.3994 33.0433 30.9389 25.28 23.3891 51.5146 30.3428 33.4218 28.3376 23.5537 23.2441 23.2217 23.7675 22.1898 22.1124 21.957 21.8508 21.4795 21.0185 20.0285 21.0218 20.5035 20.0154 19.8146 19.7531 26.582 24.573 19.677 19.6756 19.4095 19.1928 20.0171 18.9304 18.9127 18.8807 18.2772 17.8726 17.8335 17.7404 17.8098 19.8686 19.8952 17.6259 17.5746 18.2206 17.5269 19.1412 17.5183 17.4267 17.4195 19.5989 17.3414 17.2949 17.2108 17.622 17.1989 17.0849 17.2582 17.6433 20.1764 17.0472 16.8254 16.7589 16.5048 16.474 19.385 16.4542 16.4466 16.4006 20.4806 16.2773 16.1486 18.8266 17.0102 16.056 27.4339 17.4783 15.9782 15.9413 15.9044 15.8564 16.4769 19.4625 21.1452 15.7222 15.6018 18.731 15.5744 15.5587 15.5209 17.8658
threshold=0.06682803109288217 -1.4190436601638792 1.1227725744247439 -1.3375423550605772 -1.7417897582054136 0.19967287033796313 -0.87837970256805409 0.65280827879905712 1.1934105753898623 0.30480027198791509 2.4727394580841069 -0.0027301295194774862 1.5562586784362795 0.012467660475522281 0.66331785917282116 -0.87837970256805409 -0.0034175055334344502 0.82747235894203197 1.8628910183906557 0.0081944023258984106 0.12809999287128451 3.8871109485626225 0.77053555846214306 -0.30035078525543207 -1.7251890301704405 0.1449944004416466 0.81174489855766307 0.020736418664455417 0.12940952181816109 0.12940952181816107 -0.6035533845424651 5.5538833141326913 0.46240074932575231 0.0060977023094892511 -0.37940952181816096 -0.37940952181816096 0.73168873786926281 0.24426782131195071 0.44823849201202398 2.2962808609008794 -0.98296290636062611 0.91348725557327282 0.062500001862645163 0.0067620743066072473 0.17992916703224185 -0.0029282720061019059 1.6623536944389345 1.1095187067985537 0.84625750780105602 -4.012385129928588 0.075691483914852156 2.1293095350265507 -0.1109868288040161 0.022151655517518524 131913.90625000003 0.18704761564731601 1.1211739182472231 -2.1304767131805415 0.24024166166782382 0.0070561980828642854 0.062349524348974235 1.5703947544097903 -0.98296290636062611 -0.031195167452096936 -0.7865660786628722 -0.007642490789294242 0.033014867454767234 -0.34881472587585444 -0.08590728789567946 0.082556273788213744 0.028029550798237327 0.2605371773242951 0.77490806579589855 1.7540524005889895 0.024541852995753292 0.20748054236173633 0.010420612059533598 0.64848533272743236 -1.2587368488311765 0.002243028138764203 0.31909994781017309 -0.015934305265545842 0.039909048005938537 0.79739093780517589 0.00090194790391251456 -0.37940952181816096 -1.0000000180025095e-35 0.0013974927132949235 1.0000000180025095e-35 -0.0012275126646272836 0.35471154749393469 -0.041931552812457078 0.083543639630079283 -9.7458349046064527e-05 0.025427450425922874 2.4239131212234502 0.36520297825336462 1.7311726212501528 1.9444460868835451 0.87837970256805431 0.22500000149011615 0.81174489855766307 -0.40377080440521235 -0.68850809335708607 0.45309832692146307 0.43873190879821783 0.0074205040000379094 -0.044035667553544038 1.5591762065887453 0.44823849201202398 0.78656607866287243 1.7106592655181887 0.88433289527893078 0.0035846851533278827 -0.34166574478149409 -0.10079304873943327 0.14999999850988391 -2.7432835102081294 0.19541326910257342 2.1406250000000004 0.46055033802986151 0.46388436853885656 0.58520561456680309 0.75226154923439037 2.0737320184707646 -0.53252577781677235
decision_type=2 2 2 2 2 2 2 2 2 2 2 2 2 2 2 2 2 2 2 2 2 2 2 2 2 2 2 2 2 2 2 2 2 2 2 2 2 2 2 2 2 2 2 2 2 2 2 2 2 2 2 2 2 2 2 2 2 2 2 2 2 2 2 2 2 2 2 2 2 2 2 2 2 2 2 2 2 2 2 2 2 2 2 2 2 2 2 2 2 2 2 2 2 2 2 2 2 2 2 2 2 2 2 2 2 2 2 2 2 2 2 2 2 2 2 2 2 2 2 2 2 2 2 2 2 2
left_child=1 9 3 19 -3 45 28 12 11 15 17 20 31 51 83 57 27 18 21 -2 24 -8 -23 54 -6 114 59 115 73 49 95 33 -33 34 -5 38 37 88 77 43 -41 42 -42 65 90 -4 47 -20 78 -26 67 97 -39 -38 55 101 -56 82 -53 84 -61 -62 -59 -49 -25 66 -11 -18 -51 -28 -45 -30 103 96 -75 76 -76 -13 79 -22 -35 -82 -1 -15 87 -86 -48 -19 -37 -90 -43 120 93 94 -93 112 123 -9 119 -69 -101 122 -29 104 -70 -71 -73 108 -108 111 -111 -81 -31 -95 -10 -17 117 -117 -119 -14 -36 -122 -12 -7 125 -94
right_child=2 4 5 7 8 6 10 13 25 39 23 35 98 14 -16 16 50 26 46 -21 48 22 -24 64 29 -27 69 102 71 30 -32 32 -34 80 91 36 53 52 -40 40 41 44 -44 70 -46 -47 86 63 -50 68 -52 58 -54 -55 56 -57 -58 62 -60 60 61 -63 -64 -65 -66 -67 -68 99 72 105 -72 106 -74 74 75 -77 -78 -79 -80 109 81 -83 -84 -85 85 -87 -88 -89 89 -91 -92 92 124 113 -96 -97 -98 -99 -100 100 -102 -103 -104 -105 -106 -107 107 -109 -110 110 -112 -113 -114 -115 -116 116 -118 118 -120 -121 121 -123 -124 -125 -126 -127
leaf_value=0.0042370642488831966 0.00072249174248734539 0.0030211819813209802 0.0019877524496822764 -0.0007203559983573343 0.0047148373267520607 -0.00048332988760830387 -0.001741410891026164 -0.0019406962425839234 0.0015309633713402179 0.016241320261554053 0.0046163165988432724 0.0013564671537626234 -0.0013981235143695606 -0.00095769380778176912 -0.0026394071117910767 0.0042272189278180806 0.0035264612450525644 0.0031386360334581648 -0.001145786652387684 0.0040820596096548221 0.00027888666738498977 0.0068803771518248548 -0.00085423496419520864 -0.0043687810393266318 -0.0027396024057071756 -0.0020439793677163006 -0.00273579017051081 0.007107431427206835 -0.0034538416855046166 0.0027789488474912749 0.0017385767335693512 0.0049965435388953676 -0.017267013385449767 -0.0017437960865305277 -0.0029538429874937351 -0.00046584425444347435 0.0013738949026891451 -0.0013007584804715546 -0.014261732603342686 -0.021015222938363953 0.00090374728155215647 0.0022013465282187867 0.025630101588446589 0.0037851819821441051 -0.013511373025738361 -0.001131405579247417 -0.0045300984063798575 -0.010712616418526682 -0.0039168062293260929 0.0025847490669709018 0.00041014652924662695 -0.00067726733813051171 -0.011473101896540217 -0.021146713277302519 0.014463573231517857 0.004653637766248748 -0.0091020824747357638 0.01274054966140138 0.0055138316636528829 -0.001323024543935123 0.0019484655698396324 -0.017523310828368402 0.0040638662731160066 -0.0047447588991535042 -0.00045559909175530751 0.0026921022328460025 0.00034197136913001274 0.0011882517841426573 0.0045797070378248792 -0.00349701212630523 -0.017495917371534324 -0.0083518948826149172 -0.0018240891583016154 -0.0054705262256490609 0.0046527060496510736 0.012163007272093017 -0.011733484665551606 -0.00041485810702247903 -0.0020942247317814614 0.0031583087255947031 0.015926771549120432 -0.01001225944205689 0.0086250273552067307 0.0026395697388956365 -0.0029886340192439276 -0.0043972741208678093 0.00016881293858316747 -0.0037632050053483124 -0.0018260454835336783 0.0014280568942614019 0.019526212393376121 0.0013189098893392429 0.002204957559003351 0.00024084667625589386 0.014522516087409783 -0.0060600287047288441 0.01949192146462915 -0.0043354472354864828 -0.0078617683512634505 0.0052089846593870509 -0.016701137318244241 0.0056480009457073243 0.0025341832389779899 0.00072787101290485573 -0.0043762764495794103 0.0012731181653554593 -0.019301022407070881 -0.0060304169363266684 0.0038874513793070585 0.014668554800630458 -0.010524158219723252 -0.0014159641865314138 0.0058514647686049902 -0.002168900229266912 -0.00078891675156239963 0.0069766231924830368 0.0011806934323629801 0.0033852489022749934 -0.0030835822604843416 -0.0046723277554161806 -0.0047696099566889973 0.020123075801222162 -0.0017556825126844432 -0.0037687924141202533 0.00037672845336726409 0.0071491572332315224
leaf_weight=551.25768228620291 5087.9432868659496 6167.2987909540534 1398.506214171648 9370.1732183098793 1209.1150488182902 961.05403332412243 14256.487864337862 21204.421870425344 1885.6101748943329 30.853073202073574 185.20466320216656 11557.325433798134 2742.2101612836123 701.94331820309162 1486.6008193939924 7810.1261670589447 5151.482856541872 287.5564872995019 702.9047798961401 1698.6147217676044 5664.4552166163921 329.19372750818729 610.49215386807919 779.51364450901747 595.58774271607399 4722.504367955029 2709.9881738573313 1557.595861569047 896.96697280555964 1403.641344152391 8246.5578109100461 559.96838898211718 23.916225448250771 4025.6098041087389 742.0298505872488 7352.7417192086577 5594.472448579967 7814.7976702153683 42.47200296074152 21.827035211026669 31.093059815466404 68.676352925598621 73.984852410852909 2103.1944137960672 24.217609867453575 3011.9387877359986 470.98765113949776 241.84510019421577 470.4445881024003 2990.7496913969517 2014.8220583572984 921.11553987115622 82.970188915729523 15.624315559864042 15.984811827540396 716.12959459424019 114.87523477524519 108.02685397863388 265.51430617272854 2266.5030659511685 38.307086579501629 77.473251231014729 2784.0673689171672 2592.1025283262134 1449.5909434109926 2022.9602696374059 5766.5351338610053 3583.8953781351447 848.49152290076017 382.97097406536341 15.280850455164908 1237.3427631631494 960.43061292171478 1795.3755282834172 62.309553638100624 47.517243675887585 54.76772440969944 2787.8501372039318 904.02692084014416 1405.0776599273086 42.915076307952404 14.540140084922312 1096.0730194747448 2303.7052079066634 6373.2574663683772 10470.316905334592 938.16426352411509 291.33090887218714 766.96505187451839 4990.4704630151391 33.752714201807976 3955.2956755235791 2165.352739751339 6778.8562495559454 45.871585197746754 64.544366873800755 13.053080916404722 1237.7654097750783 210.2587088868022 631.70919039100409 15.602604061365126 197.08921162039042 396.87866203486919 7230.5627313181758 115.17796824872494 1122.0155192017555 12.980268500745295 939.6629653275013 132.27265387028456 89.596193946897984 20.555303104221821 437.2923147380352 1316.5472610890865 1309.2573640346527 3164.1735460013151 565.57492778450251 1694.1953130438924 3029.1775213778019 215.64878483116627 746.49979253858328 21.608979612588882 25.434032149612904 870.11612575501204 1444.1750160753727 1652.4444532394409 337.71227791905403
leaf_count=4404 40559 48969 11063 74426 9635 7676 113527 169140 15018 100 1466 92209 21803 5517 11738 61514 41193 2299 5595 13420 43361 2517 4784 6150 4714 37374 21454 12390 7166 11197 65849 4404 117 31976 5773 58670 44551 62410 269 86 128 451 236 16470 102 23897 3745 1850 3627 23887 15947 7342 664 72 115 5370 757 863 2109 17416 265 499 22238 20621 11408 15952 43263 28686 6775 3062 114 9905 7645 14337 473 331 425 22206 7215 10947 281 101 8721 18159 50635 83428 7431 2324 6069 39848 156 31614 17177 54200 367 512 81 9870 1651 5059 125 1562 3170 57731 919 8831 104 7470 1056 502 113 3174 10501 10468 25239 4360 13268 24060 1503 5931 145 127 6902 11526 13096 2693
internal_value=6.13177e-06 0.00149504 -0.00150725 -0.000612608 0.000756584 -0.00253759 -0.00272595 -0.000847521 0.000591745 0.00311672 -0.00244969 0.000792428 -0.000261834 -0.00157161 0.000329793 0.00357113 0.0032598 -0.00266502 -0.00202416 0.00156399 0.00138377 -0.00151861 0.00185875 -0.000252357 0.00177136 -0.000947836 -0.00320229 0.00397201 -0.00448849 0.00162141 0.00231646 -3.61912e-06 0.00405494 -8.15114e-05 0.000151169 0.000302457 -5.61912e-05 -0.000420383 0.000966006 0.00172511 0.00771319 0.0105022 0.0184004 0.00157149 0.00384848 -0.0001419 -0.00357657 -0.00444159 0.000306748 0.00101942 0.00230531 -0.00193315 -0.00140919 0.00130724 0.00141792 0.00192291 -0.00612805 0.00539871 0.000710656 -0.00351365 -0.0018036 -0.0111108 0.0043926 -0.005258 -0.00182583 0.00101522 0.000429545 0.00271208 0.00120405 -0.00173856 0.00362302 -0.00585992 0.000752639 -0.00347877 -0.00489339 0.00139091 -0.00303859 0.00101215 0.00054048 0.000853547 -0.0015861 0.00928631 0.00716072 0.00179909 -0.0037473 -0.00386454 -0.00140312 -0.00033356 0.000175275 0.000994153 0.00805355 0.00063066 0.000770347 0.000387979 0.00147412 0.00402616 -0.00233029 -0.00207301 -0.00242996 0.00171973 0.00465438 0.00035821 0.00618106 0.00105496 0.00350482 5.70923e-05 -0.00678695 -0.00499517 0.00169062 0.00251919 0.00990597 0.00207187 0.00426799 -0.000149326 7.72697e-05 0.00364723 0.00282352 0.00355319 0.00295421 -0.00210015 -0.00224118 0.00880665 -0.000633163 -0.00245719 0.00188214 0.00287501
internal_weight=262493 132317 130176 69677.6 90918.1 60498.3 56087.9 62891 84750.8 41398.5 48490.4 74978.5 34770 28121.1 4492.25 31206.1 26666.7 44161.9 20142.2 6786.56 33972.9 15196.2 939.686 4328.5 24981.4 9772.29 24019.7 15269.2 7597.48 23772.3 11031.3 31071 583.885 30487.1 26404 41005.7 26618 21007.9 14387.6 10192.4 253.552 231.725 105.078 9938.82 126.647 4410.45 4946 3536.85 8991.45 12741 11397.5 23628.8 7897.77 5610.1 2099.4 1968.54 130.86 4539.42 1186.63 19804.7 2382.28 115.78 2892.09 2833.95 2229.1 7820.35 5797.39 9382.69 12145.4 4214.97 2118.48 3219.23 9154.66 4378.25 1959.97 164.595 117.077 14345.2 8521 7616.98 4083.07 57.4552 1647.33 3005.65 17422.5 16843.6 1409.15 578.887 13110.2 5757.44 102.429 17033.9 16244.8 12089.3 4001.17 2784.73 2418.28 22442.2 3698.97 4231.21 647.312 1252.41 1954.47 8194.23 963.669 1504.99 2322.26 1084.92 145.253 1952.52 110.151 1842.37 2720.19 8088.11 5049.78 13314.7 5504.6 3810.4 3244.83 3488.71 789.073 47.043 1055.32 2405.23 4155.51 2503.07
internal_count=2080158 1046431 1033727 554204 721872 479523 444563 500225 672903 324559 384013 595272 276350 223875 35414 247501 211275 350283 160070 53979 268304 120828 7301 33730 199365 77631 190213 120265 60550 189730 88059 246965 4521 242444 210086 326968 212284 167661 114684 77058 1159 1073 364 75899 709 34960 39242 28066 68939 101671 91010 188461 63074 44623 16172 15300 872 36226 9451 156866 18180 764 23101 22471 17558 59315 43363 75063 96957 33347 16584 25701 73070 34849 15566 1229 898 114415 65312 58097 32358 382 13125 23676 138686 134063 11176 4623 104587 45917 607 135660 129615 96649 31981 22210 19283 179010 29385 33870 5184 9930 15560 65425 7694 11893 18535 8630 1160 14736 615 14121 21698 64668 40257 104705 43191 29923 25563 27734 6045 272 8368 19202 32966 19870
is_linear=0
shrinkage=0.02


end of trees

feature_importances:
Column_39=135
Column_29=116
Column_38=98
Column_27=90
Column_26=85
Column_48=79
Column_6=77
Column_10=73
Column_9=72
Column_1=71
Column_53=71
Column_47=62
Column_40=57
Column_8=55
Column_12=52
Column_16=50
Column_13=48
Column_19=48
Column_33=47
Column_52=47
Column_25=46
Column_5=45
Column_4=44
Column_18=44
Column_44=43
Column_17=38
Column_54=37
Column_55=35
Column_14=34
Column_45=33
Column_43=32
Column_2=31
Column_15=31
Column_21=29
Column_24=29
Column_46=29
Column_7=28
Column_34=28
Column_51=26
Column_0=25
Column_32=24
Column_11=23
Column_3=22
Column_42=22
Column_49=22
Column_50=22
Column_22=21
Column_28=19
Column_20=18
Column_56=17
Column_23=13
Column_35=13
Column_31=10
Column_57=10
Column_37=9
Column_41=9

parameters:
[boosting: gbdt]
[objective: binary]
[metric: auc]
[tree_learner: serial]
[device_type: cpu]
[data_sample_strategy: bagging]
[data: ]
[valid: ]
[num_iterations: 5000]
[learning_rate: 0.02]
[num_leaves: 127]
[num_threads: 3]
[seed: 63]
[deterministic: 0]
[force_col_wise: 0]
[force_row_wise: 0]
[histogram_pool_size: -1]
[max_depth: -1]
[min_data_in_leaf: 100]
[min_sum_hessian_in_leaf: 0.001]
[bagging_fraction: 0.8]
[pos_bagging_fraction: 1]
[neg_bagging_fraction: 1]
[bagging_freq: 2]
[bagging_seed: 29509]
[bagging_by_query: 0]
[feature_fraction: 0.8]
[feature_fraction_bynode: 1]
[feature_fraction_seed: 11097]
[extra_trees: 0]
[extra_seed: 29805]
[early_stopping_round: 0]
[early_stopping_min_delta: 0]
[first_metric_only: 0]
[max_delta_step: 0]
[lambda_l1: 0.05]
[lambda_l2: 1]
[linear_lambda: 0]
[min_gain_to_split: 0]
[drop_rate: 0.1]
[max_drop: 50]
[skip_drop: 0.5]
[xgboost_dart_mode: 0]
[uniform_drop: 0]
[drop_seed: 32569]
[top_rate: 0.2]
[other_rate: 0.1]
[min_data_per_group: 100]
[max_cat_threshold: 32]
[cat_l2: 10]
[cat_smooth: 10]
[max_cat_to_onehot: 4]
[top_k: 20]
[monotone_constraints: ]
[monotone_constraints_method: basic]
[monotone_penalty: 0]
[feature_contri: ]
[forcedsplits_filename: ]
[refit_decay_rate: 0.9]
[cegb_tradeoff: 1]
[cegb_penalty_split: 0]
[cegb_penalty_feature_lazy: ]
[cegb_penalty_feature_coupled: ]
[path_smooth: 0]
[interaction_constraints: ]
[verbosity: -1]
[saved_feature_importance_type: 0]
[use_quantized_grad: 0]
[num_grad_quant_bins: 4]
[quant_train_renew_leaf: 0]
[stochastic_rounding: 1]
[linear_tree: 0]
[max_bin: 255]
[max_bin_by_feature: ]
[min_data_in_bin: 3]
[bin_construct_sample_cnt: 200000]
[data_random_seed: 244]
[is_enable_sparse: 1]
[enable_bundle: 1]
[use_missing: 1]
[zero_as_missing: 0]
[feature_pre_filter: 1]
[pre_partition: 0]
[two_round: 0]
[header: 0]
[label_column: ]
[weight_column: ]
[group_column: ]
[ignore_column: ]
[categorical_feature: ]
[forcedbins_filename: ]
[precise_float_parser: 0]
[parser_config_file: ]
[objective_seed: 3313]
[num_class: 1]
[is_unbalance: 0]
[scale_pos_weight: 1]
[sigmoid: 1]
[boost_from_average: 1]
[reg_sqrt: 0]
[alpha: 0.9]
[fair_c: 1]
[poisson_max_delta_step: 0.7]
[tweedie_variance_power: 1.5]
[lambdarank_truncation_level: 30]
[lambdarank_norm: 1]
[label_gain: ]
[lambdarank_position_bias_regularization: 0]
[eval_at: ]
[multi_error_top_k: 1]
[auc_mu_weights: ]
[num_machines: 1]
[local_listen_port: 12400]
[time_out: 120]
[machine_list_filename: ]
[machines: ]
[gpu_platform_id: -1]
[gpu_device_id: -1]
[gpu_device_id_list: ]
[gpu_use_dp: 0]
[num_gpu: 1]

end of parameters

pandas_categorical:null
